{"ok": true, "error_code": 200, "description": "", "short": {"@context": "https://schema.org", "@type": "Movie", "url": "https://www.imdb.com/title/tt0448115/", "name": "Shazam!", "image": "https://m.media-amazon.com/images/M/MV5BYzJkYzM3NWYtNTljMi00NjdhLWFiMmUtMjlmMzI1ZGU0ZDYyXkEyXkFqcGc@._V1_.jpg", "description": "A newly fostered young boy in search of his mother instead finds unexpected super powers and soon gains a powerful enemy.", "review": {"@type": "Review", "itemReviewed": {"@type": "Movie", "url": "https://www.imdb.com/title/tt0448115/"}, "author": {"@type": "Person", "name": "ajk232"}, "dateCreated": "2021-04-04", "inLanguage": "English", "name": "A Fun Diversion from the DC Formula - More Like This Please!", "reviewBody": "General Thoughts:\n\nThe most fun I&apos;ve had in a superhero movie since...well I was going to say Infinity War but that plotline is not very fun. Point is: this movie is fun. It really feels like it was made for kids, with a sprinkling of adult themes here and there. As someone who is suffering from extreme super hero fatigue, this is an excellent film to enjoy without having to put too much thought into it.\n\nThe Good:\n\nThe characters do not feel like they make stupid decisions. Every time I was questioning something that was being done, I could essentially chalk it up to the kids being...well kids. The film treats its children like children in the best way. There is no profound philosophical dialogue coming from the mouth of an eight year old. The film was just plain fun.\n\nThe Bad:\n\nThere are some minor continuity errors throughout the film that would not distract most people but if you are thinking about the film-making it may take you out of the film for the briefest of moments. Two examples I can think of are characters swapping their locations very quickly (likely in-between takes), and a character flying through the air faster than a plane with absolutely no wind affecting him or his clothing whatsoever. The movie does make up for this with a comical flight scene near the end of the film which I wont spoil.", "reviewRating": {"@type": "Rating", "worstRating": 1, "bestRating": 10, "ratingValue": 8}}, "aggregateRating": {"@type": "AggregateRating", "ratingCount": 392811, "bestRating": 10, "worstRating": 1, "ratingValue": 7}, "contentRating": "UA", "genre": ["Action", "Adventure", "Comedy"], "datePublished": "2019-04-05", "keywords": "superhero,dc extended universe,caped superhero,origin of hero,captain marvel a.k.a. shazam character", "trailer": {"@type": "VideoObject", "name": "Official Trailer #2", "embedUrl": "https://www.imdb.com/video/imdb/vi306231833", "thumbnail": {"@type": "ImageObject", "contentUrl": "https://m.media-amazon.com/images/M/MV5BMGY0ZDczMDgtODhhMi00YzllLTg5NWEtYjYxOTU2MDk5ZTY3XkEyXkFqcGdeQXRyYW5zY29kZS13b3JrZmxvdw@@._V1_.jpg"}, "thumbnailUrl": "https://m.media-amazon.com/images/M/MV5BMGY0ZDczMDgtODhhMi00YzllLTg5NWEtYjYxOTU2MDk5ZTY3XkEyXkFqcGdeQXRyYW5zY29kZS13b3JrZmxvdw@@._V1_.jpg", "url": "https://www.imdb.com/video/vi306231833/", "description": "We all have a superhero inside us, it just takes a bit of magic to bring it out. In Billy Batson&apos;s case, by shouting out one word - SHAZAM! - this streetwise 14-year-old foster kid can turn into the adult superhero Shazam.", "duration": "PT2M5S", "uploadDate": "2019-03-04T17:06:42.223Z"}, "actor": [{"@type": "Person", "url": "https://www.imdb.com/name/nm1157048/", "name": "Zachary Levi"}, {"@type": "Person", "url": "https://www.imdb.com/name/nm0835016/", "name": "Mark Strong"}, {"@type": "Person", "url": "https://www.imdb.com/name/nm4755508/", "name": "Asher Angel"}], "director": [{"@type": "Person", "url": "https://www.imdb.com/name/nm2497546/", "name": "David F. Sandberg"}], "creator": [{"@type": "Organization", "url": "https://www.imdb.com/company/co0002663/"}, {"@type": "Organization", "url": "https://www.imdb.com/company/co0123927/"}, {"@type": "Organization", "url": "https://www.imdb.com/company/co0038332/"}, {"@type": "Person", "url": "https://www.imdb.com/name/nm2849655/", "name": "Henry Gayden"}, {"@type": "Person", "url": "https://www.imdb.com/name/nm0501359/", "name": "Darren Lemke"}, {"@type": "Person", "url": "https://www.imdb.com/name/nm1791910/", "name": "Bill Parker"}], "duration": "PT2H12M"}, "imdbId": "tt0448115", "top": {"id": "tt0448115", "productionStatus": {"currentProductionStage": {"id": "released", "text": "Released", "__typename": "ProductionStage"}, "productionStatusHistory": [{"status": {"id": "optioned_property", "text": "Optioned Property", "__typename": "ProductionStatus"}, "__typename": "ProductionStatusHistory"}, {"status": {"id": "development_unknown", "text": "Development Unknown", "__typename": "ProductionStatus"}, "__typename": "ProductionStatusHistory"}, {"status": {"id": "optioned_property", "text": "Optioned Property", "__typename": "ProductionStatus"}, "__typename": "ProductionStatusHistory"}, {"status": {"id": "optioned_property", "text": "Optioned Property", "__typename": "ProductionStatus"}, "__typename": "ProductionStatusHistory"}, {"status": {"id": "script", "text": "Script", "__typename": "ProductionStatus"}, "__typename": "ProductionStatusHistory"}, {"status": {"id": "development_unknown", "text": "Development Unknown", "__typename": "ProductionStatus"}, "__typename": "ProductionStatusHistory"}, {"status": {"id": "optioned_property", "text": "Optioned Property", "__typename": "ProductionStatus"}, "__typename": "ProductionStatusHistory"}, {"status": {"id": "optioned_property", "text": "Optioned Property", "__typename": "ProductionStatus"}, "__typename": "ProductionStatusHistory"}, {"status": {"id": "treatment_outline", "text": "Treatment Outline", "__typename": "ProductionStatus"}, "__typename": "ProductionStatusHistory"}, {"status": {"id": "script", "text": "Script", "__typename": "ProductionStatus"}, "__typename": "ProductionStatusHistory"}, {"status": {"id": "script", "text": "Script", "__typename": "ProductionStatus"}, "__typename": "ProductionStatusHistory"}, {"status": {"id": "development_unknown", "text": "Development Unknown", "__typename": "ProductionStatus"}, "__typename": "ProductionStatusHistory"}, {"status": {"id": "development_unknown", "text": "Development Unknown", "__typename": "ProductionStatus"}, "__typename": "ProductionStatusHistory"}, {"status": {"id": "optioned_property", "text": "Optioned Property", "__typename": "ProductionStatus"}, "__typename": "ProductionStatusHistory"}, {"status": {"id": "treatment_outline", "text": "Treatment Outline", "__typename": "ProductionStatus"}, "__typename": "ProductionStatusHistory"}, {"status": {"id": "script", "text": "Script", "__typename": "ProductionStatus"}, "__typename": "ProductionStatusHistory"}, {"status": {"id": "script", "text": "Script", "__typename": "ProductionStatus"}, "__typename": "ProductionStatusHistory"}, {"status": {"id": "script", "text": "Script", "__typename": "ProductionStatus"}, "__typename": "ProductionStatusHistory"}, {"status": {"id": "script", "text": "Script", "__typename": "ProductionStatus"}, "__typename": "ProductionStatusHistory"}, {"status": {"id": "pre_production", "text": "Pre-production", "__typename": "ProductionStatus"}, "__typename": "ProductionStatusHistory"}, {"status": {"id": "filming", "text": "Filming", "__typename": "ProductionStatus"}, "__typename": "ProductionStatusHistory"}, {"status": {"id": "post_production", "text": "Post-production", "__typename": "ProductionStatus"}, "__typename": "ProductionStatusHistory"}, {"status": {"id": "released", "text": "Released", "__typename": "ProductionStatus"}, "__typename": "ProductionStatusHistory"}], "restriction": null, "__typename": "ProductionStatusDetails"}, "canHaveEpisodes": false, "series": null, "titleText": {"text": "Shazam!", "__typename": "TitleText"}, "titleType": {"displayableProperty": {"value": {"plainText": "", "__typename": "Markdown"}, "__typename": "DisplayableTitleTypeProperty"}, "text": "Movie", "id": "movie", "isSeries": false, "isEpisode": false, "categories": [{"value": "movie", "__typename": "TitleTypeCategory"}], "canHaveEpisodes": false, "__typename": "TitleType"}, "originalTitleText": {"text": "Shazam!", "__typename": "TitleText"}, "certificate": {"rating": "UA", "__typename": "Certificate"}, "releaseYear": {"year": 2019, "endYear": null, "__typename": "YearRange"}, "releaseDate": {"day": 5, "month": 4, "year": 2019, "__typename": "ReleaseDate"}, "runtime": {"seconds": 7920, "displayableProperty": {"value": {"plainText": "2h 12m", "__typename": "Markdown"}, "__typename": "DisplayableTitleRuntimeProperty"}, "__typename": "Runtime"}, "canRate": {"isRatable": true, "__typename": "CanRate"}, "ratingsSummary": {"aggregateRating": 7, "voteCount": 392811, "__typename": "RatingsSummary"}, "meterRanking": {"currentRank": 1478, "rankChange": {"changeDirection": "DOWN", "difference": 121, "__typename": "MeterRankChange"}, "__typename": "TitleMeterRanking"}, "primaryImage": {"id": "rm2120179712", "width": 2000, "height": 2964, "url": "https://m.media-amazon.com/images/M/MV5BYzJkYzM3NWYtNTljMi00NjdhLWFiMmUtMjlmMzI1ZGU0ZDYyXkEyXkFqcGc@._V1_.jpg", "caption": {"plainText": "Zachary Levi in Shazam! (2019)", "__typename": "Markdown"}, "__typename": "Image"}, "images": {"total": 358, "edges": [{"node": {"id": "rm3105120256", "__typename": "Image"}, "__typename": "ImageEdge"}], "__typename": "ImageConnection"}, "videos": {"total": 35, "__typename": "TitleRelatedVideosConnection"}, "primaryVideos": {"edges": [{"node": {"id": "vi306231833", "createdDate": "2019-03-04T17:06:42.223Z", "isMature": false, "runtime": {"value": 125, "__typename": "VideoRuntime"}, "name": {"value": "Official Trailer #2", "language": "en", "__typename": "LocalizedString"}, "description": {"value": "We all have a superhero inside us, it just takes a bit of magic to bring it out. In Billy Batson's case, by shouting out one word - SHAZAM! - this streetwise 14-year-old foster kid can turn into the adult superhero Shazam.", "language": "en", "__typename": "LocalizedString"}, "timedTextTracks": [], "recommendedTimedTextTrack": null, "thumbnail": {"url": "https://m.media-amazon.com/images/M/MV5BMGY0ZDczMDgtODhhMi00YzllLTg5NWEtYjYxOTU2MDk5ZTY3XkEyXkFqcGdeQXRyYW5zY29kZS13b3JrZmxvdw@@._V1_.jpg", "height": 1080, "width": 1920, "__typename": "Thumbnail"}, "primaryTitle": {"id": "tt0448115", "titleText": {"text": "Shazam!", "__typename": "TitleText"}, "originalTitleText": {"text": "Shazam!", "__typename": "TitleText"}, "releaseYear": {"year": 2019, "__typename": "YearRange"}, "__typename": "Title"}, "playbackURLs": [{"displayName": {"value": "480p", "language": "en-US", "__typename": "LocalizedString"}, "videoMimeType": "MP4", "videoDefinition": "DEF_480p", "url": "https://imdb-video.media-imdb.com/vi306231833/1434659607842-pgv4ql-1551719203043.mp4?Expires=1730927406&Signature=A7g-dZ7~duSlId8d5uTUolPSejLtDIAjv2RTtT8g3qocAyNVixcs1QsntbKNuhjDwdHT7G9k~3kwL0t30ArGRY7-i3tC50Tq6iSuXkM2GjBHIWRvsIQMPnellKJdM2g~sgPiya4m2hkSwGY~ectR3LBQ0Q~eRArn6q9x6pCG3VEsDlA9gsmaUic02Ll8oGN1j-DZTPNRjwgF0ms5S5lw3UoAaZpfVzBOmyowxfwt3fFc8Rhrzy3my6vnYATlHwLZDh~Jl-XMXBrFAu6F8vw~Uvrb8cwWvyW~Mz3AEqNj~KCXpJ8wy4KftmMNMlHXwePtco-bP4DDc9HZgwfKCAJLyA__&Key-Pair-Id=APKAIFLZBVQZ24NQH3KA", "__typename": "PlaybackURL"}, {"displayName": {"value": "SD", "language": "en-US", "__typename": "LocalizedString"}, "videoMimeType": "MP4", "videoDefinition": "DEF_SD", "url": "https://imdb-video.media-imdb.com/vi306231833/1434659454657-dx9ykf-1551719203043.mp4?Expires=1730927406&Signature=KkMRqOmhtisfqh0RESTgXn~~FD~7DTZ4lZT3JFTaxcBeSdL5cFIGSZda5a1vyEYFy~~N7X3pFex9RFQxcI1TPWYKRKf7e9g0ao16OXVuetlORcCMuHW1O3c9nrUjzDP28H2PAsjAMpL1DEAWOfymkdVj00386DfDjpqffn1Bg17X41dkAGH3XLxHjeqOxZH-6g6RA8~bgrCg5KNZ9fiBf6zRI1Ns8yjzoLSHK8CQigbACAVgw0le9jtQDCFsyVqXYaRZSrq7JP4ijfk4lvjYgzvRbzsR4lNDNtOIEjQdg5hbi2fbZmv5xB6hxuLbK-SE08rIPmJcn1jwVVG7T4-91Q__&Key-Pair-Id=APKAIFLZBVQZ24NQH3KA", "__typename": "PlaybackURL"}], "contentType": {"id": "amzn1.imdb.video.contenttype.trailer", "displayName": {"value": "Trailer", "__typename": "LocalizedString"}, "__typename": "VideoContentType"}, "previewURLs": [{"displayName": {"value": "AUTO", "language": "en-US", "__typename": "LocalizedString"}, "videoMimeType": "M3U8", "videoDefinition": "DEF_AUTO", "url": "https://imdb-video.media-imdb.com/vi306231833/hls-preview-ad5cf0bf-2777-4d80-aa21-53065b10bdd9.m3u8?Expires=1730927406&Signature=mmpkfkkqSzjmKh-TqcAYLDyiIzkIX5m4g99GW-WRqX-TWiGTEDUEmFIejpl-2QcC-2njZmBnw9NT~6ZPLGBmr2QLUWmM8EkJMAzCJBy7dRZAAI9H3QLbERDFOdMFQ8yHvZjJLb5gj2FpMKoR2jYLOx4MTDUjKOFL~-gq8DNx4eW2VyYl2bK1T7I2Bj6jZPFAz4bs7qPO1EOGYQ2sUsl9xrxY8SHgWJKngjc19UrTXDk0Rh0APZSpa~0apVg-LovVKnMpbepaUMsSnMxRxKKxRPfOTS8gSF1OM9sW1OZS5L8Fg6Gn0ZW8X~LPA8DD8t4ScprwDFEiw9lpJyeS3~3jhQ__&Key-Pair-Id=APKAIFLZBVQZ24NQH3KA", "__typename": "PlaybackURL"}], "__typename": "Video"}, "__typename": "VideoEdge"}, {"node": {"id": "vi1359002137", "createdDate": "2019-01-20T17:42:25.069Z", "isMature": false, "runtime": {"value": 54, "__typename": "VideoRuntime"}, "name": {"value": "Trailer #2", "language": "en", "__typename": "LocalizedString"}, "description": {"value": "We all have a superhero inside us, it just takes a bit of magic to bring it out. In Billy Batson's case, by shouting out one word - SHAZAM! - this streetwise 14-year-old foster kid can turn into the adult superhero Shazam. 'Shazam!' is in theaters April 5. ", "language": "en", "__typename": "LocalizedString"}, "timedTextTracks": [], "recommendedTimedTextTrack": null, "thumbnail": {"url": "https://m.media-amazon.com/images/M/MV5BZWVlMDBiNDUtZmIzZi00ODE4LTk4NjQtNmI2ZjIxNTA4YmI3XkEyXkFqcGdeQXRzdGFzaWVr._V1_.jpg", "height": 800, "width": 1406, "__typename": "Thumbnail"}, "primaryTitle": {"id": "tt0448115", "titleText": {"text": "Shazam!", "__typename": "TitleText"}, "originalTitleText": {"text": "Shazam!", "__typename": "TitleText"}, "releaseYear": {"year": 2019, "__typename": "YearRange"}, "__typename": "Title"}, "playbackURLs": [{"displayName": {"value": "480p", "language": "en-US", "__typename": "LocalizedString"}, "videoMimeType": "MP4", "videoDefinition": "DEF_480p", "url": "https://imdb-video.media-imdb.com/vi1359002137/1434659607842-pgv4ql-1548006145705.mp4?Expires=1730927406&Signature=hPFcmY7KcIESL5JFzQSu9aoAFsEaw2UjynInmkgLRsBy4ZZ0fwhvvYUdwMn2I8m65ZPTPmn9aDqR~ZJolGon41T2mgWKu6BiK1Un-aiYGiQ1tKJOw6bjFappjZ5rdibfGiGwXkxwPJCcXN2~kNOqaUU8FKlPIt0sqlLW8o2B0crK8meVVH3CXb~v-sSNxTee4C85LfrabDFH5RcdwtYTsQ1Eb6Gs~DNvEL0rvNl0B~cnQeM1LRaZLlkLqmksi-0cJkUCcAjeBOX7WQJHWkicoJjKMoriR8hDbNjEQUzi~EMdNzqzDsec~m7njVq9ahtOJPMLWkC-IgA1ZsdosUXrVg__&Key-Pair-Id=APKAIFLZBVQZ24NQH3KA", "__typename": "PlaybackURL"}, {"displayName": {"value": "SD", "language": "en-US", "__typename": "LocalizedString"}, "videoMimeType": "MP4", "videoDefinition": "DEF_SD", "url": "https://imdb-video.media-imdb.com/vi1359002137/1434659454657-dx9ykf-1548006145705.mp4?Expires=1730927406&Signature=ao1ajDp7tjJ1RUTEvF~VckjHM1g4~PHF2yPkujGWq2JO78MJaHlBuBVMzFeZXzr6VIkHAmxFgeaJL6-UkKWVsberaJGjHDHHdUTbikV0ExSfyJmV1Z7DMGdE52iySfvDDAQF3UQBYvS36NP4OOqZbw2qLnebkJgVoEQjWkHLv~pgb9an0A9t4K-S3-E2IjddRwI8yxFkyifA8FWP3FyZ1EOx517PfrW2lk0-~jF1dyrpmD9CBPoSiHhmyHIhEBi3CyhMJeQMOm3oL5JosBWAoyqEvwAcj8f4N6zLfDHKDI7SgDkUy--lJ5tK~x89ZFKCyVMxaTsjUhUMMeAFoqzjRw__&Key-Pair-Id=APKAIFLZBVQZ24NQH3KA", "__typename": "PlaybackURL"}], "contentType": {"id": "amzn1.imdb.video.contenttype.trailer", "displayName": {"value": "Trailer", "__typename": "LocalizedString"}, "__typename": "VideoContentType"}, "previewURLs": [{"displayName": {"value": "AUTO", "language": "en-US", "__typename": "LocalizedString"}, "videoMimeType": "M3U8", "videoDefinition": "DEF_AUTO", "url": "https://imdb-video.media-imdb.com/vi1359002137/hls-preview-aa3a4ab5-f3fd-4436-aa76-d4949ee1132d.m3u8?Expires=1730927406&Signature=XcFAZeBUT08FpMQ01q45MbI-Yaar887hyXwJjMP5OGAFwMaJaqj2wJj9SOCpX4wN3MVtQpBr5ZjYZZyQGsVStGh5cr8zLiS6QcQ9gTAbMCfSonoOPiYGVqCt2dXe5WvC08ICvUE2XjR4pJSVcf-THt~gtzv~gcB0waFcB64Cz~v4-WKX5n5JnARdwoTJgEK9mDFBEZDzemi107Tbyf5dGeZOeGNK0QzUUtIMNLLa3Hu~myvlp9sUhlQmmn1pElwxmXO50-gN-Nkl65SmfArNyV0ZtOmJ8qEoEeiAYLwyhRC~GGu8Tw86Zxb3hx0GfN8Q9vHAdPKsZKnktcIEUTLhYw__&Key-Pair-Id=APKAIFLZBVQZ24NQH3KA", "__typename": "PlaybackURL"}], "__typename": "Video"}, "__typename": "VideoEdge"}], "__typename": "VideoConnection"}, "externalLinks": {"total": 493, "__typename": "ExternalLinkConnection"}, "metacritic": {"metascore": {"score": 71, "__typename": "Metascore"}, "__typename": "Metacritic"}, "keywords": {"total": 430, "edges": [{"node": {"text": "superhero", "__typename": "TitleKeyword"}, "__typename": "TitleKeywordEdge"}, {"node": {"text": "dc extended universe", "__typename": "TitleKeyword"}, "__typename": "TitleKeywordEdge"}, {"node": {"text": "caped superhero", "__typename": "TitleKeyword"}, "__typename": "TitleKeywordEdge"}, {"node": {"text": "origin of hero", "__typename": "TitleKeyword"}, "__typename": "TitleKeywordEdge"}, {"node": {"text": "captain marvel a.k.a. shazam character", "__typename": "TitleKeyword"}, "__typename": "TitleKeywordEdge"}], "__typename": "TitleKeywordConnection"}, "isAdult": false, "genres": {"genres": [{"text": "Action", "id": "Action", "__typename": "Genre"}, {"text": "Adventure", "id": "Adventure", "__typename": "Genre"}, {"text": "Comedy", "id": "Comedy", "__typename": "Genre"}, {"text": "Fantasy", "id": "Fantasy", "__typename": "Genre"}], "__typename": "Genres"}, "interests": {"edges": [{"node": {"id": "in0000008", "primaryText": {"text": "Superhero", "__typename": "InterestText"}, "__typename": "Interest"}, "__typename": "InterestEdge"}, {"node": {"id": "in0000001", "primaryText": {"text": "Action", "__typename": "InterestText"}, "__typename": "Interest"}, "__typename": "InterestEdge"}, {"node": {"id": "in0000012", "primaryText": {"text": "Adventure", "__typename": "InterestText"}, "__typename": "Interest"}, "__typename": "InterestEdge"}, {"node": {"id": "in0000034", "primaryText": {"text": "Comedy", "__typename": "InterestText"}, "__typename": "Interest"}, "__typename": "InterestEdge"}, {"node": {"id": "in0000098", "primaryText": {"text": "Fantasy", "__typename": "InterestText"}, "__typename": "Interest"}, "__typename": "InterestEdge"}], "__typename": "InterestConnection"}, "plot": {"plotText": {"plainText": "A newly fostered young boy in search of his mother instead finds unexpected super powers and soon gains a powerful enemy.", "__typename": "Markdown"}, "language": {"id": "en-US", "__typename": "DisplayableLanguage"}, "__typename": "Plot"}, "plotContributionLink": {"url": "https://contribute.imdb.com/updates?update=tt0448115:outlines.add.1.locale~en-US", "__typename": "ContributionLink"}, "credits": {"total": 2245, "__typename": "CreditConnection"}, "principalCredits": [{"totalCredits": 1, "category": {"text": "Director", "id": "director", "__typename": "CreditCategory"}, "credits": [{"name": {"nameText": {"text": "David F. Sandberg", "__typename": "NameText"}, "id": "nm2497546", "__typename": "Name"}, "attributes": null, "__typename": "Crew"}], "__typename": "PrincipalCreditsForCategory"}, {"totalCredits": 5, "category": {"text": "Writers", "id": "writer", "__typename": "CreditCategory"}, "credits": [{"name": {"nameText": {"text": "Henry Gayden", "__typename": "NameText"}, "id": "nm2849655", "__typename": "Name"}, "attributes": null, "__typename": "Crew"}, {"name": {"nameText": {"text": "Darren Lemke", "__typename": "NameText"}, "id": "nm0501359", "__typename": "Name"}, "attributes": null, "__typename": "Crew"}, {"name": {"nameText": {"text": "Bill Parker", "__typename": "NameText"}, "id": "nm1791910", "__typename": "Name"}, "attributes": null, "__typename": "Crew"}], "__typename": "PrincipalCreditsForCategory"}, {"totalCredits": 117, "category": {"text": "Stars", "id": "cast", "__typename": "CreditCategory"}, "credits": [{"name": {"nameText": {"text": "Zachary Levi", "__typename": "NameText"}, "id": "nm1157048", "__typename": "Name"}, "attributes": null, "__typename": "Cast"}, {"name": {"nameText": {"text": "Mark Strong", "__typename": "NameText"}, "id": "nm0835016", "__typename": "Name"}, "attributes": null, "__typename": "Cast"}, {"name": {"nameText": {"text": "Asher Angel", "__typename": "NameText"}, "id": "nm4755508", "__typename": "Name"}, "attributes": null, "__typename": "Cast"}], "__typename": "PrincipalCreditsForCategory"}], "reviews": {"total": 2215, "__typename": "ReviewsConnection"}, "criticReviewsTotal": {"total": 414, "__typename": "ExternalLinkConnection"}, "triviaTotal": {"total": 128, "__typename": "TriviaConnection"}, "engagementStatistics": {"watchlistStatistics": {"displayableCount": {"text": "Added by 328K users", "__typename": "LocalizedDisplayableCount"}, "__typename": "WatchlistStatistics"}, "__typename": "EngagementStatistics"}, "subNavCredits": {"total": 2245, "__typename": "CreditConnection"}, "subNavReviews": {"total": 2215, "__typename": "ReviewsConnection"}, "subNavTrivia": {"total": 128, "__typename": "TriviaConnection"}, "subNavFaqs": {"total": 11, "__typename": "FaqConnection"}, "subNavTopQuestions": {"total": 19, "__typename": "AlexaQuestionConnection"}, "titleGenres": {"genres": [{"genre": {"text": "Action", "__typename": "GenreItem"}, "__typename": "TitleGenre"}, {"genre": {"text": "Adventure", "__typename": "GenreItem"}, "__typename": "TitleGenre"}, {"genre": {"text": "Comedy", "__typename": "GenreItem"}, "__typename": "TitleGenre"}], "__typename": "TitleGenres"}, "meta": {"canonicalId": "tt0448115", "publicationStatus": "PUBLISHED", "__typename": "TitleMeta"}, "castPageTitle": {"edges": [{"node": {"name": {"id": "nm1157048", "nameText": {"text": "Zachary Levi", "__typename": "NameText"}, "__typename": "Name"}, "__typename": "Cast"}, "__typename": "CreditEdge"}, {"node": {"name": {"id": "nm0835016", "nameText": {"text": "Mark Strong", "__typename": "NameText"}, "__typename": "Name"}, "__typename": "Cast"}, "__typename": "CreditEdge"}, {"node": {"name": {"id": "nm4755508", "nameText": {"text": "Asher Angel", "__typename": "NameText"}, "__typename": "Name"}, "__typename": "Cast"}, "__typename": "CreditEdge"}, {"node": {"name": {"id": "nm6244013", "nameText": {"text": "Jack Dylan Grazer", "__typename": "NameText"}, "__typename": "Name"}, "__typename": "Cast"}, "__typename": "CreditEdge"}], "__typename": "CreditConnection"}, "creatorsPageTitle": [], "directorsPageTitle": [{"credits": [{"name": {"id": "nm2497546", "nameText": {"text": "David F. Sandberg", "__typename": "NameText"}, "__typename": "Name"}, "__typename": "Crew"}], "__typename": "PrincipalCreditsForCategory"}], "countriesOfOrigin": {"countries": [{"id": "US", "__typename": "CountryOfOrigin"}], "__typename": "CountriesOfOrigin"}, "production": {"edges": [{"node": {"company": {"id": "co0002663", "companyText": {"text": "Warner Bros.", "__typename": "CompanyText"}, "__typename": "Company"}, "__typename": "CompanyCredit"}, "__typename": "CompanyCreditEdge"}, {"node": {"company": {"id": "co0123927", "companyText": {"text": "DC Entertainment", "__typename": "CompanyText"}, "__typename": "Company"}, "__typename": "CompanyCredit"}, "__typename": "CompanyCreditEdge"}, {"node": {"company": {"id": "co0038332", "companyText": {"text": "DC Comics", "__typename": "CompanyText"}, "__typename": "Company"}, "__typename": "CompanyCredit"}, "__typename": "CompanyCreditEdge"}], "__typename": "CompanyCreditConnection"}, "featuredReviews": {"edges": [{"node": {"author": {"nickName": "ajk232", "__typename": "UserProfile"}, "summary": {"originalText": "A Fun Diversion from the DC Formula - More Like This Please!", "__typename": "ReviewSummary"}, "text": {"originalText": {"plainText": "General Thoughts:\n\nThe most fun I've had in a superhero movie since...well I was going to say Infinity War but that plotline is not very fun. Point is: this movie is fun. It really feels like it was made for kids, with a sprinkling of adult themes here and there. As someone who is suffering from extreme super hero fatigue, this is an excellent film to enjoy without having to put too much thought into it.\n\nThe Good:\n\nThe characters do not feel like they make stupid decisions. Every time I was questioning something that was being done, I could essentially chalk it up to the kids being...well kids. The film treats its children like children in the best way. There is no profound philosophical dialogue coming from the mouth of an eight year old. The film was just plain fun.\n\nThe Bad:\n\nThere are some minor continuity errors throughout the film that would not distract most people but if you are thinking about the film-making it may take you out of the film for the briefest of moments. Two examples I can think of are characters swapping their locations very quickly (likely in-between takes), and a character flying through the air faster than a plane with absolutely no wind affecting him or his clothing whatsoever. The movie does make up for this with a comical flight scene near the end of the film which I wont spoil.", "__typename": "Markdown"}, "__typename": "ReviewText"}, "authorRating": 8, "submissionDate": "2021-04-04", "__typename": "Review"}, "__typename": "ReviewEdge"}], "__typename": "ReviewsConnection"}, "__typename": "Title"}, "main": {"id": "tt0448115", "wins": {"total": 0, "__typename": "AwardNominationConnection"}, "nominationsExcludeWins": {"total": 27, "__typename": "AwardNominationConnection"}, "prestigiousAwardSummary": null, "ratingsSummary": {"topRanking": {"id": "topRated:tt0448115:en_US", "text": {"value": "Top Rated", "__typename": "LocalizedString"}, "rank": 2677, "__typename": "TopRanking"}, "__typename": "RatingsSummary"}, "episodes": null, "videos": {"total": 35, "__typename": "TitleRelatedVideosConnection"}, "videoStrip": {"edges": [{"node": {"id": "vi306231833", "contentType": {"displayName": {"value": "Trailer", "__typename": "LocalizedString"}, "__typename": "VideoContentType"}, "name": {"value": "Official Trailer #2", "__typename": "LocalizedString"}, "runtime": {"value": 125, "__typename": "VideoRuntime"}, "thumbnail": {"height": 1080, "url": "https://m.media-amazon.com/images/M/MV5BMGY0ZDczMDgtODhhMi00YzllLTg5NWEtYjYxOTU2MDk5ZTY3XkEyXkFqcGdeQXRyYW5zY29kZS13b3JrZmxvdw@@._V1_.jpg", "width": 1920, "__typename": "Thumbnail"}, "__typename": "Video"}, "__typename": "VideoEdge"}, {"node": {"id": "vi1359002137", "contentType": {"displayName": {"value": "Trailer", "__typename": "LocalizedString"}, "__typename": "VideoContentType"}, "name": {"value": "Trailer #2", "__typename": "LocalizedString"}, "runtime": {"value": 54, "__typename": "VideoRuntime"}, "thumbnail": {"height": 800, "url": "https://m.media-amazon.com/images/M/MV5BZWVlMDBiNDUtZmIzZi00ODE4LTk4NjQtNmI2ZjIxNTA4YmI3XkEyXkFqcGdeQXRzdGFzaWVr._V1_.jpg", "width": 1406, "__typename": "Thumbnail"}, "__typename": "Video"}, "__typename": "VideoEdge"}, {"node": {"id": "vi1992801049", "contentType": {"displayName": {"value": "Trailer", "__typename": "LocalizedString"}, "__typename": "VideoContentType"}, "name": {"value": "Official Teaser Trailer", "__typename": "LocalizedString"}, "runtime": {"value": 158, "__typename": "VideoRuntime"}, "thumbnail": {"height": 794, "url": "https://m.media-amazon.com/images/M/MV5BZDM5ZWJiOGYtZDlhZS00MTMzLTlmYTQtYzllNThlODNlYzZlXkEyXkFqcGdeQXRzdGFzaWVr._V1_.jpg", "width": 1414, "__typename": "Thumbnail"}, "__typename": "Video"}, "__typename": "VideoEdge"}, {"node": {"id": "vi88521753", "contentType": {"displayName": {"value": "Trailer", "__typename": "LocalizedString"}, "__typename": "VideoContentType"}, "name": {"value": "Shazam!", "__typename": "LocalizedString"}, "runtime": {"value": 152, "__typename": "VideoRuntime"}, "thumbnail": {"height": 1080, "url": "https://m.media-amazon.com/images/M/MV5BODkwZjk0OTQtZjkwYS00NDBhLTgxYzItZGJhZDdjYjg4NWI3XkEyXkFqcGdeQTNwaW5nZXN0._V1_.jpg", "width": 1920, "__typename": "Thumbnail"}, "__typename": "Video"}, "__typename": "VideoEdge"}, {"node": {"id": "vi415744537", "contentType": {"displayName": {"value": "Clip", "__typename": "LocalizedString"}, "__typename": "VideoContentType"}, "name": {"value": "All About 'Shazam! Fury of the Gods'", "__typename": "LocalizedString"}, "runtime": {"value": 71, "__typename": "VideoRuntime"}, "thumbnail": {"height": 1080, "url": "https://m.media-amazon.com/images/M/MV5BY2Q1OWU2ZTItNmJlNi00ZGM4LTkwNzktZjU2YTllN2MwZWQ4XkEyXkFqcGdeQWFsZWxvZw@@._V1_.jpg", "width": 1920, "__typename": "Thumbnail"}, "__typename": "Video"}, "__typename": "VideoEdge"}, {"node": {"id": "vi629785113", "contentType": {"displayName": {"value": "Clip", "__typename": "LocalizedString"}, "__typename": "VideoContentType"}, "name": {"value": "Everything We Know About 'Black Adam'", "__typename": "LocalizedString"}, "runtime": {"value": 202, "__typename": "VideoRuntime"}, "thumbnail": {"height": 1080, "url": "https://m.media-amazon.com/images/M/MV5BMzE0MzU5MTYtNGJkNC00NmVjLWFhMGItNzk5YjBjMTJhNmIyXkEyXkFqcGdeQWFsZWxvZw@@._V1_.jpg", "width": 1920, "__typename": "Thumbnail"}, "__typename": "Video"}, "__typename": "VideoEdge"}, {"node": {"id": "vi3249847833", "contentType": {"displayName": {"value": "Clip", "__typename": "LocalizedString"}, "__typename": "VideoContentType"}, "name": {"value": "DC Winter Round-Up: Wonder Woman, Batman, The Flash", "__typename": "LocalizedString"}, "runtime": {"value": 210, "__typename": "VideoRuntime"}, "thumbnail": {"height": 1080, "url": "https://m.media-amazon.com/images/M/MV5BOGMyMmY1ODItY2ZmOS00M2Y1LWEyNGMtNTAwZjI3MWRkNjgwXkEyXkFqcGdeQWFsZWxvZw@@._V1_.jpg", "width": 1920, "__typename": "Thumbnail"}, "__typename": "Video"}, "__typename": "VideoEdge"}, {"node": {"id": "vi2067447577", "contentType": {"displayName": {"value": "Clip", "__typename": "LocalizedString"}, "__typename": "VideoContentType"}, "name": {"value": "Top Stars & Breakouts of 2019", "__typename": "LocalizedString"}, "runtime": {"value": 296, "__typename": "VideoRuntime"}, "thumbnail": {"height": 1080, "url": "https://m.media-amazon.com/images/M/MV5BMzE0NzNmNzktYjYwZi00MzQzLWI0MDgtMjczMGRmYTYyZmEwXkEyXkFqcGdeQWFsZWxvZw@@._V1_.jpg", "width": 1920, "__typename": "Thumbnail"}, "__typename": "Video"}, "__typename": "VideoEdge"}, {"node": {"id": "vi3704864537", "contentType": {"displayName": {"value": "Clip", "__typename": "LocalizedString"}, "__typename": "VideoContentType"}, "name": {"value": "The Biggest Supervillain Movies and Who's Coming Next", "__typename": "LocalizedString"}, "runtime": {"value": 217, "__typename": "VideoRuntime"}, "thumbnail": {"height": 1080, "url": "https://m.media-amazon.com/images/M/MV5BZWUzNWZiZDUtMzA5ZC00YTVlLWFkYTItN2VmNTg3ODMxZTczXkEyXkFqcGdeQW1yb2Njbw@@._V1_.jpg", "width": 1920, "__typename": "Thumbnail"}, "__typename": "Video"}, "__typename": "VideoEdge"}, {"node": {"id": "vi3371351065", "contentType": {"displayName": {"value": "Clip", "__typename": "LocalizedString"}, "__typename": "VideoContentType"}, "name": {"value": "Weekend Box Office | April 26 to 28", "__typename": "LocalizedString"}, "runtime": {"value": 59, "__typename": "VideoRuntime"}, "thumbnail": {"height": 1080, "url": "https://m.media-amazon.com/images/M/MV5BYjU2MzIwMDAtYjk4Ny00YWM2LWIzMmQtODIyOWI0NmI2YmZhXkEyXkFqcGdeQW1pYnJ5YW50._V1_.jpg", "width": 2036, "__typename": "Thumbnail"}, "__typename": "Video"}, "__typename": "VideoEdge"}, {"node": {"id": "vi1820965913", "contentType": {"displayName": {"value": "Clip", "__typename": "LocalizedString"}, "__typename": "VideoContentType"}, "name": {"value": "Who Are This Week's Biggest Stars? The Perfect Date, A Mighty Mom, and a Mutant", "__typename": "LocalizedString"}, "runtime": {"value": 140, "__typename": "VideoRuntime"}, "thumbnail": {"height": 1080, "url": "https://m.media-amazon.com/images/M/MV5BYTJhNzJkYzAtMzNkOC00YmNlLWExZmUtZDg0NmM3OGY4MWNiXkEyXkFqcGdeQW1yb2Njbw@@._V1_.jpg", "width": 1920, "__typename": "Thumbnail"}, "__typename": "Video"}, "__typename": "VideoEdge"}, {"node": {"id": "vi3544497433", "contentType": {"displayName": {"value": "Clip", "__typename": "LocalizedString"}, "__typename": "VideoContentType"}, "name": {"value": "Who Reigns Supreme: An Assassin, a Queen, or a Teenage Witch?", "__typename": "LocalizedString"}, "runtime": {"value": 135, "__typename": "VideoRuntime"}, "thumbnail": {"height": 1080, "url": "https://m.media-amazon.com/images/M/MV5BZmZjZjEwNjItNzMwZS00MmZjLTk3OTYtNzBmNTQyMDYyNjhjXkEyXkFqcGdeQW1yb2Njbw@@._V1_.jpg", "width": 1920, "__typename": "Thumbnail"}, "__typename": "Video"}, "__typename": "VideoEdge"}], "__typename": "VideoConnection"}, "titleMainImages": {"total": 358, "edges": [{"node": {"id": "rm3105120256", "url": "https://m.media-amazon.com/images/M/MV5BZDNlMDQxN2MtOTllNS00NTM5LThhOTAtNjZjNzMzNzk3ODlhXkEyXkFqcGc@._V1_.jpg", "caption": {"plainText": "Mark Strong and Zachary Levi in Shazam! (2019)", "__typename": "Markdown"}, "height": 858, "width": 1973, "__typename": "Image"}, "__typename": "ImageEdge"}, {"node": {"id": "rm3121897472", "url": "https://m.media-amazon.com/images/M/MV5BNzMzY2M5MzUtZGU1Mi00MzUyLWEwMTQtZjA2ZTA4MzBhZDU4XkEyXkFqcGc@._V1_.jpg", "caption": {"plainText": "Mark Strong in Shazam! (2019)", "__typename": "Markdown"}, "height": 1152, "width": 2048, "__typename": "Image"}, "__typename": "ImageEdge"}, {"node": {"id": "rm3138674688", "url": "https://m.media-amazon.com/images/M/MV5BZmNjMmNkY2ItOTQ1ZS00YmRjLTg0NDctNzc4NmE5OWEyNGU4XkEyXkFqcGc@._V1_.jpg", "caption": {"plainText": "Mark Strong and Zachary Levi in Shazam! (2019)", "__typename": "Markdown"}, "height": 1200, "width": 2133, "__typename": "Image"}, "__typename": "ImageEdge"}, {"node": {"id": "rm3172229120", "url": "https://m.media-amazon.com/images/M/MV5BNjA5MWNjNTItZjJlMS00ZGEwLWI1OTktODE1NTNmYjViYjI1XkEyXkFqcGc@._V1_.jpg", "caption": {"plainText": "Asher Angel in Shazam! (2019)", "__typename": "Markdown"}, "height": 1098, "width": 1952, "__typename": "Image"}, "__typename": "ImageEdge"}, {"node": {"id": "rm3205783552", "url": "https://m.media-amazon.com/images/M/MV5BZmZiZmIwMDMtMTQ0OC00YWUzLWJkOTAtOWY4OTgzYTY3Njk0XkEyXkFqcGc@._V1_.jpg", "caption": {"plainText": "Zachary Levi and Jack Dylan Grazer in Shazam! (2019)", "__typename": "Markdown"}, "height": 1088, "width": 1934, "__typename": "Image"}, "__typename": "ImageEdge"}, {"node": {"id": "rm3189006336", "url": "https://m.media-amazon.com/images/M/MV5BOWY3NGJiZWUtNzg0OC00ZWRhLTg5ZjMtMTg2ZjRkNTlkZGY3XkEyXkFqcGc@._V1_.jpg", "caption": {"plainText": "Asher Angel in Shazam! (2019)", "__typename": "Markdown"}, "height": 1200, "width": 2133, "__typename": "Image"}, "__typename": "ImageEdge"}, {"node": {"id": "rm2954125312", "url": "https://m.media-amazon.com/images/M/MV5BMDE3MzMzYmQtOGYxMy00ZGQwLWE2OWItZWM3MjczOGQwMDM3XkEyXkFqcGc@._V1_.jpg", "caption": {"plainText": "Zachary Levi and Jack Dylan Grazer in Shazam! (2019)", "__typename": "Markdown"}, "height": 1200, "width": 2133, "__typename": "Image"}, "__typename": "ImageEdge"}, {"node": {"id": "rm2970902528", "url": "https://m.media-amazon.com/images/M/MV5BN2I4NzkzNGEtOWU0ZS00YzQ3LWEwNmQtMDcyNTQzZDUyMDUxXkEyXkFqcGc@._V1_.jpg", "caption": {"plainText": "Zachary Levi and Jack Dylan Grazer in Shazam! (2019)", "__typename": "Markdown"}, "height": 1152, "width": 2048, "__typename": "Image"}, "__typename": "ImageEdge"}, {"node": {"id": "rm2987679744", "url": "https://m.media-amazon.com/images/M/MV5BNmE0Y2E1ZmMtNjdkMy00MzcwLTgyMGQtNmY5YWQwY2E5MzdmXkEyXkFqcGc@._V1_.jpg", "caption": {"plainText": "Asher Angel in Shazam! (2019)", "__typename": "Markdown"}, "height": 1152, "width": 2048, "__typename": "Image"}, "__typename": "ImageEdge"}, {"node": {"id": "rm3021234176", "url": "https://m.media-amazon.com/images/M/MV5BMzY0MDVhMmQtZGMyMC00NGJiLWJmMzctMjA1MGQwNTYwODlkXkEyXkFqcGc@._V1_.jpg", "caption": {"plainText": "Cooper Andrews in Shazam! (2019)", "__typename": "Markdown"}, "height": 4000, "width": 6000, "__typename": "Image"}, "__typename": "ImageEdge"}, {"node": {"id": "rm3004456960", "url": "https://m.media-amazon.com/images/M/MV5BN2E3NWIxY2YtYzU1Ni00MTQ5LTkyYjUtODhlOGZiYjIwMTMxXkEyXkFqcGc@._V1_.jpg", "caption": {"plainText": "Asher Angel and Jack Dylan Grazer in Shazam! (2019)", "__typename": "Markdown"}, "height": 1152, "width": 2048, "__typename": "Image"}, "__typename": "ImageEdge"}, {"node": {"id": "rm3038011392", "url": "https://m.media-amazon.com/images/M/MV5BNGYyODJjMGMtOTQzOS00NjRjLWFjZDQtYTQ3OTUzMDc4NTUzXkEyXkFqcGc@._V1_.jpg", "caption": {"plainText": "Zachary Levi and Jack Dylan Grazer in Shazam! (2019)", "__typename": "Markdown"}, "height": 4000, "width": 6000, "__typename": "Image"}, "__typename": "ImageEdge"}, {"node": {"id": "rm3054788608", "url": "https://m.media-amazon.com/images/M/MV5BYmIzNmY3NjMtNjVjNS00ZGZmLTlmYjItMTYzMzY2NGVlOGExXkEyXkFqcGc@._V1_.jpg", "caption": {"plainText": "Asher Angel and Jack Dylan Grazer in Shazam! (2019)", "__typename": "Markdown"}, "height": 4000, "width": 6000, "__typename": "Image"}, "__typename": "ImageEdge"}], "__typename": "ImageConnection"}, "productionStatus": {"currentProductionStage": {"id": "released", "text": "Released", "__typename": "ProductionStage"}, "productionStatusHistory": [{"status": {"id": "optioned_property", "text": "Optioned Property", "__typename": "ProductionStatus"}, "__typename": "ProductionStatusHistory"}, {"status": {"id": "development_unknown", "text": "Development Unknown", "__typename": "ProductionStatus"}, "__typename": "ProductionStatusHistory"}, {"status": {"id": "optioned_property", "text": "Optioned Property", "__typename": "ProductionStatus"}, "__typename": "ProductionStatusHistory"}, {"status": {"id": "optioned_property", "text": "Optioned Property", "__typename": "ProductionStatus"}, "__typename": "ProductionStatusHistory"}, {"status": {"id": "script", "text": "Script", "__typename": "ProductionStatus"}, "__typename": "ProductionStatusHistory"}, {"status": {"id": "development_unknown", "text": "Development Unknown", "__typename": "ProductionStatus"}, "__typename": "ProductionStatusHistory"}, {"status": {"id": "optioned_property", "text": "Optioned Property", "__typename": "ProductionStatus"}, "__typename": "ProductionStatusHistory"}, {"status": {"id": "optioned_property", "text": "Optioned Property", "__typename": "ProductionStatus"}, "__typename": "ProductionStatusHistory"}, {"status": {"id": "treatment_outline", "text": "Treatment Outline", "__typename": "ProductionStatus"}, "__typename": "ProductionStatusHistory"}, {"status": {"id": "script", "text": "Script", "__typename": "ProductionStatus"}, "__typename": "ProductionStatusHistory"}, {"status": {"id": "script", "text": "Script", "__typename": "ProductionStatus"}, "__typename": "ProductionStatusHistory"}, {"status": {"id": "development_unknown", "text": "Development Unknown", "__typename": "ProductionStatus"}, "__typename": "ProductionStatusHistory"}, {"status": {"id": "development_unknown", "text": "Development Unknown", "__typename": "ProductionStatus"}, "__typename": "ProductionStatusHistory"}, {"status": {"id": "optioned_property", "text": "Optioned Property", "__typename": "ProductionStatus"}, "__typename": "ProductionStatusHistory"}, {"status": {"id": "treatment_outline", "text": "Treatment Outline", "__typename": "ProductionStatus"}, "__typename": "ProductionStatusHistory"}, {"status": {"id": "script", "text": "Script", "__typename": "ProductionStatus"}, "__typename": "ProductionStatusHistory"}, {"status": {"id": "script", "text": "Script", "__typename": "ProductionStatus"}, "__typename": "ProductionStatusHistory"}, {"status": {"id": "script", "text": "Script", "__typename": "ProductionStatus"}, "__typename": "ProductionStatusHistory"}, {"status": {"id": "script", "text": "Script", "__typename": "ProductionStatus"}, "__typename": "ProductionStatusHistory"}, {"status": {"id": "pre_production", "text": "Pre-production", "__typename": "ProductionStatus"}, "__typename": "ProductionStatusHistory"}, {"status": {"id": "filming", "text": "Filming", "__typename": "ProductionStatus"}, "__typename": "ProductionStatusHistory"}, {"status": {"id": "post_production", "text": "Post-production", "__typename": "ProductionStatus"}, "__typename": "ProductionStatusHistory"}, {"status": {"id": "released", "text": "Released", "__typename": "ProductionStatus"}, "__typename": "ProductionStatusHistory"}], "restriction": null, "__typename": "ProductionStatusDetails"}, "primaryImage": {"id": "rm2120179712", "__typename": "Image"}, "inIframeAddLink": {"url": "https://contribute.imdb.com/image/tt0448115/add?bus=imdb&return_url=https%3A%2F%2Fwww.imdb.com%2Fclose_me&site=web", "__typename": "ContributionLink"}, "notInIframeAddLink": {"url": "https://contribute.imdb.com/image/tt0448115/add?bus=imdb&return_url=https%3A%2F%2Fwww.imdb.com%2Ftitle%2Ftt0448115%2F&site=mobile", "__typename": "ContributionLink"}, "titleType": {"id": "movie", "canHaveEpisodes": false, "__typename": "TitleType"}, "cast": {"total": 117, "edges": [{"node": {"name": {"id": "nm1157048", "nameText": {"text": "Zachary Levi", "__typename": "NameText"}, "primaryImage": {"url": "https://m.media-amazon.com/images/M/MV5BZDdiNjEwZjctODViYy00MTc5LWJjNDUtMjFhNDM3YjgzY2I2XkEyXkFqcGc@._V1_.jpg", "width": 700, "height": 838, "__typename": "Image"}, "__typename": "Name"}, "attributes": null, "category": {"id": "actor", "__typename": "CreditCategory"}, "characters": [{"name": "Shazam", "__typename": "Character"}], "episodeCredits": {"total": 0, "yearRange": null, "__typename": "EpisodeCastConnection"}, "__typename": "Cast"}, "__typename": "CreditEdge"}, {"node": {"name": {"id": "nm0835016", "nameText": {"text": "Mark Strong", "__typename": "NameText"}, "primaryImage": {"url": "https://m.media-amazon.com/images/M/MV5BNWVlOWU4MmItZmYwMS00MmNlLWJjNjYtYzAzMGZhYmY1MzAyXkEyXkFqcGc@._V1_.jpg", "width": 744, "height": 951, "__typename": "Image"}, "__typename": "Name"}, "attributes": null, "category": {"id": "actor", "__typename": "CreditCategory"}, "characters": [{"name": "Dr. Sivana", "__typename": "Character"}], "episodeCredits": {"total": 0, "yearRange": null, "__typename": "EpisodeCastConnection"}, "__typename": "Cast"}, "__typename": "CreditEdge"}, {"node": {"name": {"id": "nm4755508", "nameText": {"text": "Asher Angel", "__typename": "NameText"}, "primaryImage": {"url": "https://m.media-amazon.com/images/M/MV5BNjMzNjMzNTMtMTZhNS00ZTUwLTk5NjItNDBkMzkyZWQwYjNmXkEyXkFqcGc@._V1_.jpg", "width": 1333, "height": 2000, "__typename": "Image"}, "__typename": "Name"}, "attributes": null, "category": {"id": "actor", "__typename": "CreditCategory"}, "characters": [{"name": "Billy Batson", "__typename": "Character"}], "episodeCredits": {"total": 0, "yearRange": null, "__typename": "EpisodeCastConnection"}, "__typename": "Cast"}, "__typename": "CreditEdge"}, {"node": {"name": {"id": "nm6244013", "nameText": {"text": "Jack Dylan Grazer", "__typename": "NameText"}, "primaryImage": {"url": "https://m.media-amazon.com/images/M/MV5BNjA4M2MxN2QtYTBkOC00NmY4LWI2ZTMtMGY5ZTE2ZjBiOWFjXkEyXkFqcGc@._V1_.jpg", "width": 1580, "height": 2016, "__typename": "Image"}, "__typename": "Name"}, "attributes": null, "category": {"id": "actor", "__typename": "CreditCategory"}, "characters": [{"name": "Freddy Freeman", "__typename": "Character"}], "episodeCredits": {"total": 0, "yearRange": null, "__typename": "EpisodeCastConnection"}, "__typename": "Cast"}, "__typename": "CreditEdge"}, {"node": {"name": {"id": "nm0111013", "nameText": {"text": "Adam Brody", "__typename": "NameText"}, "primaryImage": {"url": "https://m.media-amazon.com/images/M/MV5BOTY3NzMzMjgyMl5BMl5BanBnXkFtZTcwNjc2OTM4Mg@@._V1_.jpg", "width": 279, "height": 400, "__typename": "Image"}, "__typename": "Name"}, "attributes": null, "category": {"id": "actor", "__typename": "CreditCategory"}, "characters": [{"name": "Super Hero Freddy", "__typename": "Character"}], "episodeCredits": {"total": 0, "yearRange": null, "__typename": "EpisodeCastConnection"}, "__typename": "Cast"}, "__typename": "CreditEdge"}, {"node": {"name": {"id": "nm0005023", "nameText": {"text": "Djimon Hounsou", "__typename": "NameText"}, "primaryImage": {"url": "https://m.media-amazon.com/images/M/MV5BMjQ2NTM4MzI4M15BMl5BanBnXkFtZTcwOTkxMjcxNA@@._V1_.jpg", "width": 295, "height": 400, "__typename": "Image"}, "__typename": "Name"}, "attributes": null, "category": {"id": "actor", "__typename": "CreditCategory"}, "characters": [{"name": "Wizard", "__typename": "Character"}], "episodeCredits": {"total": 0, "yearRange": null, "__typename": "EpisodeCastConnection"}, "__typename": "Cast"}, "__typename": "CreditEdge"}, {"node": {"name": {"id": "nm7919715", "nameText": {"text": "Faithe Herman", "__typename": "NameText"}, "primaryImage": {"url": "https://m.media-amazon.com/images/M/MV5BMWYzNDk4M2UtMmM2YS00MzBhLTk5OTAtYzIwNDZhYTViMjAxXkEyXkFqcGc@._V1_.jpg", "width": 3158, "height": 4736, "__typename": "Image"}, "__typename": "Name"}, "attributes": null, "category": {"id": "actress", "__typename": "CreditCategory"}, "characters": [{"name": "Darla Dudley", "__typename": "Character"}], "episodeCredits": {"total": 0, "yearRange": null, "__typename": "EpisodeCastConnection"}, "__typename": "Cast"}, "__typename": "CreditEdge"}, {"node": {"name": {"id": "nm0328709", "nameText": {"text": "Meagan Good", "__typename": "NameText"}, "primaryImage": {"url": "https://m.media-amazon.com/images/M/MV5BZWM5ODkzODEtODVlZS00ODNjLWJiODItNTU4NzEyZjZhMmNlXkEyXkFqcGc@._V1_.jpg", "width": 2523, "height": 3600, "__typename": "Image"}, "__typename": "Name"}, "attributes": null, "category": {"id": "actress", "__typename": "CreditCategory"}, "characters": [{"name": "Super Hero Darla", "__typename": "Character"}], "episodeCredits": {"total": 0, "yearRange": null, "__typename": "EpisodeCastConnection"}, "__typename": "Cast"}, "__typename": "CreditEdge"}, {"node": {"name": {"id": "nm1534201", "nameText": {"text": "Grace Caroline Currey", "__typename": "NameText"}, "primaryImage": {"url": "https://m.media-amazon.com/images/M/MV5BOGQ4ZmRmYzgtZjVkMC00MGVkLTg0ZWItZjcyNmFmYTI3ZjM5XkEyXkFqcGc@._V1_.jpg", "width": 1536, "height": 2048, "__typename": "Image"}, "__typename": "Name"}, "attributes": [{"text": "as Grace Fulton", "__typename": "CreditedAsCreditAttribute"}], "category": {"id": "actress", "__typename": "CreditCategory"}, "characters": [{"name": "Mary Bromfield", "__typename": "Character"}], "episodeCredits": {"total": 0, "yearRange": null, "__typename": "EpisodeCastConnection"}, "__typename": "Cast"}, "__typename": "CreditEdge"}, {"node": {"name": {"id": "nm1218924", "nameText": {"text": "Michelle Borth", "__typename": "NameText"}, "primaryImage": {"url": "https://m.media-amazon.com/images/M/MV5BZTE5ODQxMjItNGUzOS00ZjhkLTk4OTMtMmI2N2U2NzFiNmRlXkEyXkFqcGc@._V1_.jpg", "width": 2400, "height": 3600, "__typename": "Image"}, "__typename": "Name"}, "attributes": null, "category": {"id": "actress", "__typename": "CreditCategory"}, "characters": [{"name": "Super Hero Mary", "__typename": "Character"}], "episodeCredits": {"total": 0, "yearRange": null, "__typename": "EpisodeCastConnection"}, "__typename": "Cast"}, "__typename": "CreditEdge"}, {"node": {"name": {"id": "nm6373728", "nameText": {"text": "Ian Chen", "__typename": "NameText"}, "primaryImage": {"url": "https://m.media-amazon.com/images/M/MV5BOTY1MTE5Mjk4OV5BMl5BanBnXkFtZTgwMDg3Mzc1NzM@._V1_.jpg", "width": 1396, "height": 2048, "__typename": "Image"}, "__typename": "Name"}, "attributes": null, "category": {"id": "actor", "__typename": "CreditCategory"}, "characters": [{"name": "Eugene Choi", "__typename": "Character"}], "episodeCredits": {"total": 0, "yearRange": null, "__typename": "EpisodeCastConnection"}, "__typename": "Cast"}, "__typename": "CreditEdge"}, {"node": {"name": {"id": "nm5224900", "nameText": {"text": "Ross Butler", "__typename": "NameText"}, "primaryImage": {"url": "https://m.media-amazon.com/images/M/MV5BYWQwNDk4MzgtYWU3OC00OGQyLTkzNTEtN2Y3ZTAzMGUzYzdlXkEyXkFqcGc@._V1_CR0,0,424,636_.jpg", "width": 424, "height": 636, "__typename": "Image"}, "__typename": "Name"}, "attributes": null, "category": {"id": "actor", "__typename": "CreditCategory"}, "characters": [{"name": "Super Hero Eugene", "__typename": "Character"}], "episodeCredits": {"total": 0, "yearRange": null, "__typename": "EpisodeCastConnection"}, "__typename": "Cast"}, "__typename": "CreditEdge"}, {"node": {"name": {"id": "nm3578916", "nameText": {"text": "Jovan Armand", "__typename": "NameText"}, "primaryImage": {"url": "https://m.media-amazon.com/images/M/MV5BYmRhMDE5NzAtYzJjMS00YzRmLTk3ZWYtODYwZDk0MjY4NTJkXkEyXkFqcGc@._V1_.jpg", "width": 2656, "height": 3984, "__typename": "Image"}, "__typename": "Name"}, "attributes": null, "category": {"id": "actor", "__typename": "CreditCategory"}, "characters": [{"name": "Pedro Pe\u00f1a", "__typename": "Character"}], "episodeCredits": {"total": 0, "yearRange": null, "__typename": "EpisodeCastConnection"}, "__typename": "Cast"}, "__typename": "CreditEdge"}, {"node": {"name": {"id": "nm1366616", "nameText": {"text": "D.J. Cotrona", "__typename": "NameText"}, "primaryImage": {"url": "https://m.media-amazon.com/images/M/MV5BMGFiNWFlODgtZDNmNi00YTAxLTgyZGItODMzOGJmNmNiY2M5XkEyXkFqcGc@._V1_.jpg", "width": 502, "height": 386, "__typename": "Image"}, "__typename": "Name"}, "attributes": null, "category": {"id": "actor", "__typename": "CreditCategory"}, "characters": [{"name": "Super Hero Pedro", "__typename": "Character"}], "episodeCredits": {"total": 0, "yearRange": null, "__typename": "EpisodeCastConnection"}, "__typename": "Cast"}, "__typename": "CreditEdge"}, {"node": {"name": {"id": "nm2803689", "nameText": {"text": "Marta Milans", "__typename": "NameText"}, "primaryImage": {"url": "https://m.media-amazon.com/images/M/MV5BZjBmOTQ5OWQtZmYxYS00OTE0LWIyYWUtYTIzODRlOTcyODNlXkEyXkFqcGc@._V1_.jpg", "width": 5760, "height": 3840, "__typename": "Image"}, "__typename": "Name"}, "attributes": null, "category": {"id": "actress", "__typename": "CreditCategory"}, "characters": [{"name": "Rosa Vasquez", "__typename": "Character"}], "episodeCredits": {"total": 0, "yearRange": null, "__typename": "EpisodeCastConnection"}, "__typename": "Cast"}, "__typename": "CreditEdge"}, {"node": {"name": {"id": "nm2415276", "nameText": {"text": "Cooper Andrews", "__typename": "NameText"}, "primaryImage": {"url": "https://m.media-amazon.com/images/M/MV5BMTc5MzQ4NDQ2MF5BMl5BanBnXkFtZTgwNzY2NDM2ODE@._V1_.jpg", "width": 1728, "height": 2592, "__typename": "Image"}, "__typename": "Name"}, "attributes": null, "category": {"id": "actor", "__typename": "CreditCategory"}, "characters": [{"name": "Victor Vasquez", "__typename": "Character"}], "episodeCredits": {"total": 0, "yearRange": null, "__typename": "EpisodeCastConnection"}, "__typename": "Cast"}, "__typename": "CreditEdge"}, {"node": {"name": {"id": "nm7500354", "nameText": {"text": "Ethan Pugiotto", "__typename": "NameText"}, "primaryImage": {"url": "https://m.media-amazon.com/images/M/MV5BMzc1YzEzY2EtOTdkZC00YjMxLWI5MjAtMDJjOTY0YTQ2ZGVhXkEyXkFqcGc@._V1_.jpg", "width": 2181, "height": 3272, "__typename": "Image"}, "__typename": "Name"}, "attributes": null, "category": {"id": "actor", "__typename": "CreditCategory"}, "characters": [{"name": "Thaddeus Sivana (1974)", "__typename": "Character"}], "episodeCredits": {"total": 0, "yearRange": null, "__typename": "EpisodeCastConnection"}, "__typename": "Cast"}, "__typename": "CreditEdge"}, {"node": {"name": {"id": "nm0001278", "nameText": {"text": "John Glover", "__typename": "NameText"}, "primaryImage": {"url": "https://m.media-amazon.com/images/M/MV5BNDQ5NTUzOTQ4MF5BMl5BanBnXkFtZTYwNjUxNjIz._V1_.jpg", "width": 273, "height": 400, "__typename": "Image"}, "__typename": "Name"}, "attributes": null, "category": {"id": "actor", "__typename": "CreditCategory"}, "characters": [{"name": "Mr. Sivana", "__typename": "Character"}], "episodeCredits": {"total": 0, "yearRange": null, "__typename": "EpisodeCastConnection"}, "__typename": "Cast"}, "__typename": "CreditEdge"}], "__typename": "CreditConnection"}, "creators": [], "directors": [{"totalCredits": 1, "category": {"text": "Director", "id": "director", "__typename": "CreditCategory"}, "credits": [{"name": {"id": "nm2497546", "nameText": {"text": "David F. Sandberg", "__typename": "NameText"}, "__typename": "Name"}, "__typename": "Crew"}], "__typename": "PrincipalCreditsForCategory"}], "writers": [{"totalCredits": 5, "category": {"text": "Writers", "id": "writer", "__typename": "CreditCategory"}, "credits": [{"name": {"id": "nm2849655", "nameText": {"text": "Henry Gayden", "__typename": "NameText"}, "__typename": "Name"}, "__typename": "Crew"}, {"name": {"id": "nm0501359", "nameText": {"text": "Darren Lemke", "__typename": "NameText"}, "__typename": "Name"}, "__typename": "Crew"}, {"name": {"id": "nm1791910", "nameText": {"text": "Bill Parker", "__typename": "NameText"}, "__typename": "Name"}, "__typename": "Crew"}], "__typename": "PrincipalCreditsForCategory"}], "isAdult": false, "moreLikeThisTitles": {"edges": [{"node": {"id": "tt10151854", "titleText": {"text": "Shazam! Fury of the Gods", "__typename": "TitleText"}, "titleType": {"id": "movie", "text": "Movie", "canHaveEpisodes": false, "displayableProperty": {"value": {"plainText": "", "__typename": "Markdown"}, "__typename": "DisplayableTitleTypeProperty"}, "__typename": "TitleType"}, "originalTitleText": {"text": "Shazam! Fury of the Gods", "__typename": "TitleText"}, "primaryImage": {"id": "rm653864961", "width": 2764, "height": 4096, "url": "https://m.media-amazon.com/images/M/MV5BMjdlYzAwYTMtMWJlOC00OTQ5LWJhMmYtMDhjNGY4M2RhMGU4XkEyXkFqcGc@._V1_.jpg", "caption": {"plainText": "Helen Mirren, Djimon Hounsou, Lucy Liu, Adam Brody, Meagan Good, Rachel Zegler, Zachary Levi, D.J. Cotrona, Grace Caroline Currey, and Ross Butler in Shazam! Fury of the Gods (2023)", "__typename": "Markdown"}, "__typename": "Image"}, "releaseYear": {"year": 2023, "endYear": null, "__typename": "YearRange"}, "ratingsSummary": {"aggregateRating": 5.9, "voteCount": 131060, "__typename": "RatingsSummary"}, "runtime": {"seconds": 7800, "__typename": "Runtime"}, "certificate": {"rating": "UA", "__typename": "Certificate"}, "canRate": {"isRatable": true, "__typename": "CanRate"}, "titleGenres": {"genres": [{"genre": {"text": "Action", "__typename": "GenreItem"}, "__typename": "TitleGenre"}, {"genre": {"text": "Adventure", "__typename": "GenreItem"}, "__typename": "TitleGenre"}, {"genre": {"text": "Comedy", "__typename": "GenreItem"}, "__typename": "TitleGenre"}], "__typename": "TitleGenres"}, "canHaveEpisodes": false, "__typename": "Title"}, "__typename": "MoreLikeThisEdge"}, {"node": {"id": "tt1477834", "titleText": {"text": "Aquaman", "__typename": "TitleText"}, "titleType": {"id": "movie", "text": "Movie", "canHaveEpisodes": false, "displayableProperty": {"value": {"plainText": "", "__typename": "Markdown"}, "__typename": "DisplayableTitleTypeProperty"}, "__typename": "TitleType"}, "originalTitleText": {"text": "Aquaman", "__typename": "TitleText"}, "primaryImage": {"id": "rm54096896", "width": 981, "height": 1200, "url": "https://m.media-amazon.com/images/M/MV5BNzJiZDIzZTYtNWYzMS00YzJmLWIzNDQtOGI4YWEwZGQwNTVkXkEyXkFqcGc@._V1_.jpg", "caption": {"plainText": "Jason Momoa in Aquaman (2018)", "__typename": "Markdown"}, "__typename": "Image"}, "releaseYear": {"year": 2018, "endYear": null, "__typename": "YearRange"}, "ratingsSummary": {"aggregateRating": 6.8, "voteCount": 529973, "__typename": "RatingsSummary"}, "runtime": {"seconds": 8580, "__typename": "Runtime"}, "certificate": {"rating": "UA", "__typename": "Certificate"}, "canRate": {"isRatable": true, "__typename": "CanRate"}, "titleGenres": {"genres": [{"genre": {"text": "Action", "__typename": "GenreItem"}, "__typename": "TitleGenre"}, {"genre": {"text": "Adventure", "__typename": "GenreItem"}, "__typename": "TitleGenre"}, {"genre": {"text": "Fantasy", "__typename": "GenreItem"}, "__typename": "TitleGenre"}], "__typename": "TitleGenres"}, "canHaveEpisodes": false, "__typename": "Title"}, "__typename": "MoreLikeThisEdge"}, {"node": {"id": "tt0451279", "titleText": {"text": "Wonder Woman", "__typename": "TitleText"}, "titleType": {"id": "movie", "text": "Movie", "canHaveEpisodes": false, "displayableProperty": {"value": {"plainText": "", "__typename": "Markdown"}, "__typename": "DisplayableTitleTypeProperty"}, "__typename": "TitleType"}, "originalTitleText": {"text": "Wonder Woman", "__typename": "TitleText"}, "primaryImage": {"id": "rm2060724992", "width": 2764, "height": 4096, "url": "https://m.media-amazon.com/images/M/MV5BZjk0YzRlZmQtMjQ2OC00MGIyLWIzODEtOWJjNzUwMjU1Y2U5XkEyXkFqcGc@._V1_.jpg", "caption": {"plainText": "Robin Wright, Connie Nielsen, and Gal Gadot in Wonder Woman (2017)", "__typename": "Markdown"}, "__typename": "Image"}, "releaseYear": {"year": 2017, "endYear": null, "__typename": "YearRange"}, "ratingsSummary": {"aggregateRating": 7.3, "voteCount": 709140, "__typename": "RatingsSummary"}, "runtime": {"seconds": 8460, "__typename": "Runtime"}, "certificate": {"rating": "UA", "__typename": "Certificate"}, "canRate": {"isRatable": true, "__typename": "CanRate"}, "titleGenres": {"genres": [{"genre": {"text": "Action", "__typename": "GenreItem"}, "__typename": "TitleGenre"}, {"genre": {"text": "Adventure", "__typename": "GenreItem"}, "__typename": "TitleGenre"}, {"genre": {"text": "Fantasy", "__typename": "GenreItem"}, "__typename": "TitleGenre"}], "__typename": "TitleGenres"}, "canHaveEpisodes": false, "__typename": "Title"}, "__typename": "MoreLikeThisEdge"}, {"node": {"id": "tt6334354", "titleText": {"text": "The Suicide Squad", "__typename": "TitleText"}, "titleType": {"id": "movie", "text": "Movie", "canHaveEpisodes": false, "displayableProperty": {"value": {"plainText": "", "__typename": "Markdown"}, "__typename": "DisplayableTitleTypeProperty"}, "__typename": "TitleType"}, "originalTitleText": {"text": "The Suicide Squad", "__typename": "TitleText"}, "primaryImage": {"id": "rm2507973377", "width": 810, "height": 1200, "url": "https://m.media-amazon.com/images/M/MV5BNDZkMmM4MmMtZWVhNS00OTRlLTk1YzEtNTcyMTZkYzk1ODgwXkEyXkFqcGc@._V1_.jpg", "caption": {"plainText": "The Suicide Squad (2021)", "__typename": "Markdown"}, "__typename": "Image"}, "releaseYear": {"year": 2021, "endYear": null, "__typename": "YearRange"}, "ratingsSummary": {"aggregateRating": 7.2, "voteCount": 422048, "__typename": "RatingsSummary"}, "runtime": {"seconds": 7920, "__typename": "Runtime"}, "certificate": {"rating": "A", "__typename": "Certificate"}, "canRate": {"isRatable": true, "__typename": "CanRate"}, "titleGenres": {"genres": [{"genre": {"text": "Action", "__typename": "GenreItem"}, "__typename": "TitleGenre"}, {"genre": {"text": "Adventure", "__typename": "GenreItem"}, "__typename": "TitleGenre"}, {"genre": {"text": "Comedy", "__typename": "GenreItem"}, "__typename": "TitleGenre"}], "__typename": "TitleGenres"}, "canHaveEpisodes": false, "__typename": "Title"}, "__typename": "MoreLikeThisEdge"}, {"node": {"id": "tt0770828", "titleText": {"text": "Man of Steel", "__typename": "TitleText"}, "titleType": {"id": "movie", "text": "Movie", "canHaveEpisodes": false, "displayableProperty": {"value": {"plainText": "", "__typename": "Markdown"}, "__typename": "DisplayableTitleTypeProperty"}, "__typename": "TitleType"}, "originalTitleText": {"text": "Man of Steel", "__typename": "TitleText"}, "primaryImage": {"id": "rm2035131904", "width": 680, "height": 1005, "url": "https://m.media-amazon.com/images/M/MV5BMTk5ODk1NDkxMF5BMl5BanBnXkFtZTcwNTA5OTY0OQ@@._V1_.jpg", "caption": {"plainText": "Henry Cavill in Man of Steel (2013)", "__typename": "Markdown"}, "__typename": "Image"}, "releaseYear": {"year": 2013, "endYear": null, "__typename": "YearRange"}, "ratingsSummary": {"aggregateRating": 7.1, "voteCount": 822302, "__typename": "RatingsSummary"}, "runtime": {"seconds": 8580, "__typename": "Runtime"}, "certificate": {"rating": "UA", "__typename": "Certificate"}, "canRate": {"isRatable": true, "__typename": "CanRate"}, "titleGenres": {"genres": [{"genre": {"text": "Action", "__typename": "GenreItem"}, "__typename": "TitleGenre"}, {"genre": {"text": "Adventure", "__typename": "GenreItem"}, "__typename": "TitleGenre"}, {"genre": {"text": "Sci-Fi", "__typename": "GenreItem"}, "__typename": "TitleGenre"}], "__typename": "TitleGenres"}, "canHaveEpisodes": false, "__typename": "Title"}, "__typename": "MoreLikeThisEdge"}, {"node": {"id": "tt6443346", "titleText": {"text": "Black Adam", "__typename": "TitleText"}, "titleType": {"id": "movie", "text": "Movie", "canHaveEpisodes": false, "displayableProperty": {"value": {"plainText": "", "__typename": "Markdown"}, "__typename": "DisplayableTitleTypeProperty"}, "__typename": "TitleType"}, "originalTitleText": {"text": "Black Adam", "__typename": "TitleText"}, "primaryImage": {"id": "rm3783087105", "width": 715, "height": 1060, "url": "https://m.media-amazon.com/images/M/MV5BODIxMjAzYTktODYyMi00YzFkLWIxMDctNzQ4NTY4MTY0ZjI0XkEyXkFqcGc@._V1_.jpg", "caption": {"plainText": "Pierce Brosnan, Aldis Hodge, Dwayne Johnson, Noah Centineo, and Quintessa Swindell in Black Adam (2022)", "__typename": "Markdown"}, "__typename": "Image"}, "releaseYear": {"year": 2022, "endYear": null, "__typename": "YearRange"}, "ratingsSummary": {"aggregateRating": 6.2, "voteCount": 283020, "__typename": "RatingsSummary"}, "runtime": {"seconds": 7500, "__typename": "Runtime"}, "certificate": {"rating": "UA", "__typename": "Certificate"}, "canRate": {"isRatable": true, "__typename": "CanRate"}, "titleGenres": {"genres": [{"genre": {"text": "Action", "__typename": "GenreItem"}, "__typename": "TitleGenre"}, {"genre": {"text": "Adventure", "__typename": "GenreItem"}, "__typename": "TitleGenre"}, {"genre": {"text": "Fantasy", "__typename": "GenreItem"}, "__typename": "TitleGenre"}], "__typename": "TitleGenres"}, "canHaveEpisodes": false, "__typename": "Title"}, "__typename": "MoreLikeThisEdge"}, {"node": {"id": "tt12361974", "titleText": {"text": "Zack Snyder's Justice League", "__typename": "TitleText"}, "titleType": {"id": "movie", "text": "Movie", "canHaveEpisodes": false, "displayableProperty": {"value": {"plainText": "", "__typename": "Markdown"}, "__typename": "DisplayableTitleTypeProperty"}, "__typename": "TitleType"}, "originalTitleText": {"text": "Zack Snyder's Justice League", "__typename": "TitleText"}, "primaryImage": {"id": "rm323864577", "width": 2025, "height": 3000, "url": "https://m.media-amazon.com/images/M/MV5BNDA0MzM5YTctZTU2My00NGQ5LWE2NTEtNDM0MjZmMDBkOTZkXkEyXkFqcGc@._V1_.jpg", "caption": {"plainText": "Ben Affleck, Henry Cavill, Jason Momoa, Gal Gadot, Ezra Miller, and Ray Fisher in Zack Snyder's Justice League (2021)", "__typename": "Markdown"}, "__typename": "Image"}, "releaseYear": {"year": 2021, "endYear": null, "__typename": "YearRange"}, "ratingsSummary": {"aggregateRating": 7.9, "voteCount": 447459, "__typename": "RatingsSummary"}, "runtime": {"seconds": 14520, "__typename": "Runtime"}, "certificate": {"rating": "18", "__typename": "Certificate"}, "canRate": {"isRatable": true, "__typename": "CanRate"}, "titleGenres": {"genres": [{"genre": {"text": "Action", "__typename": "GenreItem"}, "__typename": "TitleGenre"}, {"genre": {"text": "Adventure", "__typename": "GenreItem"}, "__typename": "TitleGenre"}, {"genre": {"text": "Fantasy", "__typename": "GenreItem"}, "__typename": "TitleGenre"}], "__typename": "TitleGenres"}, "canHaveEpisodes": false, "__typename": "Title"}, "__typename": "MoreLikeThisEdge"}, {"node": {"id": "tt2975590", "titleText": {"text": "Batman v Superman: Dawn of Justice", "__typename": "TitleText"}, "titleType": {"id": "movie", "text": "Movie", "canHaveEpisodes": false, "displayableProperty": {"value": {"plainText": "", "__typename": "Markdown"}, "__typename": "DisplayableTitleTypeProperty"}, "__typename": "TitleType"}, "originalTitleText": {"text": "Batman v Superman: Dawn of Justice", "__typename": "TitleText"}, "primaryImage": {"id": "rm2302675456", "width": 1823, "height": 2700, "url": "https://m.media-amazon.com/images/M/MV5BZTJkYjdmYjYtOGMyNC00ZGU1LThkY2ItYTc1OTVlMmE2YWY1XkEyXkFqcGc@._V1_.jpg", "caption": {"plainText": "Ben Affleck and Henry Cavill in Batman v Superman: Dawn of Justice (2016)", "__typename": "Markdown"}, "__typename": "Image"}, "releaseYear": {"year": 2016, "endYear": null, "__typename": "YearRange"}, "ratingsSummary": {"aggregateRating": 6.5, "voteCount": 761256, "__typename": "RatingsSummary"}, "runtime": {"seconds": 9060, "__typename": "Runtime"}, "certificate": {"rating": "UA", "__typename": "Certificate"}, "canRate": {"isRatable": true, "__typename": "CanRate"}, "titleGenres": {"genres": [{"genre": {"text": "Action", "__typename": "GenreItem"}, "__typename": "TitleGenre"}, {"genre": {"text": "Adventure", "__typename": "GenreItem"}, "__typename": "TitleGenre"}, {"genre": {"text": "Sci-Fi", "__typename": "GenreItem"}, "__typename": "TitleGenre"}], "__typename": "TitleGenres"}, "canHaveEpisodes": false, "__typename": "Title"}, "__typename": "MoreLikeThisEdge"}, {"node": {"id": "tt5095030", "titleText": {"text": "Ant-Man and the Wasp", "__typename": "TitleText"}, "titleType": {"id": "movie", "text": "Movie", "canHaveEpisodes": false, "displayableProperty": {"value": {"plainText": "", "__typename": "Markdown"}, "__typename": "DisplayableTitleTypeProperty"}, "__typename": "TitleType"}, "originalTitleText": {"text": "Ant-Man and the Wasp", "__typename": "TitleText"}, "primaryImage": {"id": "rm1166494976", "width": 1688, "height": 2500, "url": "https://m.media-amazon.com/images/M/MV5BODVkY2ZmZTAtYzFhMi00YzZlLWE2YWMtMDBiYjY2OTU4ZWM0XkEyXkFqcGc@._V1_.jpg", "caption": {"plainText": "Michael Douglas, Michelle Pfeiffer, Laurence Fishburne, Walton Goggins, Michael Pe\u00f1a, Paul Rudd, Evangeline Lilly, and Hannah John-Kamen in Ant-Man and the Wasp (2018)", "__typename": "Markdown"}, "__typename": "Image"}, "releaseYear": {"year": 2018, "endYear": null, "__typename": "YearRange"}, "ratingsSummary": {"aggregateRating": 7, "voteCount": 461356, "__typename": "RatingsSummary"}, "runtime": {"seconds": 7080, "__typename": "Runtime"}, "certificate": {"rating": "UA", "__typename": "Certificate"}, "canRate": {"isRatable": true, "__typename": "CanRate"}, "titleGenres": {"genres": [{"genre": {"text": "Action", "__typename": "GenreItem"}, "__typename": "TitleGenre"}, {"genre": {"text": "Adventure", "__typename": "GenreItem"}, "__typename": "TitleGenre"}, {"genre": {"text": "Comedy", "__typename": "GenreItem"}, "__typename": "TitleGenre"}], "__typename": "TitleGenres"}, "canHaveEpisodes": false, "__typename": "Title"}, "__typename": "MoreLikeThisEdge"}, {"node": {"id": "tt0974015", "titleText": {"text": "Justice League", "__typename": "TitleText"}, "titleType": {"id": "movie", "text": "Movie", "canHaveEpisodes": false, "displayableProperty": {"value": {"plainText": "", "__typename": "Markdown"}, "__typename": "DisplayableTitleTypeProperty"}, "__typename": "TitleType"}, "originalTitleText": {"text": "Justice League", "__typename": "TitleText"}, "primaryImage": {"id": "rm1061640448", "width": 4050, "height": 6000, "url": "https://m.media-amazon.com/images/M/MV5BMjM5YmQxM2YtZjI2Yy00YjhhLTg5N2MtMTEyMzdlZDU3OTVhXkEyXkFqcGc@._V1_.jpg", "caption": {"plainText": "Ben Affleck, Jeremy Irons, Amy Adams, Henry Cavill, Jason Momoa, Gal Gadot, Ezra Miller, and Ray Fisher in Justice League (2017)", "__typename": "Markdown"}, "__typename": "Image"}, "releaseYear": {"year": 2017, "endYear": null, "__typename": "YearRange"}, "ratingsSummary": {"aggregateRating": 6.1, "voteCount": 484564, "__typename": "RatingsSummary"}, "runtime": {"seconds": 7200, "__typename": "Runtime"}, "certificate": {"rating": "UA", "__typename": "Certificate"}, "canRate": {"isRatable": true, "__typename": "CanRate"}, "titleGenres": {"genres": [{"genre": {"text": "Action", "__typename": "GenreItem"}, "__typename": "TitleGenre"}, {"genre": {"text": "Adventure", "__typename": "GenreItem"}, "__typename": "TitleGenre"}, {"genre": {"text": "Fantasy", "__typename": "GenreItem"}, "__typename": "TitleGenre"}], "__typename": "TitleGenres"}, "canHaveEpisodes": false, "__typename": "Title"}, "__typename": "MoreLikeThisEdge"}, {"node": {"id": "tt0478970", "titleText": {"text": "Ant-Man", "__typename": "TitleText"}, "titleType": {"id": "movie", "text": "Movie", "canHaveEpisodes": false, "displayableProperty": {"value": {"plainText": "", "__typename": "Markdown"}, "__typename": "DisplayableTitleTypeProperty"}, "__typename": "TitleType"}, "originalTitleText": {"text": "Ant-Man", "__typename": "TitleText"}, "primaryImage": {"id": "rm124909312", "width": 488, "height": 725, "url": "https://m.media-amazon.com/images/M/MV5BMjM2NTQ5Mzc2M15BMl5BanBnXkFtZTgwNTcxMDI2NTE@._V1_.jpg", "caption": {"plainText": "Michael Douglas, Bobby Cannavale, Michael Pe\u00f1a, Paul Rudd, Corey Stoll, Mark Knapton, and Evangeline Lilly in Ant-Man (2015)", "__typename": "Markdown"}, "__typename": "Image"}, "releaseYear": {"year": 2015, "endYear": null, "__typename": "YearRange"}, "ratingsSummary": {"aggregateRating": 7.2, "voteCount": 736319, "__typename": "RatingsSummary"}, "runtime": {"seconds": 7020, "__typename": "Runtime"}, "certificate": {"rating": "UA", "__typename": "Certificate"}, "canRate": {"isRatable": true, "__typename": "CanRate"}, "titleGenres": {"genres": [{"genre": {"text": "Action", "__typename": "GenreItem"}, "__typename": "TitleGenre"}, {"genre": {"text": "Comedy", "__typename": "GenreItem"}, "__typename": "TitleGenre"}, {"genre": {"text": "Sci-Fi", "__typename": "GenreItem"}, "__typename": "TitleGenre"}], "__typename": "TitleGenres"}, "canHaveEpisodes": false, "__typename": "Title"}, "__typename": "MoreLikeThisEdge"}, {"node": {"id": "tt6320628", "titleText": {"text": "Spider-Man: Far from Home", "__typename": "TitleText"}, "titleType": {"id": "movie", "text": "Movie", "canHaveEpisodes": false, "displayableProperty": {"value": {"plainText": "", "__typename": "Markdown"}, "__typename": "DisplayableTitleTypeProperty"}, "__typename": "TitleType"}, "originalTitleText": {"text": "Spider-Man: Far from Home", "__typename": "TitleText"}, "primaryImage": {"id": "rm278030849", "width": 834, "height": 1000, "url": "https://m.media-amazon.com/images/M/MV5BYmQxN2ZkOTktYjdmNi00MGQ3LWI5MTctZTYwOGJjODM5M2NiXkEyXkFqcGc@._V1_.jpg", "caption": {"plainText": "Spider-Man: Far from Home (2019)", "__typename": "Markdown"}, "__typename": "Image"}, "releaseYear": {"year": 2019, "endYear": null, "__typename": "YearRange"}, "ratingsSummary": {"aggregateRating": 7.4, "voteCount": 576263, "__typename": "RatingsSummary"}, "runtime": {"seconds": 7740, "__typename": "Runtime"}, "certificate": {"rating": "U", "__typename": "Certificate"}, "canRate": {"isRatable": true, "__typename": "CanRate"}, "titleGenres": {"genres": [{"genre": {"text": "Action", "__typename": "GenreItem"}, "__typename": "TitleGenre"}, {"genre": {"text": "Adventure", "__typename": "GenreItem"}, "__typename": "TitleGenre"}, {"genre": {"text": "Comedy", "__typename": "GenreItem"}, "__typename": "TitleGenre"}], "__typename": "TitleGenres"}, "canHaveEpisodes": false, "__typename": "Title"}, "__typename": "MoreLikeThisEdge"}], "__typename": "MoreLikeThisConnection"}, "triviaTotal": {"total": 128, "__typename": "TriviaConnection"}, "trivia": {"edges": [{"node": {"text": {"plaidHtml": "When Shazam attempts to fly in the mall during his battle with Dr. Sivana, a group of seemingly unimpressed shoppers can be seen in the background paying him little mind. Those were actually visible crew members that were filmed by accident. Shopping bags were inserted digitally to give them the appearance of shoppers and cover the mistake up.", "__typename": "Markdown"}, "trademark": null, "relatedNames": null, "__typename": "TitleTrivia"}, "__typename": "TriviaEdge"}], "__typename": "TriviaConnection"}, "goofsTotal": {"total": 38, "__typename": "GoofConnection"}, "goofs": {"edges": [{"node": {"text": {"plaidHtml": "Shazam catches the falling bus by pressing his hands against the windshield, which somehow stays intact. It would surely have collapsed under such force.", "__typename": "Markdown"}, "__typename": "Goof"}, "__typename": "GoofEdge"}], "__typename": "GoofConnection"}, "quotesTotal": {"total": 54, "__typename": "TitleQuoteConnection"}, "quotes": {"edges": [{"node": {"lines": [{"characters": null, "text": null, "stageDirection": "Shazam and Freddy confront armed robbers in convenience store", "__typename": "TitleQuoteLine"}, {"characters": [{"character": "Shazam", "name": {"id": "nm1157048", "__typename": "Name"}, "__typename": "TitleQuoteCharacter"}], "text": "Gentlemen, why use guns when we can handle this like real men?", "stageDirection": null, "__typename": "TitleQuoteLine"}, {"characters": null, "text": null, "stageDirection": "Shazam takes gun of out robber's hand", "__typename": "TitleQuoteLine"}, {"characters": [{"character": "Freddy Freeman", "name": {"id": "nm6244013", "__typename": "Name"}, "__typename": "TitleQuoteCharacter"}], "text": "Billy, look out!", "stageDirection": null, "__typename": "TitleQuoteLine"}, {"characters": null, "text": null, "stageDirection": "the other robber shoots him, the bullet ricochets off him", "__typename": "TitleQuoteLine"}, {"characters": [{"character": "Freddy Freeman", "name": {"id": "nm6244013", "__typename": "Name"}, "__typename": "TitleQuoteCharacter"}], "text": "Bullet immunity. You have bullet immunity!", "stageDirection": null, "__typename": "TitleQuoteLine"}, {"characters": [{"character": "Shazam", "name": {"id": "nm1157048", "__typename": "Name"}, "__typename": "TitleQuoteCharacter"}], "text": "I'm bulletproof.", "stageDirection": "shocked", "__typename": "TitleQuoteLine"}, {"characters": null, "text": null, "stageDirection": "they both laugh before Shazam's expression suddenly turns serious", "__typename": "TitleQuoteLine"}, {"characters": [{"character": "Freddy Freeman", "name": {"id": "nm6244013", "__typename": "Name"}, "__typename": "TitleQuoteCharacter"}], "text": "Today is December 8th, and this video proof of authenticity. Shoot him again.", "stageDirection": "filming on his phone", "__typename": "TitleQuoteLine"}, {"characters": [{"character": "Shazam", "name": {"id": "nm1157048", "__typename": "Name"}, "__typename": "TitleQuoteCharacter"}], "text": "Oh, yeah, yeah, yeah. Here, here. Go. Both of you! Come on. Go to town.", "stageDirection": "hands back the robber's gun", "__typename": "TitleQuoteLine"}, {"characters": [{"character": "Freddy Freeman", "name": {"id": "nm6244013", "__typename": "Name"}, "__typename": "TitleQuoteCharacter"}], "text": "Wait, wait, wait. We still don't know if the suit is bulletproof, or if you are. Shoot him in the face.", "stageDirection": null, "__typename": "TitleQuoteLine"}, {"characters": [{"character": "Shazam", "name": {"id": "nm1157048", "__typename": "Name"}, "__typename": "TitleQuoteCharacter"}], "text": "Shoot me in the face. In the face?", "stageDirection": null, "__typename": "TitleQuoteLine"}, {"characters": null, "text": null, "stageDirection": "both robbers shoot Shazam in his face and the bullets ricochet off him", "__typename": "TitleQuoteLine"}, {"characters": [{"character": "Shazam", "name": {"id": "nm1157048", "__typename": "Name"}, "__typename": "TitleQuoteCharacter"}], "text": "It kinda tickles.", "stageDirection": null, "__typename": "TitleQuoteLine"}, {"characters": null, "text": null, "stageDirection": "turning back to the robbers", "__typename": "TitleQuoteLine"}, {"characters": [{"character": "Shazam", "name": {"id": "nm1157048", "__typename": "Name"}, "__typename": "TitleQuoteCharacter"}], "text": "You're dead.", "stageDirection": null, "__typename": "TitleQuoteLine"}, {"characters": null, "text": null, "stageDirection": "both robbers fly out the window in front of a couple", "__typename": "TitleQuoteLine"}, {"characters": [{"character": "Shazam", "name": {"id": "nm1157048", "__typename": "Name"}, "__typename": "TitleQuoteCharacter"}], "text": "Sorry about your window.", "stageDirection": "walking out of store with junk food", "__typename": "TitleQuoteLine"}, {"characters": [{"character": "Freddy Freeman", "name": {"id": "nm6244013", "__typename": "Name"}, "__typename": "TitleQuoteCharacter"}], "text": "Have a good night!", "stageDirection": null, "__typename": "TitleQuoteLine"}, {"characters": [{"character": "Shazam", "name": {"id": "nm1157048", "__typename": "Name"}, "__typename": "TitleQuoteCharacter"}], "text": "But you're welcome for not getting robbed!", "stageDirection": null, "__typename": "TitleQuoteLine"}], "__typename": "TitleQuote"}, "__typename": "TitleQuoteEdge"}], "__typename": "TitleQuoteConnection"}, "crazyCredits": {"edges": [{"node": {"text": {"plaidHtml": "There is a scene at the end of the closing credits: Shazam tries to talk to fish.", "__typename": "Markdown"}, "__typename": "CrazyCredit"}, "__typename": "CrazyCreditEdge"}], "__typename": "CrazyCreditConnection"}, "alternateVersions": {"total": 0, "edges": [], "__typename": "AlternateVersionConnection"}, "connections": {"edges": [{"node": {"associatedTitle": {"id": "tt8766228", "releaseYear": {"year": 2018, "__typename": "YearRange"}, "titleText": {"text": "Comic Con 2018 Trailers", "__typename": "TitleText"}, "originalTitleText": {"text": "Comic Con 2018 Trailers", "__typename": "TitleText"}, "series": {"series": {"titleText": {"text": "Half in the Bag", "__typename": "TitleText"}, "originalTitleText": {"text": "Half in the Bag", "__typename": "TitleText"}, "__typename": "Title"}, "__typename": "Series"}, "__typename": "Title"}, "category": {"text": "Featured in", "__typename": "TitleConnectionCategory"}, "__typename": "TitleConnection"}, "__typename": "TitleConnectionEdge"}], "__typename": "TitleConnectionConnection"}, "soundtrack": {"edges": [{"node": {"text": "Do You Hear What I Hear?", "comments": [{"plaidHtml": "Written by <a class=\"ipc-md-link ipc-md-link--entity\" href=\"/name/nm0716682/?ref_=tt_dyk_snd\">Noel Regney</a> and <a class=\"ipc-md-link ipc-md-link--entity\" href=\"/name/nm0790162/?ref_=tt_dyk_snd\">Gloria Shayne</a>", "__typename": "Markdown"}, {"plaidHtml": "Performed by <a class=\"ipc-md-link ipc-md-link--entity\" href=\"/name/nm0001078/?ref_=tt_dyk_snd\">Bing Crosby</a>", "__typename": "Markdown"}, {"plaidHtml": "Courtesy of Capitol Records", "__typename": "Markdown"}, {"plaidHtml": "Under license from Universal Music Enterprises", "__typename": "Markdown"}], "__typename": "Track"}, "__typename": "SoundtrackEdge"}], "__typename": "SoundtrackConnection"}, "titleText": {"text": "Shazam!", "__typename": "TitleText"}, "originalTitleText": {"text": "Shazam!", "__typename": "TitleText"}, "releaseYear": {"year": 2019, "__typename": "YearRange"}, "reviews": {"total": 2215, "__typename": "ReviewsConnection"}, "featuredReviews": {"edges": [{"node": {"id": "rw6777037", "author": {"nickName": "ajk232", "userId": "ur53668585", "__typename": "UserProfile"}, "summary": {"originalText": "A Fun Diversion from the DC Formula - More Like This Please!", "__typename": "ReviewSummary"}, "text": {"originalText": {"plaidHtml": "General Thoughts:<br/><br/>The most fun I&#39;ve had in a superhero movie since...well I was going to say Infinity War but that plotline is not very fun. Point is: this movie is fun. It really feels like it was made for kids, with a sprinkling of adult themes here and there. As someone who is suffering from extreme super hero fatigue, this is an excellent film to enjoy without having to put too much thought into it.<br/><br/>The Good:<br/><br/>The characters do not feel like they make stupid decisions. Every time I was questioning something that was being done, I could essentially chalk it up to the kids being...well kids. The film treats its children like children in the best way. There is no profound philosophical dialogue coming from the mouth of an eight year old. The film was just plain fun.<br/><br/>The Bad:<br/><br/>There are some minor continuity errors throughout the film that would not distract most people but if you are thinking about the film-making it may take you out of the film for the briefest of moments. Two examples I can think of are characters swapping their locations very quickly (likely in-between takes), and a character flying through the air faster than a plane with absolutely no wind affecting him or his clothing whatsoever. The movie does make up for this with a comical flight scene near the end of the film which I wont spoil.", "__typename": "Markdown"}, "__typename": "ReviewText"}, "authorRating": 8, "submissionDate": "2021-04-04", "helpfulness": {"upVotes": 35, "downVotes": 10, "__typename": "ReviewHelpfulness"}, "__typename": "Review"}, "__typename": "ReviewEdge"}], "__typename": "ReviewsConnection"}, "canRate": {"isRatable": true, "__typename": "CanRate"}, "iframeAddReviewLink": {"url": "https://contribute.imdb.com/review/tt0448115/add?bus=imdb&return_url=https%3A%2F%2Fwww.imdb.com%2Fclose_me&site=web", "__typename": "ContributionLink"}, "topQuestions": {"total": 19, "edges": [{"node": {"attributeId": "run-time", "question": {"plainText": "How long is Shazam!?", "__typename": "Markdown"}, "__typename": "AlexaQuestion"}, "__typename": "AlexaQuestionEdge"}], "__typename": "AlexaQuestionConnection"}, "faqs": {"total": 9, "edges": [{"node": {"id": "fq0088937", "question": {"plainText": "Why was this movie made this way?", "__typename": "Markdown"}, "__typename": "Faq"}, "__typename": "FaqEdge"}, {"node": {"id": "fq0094513", "question": {"plainText": "Why couldn't Billy Batson change, even after shouting \"SHAZAM\", when his head was under water?", "__typename": "Markdown"}, "__typename": "Faq"}, "__typename": "FaqEdge"}, {"node": {"id": "fq0109908", "question": {"plainText": "Why does the wizard claim Billy is \"pure in heart\" when he later uses his powers for evil by stealing from the ATM?", "__typename": "Markdown"}, "__typename": "Faq"}, "__typename": "FaqEdge"}], "__typename": "FaqConnection"}, "releaseDate": {"day": 5, "month": 4, "year": 2019, "country": {"id": "IN", "text": "India", "__typename": "LocalizedDisplayableCountry"}, "__typename": "ReleaseDate"}, "countriesOfOrigin": {"countries": [{"id": "US", "text": "United States", "__typename": "CountryOfOrigin"}, {"id": "CA", "text": "Canada", "__typename": "CountryOfOrigin"}], "__typename": "CountriesOfOrigin"}, "detailsExternalLinks": {"edges": [{"node": {"url": "http://www.facebook.com/ShazamMovie/", "label": "Official Facebook", "externalLinkRegion": null, "__typename": "ExternalLink"}, "__typename": "ExternalLinkEdge"}, {"node": {"url": "http://www.shazammovie.com/", "label": "Official Site", "externalLinkRegion": null, "__typename": "ExternalLink"}, "__typename": "ExternalLinkEdge"}], "total": 3, "__typename": "ExternalLinkConnection"}, "spokenLanguages": {"spokenLanguages": [{"id": "en", "text": "English", "__typename": "SpokenLanguage"}, {"id": "es", "text": "Spanish", "__typename": "SpokenLanguage"}], "__typename": "SpokenLanguages"}, "akas": {"edges": [{"node": {"text": "\u0936\u091c\u093c\u0948\u092e!", "__typename": "Aka"}, "__typename": "AkaEdge"}], "__typename": "AkaConnection"}, "filmingLocations": {"edges": [{"node": {"text": "University of Toronto, Toronto, Ontario, Canada", "location": "University of Toronto, Toronto, Ontario, Canada", "attributes": [], "__typename": "FilmingLocation"}, "__typename": "FilmingLocationEdge"}], "total": 14, "__typename": "FilmingLocationConnection"}, "production": {"edges": [{"node": {"company": {"id": "co0002663", "companyText": {"text": "Warner Bros.", "__typename": "CompanyText"}, "__typename": "Company"}, "__typename": "CompanyCredit"}, "__typename": "CompanyCreditEdge"}, {"node": {"company": {"id": "co0123927", "companyText": {"text": "DC Entertainment", "__typename": "CompanyText"}, "__typename": "Company"}, "__typename": "CompanyCredit"}, "__typename": "CompanyCreditEdge"}, {"node": {"company": {"id": "co0038332", "companyText": {"text": "DC Comics", "__typename": "CompanyText"}, "__typename": "Company"}, "__typename": "CompanyCredit"}, "__typename": "CompanyCreditEdge"}], "__typename": "CompanyCreditConnection"}, "companies": {"total": 121, "__typename": "CompanyCreditConnection"}, "productionBudget": {"budget": {"amount": 100000000, "currency": "USD", "__typename": "Money"}, "__typename": "ProductionBudget"}, "lifetimeGross": {"total": {"amount": 140480049, "currency": "USD", "__typename": "Money"}, "__typename": "BoxOfficeGross"}, "openingWeekendGross": {"gross": {"total": {"amount": 53505326, "currency": "USD", "__typename": "Money"}, "__typename": "BoxOfficeGross"}, "weekendEndDate": "2019-04-07", "__typename": "OpeningWeekendGross"}, "worldwideGross": {"total": {"amount": 367799011, "currency": "USD", "__typename": "Money"}, "__typename": "BoxOfficeGross"}, "technicalSpecifications": {"soundMixes": {"items": [{"id": "dolby_atmos", "text": "Dolby Atmos", "attributes": [], "__typename": "SoundMix"}, {"id": "imax_6_track", "text": "IMAX 6-Track", "attributes": [], "__typename": "SoundMix"}], "__typename": "SoundMixes"}, "aspectRatios": {"items": [{"aspectRatio": "2.39 : 1", "attributes": [], "__typename": "AspectRatio"}], "__typename": "AspectRatios"}, "colorations": {"items": [{"conceptId": "color", "text": "Color", "attributes": [], "__typename": "Coloration"}], "__typename": "Colorations"}, "__typename": "TechnicalSpecifications"}, "runtime": {"seconds": 7920, "__typename": "Runtime"}, "series": null, "canHaveEpisodes": false, "contributionQuestions": {"contributionLink": {"url": "https://contribute.imdb.com/answers", "__typename": "ContributionQuestionsLink"}, "edges": [], "__typename": "QuestionConnection"}, "__typename": "Title"}}