{"ok": true, "error_code": 200, "description": "", "short": {"@context": "https://schema.org", "@type": "Movie", "url": "https://www.imdb.com/title/tt0974015/", "name": "Justice League", "image": "https://m.media-amazon.com/images/M/MV5BMjM5YmQxM2YtZjI2Yy00YjhhLTg5N2MtMTEyMzdlZDU3OTVhXkEyXkFqcGc@._V1_.jpg", "description": "Steppenwolf and his Parademons return after eons to capture Earth. However, Batman seeks the help of Wonder Woman to recruit and assemble Flash, Cyborg and Aquaman to fight the powerful new enemy.", "review": {"@type": "Review", "itemReviewed": {"@type": "Movie", "url": "https://www.imdb.com/title/tt0974015/"}, "author": {"@type": "Person", "name": "daftdwarf"}, "dateCreated": "2017-11-16", "inLanguage": "English", "name": "Dull", "reviewBody": "Justice League felt like going through a list of specifications with no identity whatsoever. It&apos;s not a bad movie per se, it&apos;s just extremely dull. Of course there&apos;s nothing new in the photo department but that&apos;s to be expected, it&apos;s kind of an identity for the whole DCEU. I don&apos;t like it but hey, that&apos;s an artistic choice I won&apos;t criticize here, at least it&apos;s coherent. But some flaws are more crippling than that. \n\nEvery single characterization was a bit off and some of them felt like they were forced, especially Barry Allen. Still, the actors do the best they can with the material so it&apos;s not unbearable. \n\nEvery situation (and even the chain of events) is so predictable (clich\u00e9 even) that it gets you out of the movie. This level of &quot;nothing new&quot; is damaging to the story as it stops you from caring about anything. And it seems like the producers knew this cause they threw in the mandatory helpless family so that you could sense the danger a bit more. After all, it&apos;s just the end of the world, how could you care if there was no kid in immediate danger ? Oh wait... Still, even that falls flat as their scenes (and they&apos;re not the only ones) are filled with incoherent behaviors that were put there just so that the plot can go forward. \n\nI attended a screening where the only bursts of joy (or emotions at all) occurred when a new character appeared. Kind of a &quot;fanboy effect&quot; that fills you with hope at the sight of one of your beloved comics characters. But the rest of the time, everyone was quite bored and numerous sighs were heard. In a sense, it reassured me as I understood I was not the only one who was disappointed in the movie.\n\n*****The following paragraph might contain a minor SPOILER (depending on what you consider a spoiler)***** \n\nPlus, something else bothered me. But I know everyone won&apos;t agree on this one cause it&apos;s kind of a speculation. All the points above still stand even if I&apos;m wrong about it. So here it is : Justice League felt like it was a failed attempt to adapt the Avengers in the DCEU. And I&apos;m not talking about the strangely similar theme. Nor am I referring to the tension inside the team before they reconcile that felt like a watered-down version of what we saw in the 2012 movie by Whedon. But the characters are bent so that they match their Marvel counterparts. The Flash takes the place of the slightly weaker and wisecracking Hawkeye, Aquaman clearly corresponds to Thor with his royal and out-of-place persona, Wonder Woman goes through the same soldier- leader dilemma as Cap did and even Batman is slightly changed so that he&apos;s closer to Tony Stark (making decisions that make absolutely no sense for the world&apos;s best detective that we all know and love). That&apos;s a shame cause DC characters are interesting and have a lot more to offer than a mere copy. \n\n*****END OF POSSIBLE SPOILER*****\n\nAs of 11/16/2017, this movie has an 8.1 score here on IMDb. Now I&apos;m not a hater and won&apos;t say it&apos;s the worst movie in history but more than 8 ? Seriously ? It barely does the job so it&apos;s a 5 out of 10 for me.", "reviewRating": {"@type": "Rating", "worstRating": 1, "bestRating": 10, "ratingValue": 5}}, "aggregateRating": {"@type": "AggregateRating", "ratingCount": 484564, "bestRating": 10, "worstRating": 1, "ratingValue": 6.1}, "contentRating": "UA", "genre": ["Action", "Adventure", "Fantasy"], "datePublished": "2017-11-17", "keywords": "justice league,superhero team,superhero,dc extended universe,comicbook movie", "trailer": {"@type": "VideoObject", "name": "Justice League Trailer", "embedUrl": "https://www.imdb.com/video/imdb/vi2454436121", "thumbnail": {"@type": "ImageObject", "contentUrl": "https://m.media-amazon.com/images/M/MV5BNmFhZmFlMGEtMjRjZS00MDUyLTllNWEtNzhhZGZjZTAwZjRiXkEyXkFqcGdeQUlNRGJWaWRlb1RodW1ibmFpbFNlcnZpY2U@._V1_.jpg"}, "thumbnailUrl": "https://m.media-amazon.com/images/M/MV5BNmFhZmFlMGEtMjRjZS00MDUyLTllNWEtNzhhZGZjZTAwZjRiXkEyXkFqcGdeQUlNRGJWaWRlb1RodW1ibmFpbFNlcnZpY2U@._V1_.jpg", "url": "https://www.imdb.com/video/vi2454436121/", "description": "Extended Trailer", "duration": "PT2M58S", "uploadDate": "2017-11-04T00:05:17Z"}, "actor": [{"@type": "Person", "url": "https://www.imdb.com/name/nm0000255/", "name": "Ben Affleck"}, {"@type": "Person", "url": "https://www.imdb.com/name/nm2933757/", "name": "Gal Gadot"}, {"@type": "Person", "url": "https://www.imdb.com/name/nm0597388/", "name": "Jason Momoa"}], "director": [{"@type": "Person", "url": "https://www.imdb.com/name/nm0811583/", "name": "Zack Snyder"}], "creator": [{"@type": "Organization", "url": "https://www.imdb.com/company/co0002663/"}, {"@type": "Organization", "url": "https://www.imdb.com/company/co0430860/"}, {"@type": "Organization", "url": "https://www.imdb.com/company/co0123927/"}, {"@type": "Person", "url": "https://www.imdb.com/name/nm0796950/", "name": "Jerry Siegel"}, {"@type": "Person", "url": "https://www.imdb.com/name/nm0795975/", "name": "Joe Shuster"}, {"@type": "Person", "url": "https://www.imdb.com/name/nm0006516/", "name": "Chris Terrio"}], "duration": "PT2H"}, "imdbId": "tt0974015", "top": {"id": "tt0974015", "productionStatus": {"currentProductionStage": {"id": "released", "text": "Released", "__typename": "ProductionStage"}, "productionStatusHistory": [{"status": {"id": "script", "text": "Script", "__typename": "ProductionStatus"}, "__typename": "ProductionStatusHistory"}, {"status": {"id": "script", "text": "Script", "__typename": "ProductionStatus"}, "__typename": "ProductionStatusHistory"}, {"status": {"id": "development_unknown", "text": "Development Unknown", "__typename": "ProductionStatus"}, "__typename": "ProductionStatusHistory"}, {"status": {"id": "script", "text": "Script", "__typename": "ProductionStatus"}, "__typename": "ProductionStatusHistory"}, {"status": {"id": "script", "text": "Script", "__typename": "ProductionStatus"}, "__typename": "ProductionStatusHistory"}, {"status": {"id": "development_unknown", "text": "Development Unknown", "__typename": "ProductionStatus"}, "__typename": "ProductionStatusHistory"}, {"status": {"id": "script", "text": "Script", "__typename": "ProductionStatus"}, "__typename": "ProductionStatusHistory"}, {"status": {"id": "delayed", "text": "Delayed", "__typename": "ProductionStatus"}, "__typename": "ProductionStatusHistory"}, {"status": {"id": "delayed", "text": "Delayed", "__typename": "ProductionStatus"}, "__typename": "ProductionStatusHistory"}, {"status": {"id": "optioned_property", "text": "Optioned Property", "__typename": "ProductionStatus"}, "__typename": "ProductionStatusHistory"}, {"status": {"id": "optioned_property", "text": "Optioned Property", "__typename": "ProductionStatus"}, "__typename": "ProductionStatusHistory"}, {"status": {"id": "treatment_outline", "text": "Treatment Outline", "__typename": "ProductionStatus"}, "__typename": "ProductionStatusHistory"}, {"status": {"id": "script", "text": "Script", "__typename": "ProductionStatus"}, "__typename": "ProductionStatusHistory"}, {"status": {"id": "script", "text": "Script", "__typename": "ProductionStatus"}, "__typename": "ProductionStatusHistory"}, {"status": {"id": "script", "text": "Script", "__typename": "ProductionStatus"}, "__typename": "ProductionStatusHistory"}, {"status": {"id": "treatment_outline", "text": "Treatment Outline", "__typename": "ProductionStatus"}, "__typename": "ProductionStatusHistory"}, {"status": {"id": "script", "text": "Script", "__typename": "ProductionStatus"}, "__typename": "ProductionStatusHistory"}, {"status": {"id": "pre_production", "text": "Pre-production", "__typename": "ProductionStatus"}, "__typename": "ProductionStatusHistory"}, {"status": {"id": "filming", "text": "Filming", "__typename": "ProductionStatus"}, "__typename": "ProductionStatusHistory"}, {"status": {"id": "post_production", "text": "Post-production", "__typename": "ProductionStatus"}, "__typename": "ProductionStatusHistory"}, {"status": {"id": "post_production", "text": "Post-production", "__typename": "ProductionStatus"}, "__typename": "ProductionStatusHistory"}, {"status": {"id": "released", "text": "Released", "__typename": "ProductionStatus"}, "__typename": "ProductionStatusHistory"}], "restriction": null, "__typename": "ProductionStatusDetails"}, "canHaveEpisodes": false, "series": null, "titleText": {"text": "Justice League", "__typename": "TitleText"}, "titleType": {"displayableProperty": {"value": {"plainText": "", "__typename": "Markdown"}, "__typename": "DisplayableTitleTypeProperty"}, "text": "Movie", "id": "movie", "isSeries": false, "isEpisode": false, "categories": [{"value": "movie", "__typename": "TitleTypeCategory"}], "canHaveEpisodes": false, "__typename": "TitleType"}, "originalTitleText": {"text": "Justice League", "__typename": "TitleText"}, "certificate": {"rating": "UA", "__typename": "Certificate"}, "releaseYear": {"year": 2017, "endYear": null, "__typename": "YearRange"}, "releaseDate": {"day": 17, "month": 11, "year": 2017, "__typename": "ReleaseDate"}, "runtime": {"seconds": 7200, "displayableProperty": {"value": {"plainText": "2h", "__typename": "Markdown"}, "__typename": "DisplayableTitleRuntimeProperty"}, "__typename": "Runtime"}, "canRate": {"isRatable": true, "__typename": "CanRate"}, "ratingsSummary": {"aggregateRating": 6.1, "voteCount": 484564, "__typename": "RatingsSummary"}, "meterRanking": {"currentRank": 1928, "rankChange": {"changeDirection": "DOWN", "difference": 443, "__typename": "MeterRankChange"}, "__typename": "TitleMeterRanking"}, "primaryImage": {"id": "rm1061640448", "width": 4050, "height": 6000, "url": "https://m.media-amazon.com/images/M/MV5BMjM5YmQxM2YtZjI2Yy00YjhhLTg5N2MtMTEyMzdlZDU3OTVhXkEyXkFqcGc@._V1_.jpg", "caption": {"plainText": "Ben Affleck, Jeremy Irons, Amy Adams, Henry Cavill, Jason Momoa, Gal Gadot, Ezra Miller, and Ray Fisher in Justice League (2017)", "__typename": "Markdown"}, "__typename": "Image"}, "images": {"total": 664, "edges": [{"node": {"id": "rm743921664", "__typename": "Image"}, "__typename": "ImageEdge"}], "__typename": "ImageConnection"}, "videos": {"total": 70, "__typename": "TitleRelatedVideosConnection"}, "primaryVideos": {"edges": [{"node": {"id": "vi2454436121", "createdDate": "2017-11-04T00:05:17Z", "isMature": false, "runtime": {"value": 178, "__typename": "VideoRuntime"}, "name": {"value": "Justice League Trailer", "language": "en", "__typename": "LocalizedString"}, "description": {"value": "Extended Trailer", "language": "en", "__typename": "LocalizedString"}, "timedTextTracks": [], "recommendedTimedTextTrack": null, "thumbnail": {"url": "https://m.media-amazon.com/images/M/MV5BNmFhZmFlMGEtMjRjZS00MDUyLTllNWEtNzhhZGZjZTAwZjRiXkEyXkFqcGdeQUlNRGJWaWRlb1RodW1ibmFpbFNlcnZpY2U@._V1_.jpg", "height": 360, "width": 640, "__typename": "Thumbnail"}, "primaryTitle": {"id": "tt0974015", "titleText": {"text": "Justice League", "__typename": "TitleText"}, "originalTitleText": {"text": "Justice League", "__typename": "TitleText"}, "releaseYear": {"year": 2017, "__typename": "YearRange"}, "__typename": "Title"}, "playbackURLs": [{"displayName": {"value": "480p", "language": "en-US", "__typename": "LocalizedString"}, "videoMimeType": "MP4", "videoDefinition": "DEF_480p", "url": "https://imdb-video.media-imdb.com/vi2454436121/1434659607842-pgv4ql-1509753918404.mp4?Expires=1730927419&Signature=kZyUThP2Aj7taAPest69iuyrv2S1r1Wr0MHKGyTFT0eqW8u9-t~bZksbBmYg~OSe0EXJsoWtzj06TSdV03-GhwSamTu6VLkfzqCfD-sPZoKKFEQB1T6XN1ztjii~r-cV6d0kHSxaa~S5XQc6A6pD5HZMX-opKFFklJOcbSKOKLULNxVup16Q4fJ94-KnF0L9AkAXv18~ZXoOzy7jkJqoOk4SBFvQdq0Zz9gRW60PIegyl79OsiUBWFo4rdvVJlE5ypYSsdP6HQTVEzytX8zzWQIAiAa1x5H3rezimTySY0-am0DX6HQT~-qxVxEoxr1G~MxttBYazye2-dEiHMG86Q__&Key-Pair-Id=APKAIFLZBVQZ24NQH3KA", "__typename": "PlaybackURL"}, {"displayName": {"value": "SD", "language": "en-US", "__typename": "LocalizedString"}, "videoMimeType": "MP4", "videoDefinition": "DEF_SD", "url": "https://imdb-video.media-imdb.com/vi2454436121/1434659454657-dx9ykf-1509753918404.mp4?Expires=1730927419&Signature=emA~kRWKfdv-oZWz8llutbwNdbPUtsirSWWB4Y0uKVMPa7NbEDO54e2MaFmb8iI4n-SEWTkw4LZp5mlzPB~r4kQljL~gzvGhFgQTMiCgktWo61BRy9M0nwn4H92QQeuC2fg3tZhWXPkjpCS8pMLZu3bXOmeZ9udUfi7W-lUp7c8xvi07eQze2amAvMBI6I4puRWgtgh8ZIfEaU8NErooX0nkpDzXzlbNBKTadnrttK413QblPN-xqactvaLTcLdmytc4gWHJNlBVGLUJVIh7hvs~zlGEY8w8e99TquPoiz1J0faC~nQZbdPP6WvMleGf9CYv37vZxylRNAgZazES9g__&Key-Pair-Id=APKAIFLZBVQZ24NQH3KA", "__typename": "PlaybackURL"}], "contentType": {"id": "amzn1.imdb.video.contenttype.trailer", "displayName": {"value": "Trailer", "__typename": "LocalizedString"}, "__typename": "VideoContentType"}, "previewURLs": [{"displayName": {"value": "AUTO", "language": "en-US", "__typename": "LocalizedString"}, "videoMimeType": "M3U8", "videoDefinition": "DEF_AUTO", "url": "https://imdb-video.media-imdb.com/vi2454436121/hls-preview-a3237395-f845-4acc-a516-88a426036a0f.m3u8?Expires=1730927419&Signature=i7d~~P5XHKOnK-~-AH7GKaQcf3Kolj~x0uHgYTAwDOfDOo0RL6fDXNK81WKIFmUSzW8OhUIWJEogfFo46C8cj1yqoLVURIVClwNecZob9dFIPQ7pVRdpl4SZZXF2s6VTW4dnCF7p0~WvMJLtAjTMGW8aNHIDb74sO4GNGf6PRFrHmaKaUi31W3QCbKYhvafkJiR7hABYn~pUPpaUKQGQ5KjAf6vYdaYsOSn2yfrC5s0ByGfXRc1LvlS4gcKfLYycGtkj7VI6fjRci5C5USWfF2v8wFzqAFwbjfM4wioIpchDZp2s87QSJOD1BmUEM3ul7iD-Jj4st-QpdhPGqqrD6g__&Key-Pair-Id=APKAIFLZBVQZ24NQH3KA", "__typename": "PlaybackURL"}], "__typename": "Video"}, "__typename": "VideoEdge"}, {"node": {"id": "vi809679129", "createdDate": "2017-10-26T16:59:04Z", "isMature": false, "runtime": {"value": 31, "__typename": "VideoRuntime"}, "name": {"value": "Characters Trailer", "language": "en", "__typename": "LocalizedString"}, "description": {"value": "Trailer - Characters Introduction", "language": "en", "__typename": "LocalizedString"}, "timedTextTracks": [], "recommendedTimedTextTrack": null, "thumbnail": {"url": "https://m.media-amazon.com/images/M/MV5BMjUzNmRhM2ItNTExZi00MTFjLWI0ZTctYzJlNjBjMGFmZTUyXkEyXkFqcGdeQXVyNzgyNjE1MzQ@._V1_.jpg", "height": 360, "width": 640, "__typename": "Thumbnail"}, "primaryTitle": {"id": "tt0974015", "titleText": {"text": "Justice League", "__typename": "TitleText"}, "originalTitleText": {"text": "Justice League", "__typename": "TitleText"}, "releaseYear": {"year": 2017, "__typename": "YearRange"}, "__typename": "Title"}, "playbackURLs": [{"displayName": {"value": "480p", "language": "en-US", "__typename": "LocalizedString"}, "videoMimeType": "MP4", "videoDefinition": "DEF_480p", "url": "https://imdb-video.media-imdb.com/vi809679129/1434659607842-pgv4ql-1509037145083.mp4?Expires=1730927419&Signature=qv~h-VeYUBUpHXRUrAMTX25iYlcEtSRaXe3ju1rRhCSLxqnO3--M7~OLSG4qutaNn2bSHNc0kIyCq-uHo5yL5D3e-7HOpkwkd1KZH1MccBUHOKPuH9bCsy~xmdUKf0QfF6gmDnfRhqnM6cVQyyTXlWJFCG016BtaKaXX3V7Zidg9H2lZRO2lJmq6JFn-j~eeJb8ahwNA7Oyi7c-hQ9DjiqhBINqOEXbQPGFhIA5FHu7UKGDYO~1ybBFU91I-7fzXZhJdiW7qeVc8AH3Z7gbT9eBtj2NkdWldJalJXQZZgw3DTmMulAQZt6fy-XyUx8Nog1zu6CIEOODqKhQHF0-0ag__&Key-Pair-Id=APKAIFLZBVQZ24NQH3KA", "__typename": "PlaybackURL"}, {"displayName": {"value": "SD", "language": "en-US", "__typename": "LocalizedString"}, "videoMimeType": "MP4", "videoDefinition": "DEF_SD", "url": "https://imdb-video.media-imdb.com/vi809679129/1434659454657-dx9ykf-1509037145084.mp4?Expires=1730927419&Signature=iU9L0qGgy0uq7WXC~EiEsLpz6vjMh0Jk2ShLg5FX12J~Je0hCLZvA-Wzu1p28GYw7quYRIGBWZNpd12wexqWaAksR31Y7EQMrp92u-6f309M2dl3~zL5J3ntm8rDoltYjTcg~-WDgvGMyNL0HUK0m9WNNnTkXWnV1aMEQz61d36TQ-ow2CUiTit0Ksv3TAQQWsYxfxUPBlc2gbSd2JkPf0QqyzQ2FKEN-YQNFugOr3eEW1t~uyTYyfN-iQd5VFaWjule9bSc3fdWeAzJBgVnFx76XnMeVwsfZ5Klbi57ncI5KiBrs59cAyyb6J~8HKBWCYo3PEFNCYYqGaF4B0SzqQ__&Key-Pair-Id=APKAIFLZBVQZ24NQH3KA", "__typename": "PlaybackURL"}], "contentType": {"id": "amzn1.imdb.video.contenttype.trailer", "displayName": {"value": "Trailer", "__typename": "LocalizedString"}, "__typename": "VideoContentType"}, "previewURLs": [{"displayName": {"value": "AUTO", "language": "en-US", "__typename": "LocalizedString"}, "videoMimeType": "M3U8", "videoDefinition": "DEF_AUTO", "url": "https://imdb-video.media-imdb.com/vi809679129/hls-preview-f7d6467a-260e-4a8c-9028-9839bff100c5.m3u8?Expires=1730927419&Signature=O~6WE4FQRkReasFjKETgmzLF2hJ8xK9gDX5~JSgkgpWXEZcRxTq6VOK5CdKT3CbBWt9gR3KU9HA1HOWurs2b5FwEP1DYSabQepjWscpDYrnHwSH0Pd4UJRkzZ~UruvoVOyS7EwA5lJW0SV3e1ar6L9KDAOLPqWVOduRFxHFBvob3bf9BnI8GPxPmh7j3zo0QaxGXBNIIdUHmo3rTFmh26~GsdcL1YMZ2T8SW4U7etMbsFRMW7Aa22bcjDHBGNJrA29EjCXdDjPehiPEwV7hVUQDVE-7ZzWJUG3yaH0B84n2RyngCY-AlmqWQKdeHCLCiE~xa5cnBQSKQgZmo4EPxtQ__&Key-Pair-Id=APKAIFLZBVQZ24NQH3KA", "__typename": "PlaybackURL"}], "__typename": "Video"}, "__typename": "VideoEdge"}], "__typename": "VideoConnection"}, "externalLinks": {"total": 572, "__typename": "ExternalLinkConnection"}, "metacritic": {"metascore": {"score": 45, "__typename": "Metascore"}, "__typename": "Metacritic"}, "keywords": {"total": 584, "edges": [{"node": {"text": "justice league", "__typename": "TitleKeyword"}, "__typename": "TitleKeywordEdge"}, {"node": {"text": "superhero team", "__typename": "TitleKeyword"}, "__typename": "TitleKeywordEdge"}, {"node": {"text": "superhero", "__typename": "TitleKeyword"}, "__typename": "TitleKeywordEdge"}, {"node": {"text": "dc extended universe", "__typename": "TitleKeyword"}, "__typename": "TitleKeywordEdge"}, {"node": {"text": "comicbook movie", "__typename": "TitleKeyword"}, "__typename": "TitleKeywordEdge"}], "__typename": "TitleKeywordConnection"}, "isAdult": false, "genres": {"genres": [{"text": "Action", "id": "Action", "__typename": "Genre"}, {"text": "Adventure", "id": "Adventure", "__typename": "Genre"}, {"text": "Fantasy", "id": "Fantasy", "__typename": "Genre"}, {"text": "Sci-Fi", "id": "Sci-Fi", "__typename": "Genre"}], "__typename": "Genres"}, "interests": {"edges": [{"node": {"id": "in0000008", "primaryText": {"text": "Superhero", "__typename": "InterestText"}, "__typename": "Interest"}, "__typename": "InterestEdge"}, {"node": {"id": "in0000001", "primaryText": {"text": "Action", "__typename": "InterestText"}, "__typename": "Interest"}, "__typename": "InterestEdge"}, {"node": {"id": "in0000012", "primaryText": {"text": "Adventure", "__typename": "InterestText"}, "__typename": "Interest"}, "__typename": "InterestEdge"}, {"node": {"id": "in0000098", "primaryText": {"text": "Fantasy", "__typename": "InterestText"}, "__typename": "Interest"}, "__typename": "InterestEdge"}, {"node": {"id": "in0000162", "primaryText": {"text": "Sci-Fi", "__typename": "InterestText"}, "__typename": "Interest"}, "__typename": "InterestEdge"}], "__typename": "InterestConnection"}, "plot": {"plotText": {"plainText": "Steppenwolf and his Parademons return after eons to capture Earth. However, Batman seeks the help of Wonder Woman to recruit and assemble Flash, Cyborg and Aquaman to fight the powerful new enemy.", "__typename": "Markdown"}, "language": {"id": "en-US", "__typename": "DisplayableLanguage"}, "__typename": "Plot"}, "plotContributionLink": {"url": "https://contribute.imdb.com/updates?update=tt0974015:outlines.add.1.locale~en-US", "__typename": "ContributionLink"}, "credits": {"total": 3579, "__typename": "CreditConnection"}, "principalCredits": [{"totalCredits": 1, "category": {"text": "Director", "id": "director", "__typename": "CreditCategory"}, "credits": [{"name": {"nameText": {"text": "Zack Snyder", "__typename": "NameText"}, "id": "nm0811583", "__typename": "Name"}, "attributes": null, "__typename": "Crew"}], "__typename": "PrincipalCreditsForCategory"}, {"totalCredits": 11, "category": {"text": "Writers", "id": "writer", "__typename": "CreditCategory"}, "credits": [{"name": {"nameText": {"text": "Jerry Siegel", "__typename": "NameText"}, "id": "nm0796950", "__typename": "Name"}, "attributes": null, "__typename": "Crew"}, {"name": {"nameText": {"text": "Joe Shuster", "__typename": "NameText"}, "id": "nm0795975", "__typename": "Name"}, "attributes": null, "__typename": "Crew"}, {"name": {"nameText": {"text": "Chris Terrio", "__typename": "NameText"}, "id": "nm0006516", "__typename": "Name"}, "attributes": null, "__typename": "Crew"}], "__typename": "PrincipalCreditsForCategory"}, {"totalCredits": 182, "category": {"text": "Stars", "id": "cast", "__typename": "CreditCategory"}, "credits": [{"name": {"nameText": {"text": "Ben Affleck", "__typename": "NameText"}, "id": "nm0000255", "__typename": "Name"}, "attributes": null, "__typename": "Cast"}, {"name": {"nameText": {"text": "Gal Gadot", "__typename": "NameText"}, "id": "nm2933757", "__typename": "Name"}, "attributes": null, "__typename": "Cast"}, {"name": {"nameText": {"text": "Jason Momoa", "__typename": "NameText"}, "id": "nm0597388", "__typename": "Name"}, "attributes": null, "__typename": "Cast"}], "__typename": "PrincipalCreditsForCategory"}], "reviews": {"total": 2338, "__typename": "ReviewsConnection"}, "criticReviewsTotal": {"total": 468, "__typename": "ExternalLinkConnection"}, "triviaTotal": {"total": 279, "__typename": "TriviaConnection"}, "engagementStatistics": {"watchlistStatistics": {"displayableCount": {"text": "Added by 542K users", "__typename": "LocalizedDisplayableCount"}, "__typename": "WatchlistStatistics"}, "__typename": "EngagementStatistics"}, "subNavCredits": {"total": 3579, "__typename": "CreditConnection"}, "subNavReviews": {"total": 2338, "__typename": "ReviewsConnection"}, "subNavTrivia": {"total": 279, "__typename": "TriviaConnection"}, "subNavFaqs": {"total": 5, "__typename": "FaqConnection"}, "subNavTopQuestions": {"total": 0, "__typename": "AlexaQuestionConnection"}, "titleGenres": {"genres": [{"genre": {"text": "Action", "__typename": "GenreItem"}, "__typename": "TitleGenre"}, {"genre": {"text": "Adventure", "__typename": "GenreItem"}, "__typename": "TitleGenre"}, {"genre": {"text": "Fantasy", "__typename": "GenreItem"}, "__typename": "TitleGenre"}], "__typename": "TitleGenres"}, "meta": {"canonicalId": "tt0974015", "publicationStatus": "PUBLISHED", "__typename": "TitleMeta"}, "castPageTitle": {"edges": [{"node": {"name": {"id": "nm0000255", "nameText": {"text": "Ben Affleck", "__typename": "NameText"}, "__typename": "Name"}, "__typename": "Cast"}, "__typename": "CreditEdge"}, {"node": {"name": {"id": "nm0147147", "nameText": {"text": "Henry Cavill", "__typename": "NameText"}, "__typename": "Name"}, "__typename": "Cast"}, "__typename": "CreditEdge"}, {"node": {"name": {"id": "nm0010736", "nameText": {"text": "Amy Adams", "__typename": "NameText"}, "__typename": "Name"}, "__typename": "Cast"}, "__typename": "CreditEdge"}, {"node": {"name": {"id": "nm2933757", "nameText": {"text": "Gal Gadot", "__typename": "NameText"}, "__typename": "Name"}, "__typename": "Cast"}, "__typename": "CreditEdge"}], "__typename": "CreditConnection"}, "creatorsPageTitle": [], "directorsPageTitle": [{"credits": [{"name": {"id": "nm0811583", "nameText": {"text": "Zack Snyder", "__typename": "NameText"}, "__typename": "Name"}, "__typename": "Crew"}], "__typename": "PrincipalCreditsForCategory"}], "countriesOfOrigin": {"countries": [{"id": "US", "__typename": "CountryOfOrigin"}], "__typename": "CountriesOfOrigin"}, "production": {"edges": [{"node": {"company": {"id": "co0002663", "companyText": {"text": "Warner Bros.", "__typename": "CompanyText"}, "__typename": "Company"}, "__typename": "CompanyCredit"}, "__typename": "CompanyCreditEdge"}, {"node": {"company": {"id": "co0430860", "companyText": {"text": "RatPac Entertainment", "__typename": "CompanyText"}, "__typename": "Company"}, "__typename": "CompanyCredit"}, "__typename": "CompanyCreditEdge"}, {"node": {"company": {"id": "co0123927", "companyText": {"text": "DC Entertainment", "__typename": "CompanyText"}, "__typename": "Company"}, "__typename": "CompanyCredit"}, "__typename": "CompanyCreditEdge"}], "__typename": "CompanyCreditConnection"}, "featuredReviews": {"edges": [{"node": {"author": {"nickName": "daftdwarf", "__typename": "UserProfile"}, "summary": {"originalText": "Dull", "__typename": "ReviewSummary"}, "text": {"originalText": {"plainText": "Justice League felt like going through a list of specifications with no identity whatsoever. It's not a bad movie per se, it's just extremely dull. Of course there's nothing new in the photo department but that's to be expected, it's kind of an identity for the whole DCEU. I don't like it but hey, that's an artistic choice I won't criticize here, at least it's coherent. But some flaws are more crippling than that. \n\nEvery single characterization was a bit off and some of them felt like they were forced, especially Barry Allen. Still, the actors do the best they can with the material so it's not unbearable. \n\nEvery situation (and even the chain of events) is so predictable (clich\u00e9 even) that it gets you out of the movie. This level of \"nothing new\" is damaging to the story as it stops you from caring about anything. And it seems like the producers knew this cause they threw in the mandatory helpless family so that you could sense the danger a bit more. After all, it's just the end of the world, how could you care if there was no kid in immediate danger ? Oh wait... Still, even that falls flat as their scenes (and they're not the only ones) are filled with incoherent behaviors that were put there just so that the plot can go forward. \n\nI attended a screening where the only bursts of joy (or emotions at all) occurred when a new character appeared. Kind of a \"fanboy effect\" that fills you with hope at the sight of one of your beloved comics characters. But the rest of the time, everyone was quite bored and numerous sighs were heard. In a sense, it reassured me as I understood I was not the only one who was disappointed in the movie.\n\n*****The following paragraph might contain a minor SPOILER (depending on what you consider a spoiler)***** \n\nPlus, something else bothered me. But I know everyone won't agree on this one cause it's kind of a speculation. All the points above still stand even if I'm wrong about it. So here it is : Justice League felt like it was a failed attempt to adapt the Avengers in the DCEU. And I'm not talking about the strangely similar theme. Nor am I referring to the tension inside the team before they reconcile that felt like a watered-down version of what we saw in the 2012 movie by Whedon. But the characters are bent so that they match their Marvel counterparts. The Flash takes the place of the slightly weaker and wisecracking Hawkeye, Aquaman clearly corresponds to Thor with his royal and out-of-place persona, Wonder Woman goes through the same soldier- leader dilemma as Cap did and even Batman is slightly changed so that he's closer to Tony Stark (making decisions that make absolutely no sense for the world's best detective that we all know and love). That's a shame cause DC characters are interesting and have a lot more to offer than a mere copy. \n\n*****END OF POSSIBLE SPOILER*****\n\nAs of 11/16/2017, this movie has an 8.1 score here on IMDb. Now I'm not a hater and won't say it's the worst movie in history but more than 8 ? Seriously ? It barely does the job so it's a 5 out of 10 for me.", "__typename": "Markdown"}, "__typename": "ReviewText"}, "authorRating": 5, "submissionDate": "2017-11-16", "__typename": "Review"}, "__typename": "ReviewEdge"}], "__typename": "ReviewsConnection"}, "__typename": "Title"}, "main": {"id": "tt0974015", "wins": {"total": 2, "__typename": "AwardNominationConnection"}, "nominationsExcludeWins": {"total": 15, "__typename": "AwardNominationConnection"}, "prestigiousAwardSummary": null, "ratingsSummary": {"topRanking": {"id": "topRated:tt0974015:en_US", "text": {"value": "Top Rated", "__typename": "LocalizedString"}, "rank": 5181, "__typename": "TopRanking"}, "__typename": "RatingsSummary"}, "episodes": null, "videos": {"total": 70, "__typename": "TitleRelatedVideosConnection"}, "videoStrip": {"edges": [{"node": {"id": "vi2454436121", "contentType": {"displayName": {"value": "Trailer", "__typename": "LocalizedString"}, "__typename": "VideoContentType"}, "name": {"value": "Justice League Trailer", "__typename": "LocalizedString"}, "runtime": {"value": 178, "__typename": "VideoRuntime"}, "thumbnail": {"height": 360, "url": "https://m.media-amazon.com/images/M/MV5BNmFhZmFlMGEtMjRjZS00MDUyLTllNWEtNzhhZGZjZTAwZjRiXkEyXkFqcGdeQUlNRGJWaWRlb1RodW1ibmFpbFNlcnZpY2U@._V1_.jpg", "width": 640, "__typename": "Thumbnail"}, "__typename": "Video"}, "__typename": "VideoEdge"}, {"node": {"id": "vi809679129", "contentType": {"displayName": {"value": "Trailer", "__typename": "LocalizedString"}, "__typename": "VideoContentType"}, "name": {"value": "Characters Trailer", "__typename": "LocalizedString"}, "runtime": {"value": 31, "__typename": "VideoRuntime"}, "thumbnail": {"height": 360, "url": "https://m.media-amazon.com/images/M/MV5BMjUzNmRhM2ItNTExZi00MTFjLWI0ZTctYzJlNjBjMGFmZTUyXkEyXkFqcGdeQXVyNzgyNjE1MzQ@._V1_.jpg", "width": 640, "__typename": "Thumbnail"}, "__typename": "Video"}, "__typename": "VideoEdge"}, {"node": {"id": "vi121813273", "contentType": {"displayName": {"value": "Trailer", "__typename": "LocalizedString"}, "__typename": "VideoContentType"}, "name": {"value": "\"Thunder\" Trailer", "__typename": "LocalizedString"}, "runtime": {"value": 61, "__typename": "VideoRuntime"}, "thumbnail": {"height": 720, "url": "https://m.media-amazon.com/images/M/MV5BYmVmZGNmYzMtMGExMy00NDcxLWIzNGYtNzNlMmJkZWFlMzI4XkEyXkFqcGdeQXVyMTkxNjUyNQ@@._V1_.jpg", "width": 1280, "__typename": "Thumbnail"}, "__typename": "Video"}, "__typename": "VideoEdge"}, {"node": {"id": "vi205699353", "contentType": {"displayName": {"value": "Trailer", "__typename": "LocalizedString"}, "__typename": "VideoContentType"}, "name": {"value": "'Steppenwolf' Trailer", "__typename": "LocalizedString"}, "runtime": {"value": 61, "__typename": "VideoRuntime"}, "thumbnail": {"height": 1080, "url": "https://m.media-amazon.com/images/M/MV5BN2Y4NzFjNWYtMDZmOS00MjE0LWIyMTYtMzQ2NjUxZmNkYTQwXkEyXkFqcGdeQXVyNjg2NjQwMDQ@._V1_.jpg", "width": 1920, "__typename": "Thumbnail"}, "__typename": "Video"}, "__typename": "VideoEdge"}, {"node": {"id": "vi208582937", "contentType": {"displayName": {"value": "Trailer", "__typename": "LocalizedString"}, "__typename": "VideoContentType"}, "name": {"value": "Official Heroes Trailer", "__typename": "LocalizedString"}, "runtime": {"value": 194, "__typename": "VideoRuntime"}, "thumbnail": {"height": 720, "url": "https://m.media-amazon.com/images/M/MV5BMmQ0YTA4MTAtNWQ1NC00Zjc3LTljMTEtODQ2NThhMjA0ZWQ2XkEyXkFqcGdeQXVyMjM4OTI2MTU@._V1_.jpg", "width": 1280, "__typename": "Thumbnail"}, "__typename": "Video"}, "__typename": "VideoEdge"}, {"node": {"id": "vi2754656537", "contentType": {"displayName": {"value": "Trailer", "__typename": "LocalizedString"}, "__typename": "VideoContentType"}, "name": {"value": "Comic-Con Sneak Peek", "__typename": "LocalizedString"}, "runtime": {"value": 252, "__typename": "VideoRuntime"}, "thumbnail": {"height": 720, "url": "https://m.media-amazon.com/images/M/MV5BYzZlZTcyYjAtMjQ0OC00YmI0LTk4N2YtN2NkNTAwZDJkNTRlXkEyXkFqcGdeQXVyMTkxNjUyNQ@@._V1_.jpg", "width": 1280, "__typename": "Thumbnail"}, "__typename": "Video"}, "__typename": "VideoEdge"}, {"node": {"id": "vi2051257881", "contentType": {"displayName": {"value": "Trailer", "__typename": "LocalizedString"}, "__typename": "VideoContentType"}, "name": {"value": "Official Trailer", "__typename": "LocalizedString"}, "runtime": {"value": 148, "__typename": "VideoRuntime"}, "thumbnail": {"height": 1080, "url": "https://m.media-amazon.com/images/M/MV5BMDhiNTE0NWMtY2E2OS00ZDA4LTg4MjEtZWY1N2UzNGMxNmI0XkEyXkFqcGdeQXVyMTk2ODc0MjY@._V1_.jpg", "width": 1920, "__typename": "Thumbnail"}, "__typename": "Video"}, "__typename": "VideoEdge"}, {"node": {"id": "vi3894261529", "contentType": {"displayName": {"value": "Trailer", "__typename": "LocalizedString"}, "__typename": "VideoContentType"}, "name": {"value": "Special Comic-Con Footage", "__typename": "LocalizedString"}, "runtime": {"value": 166, "__typename": "VideoRuntime"}, "thumbnail": {"height": 720, "url": "https://m.media-amazon.com/images/M/MV5BMTY5MDA1OTY4OV5BMl5BanBnXkFtZTgwODI5MzI1OTE@._V1_.jpg", "width": 1280, "__typename": "Thumbnail"}, "__typename": "Video"}, "__typename": "VideoEdge"}, {"node": {"id": "vi1278133273", "contentType": {"displayName": {"value": "Trailer", "__typename": "LocalizedString"}, "__typename": "VideoContentType"}, "name": {"value": "DC\u2019s Justice League: Cosmic Chaos", "__typename": "LocalizedString"}, "runtime": {"value": 120, "__typename": "VideoRuntime"}, "thumbnail": {"height": 1080, "url": "https://m.media-amazon.com/images/M/MV5BNTEyOTdkODktOWQ2Yy00MDZhLWIyYTQtNWRhOTg2YjJiYzk0XkEyXkFqcGdeQVRoaXJkUGFydHlJbmdlc3Rpb25Xb3JrZmxvdw@@._V1_.jpg", "width": 1920, "__typename": "Thumbnail"}, "__typename": "Video"}, "__typename": "VideoEdge"}, {"node": {"id": "vi1692647449", "contentType": {"displayName": {"value": "Clip", "__typename": "LocalizedString"}, "__typename": "VideoContentType"}, "name": {"value": "A Guide to the Films of Zack Snyder", "__typename": "LocalizedString"}, "runtime": {"value": 91, "__typename": "VideoRuntime"}, "thumbnail": {"height": 1080, "url": "https://m.media-amazon.com/images/M/MV5BNmQ1OWE3YmItMWUyYy00MzliLWFhZWMtNmJhOWMyYWNhOWJhXkEyXkFqcGdeQW1hZGV0aXNj._V1_.jpg", "width": 1920, "__typename": "Thumbnail"}, "__typename": "Video"}, "__typename": "VideoEdge"}, {"node": {"id": "vi901562393", "contentType": {"displayName": {"value": "Clip", "__typename": "LocalizedString"}, "__typename": "VideoContentType"}, "name": {"value": "What to Know Before Watching 'Zack Snyder's Justice League'", "__typename": "LocalizedString"}, "runtime": {"value": 223, "__typename": "VideoRuntime"}, "thumbnail": {"height": 1080, "url": "https://m.media-amazon.com/images/M/MV5BMWQ0ODdkOGMtZjYxZC00NjE2LTg3ZWUtNjY3YmQ5ZWI1ZDM2XkEyXkFqcGdeQWFsZWxvZw@@._V1_.jpg", "width": 1920, "__typename": "Thumbnail"}, "__typename": "Video"}, "__typename": "VideoEdge"}, {"node": {"id": "vi3716070937", "contentType": {"displayName": {"value": "Clip", "__typename": "LocalizedString"}, "__typename": "VideoContentType"}, "name": {"value": "Comic-Con@Home 2020 Top Moments", "__typename": "LocalizedString"}, "runtime": {"value": 216, "__typename": "VideoRuntime"}, "thumbnail": {"height": 1080, "url": "https://m.media-amazon.com/images/M/MV5BOGU4ZmI2ZjUtZmRiOS00YWQ5LWI3NTktZjA3ZTNhYWMxNzVlXkEyXkFqcGdeQWFsZWxvZw@@._V1_.jpg", "width": 1920, "__typename": "Thumbnail"}, "__typename": "Video"}, "__typename": "VideoEdge"}], "__typename": "VideoConnection"}, "titleMainImages": {"total": 664, "edges": [{"node": {"id": "rm743921664", "url": "https://m.media-amazon.com/images/M/MV5BMTk3NjY5NTcwNF5BMl5BanBnXkFtZTgwNDM4MzIxNDM@._V1_.jpg", "caption": {"plainText": "Jason Momoa in Justice League (2017)", "__typename": "Markdown"}, "height": 1365, "width": 2048, "__typename": "Image"}, "__typename": "ImageEdge"}, {"node": {"id": "rm727144448", "url": "https://m.media-amazon.com/images/M/MV5BMTg4NjY2ODE5OF5BMl5BanBnXkFtZTgwNjM4MzIxNDM@._V1_.jpg", "caption": {"plainText": "Ben Affleck in Justice League (2017)", "__typename": "Markdown"}, "height": 1345, "width": 2048, "__typename": "Image"}, "__typename": "ImageEdge"}, {"node": {"id": "rm710367232", "url": "https://m.media-amazon.com/images/M/MV5BMjA0MDQ4MzAwMF5BMl5BanBnXkFtZTgwNzM4MzIxNDM@._V1_.jpg", "caption": {"plainText": "Gal Gadot in Justice League (2017)", "__typename": "Markdown"}, "height": 2048, "width": 1365, "__typename": "Image"}, "__typename": "ImageEdge"}, {"node": {"id": "rm693590016", "url": "https://m.media-amazon.com/images/M/MV5BMTYwNTcxMDk1NV5BMl5BanBnXkFtZTgwODM4MzIxNDM@._V1_.jpg", "caption": {"plainText": "Ben Affleck, Henry Cavill, Jason Momoa, Gal Gadot, Ezra Miller, and Ray Fisher in Justice League (2017)", "__typename": "Markdown"}, "height": 1365, "width": 2048, "__typename": "Image"}, "__typename": "ImageEdge"}, {"node": {"id": "rm676812800", "url": "https://m.media-amazon.com/images/M/MV5BMjEzOTcyNDExMl5BMl5BanBnXkFtZTgwOTM4MzIxNDM@._V1_.jpg", "caption": {"plainText": "Ezra Miller in Justice League (2017)", "__typename": "Markdown"}, "height": 2048, "width": 1365, "__typename": "Image"}, "__typename": "ImageEdge"}, {"node": {"id": "rm928471040", "url": "https://m.media-amazon.com/images/M/MV5BMjI1ODcxMjU2OF5BMl5BanBnXkFtZTgwMDQ4MzIxNDM@._V1_.jpg", "caption": {"plainText": "Ray Fisher in Justice League (2017)", "__typename": "Markdown"}, "height": 1364, "width": 2048, "__typename": "Image"}, "__typename": "ImageEdge"}, {"node": {"id": "rm911693824", "url": "https://m.media-amazon.com/images/M/MV5BNTk3OTM0ODE3NF5BMl5BanBnXkFtZTgwMTQ4MzIxNDM@._V1_.jpg", "caption": {"plainText": "Justice League (2017)", "__typename": "Markdown"}, "height": 1365, "width": 2048, "__typename": "Image"}, "__typename": "ImageEdge"}, {"node": {"id": "rm1000101888", "url": "https://m.media-amazon.com/images/M/MV5BMjQ3OTkxMzU2MV5BMl5BanBnXkFtZTgwMDU2NDAxNDM@._V1_.jpg", "caption": {"plainText": "Ben Affleck and Jason Momoa in Justice League (2017)", "__typename": "Markdown"}, "height": 1366, "width": 2048, "__typename": "Image"}, "__typename": "ImageEdge"}, {"node": {"id": "rm983324672", "url": "https://m.media-amazon.com/images/M/MV5BMTU4ODU5OTc1OV5BMl5BanBnXkFtZTgwMTU2NDAxNDM@._V1_.jpg", "caption": {"plainText": "Ben Affleck, Jason Momoa, Gal Gadot, Ezra Miller, and Ray Fisher in Justice League (2017)", "__typename": "Markdown"}, "height": 1366, "width": 2048, "__typename": "Image"}, "__typename": "ImageEdge"}, {"node": {"id": "rm966547456", "url": "https://m.media-amazon.com/images/M/MV5BMTkzOTY1MTE3OV5BMl5BanBnXkFtZTgwMzU2NDAxNDM@._V1_.jpg", "caption": {"plainText": "Joe Morton in Justice League (2017)", "__typename": "Markdown"}, "height": 1366, "width": 2048, "__typename": "Image"}, "__typename": "ImageEdge"}, {"node": {"id": "rm949770240", "url": "https://m.media-amazon.com/images/M/MV5BMTgxOTg1Njg3Ml5BMl5BanBnXkFtZTgwNDU2NDAxNDM@._V1_.jpg", "caption": {"plainText": "Jason Momoa in Justice League (2017)", "__typename": "Markdown"}, "height": 1080, "width": 1998, "__typename": "Image"}, "__typename": "ImageEdge"}, {"node": {"id": "rm127686656", "url": "https://m.media-amazon.com/images/M/MV5BODE5MTI5OTU3M15BMl5BanBnXkFtZTgwNTU2NDAxNDM@._V1_.jpg", "caption": {"plainText": "Ben Affleck, J.K. Simmons, Gal Gadot, and Ezra Miller in Justice League (2017)", "__typename": "Markdown"}, "height": 1366, "width": 2048, "__typename": "Image"}, "__typename": "ImageEdge"}, {"node": {"id": "rm110909440", "url": "https://m.media-amazon.com/images/M/MV5BNTYxNzQ0ODU3M15BMl5BanBnXkFtZTgwNjU2NDAxNDM@._V1_.jpg", "caption": {"plainText": "Gal Gadot in Justice League (2017)", "__typename": "Markdown"}, "height": 1366, "width": 2048, "__typename": "Image"}, "__typename": "ImageEdge"}], "__typename": "ImageConnection"}, "productionStatus": {"currentProductionStage": {"id": "released", "text": "Released", "__typename": "ProductionStage"}, "productionStatusHistory": [{"status": {"id": "script", "text": "Script", "__typename": "ProductionStatus"}, "__typename": "ProductionStatusHistory"}, {"status": {"id": "script", "text": "Script", "__typename": "ProductionStatus"}, "__typename": "ProductionStatusHistory"}, {"status": {"id": "development_unknown", "text": "Development Unknown", "__typename": "ProductionStatus"}, "__typename": "ProductionStatusHistory"}, {"status": {"id": "script", "text": "Script", "__typename": "ProductionStatus"}, "__typename": "ProductionStatusHistory"}, {"status": {"id": "script", "text": "Script", "__typename": "ProductionStatus"}, "__typename": "ProductionStatusHistory"}, {"status": {"id": "development_unknown", "text": "Development Unknown", "__typename": "ProductionStatus"}, "__typename": "ProductionStatusHistory"}, {"status": {"id": "script", "text": "Script", "__typename": "ProductionStatus"}, "__typename": "ProductionStatusHistory"}, {"status": {"id": "delayed", "text": "Delayed", "__typename": "ProductionStatus"}, "__typename": "ProductionStatusHistory"}, {"status": {"id": "delayed", "text": "Delayed", "__typename": "ProductionStatus"}, "__typename": "ProductionStatusHistory"}, {"status": {"id": "optioned_property", "text": "Optioned Property", "__typename": "ProductionStatus"}, "__typename": "ProductionStatusHistory"}, {"status": {"id": "optioned_property", "text": "Optioned Property", "__typename": "ProductionStatus"}, "__typename": "ProductionStatusHistory"}, {"status": {"id": "treatment_outline", "text": "Treatment Outline", "__typename": "ProductionStatus"}, "__typename": "ProductionStatusHistory"}, {"status": {"id": "script", "text": "Script", "__typename": "ProductionStatus"}, "__typename": "ProductionStatusHistory"}, {"status": {"id": "script", "text": "Script", "__typename": "ProductionStatus"}, "__typename": "ProductionStatusHistory"}, {"status": {"id": "script", "text": "Script", "__typename": "ProductionStatus"}, "__typename": "ProductionStatusHistory"}, {"status": {"id": "treatment_outline", "text": "Treatment Outline", "__typename": "ProductionStatus"}, "__typename": "ProductionStatusHistory"}, {"status": {"id": "script", "text": "Script", "__typename": "ProductionStatus"}, "__typename": "ProductionStatusHistory"}, {"status": {"id": "pre_production", "text": "Pre-production", "__typename": "ProductionStatus"}, "__typename": "ProductionStatusHistory"}, {"status": {"id": "filming", "text": "Filming", "__typename": "ProductionStatus"}, "__typename": "ProductionStatusHistory"}, {"status": {"id": "post_production", "text": "Post-production", "__typename": "ProductionStatus"}, "__typename": "ProductionStatusHistory"}, {"status": {"id": "post_production", "text": "Post-production", "__typename": "ProductionStatus"}, "__typename": "ProductionStatusHistory"}, {"status": {"id": "released", "text": "Released", "__typename": "ProductionStatus"}, "__typename": "ProductionStatusHistory"}], "restriction": null, "__typename": "ProductionStatusDetails"}, "primaryImage": {"id": "rm1061640448", "__typename": "Image"}, "inIframeAddLink": {"url": "https://contribute.imdb.com/image/tt0974015/add?bus=imdb&return_url=https%3A%2F%2Fwww.imdb.com%2Fclose_me&site=web", "__typename": "ContributionLink"}, "notInIframeAddLink": {"url": "https://contribute.imdb.com/image/tt0974015/add?bus=imdb&return_url=https%3A%2F%2Fwww.imdb.com%2Ftitle%2Ftt0974015%2F&site=mobile", "__typename": "ContributionLink"}, "titleType": {"id": "movie", "canHaveEpisodes": false, "__typename": "TitleType"}, "cast": {"total": 182, "edges": [{"node": {"name": {"id": "nm0000255", "nameText": {"text": "Ben Affleck", "__typename": "NameText"}, "primaryImage": {"url": "https://m.media-amazon.com/images/M/MV5BNTFjZDU5NmYtYzZlMy00YThmLTg5ZjUtYjkyZWI2OTk2Mjc1XkEyXkFqcGc@._V1_.jpg", "width": 3781, "height": 5041, "__typename": "Image"}, "__typename": "Name"}, "attributes": null, "category": {"id": "actor", "__typename": "CreditCategory"}, "characters": [{"name": "Batman", "__typename": "Character"}, {"name": "Bruce Wayne", "__typename": "Character"}], "episodeCredits": {"total": 0, "yearRange": null, "__typename": "EpisodeCastConnection"}, "__typename": "Cast"}, "__typename": "CreditEdge"}, {"node": {"name": {"id": "nm2933757", "nameText": {"text": "Gal Gadot", "__typename": "NameText"}, "primaryImage": {"url": "https://m.media-amazon.com/images/M/MV5BNWJmNDNiMzgtOGNlOC00MmU4LThkNjUtNTIxNmQwMzQ4NTczXkEyXkFqcGc@._V1_.jpg", "width": 1170, "height": 1461, "__typename": "Image"}, "__typename": "Name"}, "attributes": null, "category": {"id": "actress", "__typename": "CreditCategory"}, "characters": [{"name": "Wonder Woman", "__typename": "Character"}, {"name": "Diana Prince", "__typename": "Character"}], "episodeCredits": {"total": 0, "yearRange": null, "__typename": "EpisodeCastConnection"}, "__typename": "Cast"}, "__typename": "CreditEdge"}, {"node": {"name": {"id": "nm0597388", "nameText": {"text": "Jason Momoa", "__typename": "NameText"}, "primaryImage": {"url": "https://m.media-amazon.com/images/M/MV5BOTBhMTQxZWMtYTE5ZC00NTk4LWEyYjItZTc0Nzg5YjZkMDI1XkEyXkFqcGc@._V1_.jpg", "width": 1800, "height": 1200, "__typename": "Image"}, "__typename": "Name"}, "attributes": null, "category": {"id": "actor", "__typename": "CreditCategory"}, "characters": [{"name": "Aquaman", "__typename": "Character"}, {"name": "Arthur Curry", "__typename": "Character"}], "episodeCredits": {"total": 0, "yearRange": null, "__typename": "EpisodeCastConnection"}, "__typename": "Cast"}, "__typename": "CreditEdge"}, {"node": {"name": {"id": "nm3009232", "nameText": {"text": "Ezra Miller", "__typename": "NameText"}, "primaryImage": {"url": "https://m.media-amazon.com/images/M/MV5BMThlYjJmNmMtYjhhZi00Y2ZjLThhMGMtNTM4MjYyZjQyZGVjXkEyXkFqcGc@._V1_.jpg", "width": 1667, "height": 2500, "__typename": "Image"}, "__typename": "Name"}, "attributes": null, "category": {"id": "actor", "__typename": "CreditCategory"}, "characters": [{"name": "The Flash", "__typename": "Character"}, {"name": "Barry Allen", "__typename": "Character"}], "episodeCredits": {"total": 0, "yearRange": null, "__typename": "EpisodeCastConnection"}, "__typename": "Cast"}, "__typename": "CreditEdge"}, {"node": {"name": {"id": "nm0147147", "nameText": {"text": "Henry Cavill", "__typename": "NameText"}, "primaryImage": {"url": "https://m.media-amazon.com/images/M/MV5BNWFmNmI2NmYtNDUyYi00MDZhLTk0ZmEtODY0MmM5NGQxMWEwXkEyXkFqcGc@._V1_.jpg", "width": 819, "height": 1024, "__typename": "Image"}, "__typename": "Name"}, "attributes": null, "category": {"id": "actor", "__typename": "CreditCategory"}, "characters": [{"name": "Superman", "__typename": "Character"}, {"name": "Clark Kent", "__typename": "Character"}], "episodeCredits": {"total": 0, "yearRange": null, "__typename": "EpisodeCastConnection"}, "__typename": "Cast"}, "__typename": "CreditEdge"}, {"node": {"name": {"id": "nm0010736", "nameText": {"text": "Amy Adams", "__typename": "NameText"}, "primaryImage": {"url": "https://m.media-amazon.com/images/M/MV5BMTg2NTk2MTgxMV5BMl5BanBnXkFtZTgwNjcxMjAzMTI@._V1_.jpg", "width": 1340, "height": 2048, "__typename": "Image"}, "__typename": "Name"}, "attributes": null, "category": {"id": "actress", "__typename": "CreditCategory"}, "characters": [{"name": "Lois Lane", "__typename": "Character"}], "episodeCredits": {"total": 0, "yearRange": null, "__typename": "EpisodeCastConnection"}, "__typename": "Cast"}, "__typename": "CreditEdge"}, {"node": {"name": {"id": "nm3570321", "nameText": {"text": "Ray Fisher", "__typename": "NameText"}, "primaryImage": {"url": "https://m.media-amazon.com/images/M/MV5BZGRjNDNlYjktNTkwYi00ZjViLWIwNDktY2E3ODY2MjFkNDFhXkEyXkFqcGc@._V1_.jpg", "width": 720, "height": 1080, "__typename": "Image"}, "__typename": "Name"}, "attributes": null, "category": {"id": "actor", "__typename": "CreditCategory"}, "characters": [{"name": "Cyborg", "__typename": "Character"}, {"name": "Victor Stone", "__typename": "Character"}], "episodeCredits": {"total": 0, "yearRange": null, "__typename": "EpisodeCastConnection"}, "__typename": "Cast"}, "__typename": "CreditEdge"}, {"node": {"name": {"id": "nm0000460", "nameText": {"text": "Jeremy Irons", "__typename": "NameText"}, "primaryImage": {"url": "https://m.media-amazon.com/images/M/MV5BMTY5Mzg2NDY5OV5BMl5BanBnXkFtZTcwMDQwNzA0Mg@@._V1_.jpg", "width": 303, "height": 400, "__typename": "Image"}, "__typename": "Name"}, "attributes": null, "category": {"id": "actor", "__typename": "CreditCategory"}, "characters": [{"name": "Alfred", "__typename": "Character"}], "episodeCredits": {"total": 0, "yearRange": null, "__typename": "EpisodeCastConnection"}, "__typename": "Cast"}, "__typename": "CreditEdge"}, {"node": {"name": {"id": "nm0000178", "nameText": {"text": "Diane Lane", "__typename": "NameText"}, "primaryImage": {"url": "https://m.media-amazon.com/images/M/MV5BNTM5YTg2YzUtNjBlMC00NzUxLTljYTktNWQxNzE4YTk4NGRhXkEyXkFqcGc@._V1_.jpg", "width": 1280, "height": 854, "__typename": "Image"}, "__typename": "Name"}, "attributes": null, "category": {"id": "actress", "__typename": "CreditCategory"}, "characters": [{"name": "Martha Kent", "__typename": "Character"}], "episodeCredits": {"total": 0, "yearRange": null, "__typename": "EpisodeCastConnection"}, "__typename": "Cast"}, "__typename": "CreditEdge"}, {"node": {"name": {"id": "nm0001567", "nameText": {"text": "Connie Nielsen", "__typename": "NameText"}, "primaryImage": {"url": "https://m.media-amazon.com/images/M/MV5BNzc2NDViYTctNmNhYy00ZTU0LTk5ODMtMzIxYjBlZTQ1MmFlXkEyXkFqcGc@._V1_.jpg", "width": 1350, "height": 1800, "__typename": "Image"}, "__typename": "Name"}, "attributes": null, "category": {"id": "actress", "__typename": "CreditCategory"}, "characters": [{"name": "Queen Hippolyta", "__typename": "Character"}], "episodeCredits": {"total": 0, "yearRange": null, "__typename": "EpisodeCastConnection"}, "__typename": "Cast"}, "__typename": "CreditEdge"}, {"node": {"name": {"id": "nm0799777", "nameText": {"text": "J.K. Simmons", "__typename": "NameText"}, "primaryImage": {"url": "https://m.media-amazon.com/images/M/MV5BMzg2NTI5NzQ1MV5BMl5BanBnXkFtZTgwNjI1NDEwMDI@._V1_.jpg", "width": 1679, "height": 2048, "__typename": "Image"}, "__typename": "Name"}, "attributes": null, "category": {"id": "actor", "__typename": "CreditCategory"}, "characters": [{"name": "Commissioner Gordon", "__typename": "Character"}], "episodeCredits": {"total": 0, "yearRange": null, "__typename": "EpisodeCastConnection"}, "__typename": "Cast"}, "__typename": "CreditEdge"}, {"node": {"name": {"id": "nm0001354", "nameText": {"text": "Ciar\u00e1n Hinds", "__typename": "NameText"}, "primaryImage": {"url": "https://m.media-amazon.com/images/M/MV5BMTIyNjM0MzU0NF5BMl5BanBnXkFtZTcwOTIxMzg1MQ@@._V1_.jpg", "width": 284, "height": 400, "__typename": "Image"}, "__typename": "Name"}, "attributes": [{"text": "voice", "__typename": "MiscellaneousCreditAttribute"}], "category": {"id": "actor", "__typename": "CreditCategory"}, "characters": [{"name": "Steppenwolf", "__typename": "Character"}], "episodeCredits": {"total": 0, "yearRange": null, "__typename": "EpisodeCastConnection"}, "__typename": "Cast"}, "__typename": "CreditEdge"}, {"node": {"name": {"id": "nm1720028", "nameText": {"text": "Amber Heard", "__typename": "NameText"}, "primaryImage": {"url": "https://m.media-amazon.com/images/M/MV5BMjA4NDkyODA3M15BMl5BanBnXkFtZTgwMzUzMjYzNzM@._V1_.jpg", "width": 272, "height": 272, "__typename": "Image"}, "__typename": "Name"}, "attributes": null, "category": {"id": "actress", "__typename": "CreditCategory"}, "characters": [{"name": "Mera", "__typename": "Character"}], "episodeCredits": {"total": 0, "yearRange": null, "__typename": "EpisodeCastConnection"}, "__typename": "Cast"}, "__typename": "CreditEdge"}, {"node": {"name": {"id": "nm0608012", "nameText": {"text": "Joe Morton", "__typename": "NameText"}, "primaryImage": {"url": "https://m.media-amazon.com/images/M/MV5BMTQ1MjYwMTQ2MF5BMl5BanBnXkFtZTgwNzI4MTA0NDE@._V1_.jpg", "width": 1629, "height": 2048, "__typename": "Image"}, "__typename": "Name"}, "attributes": null, "category": {"id": "actor", "__typename": "CreditCategory"}, "characters": [{"name": "Silas Stone", "__typename": "Character"}], "episodeCredits": {"total": 0, "yearRange": null, "__typename": "EpisodeCastConnection"}, "__typename": "Cast"}, "__typename": "CreditEdge"}, {"node": {"name": {"id": "nm2966840", "nameText": {"text": "Lisa Loven Kongsli", "__typename": "NameText"}, "primaryImage": {"url": "https://m.media-amazon.com/images/M/MV5BZmJlNzMzN2EtYTFhMC00Nzk3LWE4NTctMGYzZWQzOTFjNDFhXkEyXkFqcGc@._V1_.jpg", "width": 1140, "height": 1380, "__typename": "Image"}, "__typename": "Name"}, "attributes": null, "category": {"id": "actress", "__typename": "CreditCategory"}, "characters": [{"name": "Menalippe", "__typename": "Character"}], "episodeCredits": {"total": 0, "yearRange": null, "__typename": "EpisodeCastConnection"}, "__typename": "Cast"}, "__typename": "CreditEdge"}, {"node": {"name": {"id": "nm0797614", "nameText": {"text": "Ingvar Sigurdsson", "__typename": "NameText"}, "primaryImage": {"url": "https://m.media-amazon.com/images/M/MV5BYmZlN2M5ODAtMTYxZC00NGViLTlkM2UtMzljMGFiYWI2N2E2XkEyXkFqcGc@._V1_.jpg", "width": 2500, "height": 2500, "__typename": "Image"}, "__typename": "Name"}, "attributes": null, "category": {"id": "actor", "__typename": "CreditCategory"}, "characters": [{"name": "Mayor", "__typename": "Character"}], "episodeCredits": {"total": 0, "yearRange": null, "__typename": "EpisodeCastConnection"}, "__typename": "Cast"}, "__typename": "CreditEdge"}, {"node": {"name": {"id": "nm0000667", "nameText": {"text": "David Thewlis", "__typename": "NameText"}, "primaryImage": {"url": "https://m.media-amazon.com/images/M/MV5BNTA3MjM4NTE0NV5BMl5BanBnXkFtZTcwOTU1OTY4NQ@@._V1_.jpg", "width": 1366, "height": 2048, "__typename": "Image"}, "__typename": "Name"}, "attributes": null, "category": {"id": "actor", "__typename": "CreditCategory"}, "characters": [{"name": "Ares", "__typename": "Character"}], "episodeCredits": {"total": 0, "yearRange": null, "__typename": "EpisodeCastConnection"}, "__typename": "Cast"}, "__typename": "CreditEdge"}, {"node": {"name": {"id": "nm9264675", "nameText": {"text": "Sergi Constance", "__typename": "NameText"}, "primaryImage": {"url": "https://m.media-amazon.com/images/M/MV5BMGQ1ZmRiNTUtNDNmNC00ZTNiLWEyZDUtYmE0YmQzN2ZhNGI2XkEyXkFqcGc@._V1_CR428,0,389,583_.jpg", "width": 389, "height": 583, "__typename": "Image"}, "__typename": "Name"}, "attributes": null, "category": {"id": "actor", "__typename": "CreditCategory"}, "characters": [{"name": "Zeus", "__typename": "Character"}], "episodeCredits": {"total": 0, "yearRange": null, "__typename": "EpisodeCastConnection"}, "__typename": "Cast"}, "__typename": "CreditEdge"}], "__typename": "CreditConnection"}, "creators": [], "directors": [{"totalCredits": 1, "category": {"text": "Director", "id": "director", "__typename": "CreditCategory"}, "credits": [{"name": {"id": "nm0811583", "nameText": {"text": "Zack Snyder", "__typename": "NameText"}, "__typename": "Name"}, "__typename": "Crew"}], "__typename": "PrincipalCreditsForCategory"}], "writers": [{"totalCredits": 11, "category": {"text": "Writers", "id": "writer", "__typename": "CreditCategory"}, "credits": [{"name": {"id": "nm0796950", "nameText": {"text": "Jerry Siegel", "__typename": "NameText"}, "__typename": "Name"}, "__typename": "Crew"}, {"name": {"id": "nm0795975", "nameText": {"text": "Joe Shuster", "__typename": "NameText"}, "__typename": "Name"}, "__typename": "Crew"}, {"name": {"id": "nm0006516", "nameText": {"text": "Chris Terrio", "__typename": "NameText"}, "__typename": "Name"}, "__typename": "Crew"}], "__typename": "PrincipalCreditsForCategory"}], "isAdult": false, "moreLikeThisTitles": {"edges": [{"node": {"id": "tt2975590", "titleText": {"text": "Batman v Superman: Dawn of Justice", "__typename": "TitleText"}, "titleType": {"id": "movie", "text": "Movie", "canHaveEpisodes": false, "displayableProperty": {"value": {"plainText": "", "__typename": "Markdown"}, "__typename": "DisplayableTitleTypeProperty"}, "__typename": "TitleType"}, "originalTitleText": {"text": "Batman v Superman: Dawn of Justice", "__typename": "TitleText"}, "primaryImage": {"id": "rm2302675456", "width": 1823, "height": 2700, "url": "https://m.media-amazon.com/images/M/MV5BZTJkYjdmYjYtOGMyNC00ZGU1LThkY2ItYTc1OTVlMmE2YWY1XkEyXkFqcGc@._V1_.jpg", "caption": {"plainText": "Ben Affleck and Henry Cavill in Batman v Superman: Dawn of Justice (2016)", "__typename": "Markdown"}, "__typename": "Image"}, "releaseYear": {"year": 2016, "endYear": null, "__typename": "YearRange"}, "ratingsSummary": {"aggregateRating": 6.5, "voteCount": 761256, "__typename": "RatingsSummary"}, "runtime": {"seconds": 9060, "__typename": "Runtime"}, "certificate": {"rating": "UA", "__typename": "Certificate"}, "canRate": {"isRatable": true, "__typename": "CanRate"}, "titleGenres": {"genres": [{"genre": {"text": "Action", "__typename": "GenreItem"}, "__typename": "TitleGenre"}, {"genre": {"text": "Adventure", "__typename": "GenreItem"}, "__typename": "TitleGenre"}, {"genre": {"text": "Sci-Fi", "__typename": "GenreItem"}, "__typename": "TitleGenre"}], "__typename": "TitleGenres"}, "canHaveEpisodes": false, "__typename": "Title"}, "__typename": "MoreLikeThisEdge"}, {"node": {"id": "tt12361974", "titleText": {"text": "Zack Snyder's Justice League", "__typename": "TitleText"}, "titleType": {"id": "movie", "text": "Movie", "canHaveEpisodes": false, "displayableProperty": {"value": {"plainText": "", "__typename": "Markdown"}, "__typename": "DisplayableTitleTypeProperty"}, "__typename": "TitleType"}, "originalTitleText": {"text": "Zack Snyder's Justice League", "__typename": "TitleText"}, "primaryImage": {"id": "rm323864577", "width": 2025, "height": 3000, "url": "https://m.media-amazon.com/images/M/MV5BNDA0MzM5YTctZTU2My00NGQ5LWE2NTEtNDM0MjZmMDBkOTZkXkEyXkFqcGc@._V1_.jpg", "caption": {"plainText": "Ben Affleck, Henry Cavill, Jason Momoa, Gal Gadot, Ezra Miller, and Ray Fisher in Zack Snyder's Justice League (2021)", "__typename": "Markdown"}, "__typename": "Image"}, "releaseYear": {"year": 2021, "endYear": null, "__typename": "YearRange"}, "ratingsSummary": {"aggregateRating": 7.9, "voteCount": 447459, "__typename": "RatingsSummary"}, "runtime": {"seconds": 14520, "__typename": "Runtime"}, "certificate": {"rating": "18", "__typename": "Certificate"}, "canRate": {"isRatable": true, "__typename": "CanRate"}, "titleGenres": {"genres": [{"genre": {"text": "Action", "__typename": "GenreItem"}, "__typename": "TitleGenre"}, {"genre": {"text": "Adventure", "__typename": "GenreItem"}, "__typename": "TitleGenre"}, {"genre": {"text": "Fantasy", "__typename": "GenreItem"}, "__typename": "TitleGenre"}], "__typename": "TitleGenres"}, "canHaveEpisodes": false, "__typename": "Title"}, "__typename": "MoreLikeThisEdge"}, {"node": {"id": "tt0770828", "titleText": {"text": "Man of Steel", "__typename": "TitleText"}, "titleType": {"id": "movie", "text": "Movie", "canHaveEpisodes": false, "displayableProperty": {"value": {"plainText": "", "__typename": "Markdown"}, "__typename": "DisplayableTitleTypeProperty"}, "__typename": "TitleType"}, "originalTitleText": {"text": "Man of Steel", "__typename": "TitleText"}, "primaryImage": {"id": "rm2035131904", "width": 680, "height": 1005, "url": "https://m.media-amazon.com/images/M/MV5BMTk5ODk1NDkxMF5BMl5BanBnXkFtZTcwNTA5OTY0OQ@@._V1_.jpg", "caption": {"plainText": "Henry Cavill in Man of Steel (2013)", "__typename": "Markdown"}, "__typename": "Image"}, "releaseYear": {"year": 2013, "endYear": null, "__typename": "YearRange"}, "ratingsSummary": {"aggregateRating": 7.1, "voteCount": 822302, "__typename": "RatingsSummary"}, "runtime": {"seconds": 8580, "__typename": "Runtime"}, "certificate": {"rating": "UA", "__typename": "Certificate"}, "canRate": {"isRatable": true, "__typename": "CanRate"}, "titleGenres": {"genres": [{"genre": {"text": "Action", "__typename": "GenreItem"}, "__typename": "TitleGenre"}, {"genre": {"text": "Adventure", "__typename": "GenreItem"}, "__typename": "TitleGenre"}, {"genre": {"text": "Sci-Fi", "__typename": "GenreItem"}, "__typename": "TitleGenre"}], "__typename": "TitleGenres"}, "canHaveEpisodes": false, "__typename": "Title"}, "__typename": "MoreLikeThisEdge"}, {"node": {"id": "tt0451279", "titleText": {"text": "Wonder Woman", "__typename": "TitleText"}, "titleType": {"id": "movie", "text": "Movie", "canHaveEpisodes": false, "displayableProperty": {"value": {"plainText": "", "__typename": "Markdown"}, "__typename": "DisplayableTitleTypeProperty"}, "__typename": "TitleType"}, "originalTitleText": {"text": "Wonder Woman", "__typename": "TitleText"}, "primaryImage": {"id": "rm2060724992", "width": 2764, "height": 4096, "url": "https://m.media-amazon.com/images/M/MV5BZjk0YzRlZmQtMjQ2OC00MGIyLWIzODEtOWJjNzUwMjU1Y2U5XkEyXkFqcGc@._V1_.jpg", "caption": {"plainText": "Robin Wright, Connie Nielsen, and Gal Gadot in Wonder Woman (2017)", "__typename": "Markdown"}, "__typename": "Image"}, "releaseYear": {"year": 2017, "endYear": null, "__typename": "YearRange"}, "ratingsSummary": {"aggregateRating": 7.3, "voteCount": 709140, "__typename": "RatingsSummary"}, "runtime": {"seconds": 8460, "__typename": "Runtime"}, "certificate": {"rating": "UA", "__typename": "Certificate"}, "canRate": {"isRatable": true, "__typename": "CanRate"}, "titleGenres": {"genres": [{"genre": {"text": "Action", "__typename": "GenreItem"}, "__typename": "TitleGenre"}, {"genre": {"text": "Adventure", "__typename": "GenreItem"}, "__typename": "TitleGenre"}, {"genre": {"text": "Fantasy", "__typename": "GenreItem"}, "__typename": "TitleGenre"}], "__typename": "TitleGenres"}, "canHaveEpisodes": false, "__typename": "Title"}, "__typename": "MoreLikeThisEdge"}, {"node": {"id": "tt1477834", "titleText": {"text": "Aquaman", "__typename": "TitleText"}, "titleType": {"id": "movie", "text": "Movie", "canHaveEpisodes": false, "displayableProperty": {"value": {"plainText": "", "__typename": "Markdown"}, "__typename": "DisplayableTitleTypeProperty"}, "__typename": "TitleType"}, "originalTitleText": {"text": "Aquaman", "__typename": "TitleText"}, "primaryImage": {"id": "rm54096896", "width": 981, "height": 1200, "url": "https://m.media-amazon.com/images/M/MV5BNzJiZDIzZTYtNWYzMS00YzJmLWIzNDQtOGI4YWEwZGQwNTVkXkEyXkFqcGc@._V1_.jpg", "caption": {"plainText": "Jason Momoa in Aquaman (2018)", "__typename": "Markdown"}, "__typename": "Image"}, "releaseYear": {"year": 2018, "endYear": null, "__typename": "YearRange"}, "ratingsSummary": {"aggregateRating": 6.8, "voteCount": 529973, "__typename": "RatingsSummary"}, "runtime": {"seconds": 8580, "__typename": "Runtime"}, "certificate": {"rating": "UA", "__typename": "Certificate"}, "canRate": {"isRatable": true, "__typename": "CanRate"}, "titleGenres": {"genres": [{"genre": {"text": "Action", "__typename": "GenreItem"}, "__typename": "TitleGenre"}, {"genre": {"text": "Adventure", "__typename": "GenreItem"}, "__typename": "TitleGenre"}, {"genre": {"text": "Fantasy", "__typename": "GenreItem"}, "__typename": "TitleGenre"}], "__typename": "TitleGenres"}, "canHaveEpisodes": false, "__typename": "Title"}, "__typename": "MoreLikeThisEdge"}, {"node": {"id": "tt0448115", "titleText": {"text": "Shazam!", "__typename": "TitleText"}, "titleType": {"id": "movie", "text": "Movie", "canHaveEpisodes": false, "displayableProperty": {"value": {"plainText": "", "__typename": "Markdown"}, "__typename": "DisplayableTitleTypeProperty"}, "__typename": "TitleType"}, "originalTitleText": {"text": "Shazam!", "__typename": "TitleText"}, "primaryImage": {"id": "rm2120179712", "width": 2000, "height": 2964, "url": "https://m.media-amazon.com/images/M/MV5BYzJkYzM3NWYtNTljMi00NjdhLWFiMmUtMjlmMzI1ZGU0ZDYyXkEyXkFqcGc@._V1_.jpg", "caption": {"plainText": "Zachary Levi in Shazam! (2019)", "__typename": "Markdown"}, "__typename": "Image"}, "releaseYear": {"year": 2019, "endYear": null, "__typename": "YearRange"}, "ratingsSummary": {"aggregateRating": 7, "voteCount": 392811, "__typename": "RatingsSummary"}, "runtime": {"seconds": 7920, "__typename": "Runtime"}, "certificate": {"rating": "UA", "__typename": "Certificate"}, "canRate": {"isRatable": true, "__typename": "CanRate"}, "titleGenres": {"genres": [{"genre": {"text": "Action", "__typename": "GenreItem"}, "__typename": "TitleGenre"}, {"genre": {"text": "Adventure", "__typename": "GenreItem"}, "__typename": "TitleGenre"}, {"genre": {"text": "Comedy", "__typename": "GenreItem"}, "__typename": "TitleGenre"}], "__typename": "TitleGenres"}, "canHaveEpisodes": false, "__typename": "Title"}, "__typename": "MoreLikeThisEdge"}, {"node": {"id": "tt1386697", "titleText": {"text": "Suicide Squad", "__typename": "TitleText"}, "titleType": {"id": "movie", "text": "Movie", "canHaveEpisodes": false, "displayableProperty": {"value": {"plainText": "", "__typename": "Markdown"}, "__typename": "DisplayableTitleTypeProperty"}, "__typename": "TitleType"}, "originalTitleText": {"text": "Suicide Squad", "__typename": "TitleText"}, "primaryImage": {"id": "rm2844560129", "width": 464, "height": 662, "url": "https://m.media-amazon.com/images/M/MV5BN2U1ZGJjNDctMzg3Ny00ODg1LWE4ZjctNzg2YjczZjY0ODc4XkEyXkFqcGc@._V1_.jpg", "caption": {"plainText": "Suicide Squad (2016)", "__typename": "Markdown"}, "__typename": "Image"}, "releaseYear": {"year": 2016, "endYear": null, "__typename": "YearRange"}, "ratingsSummary": {"aggregateRating": 5.9, "voteCount": 732040, "__typename": "RatingsSummary"}, "runtime": {"seconds": 7380, "__typename": "Runtime"}, "certificate": {"rating": "UA", "__typename": "Certificate"}, "canRate": {"isRatable": true, "__typename": "CanRate"}, "titleGenres": {"genres": [{"genre": {"text": "Action", "__typename": "GenreItem"}, "__typename": "TitleGenre"}, {"genre": {"text": "Adventure", "__typename": "GenreItem"}, "__typename": "TitleGenre"}, {"genre": {"text": "Fantasy", "__typename": "GenreItem"}, "__typename": "TitleGenre"}], "__typename": "TitleGenres"}, "canHaveEpisodes": false, "__typename": "Title"}, "__typename": "MoreLikeThisEdge"}, {"node": {"id": "tt7126948", "titleText": {"text": "Wonder Woman 1984", "__typename": "TitleText"}, "titleType": {"id": "movie", "text": "Movie", "canHaveEpisodes": false, "displayableProperty": {"value": {"plainText": "", "__typename": "Markdown"}, "__typename": "DisplayableTitleTypeProperty"}, "__typename": "TitleType"}, "originalTitleText": {"text": "Wonder Woman 1984", "__typename": "TitleText"}, "primaryImage": {"id": "rm1442963201", "width": 2764, "height": 4096, "url": "https://m.media-amazon.com/images/M/MV5BYTdkYjI0M2ItMmUxZi00YjU1LTgwM2ItODgxNDY0ODZhZDQzXkEyXkFqcGc@._V1_.jpg", "caption": {"plainText": "Gal Gadot in Wonder Woman 1984 (2020)", "__typename": "Markdown"}, "__typename": "Image"}, "releaseYear": {"year": 2020, "endYear": null, "__typename": "YearRange"}, "ratingsSummary": {"aggregateRating": 5.4, "voteCount": 296775, "__typename": "RatingsSummary"}, "runtime": {"seconds": 9060, "__typename": "Runtime"}, "certificate": {"rating": "UA", "__typename": "Certificate"}, "canRate": {"isRatable": true, "__typename": "CanRate"}, "titleGenres": {"genres": [{"genre": {"text": "Action", "__typename": "GenreItem"}, "__typename": "TitleGenre"}, {"genre": {"text": "Adventure", "__typename": "GenreItem"}, "__typename": "TitleGenre"}, {"genre": {"text": "Fantasy", "__typename": "GenreItem"}, "__typename": "TitleGenre"}], "__typename": "TitleGenres"}, "canHaveEpisodes": false, "__typename": "Title"}, "__typename": "MoreLikeThisEdge"}, {"node": {"id": "tt6443346", "titleText": {"text": "Black Adam", "__typename": "TitleText"}, "titleType": {"id": "movie", "text": "Movie", "canHaveEpisodes": false, "displayableProperty": {"value": {"plainText": "", "__typename": "Markdown"}, "__typename": "DisplayableTitleTypeProperty"}, "__typename": "TitleType"}, "originalTitleText": {"text": "Black Adam", "__typename": "TitleText"}, "primaryImage": {"id": "rm3783087105", "width": 715, "height": 1060, "url": "https://m.media-amazon.com/images/M/MV5BODIxMjAzYTktODYyMi00YzFkLWIxMDctNzQ4NTY4MTY0ZjI0XkEyXkFqcGc@._V1_.jpg", "caption": {"plainText": "Pierce Brosnan, Aldis Hodge, Dwayne Johnson, Noah Centineo, and Quintessa Swindell in Black Adam (2022)", "__typename": "Markdown"}, "__typename": "Image"}, "releaseYear": {"year": 2022, "endYear": null, "__typename": "YearRange"}, "ratingsSummary": {"aggregateRating": 6.2, "voteCount": 283020, "__typename": "RatingsSummary"}, "runtime": {"seconds": 7500, "__typename": "Runtime"}, "certificate": {"rating": "UA", "__typename": "Certificate"}, "canRate": {"isRatable": true, "__typename": "CanRate"}, "titleGenres": {"genres": [{"genre": {"text": "Action", "__typename": "GenreItem"}, "__typename": "TitleGenre"}, {"genre": {"text": "Adventure", "__typename": "GenreItem"}, "__typename": "TitleGenre"}, {"genre": {"text": "Fantasy", "__typename": "GenreItem"}, "__typename": "TitleGenre"}], "__typename": "TitleGenres"}, "canHaveEpisodes": false, "__typename": "Title"}, "__typename": "MoreLikeThisEdge"}, {"node": {"id": "tt6334354", "titleText": {"text": "The Suicide Squad", "__typename": "TitleText"}, "titleType": {"id": "movie", "text": "Movie", "canHaveEpisodes": false, "displayableProperty": {"value": {"plainText": "", "__typename": "Markdown"}, "__typename": "DisplayableTitleTypeProperty"}, "__typename": "TitleType"}, "originalTitleText": {"text": "The Suicide Squad", "__typename": "TitleText"}, "primaryImage": {"id": "rm2507973377", "width": 810, "height": 1200, "url": "https://m.media-amazon.com/images/M/MV5BNDZkMmM4MmMtZWVhNS00OTRlLTk1YzEtNTcyMTZkYzk1ODgwXkEyXkFqcGc@._V1_.jpg", "caption": {"plainText": "The Suicide Squad (2021)", "__typename": "Markdown"}, "__typename": "Image"}, "releaseYear": {"year": 2021, "endYear": null, "__typename": "YearRange"}, "ratingsSummary": {"aggregateRating": 7.2, "voteCount": 422048, "__typename": "RatingsSummary"}, "runtime": {"seconds": 7920, "__typename": "Runtime"}, "certificate": {"rating": "A", "__typename": "Certificate"}, "canRate": {"isRatable": true, "__typename": "CanRate"}, "titleGenres": {"genres": [{"genre": {"text": "Action", "__typename": "GenreItem"}, "__typename": "TitleGenre"}, {"genre": {"text": "Adventure", "__typename": "GenreItem"}, "__typename": "TitleGenre"}, {"genre": {"text": "Comedy", "__typename": "GenreItem"}, "__typename": "TitleGenre"}], "__typename": "TitleGenres"}, "canHaveEpisodes": false, "__typename": "Title"}, "__typename": "MoreLikeThisEdge"}, {"node": {"id": "tt0439572", "titleText": {"text": "The Flash", "__typename": "TitleText"}, "titleType": {"id": "movie", "text": "Movie", "canHaveEpisodes": false, "displayableProperty": {"value": {"plainText": "", "__typename": "Markdown"}, "__typename": "DisplayableTitleTypeProperty"}, "__typename": "TitleType"}, "originalTitleText": {"text": "The Flash", "__typename": "TitleText"}, "primaryImage": {"id": "rm3802082561", "width": 2024, "height": 3000, "url": "https://m.media-amazon.com/images/M/MV5BYmE2NzBjNGUtNTJiMy00N2UxLWEyYzMtYzFjODFhMGZlOTgzXkEyXkFqcGc@._V1_.jpg", "caption": {"plainText": "Michael Keaton, Ezra Miller, and Sasha Calle in The Flash (2023)", "__typename": "Markdown"}, "__typename": "Image"}, "releaseYear": {"year": 2023, "endYear": null, "__typename": "YearRange"}, "ratingsSummary": {"aggregateRating": 6.6, "voteCount": 222376, "__typename": "RatingsSummary"}, "runtime": {"seconds": 8640, "__typename": "Runtime"}, "certificate": {"rating": "UA", "__typename": "Certificate"}, "canRate": {"isRatable": true, "__typename": "CanRate"}, "titleGenres": {"genres": [{"genre": {"text": "Action", "__typename": "GenreItem"}, "__typename": "TitleGenre"}, {"genre": {"text": "Adventure", "__typename": "GenreItem"}, "__typename": "TitleGenre"}, {"genre": {"text": "Fantasy", "__typename": "GenreItem"}, "__typename": "TitleGenre"}], "__typename": "TitleGenres"}, "canHaveEpisodes": false, "__typename": "Title"}, "__typename": "MoreLikeThisEdge"}, {"node": {"id": "tt7713068", "titleText": {"text": "Birds of Prey: And the Fantabulous Emancipation of One Harley Quinn", "__typename": "TitleText"}, "titleType": {"id": "movie", "text": "Movie", "canHaveEpisodes": false, "displayableProperty": {"value": {"plainText": "", "__typename": "Markdown"}, "__typename": "DisplayableTitleTypeProperty"}, "__typename": "TitleType"}, "originalTitleText": {"text": "Birds of Prey and the Fantabulous Emancipation of One Harley Quinn", "__typename": "TitleText"}, "primaryImage": {"id": "rm453936897", "width": 500, "height": 737, "url": "https://m.media-amazon.com/images/M/MV5BNTgwNWEwOWMtNGIxMy00YzU5LTk2MzgtMjAzMmM1MjZiY2RiXkEyXkFqcGc@._V1_.jpg", "caption": {"plainText": "Rosie Perez, Jurnee Smollett, Mary Elizabeth Winstead, Margot Robbie, and Ella Jay Basco in Birds of Prey: And the Fantabulous Emancipation of One Harley Quinn (2020)", "__typename": "Markdown"}, "__typename": "Image"}, "releaseYear": {"year": 2020, "endYear": null, "__typename": "YearRange"}, "ratingsSummary": {"aggregateRating": 6.1, "voteCount": 269687, "__typename": "RatingsSummary"}, "runtime": {"seconds": 6540, "__typename": "Runtime"}, "certificate": {"rating": "A", "__typename": "Certificate"}, "canRate": {"isRatable": true, "__typename": "CanRate"}, "titleGenres": {"genres": [{"genre": {"text": "Action", "__typename": "GenreItem"}, "__typename": "TitleGenre"}, {"genre": {"text": "Comedy", "__typename": "GenreItem"}, "__typename": "TitleGenre"}, {"genre": {"text": "Crime", "__typename": "GenreItem"}, "__typename": "TitleGenre"}], "__typename": "TitleGenres"}, "canHaveEpisodes": false, "__typename": "Title"}, "__typename": "MoreLikeThisEdge"}], "__typename": "MoreLikeThisConnection"}, "triviaTotal": {"total": 279, "__typename": "TriviaConnection"}, "trivia": {"edges": [{"node": {"text": {"plaidHtml": "When the film was shown in Iceland, which uses subtitles rather than dialog dubbing for films with non-Icelandic languages, <a class=\"ipc-md-link ipc-md-link--entity\" href=\"/name/nm0597388/?ref_=tt_dyk_trv\">Jason Momoa</a>&#39;s pronunciation of his single line of Icelandic was so unintelligible that it had to be subtitled into Icelandic (often resulting in audience laughter).", "__typename": "Markdown"}, "trademark": null, "relatedNames": null, "__typename": "TitleTrivia"}, "__typename": "TriviaEdge"}], "__typename": "TriviaConnection"}, "goofsTotal": {"total": 80, "__typename": "GoofConnection"}, "goofs": {"edges": [{"node": {"text": {"plaidHtml": "A powerful bomb that is about to destroy four &quot;city blocks&quot; from inside a bank, does not explode harmlessly just above the roof of that bank.", "__typename": "Markdown"}, "__typename": "Goof"}, "__typename": "GoofEdge"}], "__typename": "GoofConnection"}, "quotesTotal": {"total": 77, "__typename": "TitleQuoteConnection"}, "quotes": {"edges": [{"node": {"lines": [{"characters": [{"character": "Barry Allen", "name": {"id": "nm3009232", "__typename": "Name"}, "__typename": "TitleQuoteCharacter"}], "text": "How many people are on this special fight team?", "stageDirection": null, "__typename": "TitleQuoteLine"}, {"characters": [{"character": "Bruce Wayne", "name": {"id": "nm0000255", "__typename": "Name"}, "__typename": "TitleQuoteCharacter"}], "text": "Three, including you.", "stageDirection": null, "__typename": "TitleQuoteLine"}, {"characters": [{"character": "Barry Allen", "name": {"id": "nm3009232", "__typename": "Name"}, "__typename": "TitleQuoteCharacter"}], "text": "Three? Against what?", "stageDirection": null, "__typename": "TitleQuoteLine"}, {"characters": [{"character": "Bruce Wayne", "name": {"id": "nm0000255", "__typename": "Name"}, "__typename": "TitleQuoteCharacter"}], "text": "I'll tell you on the plane.", "stageDirection": null, "__typename": "TitleQuoteLine"}, {"characters": [{"character": "Barry Allen", "name": {"id": "nm3009232", "__typename": "Name"}, "__typename": "TitleQuoteCharacter"}], "text": "Plane? What are your superpowers again?", "stageDirection": "gets in the car", "__typename": "TitleQuoteLine"}, {"characters": [{"character": "Bruce Wayne", "name": {"id": "nm0000255", "__typename": "Name"}, "__typename": "TitleQuoteCharacter"}], "text": "I'm rich.", "stageDirection": null, "__typename": "TitleQuoteLine"}], "__typename": "TitleQuote"}, "__typename": "TitleQuoteEdge"}], "__typename": "TitleQuoteConnection"}, "crazyCredits": {"edges": [{"node": {"text": {"plaidHtml": "There is a scene in the closing credits: Superman and the Flash race each other.", "__typename": "Markdown"}, "__typename": "CrazyCredit"}, "__typename": "CrazyCreditEdge"}], "__typename": "CrazyCreditConnection"}, "alternateVersions": {"total": 2, "edges": [{"node": {"text": {"plaidHtml": "In March 18, 2021, after almost four years of online petition and fan pressure, Warner Bros. released the original director&#39;s cut of Justice League, renamed Zack Snyder&#39;s Justice League. The cut was more than two hours longer than the theatrical version, including additional scenes, alternate takes, detailed expositions, more character backstory and even a different camera setup and musical score by Junkie XL. Also, the new version introduced characters that were cut from the theatrical version like Iris West (Kiersey Clemons), Antiope (Robin Wright), Ares (David Thewlis), King Arthur (Francis Mcgee) Martian Manhunter (Harry Lennix), DeSaad (Peter Guinness), Cyborg&#39;s mother Elinore (Karen Bryson), Ryan Choi (Zheng Kai) and Justice League&#39;s archenemy, Darkseid (Ray Porter). The cut was rated R for violence and language, unlike the theatrical version, which was PG-13.", "__typename": "Markdown"}, "__typename": "AlternateVersion"}, "__typename": "AlternateVersionEdge"}], "__typename": "AlternateVersionConnection"}, "connections": {"edges": [{"node": {"associatedTitle": {"id": "tt10376772", "releaseYear": {"year": 2019, "__typename": "YearRange"}, "titleText": {"text": "365 days, also known as a Year", "__typename": "TitleText"}, "originalTitleText": {"text": "365 days, also known as a Year", "__typename": "TitleText"}, "series": null, "__typename": "Title"}, "category": {"text": "Edited into", "__typename": "TitleConnectionCategory"}, "__typename": "TitleConnection"}, "__typename": "TitleConnectionEdge"}], "__typename": "TitleConnectionConnection"}, "soundtrack": {"edges": [{"node": {"text": "Batman Theme", "comments": [{"plaidHtml": "(1989)", "__typename": "Markdown"}, {"plaidHtml": "Composed by <a class=\"ipc-md-link ipc-md-link--entity\" href=\"/name/nm0000384/?ref_=tt_dyk_snd\">Danny Elfman</a>", "__typename": "Markdown"}], "__typename": "Track"}, "__typename": "SoundtrackEdge"}], "__typename": "SoundtrackConnection"}, "titleText": {"text": "Justice League", "__typename": "TitleText"}, "originalTitleText": {"text": "Justice League", "__typename": "TitleText"}, "releaseYear": {"year": 2017, "__typename": "YearRange"}, "reviews": {"total": 2338, "__typename": "ReviewsConnection"}, "featuredReviews": {"edges": [{"node": {"id": "rw3859339", "author": {"nickName": "daftdwarf", "userId": "ur69440365", "__typename": "UserProfile"}, "summary": {"originalText": "Dull", "__typename": "ReviewSummary"}, "text": {"originalText": {"plaidHtml": "Justice League felt like going through a list of specifications with no identity whatsoever. It&#39;s not a bad movie per se, it&#39;s just extremely dull. Of course there&#39;s nothing new in the photo department but that&#39;s to be expected, it&#39;s kind of an identity for the whole DCEU. I don&#39;t like it but hey, that&#39;s an artistic choice I won&#39;t criticize here, at least it&#39;s coherent. But some flaws are more crippling than that. <br/><br/>Every single characterization was a bit off and some of them felt like they were forced, especially Barry Allen. Still, the actors do the best they can with the material so it&#39;s not unbearable. <br/><br/>Every situation (and even the chain of events) is so predictable (clich\u00e9 even) that it gets you out of the movie. This level of &quot;nothing new&quot; is damaging to the story as it stops you from caring about anything. And it seems like the producers knew this cause they threw in the mandatory helpless family so that you could sense the danger a bit more. After all, it&#39;s just the end of the world, how could you care if there was no kid in immediate danger ? Oh wait... Still, even that falls flat as their scenes (and they&#39;re not the only ones) are filled with incoherent behaviors that were put there just so that the plot can go forward. <br/><br/>I attended a screening where the only bursts of joy (or emotions at all) occurred when a new character appeared. Kind of a &quot;fanboy effect&quot; that fills you with hope at the sight of one of your beloved comics characters. But the rest of the time, everyone was quite bored and numerous sighs were heard. In a sense, it reassured me as I understood I was not the only one who was disappointed in the movie.<br/><br/>*****The following paragraph might contain a minor SPOILER (depending on what you consider a spoiler)***** <br/><br/>Plus, something else bothered me. But I know everyone won&#39;t agree on this one cause it&#39;s kind of a speculation. All the points above still stand even if I&#39;m wrong about it. So here it is : Justice League felt like it was a failed attempt to adapt the Avengers in the DCEU. And I&#39;m not talking about the strangely similar theme. Nor am I referring to the tension inside the team before they reconcile that felt like a watered-down version of what we saw in the 2012 movie by Whedon. But the characters are bent so that they match their Marvel counterparts. The Flash takes the place of the slightly weaker and wisecracking Hawkeye, Aquaman clearly corresponds to Thor with his royal and out-of-place persona, Wonder Woman goes through the same soldier- leader dilemma as Cap did and even Batman is slightly changed so that he&#39;s closer to Tony Stark (making decisions that make absolutely no sense for the world&#39;s best detective that we all know and love). That&#39;s a shame cause DC characters are interesting and have a lot more to offer than a mere copy. <br/><br/>*****END OF POSSIBLE SPOILER*****<br/><br/>As of 11/16/2017, this movie has an 8.1 score here on IMDb. Now I&#39;m not a hater and won&#39;t say it&#39;s the worst movie in history but more than 8 ? Seriously ? It barely does the job so it&#39;s a 5 out of 10 for me.", "__typename": "Markdown"}, "__typename": "ReviewText"}, "authorRating": 5, "submissionDate": "2017-11-16", "helpfulness": {"upVotes": 339, "downVotes": 156, "__typename": "ReviewHelpfulness"}, "__typename": "Review"}, "__typename": "ReviewEdge"}], "__typename": "ReviewsConnection"}, "canRate": {"isRatable": true, "__typename": "CanRate"}, "iframeAddReviewLink": {"url": "https://contribute.imdb.com/review/tt0974015/add?bus=imdb&return_url=https%3A%2F%2Fwww.imdb.com%2Fclose_me&site=web", "__typename": "ContributionLink"}, "topQuestions": {"total": 0, "edges": [], "__typename": "AlexaQuestionConnection"}, "faqs": {"total": 3, "edges": [{"node": {"id": "fq0089496", "question": {"plainText": "Why doesn't Superman beat up Steppenwolf in 1 second flat and be done with it all? Surely he's no match for Supes. Just seems like a huge plot hole", "__typename": "Markdown"}, "__typename": "Faq"}, "__typename": "FaqEdge"}, {"node": {"id": "fq0085039", "question": {"plainText": "Who are the members of the League?", "__typename": "Markdown"}, "__typename": "Faq"}, "__typename": "FaqEdge"}, {"node": {"id": "fq0035183", "question": {"plainText": "Who are the villains?", "__typename": "Markdown"}, "__typename": "Faq"}, "__typename": "FaqEdge"}], "__typename": "FaqConnection"}, "releaseDate": {"day": 17, "month": 11, "year": 2017, "country": {"id": "IN", "text": "India", "__typename": "LocalizedDisplayableCountry"}, "__typename": "ReleaseDate"}, "countriesOfOrigin": {"countries": [{"id": "US", "text": "United States", "__typename": "CountryOfOrigin"}, {"id": "CA", "text": "Canada", "__typename": "CountryOfOrigin"}, {"id": "GB", "text": "United Kingdom", "__typename": "CountryOfOrigin"}], "__typename": "CountriesOfOrigin"}, "detailsExternalLinks": {"edges": [{"node": {"url": "https://www.facebook.com/justiceleagueofficial/", "label": "Official Facebook", "externalLinkRegion": null, "__typename": "ExternalLink"}, "__typename": "ExternalLinkEdge"}], "total": 1, "__typename": "ExternalLinkConnection"}, "spokenLanguages": {"spokenLanguages": [{"id": "en", "text": "English", "__typename": "SpokenLanguage"}, {"id": "ga", "text": "Irish Gaelic", "__typename": "SpokenLanguage"}, {"id": "ru", "text": "Russian", "__typename": "SpokenLanguage"}, {"id": "is", "text": "Icelandic", "__typename": "SpokenLanguage"}], "__typename": "SpokenLanguages"}, "akas": {"edges": [{"node": {"text": "\u091c\u0938\u094d\u091f\u093f\u0938 \u0932\u0940\u0917", "__typename": "Aka"}, "__typename": "AkaEdge"}], "__typename": "AkaConnection"}, "filmingLocations": {"edges": [{"node": {"text": "Dj\u00fapav\u00edk, Westfjords, Iceland", "location": "Dj\u00fapav\u00edk, Westfjords, Iceland", "attributes": [{"text": "Bruce Wayne at top of waterfall above village where he meets Aquaman", "__typename": "DisplayableAttribute"}], "__typename": "FilmingLocation"}, "__typename": "FilmingLocationEdge"}], "total": 21, "__typename": "FilmingLocationConnection"}, "production": {"edges": [{"node": {"company": {"id": "co0002663", "companyText": {"text": "Warner Bros.", "__typename": "CompanyText"}, "__typename": "Company"}, "__typename": "CompanyCredit"}, "__typename": "CompanyCreditEdge"}, {"node": {"company": {"id": "co0430860", "companyText": {"text": "RatPac Entertainment", "__typename": "CompanyText"}, "__typename": "Company"}, "__typename": "CompanyCredit"}, "__typename": "CompanyCreditEdge"}, {"node": {"company": {"id": "co0123927", "companyText": {"text": "DC Entertainment", "__typename": "CompanyText"}, "__typename": "Company"}, "__typename": "CompanyCredit"}, "__typename": "CompanyCreditEdge"}], "__typename": "CompanyCreditConnection"}, "companies": {"total": 160, "__typename": "CompanyCreditConnection"}, "productionBudget": {"budget": {"amount": 300000000, "currency": "USD", "__typename": "Money"}, "__typename": "ProductionBudget"}, "lifetimeGross": {"total": {"amount": 229024295, "currency": "USD", "__typename": "Money"}, "__typename": "BoxOfficeGross"}, "openingWeekendGross": {"gross": {"total": {"amount": 93842239, "currency": "USD", "__typename": "Money"}, "__typename": "BoxOfficeGross"}, "weekendEndDate": "2017-11-19", "__typename": "OpeningWeekendGross"}, "worldwideGross": {"total": {"amount": 661326987, "currency": "USD", "__typename": "Money"}, "__typename": "BoxOfficeGross"}, "technicalSpecifications": {"soundMixes": {"items": [{"id": "dolby_digital", "text": "Dolby Digital", "attributes": [], "__typename": "SoundMix"}, {"id": "12_track_digital sound", "text": "12-Track Digital Sound", "attributes": [], "__typename": "SoundMix"}, {"id": "dolby_atmos", "text": "Dolby Atmos", "attributes": [], "__typename": "SoundMix"}, {"id": "imax_6_track", "text": "IMAX 6-Track", "attributes": [], "__typename": "SoundMix"}, {"id": "sonics_ddp", "text": "Sonics-DDP", "attributes": [], "__typename": "SoundMix"}, {"id": "auro_11.1", "text": "Auro 11.1", "attributes": [], "__typename": "SoundMix"}, {"id": "dolby_surround 7.1", "text": "Dolby Surround 7.1", "attributes": [], "__typename": "SoundMix"}], "__typename": "SoundMixes"}, "aspectRatios": {"items": [{"aspectRatio": "1.85 : 1", "attributes": [], "__typename": "AspectRatio"}], "__typename": "AspectRatios"}, "colorations": {"items": [{"conceptId": "color", "text": "Color", "attributes": [], "__typename": "Coloration"}], "__typename": "Colorations"}, "__typename": "TechnicalSpecifications"}, "runtime": {"seconds": 7200, "__typename": "Runtime"}, "series": null, "canHaveEpisodes": false, "contributionQuestions": {"contributionLink": {"url": "https://contribute.imdb.com/answers", "__typename": "ContributionQuestionsLink"}, "edges": [], "__typename": "QuestionConnection"}, "__typename": "Title"}}