{"ok": true, "error_code": 200, "description": "", "short": {"@context": "https://schema.org", "@type": "Movie", "url": "https://www.imdb.com/title/tt10366460/", "name": "CODA", "image": "https://m.media-amazon.com/images/M/MV5BNzIzOTNjOTQtM2QzOC00NjFlLTljZDUtZmI4Yjg1YTkyMTBiXkEyXkFqcGc@._V1_.jpg", "description": "As a CODA (Child of Deaf Adults) Ruby is the only hearing person in her deaf family. When the family&apos;s fishing business is threatened, Ruby finds herself torn between pursuing her passion at Berklee College of Music and her fear o...", "review": {"@type": "Review", "itemReviewed": {"@type": "Movie", "url": "https://www.imdb.com/title/tt10366460/"}, "author": {"@type": "Person", "name": "sweidman-28016"}, "dateCreated": "2021-01-29", "inLanguage": "English", "name": "A Delightful Movie For All", "reviewBody": "As the opening for Sundance, CODA gave us a delightful story of a hearing child in a deaf family. She finds herself torn between pursuing her love of music and her family&apos;s reliance on her to be their connection to the outside world. I would like to say how much of a crowd pleaser this is. All of the reviews have come back positive saying this is the best opener since Whiplash. The performances are good all around. What got to me most is the family dynamic. It&apos;s something really heart-warming to watch that put a smile on my face the whole time. The comedy landed well throughout. The same goes for the drama. Sian Heder is a good director and we see the heart put into the movie. The story is where some of my issues came from. It follows a typical storyline that we&apos;ve seen before in movies geared toward teens. It became predictable along the way and some of the scenes felt too good to be true. But I understand this isn&apos;t meant to be something to breakdown and analyze. All in all, this is meant to make us feel good and that&apos;s exactly what it did. I look forward to rewatching this again in the future.", "reviewRating": {"@type": "Rating", "worstRating": 1, "bestRating": 10, "ratingValue": 8}}, "aggregateRating": {"@type": "AggregateRating", "ratingCount": 171302, "bestRating": 10, "worstRating": 1, "ratingValue": 8}, "contentRating": "A", "genre": ["Comedy", "Drama", "Music"], "datePublished": "2021-08-13", "keywords": "sign language,remake of french film,deaf parent,coming of age,coming of age drama", "trailer": {"@type": "VideoObject", "name": "Watch Now on Apple TV+", "embedUrl": "https://www.imdb.com/video/imdb/vi3832463385", "thumbnail": {"@type": "ImageObject", "contentUrl": "https://m.media-amazon.com/images/M/MV5BM2U1ZjcwN2EtOTE5ZC00ODk5LWFhOWYtODI1M2JhZDZmMjliXkEyXkFqcGdeQXZ3ZXNsZXk@._V1_.jpg"}, "thumbnailUrl": "https://m.media-amazon.com/images/M/MV5BM2U1ZjcwN2EtOTE5ZC00ODk5LWFhOWYtODI1M2JhZDZmMjliXkEyXkFqcGdeQXZ3ZXNsZXk@._V1_.jpg", "url": "https://www.imdb.com/video/vi3832463385/", "description": "As a CODA (Child of Deaf Adults) Ruby is the only hearing person in her deaf family. When the family&apos;s fishing business is threatened, Ruby finds herself torn between pursuing her love of music and her fear of abandoning her parents.", "duration": "PT2M29S", "uploadDate": "2021-08-11T19:34:57.373Z"}, "actor": [{"@type": "Person", "url": "https://www.imdb.com/name/nm4454223/", "name": "Emilia Jones"}, {"@type": "Person", "url": "https://www.imdb.com/name/nm0559144/", "name": "Marlee Matlin"}, {"@type": "Person", "url": "https://www.imdb.com/name/nm1319274/", "name": "Troy Kotsur"}], "director": [{"@type": "Person", "url": "https://www.imdb.com/name/nm1571761/", "name": "Sian Heder"}], "creator": [{"@type": "Organization", "url": "https://www.imdb.com/company/co0822606/"}, {"@type": "Organization", "url": "https://www.imdb.com/company/co0338408/"}, {"@type": "Organization", "url": "https://www.imdb.com/company/co0701674/"}, {"@type": "Person", "url": "https://www.imdb.com/name/nm1571761/", "name": "Sian Heder"}, {"@type": "Person", "url": "https://www.imdb.com/name/nm2605079/", "name": "Victoria Bedos"}, {"@type": "Person", "url": "https://www.imdb.com/name/nm0141133/", "name": "Stanislas Carr\u00e9 de Malberg"}], "duration": "PT1H51M"}, "imdbId": "tt10366460", "top": {"id": "tt10366460", "productionStatus": {"currentProductionStage": {"id": "released", "text": "Released", "__typename": "ProductionStage"}, "productionStatusHistory": [{"status": {"id": "script", "text": "Script", "__typename": "ProductionStatus"}, "__typename": "ProductionStatusHistory"}, {"status": {"id": "filming", "text": "Filming", "__typename": "ProductionStatus"}, "__typename": "ProductionStatusHistory"}, {"status": {"id": "post_production", "text": "Post-production", "__typename": "ProductionStatus"}, "__typename": "ProductionStatusHistory"}, {"status": {"id": "completed", "text": "Completed", "__typename": "ProductionStatus"}, "__typename": "ProductionStatusHistory"}, {"status": {"id": "released", "text": "Released", "__typename": "ProductionStatus"}, "__typename": "ProductionStatusHistory"}], "restriction": null, "__typename": "ProductionStatusDetails"}, "canHaveEpisodes": false, "series": null, "titleText": {"text": "CODA", "__typename": "TitleText"}, "titleType": {"displayableProperty": {"value": {"plainText": "", "__typename": "Markdown"}, "__typename": "DisplayableTitleTypeProperty"}, "text": "Movie", "id": "movie", "isSeries": false, "isEpisode": false, "categories": [{"value": "movie", "__typename": "TitleTypeCategory"}], "canHaveEpisodes": false, "__typename": "TitleType"}, "originalTitleText": {"text": "CODA", "__typename": "TitleText"}, "certificate": {"rating": "A", "__typename": "Certificate"}, "releaseYear": {"year": 2021, "endYear": null, "__typename": "YearRange"}, "releaseDate": {"day": 13, "month": 8, "year": 2021, "__typename": "ReleaseDate"}, "runtime": {"seconds": 6660, "displayableProperty": {"value": {"plainText": "1h 51m", "__typename": "Markdown"}, "__typename": "DisplayableTitleRuntimeProperty"}, "__typename": "Runtime"}, "canRate": {"isRatable": true, "__typename": "CanRate"}, "ratingsSummary": {"aggregateRating": 8, "voteCount": 171302, "__typename": "RatingsSummary"}, "meterRanking": {"currentRank": 1334, "rankChange": {"changeDirection": "UP", "difference": 16, "__typename": "MeterRankChange"}, "__typename": "TitleMeterRanking"}, "primaryImage": {"id": "rm759954177", "width": 503, "height": 755, "url": "https://m.media-amazon.com/images/M/MV5BNzIzOTNjOTQtM2QzOC00NjFlLTljZDUtZmI4Yjg1YTkyMTBiXkEyXkFqcGc@._V1_.jpg", "caption": {"plainText": "Marlee Matlin, Troy Kotsur, Daniel Durant, and Emilia Jones in CODA (2021)", "__typename": "Markdown"}, "__typename": "Image"}, "images": {"total": 519, "edges": [{"node": {"id": "rm3412387585", "__typename": "Image"}, "__typename": "ImageEdge"}], "__typename": "ImageConnection"}, "videos": {"total": 13, "__typename": "TitleRelatedVideosConnection"}, "primaryVideos": {"edges": [{"node": {"id": "vi3832463385", "createdDate": "2021-08-11T19:34:57.373Z", "isMature": false, "runtime": {"value": 149, "__typename": "VideoRuntime"}, "name": {"value": "Watch Now on Apple TV+", "language": "en", "__typename": "LocalizedString"}, "description": {"value": "As a CODA (Child of Deaf Adults) Ruby is the only hearing person in her deaf family. When the family's fishing business is threatened, Ruby finds herself torn between pursuing her love of music and her fear of abandoning her parents.", "language": "en", "__typename": "LocalizedString"}, "timedTextTracks": [], "recommendedTimedTextTrack": null, "thumbnail": {"url": "https://m.media-amazon.com/images/M/MV5BM2U1ZjcwN2EtOTE5ZC00ODk5LWFhOWYtODI1M2JhZDZmMjliXkEyXkFqcGdeQXZ3ZXNsZXk@._V1_.jpg", "height": 810, "width": 1439, "__typename": "Thumbnail"}, "primaryTitle": {"id": "tt10366460", "titleText": {"text": "CODA", "__typename": "TitleText"}, "originalTitleText": {"text": "CODA", "__typename": "TitleText"}, "releaseYear": {"year": 2021, "__typename": "YearRange"}, "__typename": "Title"}, "playbackURLs": [{"displayName": {"value": "480p", "language": "en-US", "__typename": "LocalizedString"}, "videoMimeType": "MP4", "videoDefinition": "DEF_480p", "url": "https://imdb-video.media-imdb.com/vi3832463385/1434659607842-pgv4ql-1628710497659.mp4?Expires=1730927164&Signature=PdmMx2w8rVR~hgUrcPUFf6P~SA0S3Er7yq7aJ4q4TJNQfmdlvnS7bYY9pBHkbErQGt0Ro4HDeJf436VPmRxcEFGRtTPQbsp1htWM5JM8ty2FjzqXPOsccX~oGc-nyIeEfWALLe-x9nlB3NC~lHcidLXQdJc7fGfaN0SeLfHlBMHtEgGM3FJxQGk6DaR4j7ZjcbP4m4~jmrWzjR3AWtXWSRztlH5XvYABlNb19wwpNx5ELBPX2B-h4xZhw8qk7mrb38RPAI8NCxA~w8DZb-Pjsq7PRZXeQXLvKMo1vdmZcp3GqKlxJaekodcevEa65PhTUfbh-jFOcrQRi1z9d~DLoA__&Key-Pair-Id=APKAIFLZBVQZ24NQH3KA", "__typename": "PlaybackURL"}, {"displayName": {"value": "SD", "language": "en-US", "__typename": "LocalizedString"}, "videoMimeType": "MP4", "videoDefinition": "DEF_SD", "url": "https://imdb-video.media-imdb.com/vi3832463385/1434659454657-dx9ykf-1628710497660.mp4?Expires=1730927164&Signature=kw1Yaez~pavQeaQ6WapuXGwfPaicwlDPn2O~b-wptVp-oDnybMH9BdKyI2kMgyUPNQ~4FoxKY8NZpst4xRu~IYolFZ6gJbRuLGZoe8xk1MzSaxeYMSuAkDat6LpsF6XeljTpUjS9LAuRjLC8OMlRxLyH3xT83JW6W~rI2IZPVVCaF5DfQVi3fXpZFV6vbrb1H0lVaPevfxQD4tAS8xwZ2P40R480bx0L587~EUQ1kYr7quXd7IdDYLbBGuBUujVXlLCI006VTpeUnUZ7JTM9Qf0V7TJFncktWl7lp0i9j6O0KBa5U6pk4TwqbodAoHGPaDcM9CCZY8MWKGTx5JXxUA__&Key-Pair-Id=APKAIFLZBVQZ24NQH3KA", "__typename": "PlaybackURL"}], "contentType": {"id": "amzn1.imdb.video.contenttype.trailer", "displayName": {"value": "Trailer", "__typename": "LocalizedString"}, "__typename": "VideoContentType"}, "previewURLs": [{"displayName": {"value": "AUTO", "language": "en-US", "__typename": "LocalizedString"}, "videoMimeType": "M3U8", "videoDefinition": "DEF_AUTO", "url": "https://imdb-video.media-imdb.com/vi3832463385/hls-preview-5bc937f0-5fef-4ccb-8fc8-eee5cc60d3ba.m3u8?Expires=1730927164&Signature=F6r521mY9gfHYuYJuHW2eQ6dUwboFBYbVJjYRYRVB6Rg~Yx~IGKQF-jpHSN5yeWP~LoCqiRInLWP1a7KuBBHzPyaX-2RHB1Gyx~6Wya2-Ox58YqKWEfV0kz9iH3RJi80SO6DzvJl68QOJGMrEcbmV7~3Eli~H-2xO7kDz05sxkdFpHYdaQd8VmNXBcsbsjRGdaHcFLBb-PbB-rwDwhHdEja11NH~jjhaMHS-~EoMpKqcQh~MqxYj0Y7YEp8DAflJjmXUNYaweoA9UOP7~xJSKipqsJi0UgjTbUpU0WfBnZNu2XcVvShO~EicPxq3~0kiyv0-PLqemXhbSwDMudbBmQ__&Key-Pair-Id=APKAIFLZBVQZ24NQH3KA", "__typename": "PlaybackURL"}], "__typename": "Video"}, "__typename": "VideoEdge"}, {"node": {"id": "vi2484322329", "createdDate": "2021-06-24T16:55:28.398Z", "isMature": false, "runtime": {"value": 155, "__typename": "VideoRuntime"}, "name": {"value": "Official Trailer", "language": "en", "__typename": "LocalizedString"}, "description": {"value": "Gifted with a voice that her parents can\u2019t hear, seventeen-year-old Ruby (Emilia Jones), is the sole hearing member of a deaf family\u2014a CODA, Child of Deaf Adults. Her life revolves around acting as interpreter for her parents (Marlee Matlin, Troy Kotsur) and working on the family\u2019s struggling fishing boat every day before school with her father and older brother (Daniel Durant). But when Ruby joins her high school\u2019s choir club, she discovers a gift for singing and finds herself drawn to her duet partner Miles (Ferdia Walsh-Peelo). Encouraged by her enthusiastic, tough-love choirmaster (Eugenio Derbez) to apply to a prestigious music school, Ruby finds herself torn between the obligations she feels to her family and the pursuit of her own dreams.\n\nScreenplay by Si\u00e2n Heder.\n\nDirected by Si\u00e2n Heder.", "language": "en", "__typename": "LocalizedString"}, "timedTextTracks": [], "recommendedTimedTextTrack": null, "thumbnail": {"url": "https://m.media-amazon.com/images/M/MV5BNDA2MzAwMjUtODhlYS00ZjQ1LWJmNDAtNDFhZjAyNTE1YzM0XkEyXkFqcGdeQXNuZXNodQ@@._V1_.jpg", "height": 2072, "width": 3840, "__typename": "Thumbnail"}, "primaryTitle": {"id": "tt10366460", "titleText": {"text": "CODA", "__typename": "TitleText"}, "originalTitleText": {"text": "CODA", "__typename": "TitleText"}, "releaseYear": {"year": 2021, "__typename": "YearRange"}, "__typename": "Title"}, "playbackURLs": [{"displayName": {"value": "480p", "language": "en-US", "__typename": "LocalizedString"}, "videoMimeType": "MP4", "videoDefinition": "DEF_480p", "url": "https://imdb-video.media-imdb.com/vi2484322329/1434659607842-pgv4ql-1624553728740.mp4?Expires=1730927164&Signature=bMfAgGk~ObCRXJLJyjrK18QmvBMjt6OHsxYW39zMNzc4YBxkdgPw4oTNGA-XPS5nfbShxE4dgJZ3aV-TG29dYT-WpXo~0t5XstmrR9yO6~ZFO-JLID3iLfPwFlw~yxeHhHJ2yG2iJld7s144H9rZARokPJBZFlIiaGTBiVEKmYoxPZcmQbbV1JrYIMlVRu9ooXvUDBlchGaQgvl7d6naFKm9vCMXa~gVtTpd8bZ2Pc7Eng1K7KnHkvmA1UkNKAXRRReKjdCvRT0chexXtp-MN6E8r6UpCq-s5X393zDqW3~Nte26GkkYuj9RRik5xJfG2h3vNhO3rnMPjXaMbguw2g__&Key-Pair-Id=APKAIFLZBVQZ24NQH3KA", "__typename": "PlaybackURL"}, {"displayName": {"value": "SD", "language": "en-US", "__typename": "LocalizedString"}, "videoMimeType": "MP4", "videoDefinition": "DEF_SD", "url": "https://imdb-video.media-imdb.com/vi2484322329/1434659454657-dx9ykf-1624553728740.mp4?Expires=1730927164&Signature=HubwUtOlvKNpXnCvlESzihAqE2w8ET11-dmaMViuB0pEswGJReA6CCViMA4f~r~~FHUuE0FpHthhMDxzyVr-S5jCfddCnIAOslpVvRY7zXJme0o-d2yKOOD1l5IkIAwM9C~BPruK7Y9cMzR-w6lhGUh-b7B-ie59lXkT-MJoI7w3~qxPRTovajIDSb7pQY0yyZyvSAwDAfmEHubeVp2~7wxONme14Q2fiG8sK92YlOJqXpnu49OgruwIAaA0AfF4Hr8QKmaOkNAUZ5u-eWaz3Hnzw0db8ql0v2UKjSGySXY~cJYDCL9ECD-6UODVbQLhkXnJeAbgYW4KoeUv9JjPTw__&Key-Pair-Id=APKAIFLZBVQZ24NQH3KA", "__typename": "PlaybackURL"}], "contentType": {"id": "amzn1.imdb.video.contenttype.trailer", "displayName": {"value": "Trailer", "__typename": "LocalizedString"}, "__typename": "VideoContentType"}, "previewURLs": [{"displayName": {"value": "AUTO", "language": "en-US", "__typename": "LocalizedString"}, "videoMimeType": "M3U8", "videoDefinition": "DEF_AUTO", "url": "https://imdb-video.media-imdb.com/vi2484322329/hls-preview-13db5c6e-28f6-4bc4-908e-6814c1920029.m3u8?Expires=1730927164&Signature=ubjCjNdBAaNQVTSxGrN9p7MF508ZG-VipWpUU-n8C9pU7K4kadYHs-M3wyPcemytlpW5hVzsthgPCPrTIy-LVPhh6JS9EviVlU2~s6hCbC7q8WztX-6y2dsX9T3y2fKtagSrFY6qcrmZPw6D8CYVvnfH0w1aIV0gQdsg5RK~3c0pZ-wAGxR2iXvEz9xOmdwx4LPQJBc0QNF2pYlReu1uBFo9oXEptRY2fICsffBB3uP88nzrLMJ-ZIqDBVFUqNCC~sPlmcFLLSd3gZ8aIiuMRvb2M4K9q3H3986L8a-HWk6HW7Cml9pIzVMMPAIRWws62rgZvan41FJEqVKj3UnYJQ__&Key-Pair-Id=APKAIFLZBVQZ24NQH3KA", "__typename": "PlaybackURL"}], "__typename": "Video"}, "__typename": "VideoEdge"}], "__typename": "VideoConnection"}, "externalLinks": {"total": 295, "__typename": "ExternalLinkConnection"}, "metacritic": {"metascore": {"score": 72, "__typename": "Metascore"}, "__typename": "Metacritic"}, "keywords": {"total": 87, "edges": [{"node": {"text": "sign language", "__typename": "TitleKeyword"}, "__typename": "TitleKeywordEdge"}, {"node": {"text": "remake of french film", "__typename": "TitleKeyword"}, "__typename": "TitleKeywordEdge"}, {"node": {"text": "deaf parent", "__typename": "TitleKeyword"}, "__typename": "TitleKeywordEdge"}, {"node": {"text": "coming of age", "__typename": "TitleKeyword"}, "__typename": "TitleKeywordEdge"}, {"node": {"text": "coming of age drama", "__typename": "TitleKeyword"}, "__typename": "TitleKeywordEdge"}], "__typename": "TitleKeywordConnection"}, "isAdult": false, "genres": {"genres": [{"text": "Comedy", "id": "Comedy", "__typename": "Genre"}, {"text": "Drama", "id": "Drama", "__typename": "Genre"}, {"text": "Music", "id": "Music", "__typename": "Genre"}], "__typename": "Genres"}, "interests": {"edges": [{"node": {"id": "in0000073", "primaryText": {"text": "Coming-of-Age", "__typename": "InterestText"}, "__typename": "Interest"}, "__typename": "InterestEdge"}, {"node": {"id": "in0000034", "primaryText": {"text": "Comedy", "__typename": "InterestText"}, "__typename": "Interest"}, "__typename": "InterestEdge"}, {"node": {"id": "in0000076", "primaryText": {"text": "Drama", "__typename": "InterestText"}, "__typename": "Interest"}, "__typename": "InterestEdge"}, {"node": {"id": "in0000130", "primaryText": {"text": "Music", "__typename": "InterestText"}, "__typename": "Interest"}, "__typename": "InterestEdge"}], "__typename": "InterestConnection"}, "plot": {"plotText": {"plainText": "As a CODA (Child of Deaf Adults) Ruby is the only hearing person in her deaf family. When the family's fishing business is threatened, Ruby finds herself torn between pursuing her passion at Berklee College of Music and her fear of abandoning her parents.", "__typename": "Markdown"}, "language": {"id": "en-US", "__typename": "DisplayableLanguage"}, "__typename": "Plot"}, "plotContributionLink": {"url": "https://contribute.imdb.com/updates?update=tt10366460:outlines.add.1.locale~en-US", "__typename": "ContributionLink"}, "credits": {"total": 358, "__typename": "CreditConnection"}, "principalCredits": [{"totalCredits": 1, "category": {"text": "Director", "id": "director", "__typename": "CreditCategory"}, "credits": [{"name": {"nameText": {"text": "Sian Heder", "__typename": "NameText"}, "id": "nm1571761", "__typename": "Name"}, "attributes": null, "__typename": "Crew"}], "__typename": "PrincipalCreditsForCategory"}, {"totalCredits": 5, "category": {"text": "Writers", "id": "writer", "__typename": "CreditCategory"}, "credits": [{"name": {"nameText": {"text": "Sian Heder", "__typename": "NameText"}, "id": "nm1571761", "__typename": "Name"}, "attributes": null, "__typename": "Crew"}, {"name": {"nameText": {"text": "Victoria Bedos", "__typename": "NameText"}, "id": "nm2605079", "__typename": "Name"}, "attributes": null, "__typename": "Crew"}, {"name": {"nameText": {"text": "Stanislas Carr\u00e9 de Malberg", "__typename": "NameText"}, "id": "nm0141133", "__typename": "Name"}, "attributes": null, "__typename": "Crew"}], "__typename": "PrincipalCreditsForCategory"}, {"totalCredits": 75, "category": {"text": "Stars", "id": "cast", "__typename": "CreditCategory"}, "credits": [{"name": {"nameText": {"text": "Emilia Jones", "__typename": "NameText"}, "id": "nm4454223", "__typename": "Name"}, "attributes": null, "__typename": "Cast"}, {"name": {"nameText": {"text": "Marlee Matlin", "__typename": "NameText"}, "id": "nm0559144", "__typename": "Name"}, "attributes": null, "__typename": "Cast"}, {"name": {"nameText": {"text": "Troy Kotsur", "__typename": "NameText"}, "id": "nm1319274", "__typename": "Name"}, "attributes": null, "__typename": "Cast"}], "__typename": "PrincipalCreditsForCategory"}], "reviews": {"total": 718, "__typename": "ReviewsConnection"}, "criticReviewsTotal": {"total": 268, "__typename": "ExternalLinkConnection"}, "triviaTotal": {"total": 46, "__typename": "TriviaConnection"}, "engagementStatistics": {"watchlistStatistics": {"displayableCount": {"text": "Added by 223K users", "__typename": "LocalizedDisplayableCount"}, "__typename": "WatchlistStatistics"}, "__typename": "EngagementStatistics"}, "subNavCredits": {"total": 358, "__typename": "CreditConnection"}, "subNavReviews": {"total": 718, "__typename": "ReviewsConnection"}, "subNavTrivia": {"total": 46, "__typename": "TriviaConnection"}, "subNavFaqs": {"total": 1, "__typename": "FaqConnection"}, "subNavTopQuestions": {"total": 18, "__typename": "AlexaQuestionConnection"}, "titleGenres": {"genres": [{"genre": {"text": "Comedy", "__typename": "GenreItem"}, "__typename": "TitleGenre"}, {"genre": {"text": "Drama", "__typename": "GenreItem"}, "__typename": "TitleGenre"}, {"genre": {"text": "Music", "__typename": "GenreItem"}, "__typename": "TitleGenre"}], "__typename": "TitleGenres"}, "meta": {"canonicalId": "tt10366460", "publicationStatus": "PUBLISHED", "__typename": "TitleMeta"}, "castPageTitle": {"edges": [{"node": {"name": {"id": "nm4454223", "nameText": {"text": "Emilia Jones", "__typename": "NameText"}, "__typename": "Name"}, "__typename": "Cast"}, "__typename": "CreditEdge"}, {"node": {"name": {"id": "nm1319274", "nameText": {"text": "Troy Kotsur", "__typename": "NameText"}, "__typename": "Name"}, "__typename": "Cast"}, "__typename": "CreditEdge"}, {"node": {"name": {"id": "nm3310289", "nameText": {"text": "Daniel Durant", "__typename": "NameText"}, "__typename": "Name"}, "__typename": "Cast"}, "__typename": "CreditEdge"}, {"node": {"name": {"id": "nm0278468", "nameText": {"text": "John Fiore", "__typename": "NameText"}, "__typename": "Name"}, "__typename": "Cast"}, "__typename": "CreditEdge"}], "__typename": "CreditConnection"}, "creatorsPageTitle": [], "directorsPageTitle": [{"credits": [{"name": {"id": "nm1571761", "nameText": {"text": "Sian Heder", "__typename": "NameText"}, "__typename": "Name"}, "__typename": "Crew"}], "__typename": "PrincipalCreditsForCategory"}], "countriesOfOrigin": {"countries": [{"id": "FR", "__typename": "CountryOfOrigin"}], "__typename": "CountriesOfOrigin"}, "production": {"edges": [{"node": {"company": {"id": "co0822606", "companyText": {"text": "Apple Original Films", "__typename": "CompanyText"}, "__typename": "Company"}, "__typename": "CompanyCredit"}, "__typename": "CompanyCreditEdge"}, {"node": {"company": {"id": "co0338408", "companyText": {"text": "Vend\u00f4me Pictures", "__typename": "CompanyText"}, "__typename": "Company"}, "__typename": "CompanyCredit"}, "__typename": "CompanyCreditEdge"}, {"node": {"company": {"id": "co0701674", "companyText": {"text": "Path\u00e9 Films", "__typename": "CompanyText"}, "__typename": "Company"}, "__typename": "CompanyCredit"}, "__typename": "CompanyCreditEdge"}], "__typename": "CompanyCreditConnection"}, "featuredReviews": {"edges": [{"node": {"author": {"nickName": "sweidman-28016", "__typename": "UserProfile"}, "summary": {"originalText": "A Delightful Movie For All", "__typename": "ReviewSummary"}, "text": {"originalText": {"plainText": "As the opening for Sundance, CODA gave us a delightful story of a hearing child in a deaf family. She finds herself torn between pursuing her love of music and her family's reliance on her to be their connection to the outside world. I would like to say how much of a crowd pleaser this is. All of the reviews have come back positive saying this is the best opener since Whiplash. The performances are good all around. What got to me most is the family dynamic. It's something really heart-warming to watch that put a smile on my face the whole time. The comedy landed well throughout. The same goes for the drama. Sian Heder is a good director and we see the heart put into the movie. The story is where some of my issues came from. It follows a typical storyline that we've seen before in movies geared toward teens. It became predictable along the way and some of the scenes felt too good to be true. But I understand this isn't meant to be something to breakdown and analyze. All in all, this is meant to make us feel good and that's exactly what it did. I look forward to rewatching this again in the future.", "__typename": "Markdown"}, "__typename": "ReviewText"}, "authorRating": 8, "submissionDate": "2021-01-29", "__typename": "Review"}, "__typename": "ReviewEdge"}], "__typename": "ReviewsConnection"}, "__typename": "Title"}, "main": {"id": "tt10366460", "wins": {"total": 66, "__typename": "AwardNominationConnection"}, "nominationsExcludeWins": {"total": 147, "__typename": "AwardNominationConnection"}, "prestigiousAwardSummary": {"nominations": 0, "wins": 3, "award": {"text": "Oscar", "id": "aw0000016", "event": {"id": "ev0000003", "__typename": "AwardsEvent"}, "__typename": "AwardDetails"}, "__typename": "PrestigiousAwardSummary"}, "ratingsSummary": {"topRanking": {"id": "topRated:tt10366460:en_US", "text": {"value": "Top Rated", "__typename": "LocalizedString"}, "rank": 297, "__typename": "TopRanking"}, "__typename": "RatingsSummary"}, "episodes": null, "videos": {"total": 13, "__typename": "TitleRelatedVideosConnection"}, "videoStrip": {"edges": [{"node": {"id": "vi3832463385", "contentType": {"displayName": {"value": "Trailer", "__typename": "LocalizedString"}, "__typename": "VideoContentType"}, "name": {"value": "Watch Now on Apple TV+", "__typename": "LocalizedString"}, "runtime": {"value": 149, "__typename": "VideoRuntime"}, "thumbnail": {"height": 810, "url": "https://m.media-amazon.com/images/M/MV5BM2U1ZjcwN2EtOTE5ZC00ODk5LWFhOWYtODI1M2JhZDZmMjliXkEyXkFqcGdeQXZ3ZXNsZXk@._V1_.jpg", "width": 1439, "__typename": "Thumbnail"}, "__typename": "Video"}, "__typename": "VideoEdge"}, {"node": {"id": "vi2484322329", "contentType": {"displayName": {"value": "Trailer", "__typename": "LocalizedString"}, "__typename": "VideoContentType"}, "name": {"value": "Official Trailer", "__typename": "LocalizedString"}, "runtime": {"value": 155, "__typename": "VideoRuntime"}, "thumbnail": {"height": 2072, "url": "https://m.media-amazon.com/images/M/MV5BNDA2MzAwMjUtODhlYS00ZjQ1LWJmNDAtNDFhZjAyNTE1YzM0XkEyXkFqcGdeQXNuZXNodQ@@._V1_.jpg", "width": 3840, "__typename": "Thumbnail"}, "__typename": "Video"}, "__typename": "VideoEdge"}, {"node": {"id": "vi1549846297", "contentType": {"displayName": {"value": "Clip", "__typename": "LocalizedString"}, "__typename": "VideoContentType"}, "name": {"value": "5 Sundance Award-Winning Dramas to Stream", "__typename": "LocalizedString"}, "runtime": {"value": 61, "__typename": "VideoRuntime"}, "thumbnail": {"height": 1080, "url": "https://m.media-amazon.com/images/M/MV5BNjNkMzljYjAtN2Y5NS00ZTQwLWFjOGQtNDdkYjllMzliNjEyXkEyXkFqcGdeQWplZmZscA@@._V1_.jpg", "width": 1920, "__typename": "Thumbnail"}, "__typename": "Video"}, "__typename": "VideoEdge"}, {"node": {"id": "vi1899545881", "contentType": {"displayName": {"value": "Clip", "__typename": "LocalizedString"}, "__typename": "VideoContentType"}, "name": {"value": "Why Eugenio Derbez Followed in His Mother's Footsteps", "__typename": "LocalizedString"}, "runtime": {"value": 207, "__typename": "VideoRuntime"}, "thumbnail": {"height": 1080, "url": "https://m.media-amazon.com/images/M/MV5BYWFmZmQ2MzQtMTkyOS00ZmFkLWJiMzUtNGI2OWE5MGEzZjkxXkEyXkFqcGdeQWFsZWxvZw@@._V1_.jpg", "width": 1920, "__typename": "Thumbnail"}, "__typename": "Video"}, "__typename": "VideoEdge"}, {"node": {"id": "vi4088447513", "contentType": {"displayName": {"value": "Clip", "__typename": "LocalizedString"}, "__typename": "VideoContentType"}, "name": {"value": "All About Troy Kotsur", "__typename": "LocalizedString"}, "runtime": {"value": 93, "__typename": "VideoRuntime"}, "thumbnail": {"height": 1668, "url": "https://m.media-amazon.com/images/M/MV5BZGUyZTdlMTEtOTBiNy00Mzc1LWEyNmUtYTUzMmU5YjJlMTM3XkEyXkFqcGdeQWFsZWxvZw@@._V1_.jpg", "width": 2966, "__typename": "Thumbnail"}, "__typename": "Video"}, "__typename": "VideoEdge"}, {"node": {"id": "vi3316695577", "contentType": {"displayName": {"value": "Clip", "__typename": "LocalizedString"}, "__typename": "VideoContentType"}, "name": {"value": "Best Moments from the Oscars 2022 Telecast [With Captions]", "__typename": "LocalizedString"}, "runtime": {"value": 136, "__typename": "VideoRuntime"}, "thumbnail": {"height": 1080, "url": "https://m.media-amazon.com/images/M/MV5BNzM5NjE5MDQtMzEwNy00ODZiLThmMDYtZWM3OGM2M2UxNTBhXkEyXkFqcGdeQWxpenpp._V1_.jpg", "width": 1920, "__typename": "Thumbnail"}, "__typename": "Video"}, "__typename": "VideoEdge"}, {"node": {"id": "vi2561720857", "contentType": {"displayName": {"value": "Clip", "__typename": "LocalizedString"}, "__typename": "VideoContentType"}, "name": {"value": "Best Moments From the Oscars 2022 Telecast", "__typename": "LocalizedString"}, "runtime": {"value": 136, "__typename": "VideoRuntime"}, "thumbnail": {"height": 1080, "url": "https://m.media-amazon.com/images/M/MV5BYTE2YWY4MTMtMjhjYS00ODE0LWJjNDMtNDk4NzFjOWVhMTQ3XkEyXkFqcGdeQWxpenpp._V1_.jpg", "width": 1920, "__typename": "Thumbnail"}, "__typename": "Video"}, "__typename": "VideoEdge"}, {"node": {"id": "vi2118566681", "contentType": {"displayName": {"value": "Clip", "__typename": "LocalizedString"}, "__typename": "VideoContentType"}, "name": {"value": "Everything to Know About the 2022 Oscars", "__typename": "LocalizedString"}, "runtime": {"value": 295, "__typename": "VideoRuntime"}, "thumbnail": {"height": 1080, "url": "https://m.media-amazon.com/images/M/MV5BOWZkYmU3NWQtNjAyNi00YWU3LTg3ZmUtNzVkMjJkNjE5Mzk2XkEyXkFqcGdeQWFsZWxvZw@@._V1_.jpg", "width": 1920, "__typename": "Thumbnail"}, "__typename": "Video"}, "__typename": "VideoEdge"}, {"node": {"id": "vi2892088089", "contentType": {"displayName": {"value": "Clip", "__typename": "LocalizedString"}, "__typename": "VideoContentType"}, "name": {"value": "6 Standout Scenes From First-Time Oscar Nominees", "__typename": "LocalizedString"}, "runtime": {"value": 99, "__typename": "VideoRuntime"}, "thumbnail": {"height": 1080, "url": "https://m.media-amazon.com/images/M/MV5BYmI3NDg2NWEtYWMyNy00NjJiLWE3ZjMtOTRhYjc0MjlkYzU1XkEyXkFqcGdeQWplZmZscA@@._V1_.jpg", "width": 1920, "__typename": "Thumbnail"}, "__typename": "Video"}, "__typename": "VideoEdge"}, {"node": {"id": "vi1601945625", "contentType": {"displayName": {"value": "Clip", "__typename": "LocalizedString"}, "__typename": "VideoContentType"}, "name": {"value": "Marlee Matlin Shares the Importance of Authentic Representation", "__typename": "LocalizedString"}, "runtime": {"value": 366, "__typename": "VideoRuntime"}, "thumbnail": {"height": 1080, "url": "https://m.media-amazon.com/images/M/MV5BYzM0NTI2NWEtNmFjNS00ODlhLTg3MDAtNTI3N2M3NGUxNzFmXkEyXkFqcGdeQWxpenpp._V1_.jpg", "width": 1920, "__typename": "Thumbnail"}, "__typename": "Video"}, "__typename": "VideoEdge"}, {"node": {"id": "vi2742075417", "contentType": {"displayName": {"value": "Clip", "__typename": "LocalizedString"}, "__typename": "VideoContentType"}, "name": {"value": "Movies and TV Shows You Should Watch in August 2021", "__typename": "LocalizedString"}, "runtime": {"value": 210, "__typename": "VideoRuntime"}, "thumbnail": {"height": 1080, "url": "https://m.media-amazon.com/images/M/MV5BMGVjYjE0MGItMmIxYy00NjczLTg5MmQtNjhiMmVjODQzMzVmXkEyXkFqcGdeQWplZmZscA@@._V1_.jpg", "width": 1920, "__typename": "Thumbnail"}, "__typename": "Video"}, "__typename": "VideoEdge"}, {"node": {"id": "vi4283613465", "contentType": {"displayName": {"value": "Clip", "__typename": "LocalizedString"}, "__typename": "VideoContentType"}, "name": {"value": "Sundance 2021 Record-Breakers & Must-See Movies", "__typename": "LocalizedString"}, "runtime": {"value": 229, "__typename": "VideoRuntime"}, "thumbnail": {"height": 1080, "url": "https://m.media-amazon.com/images/M/MV5BNjZlMjVmZTgtNThhOC00NTNmLWI4MTktODQ5NzI4YzhiNzg1XkEyXkFqcGdeQWFsZWxvZw@@._V1_.jpg", "width": 1920, "__typename": "Thumbnail"}, "__typename": "Video"}, "__typename": "VideoEdge"}], "__typename": "VideoConnection"}, "titleMainImages": {"total": 519, "edges": [{"node": {"id": "rm3412387585", "url": "https://m.media-amazon.com/images/M/MV5BN2Y3MTc1MTUtZjgyMS00YjZjLWI0YzYtM2YxNzlmM2ViMzYxXkEyXkFqcGc@._V1_.jpg", "caption": {"plainText": "Marlee Matlin and Troy Kotsur in CODA (2021)", "__typename": "Markdown"}, "height": 2076, "width": 3690, "__typename": "Image"}, "__typename": "ImageEdge"}, {"node": {"id": "rm2745363713", "url": "https://m.media-amazon.com/images/M/MV5BYzdlYTZjZjEtOTlhMi00Y2U1LWJjMmQtZTUxYzA4MDcxNThlXkEyXkFqcGc@._V1_.jpg", "caption": {"plainText": "Emilia Jones in CODA (2021)", "__typename": "Markdown"}, "height": 2072, "width": 3840, "__typename": "Image"}, "__typename": "ImageEdge"}, {"node": {"id": "rm2749627137", "url": "https://m.media-amazon.com/images/M/MV5BM2RiOWI5M2ItNGU1MS00MTM5LWIzY2QtODcwZGQ2MmE4OTI3XkEyXkFqcGc@._V1_.jpg", "caption": {"plainText": "Emilia Jones in CODA (2021)", "__typename": "Markdown"}, "height": 2880, "width": 5120, "__typename": "Image"}, "__typename": "ImageEdge"}, {"node": {"id": "rm4091361793", "url": "https://m.media-amazon.com/images/M/MV5BODQ5MjUwNzYtMTIwNy00OTVlLThiNTAtOTg1ZmNhOWY2YjU3XkEyXkFqcGc@._V1_.jpg", "caption": {"plainText": "Eugenio Derbez, Marlee Matlin, Troy Kotsur, Sian Heder, Daniel Durant, Emilia Jones, and Amy Forsyth at an event for CODA (2021)", "__typename": "Markdown"}, "height": 1981, "width": 3000, "__typename": "Image"}, "__typename": "ImageEdge"}, {"node": {"id": "rm3969849601", "url": "https://m.media-amazon.com/images/M/MV5BZDY0YTgzMGQtODk3OS00MmVjLTkzZTAtYTAwNjU0OTJjODJhXkEyXkFqcGc@._V1_.jpg", "caption": {"plainText": "Philippe Rousselet, Patrick Wachsberger, and Fabrice Gianfermi at an event for CODA (2021)", "__typename": "Markdown"}, "height": 3510, "width": 5264, "__typename": "Image"}, "__typename": "ImageEdge"}, {"node": {"id": "rm3986626817", "url": "https://m.media-amazon.com/images/M/MV5BMTQ5ZjlkZmUtMzU1OC00OGIwLWE5OTEtOGU3NmU3MGJiMmEwXkEyXkFqcGc@._V1_.jpg", "caption": {"plainText": "Philippe Rousselet, Patrick Wachsberger, and Fabrice Gianfermi at an event for CODA (2021)", "__typename": "Markdown"}, "height": 4264, "width": 2843, "__typename": "Image"}, "__typename": "ImageEdge"}, {"node": {"id": "rm4020181249", "url": "https://m.media-amazon.com/images/M/MV5BZDY1Mzk5MGEtZDNlYS00NmIwLWE1NDgtNmViNjNlMTc3ODljXkEyXkFqcGc@._V1_.jpg", "caption": {"plainText": "Sian Heder at an event for CODA (2021)", "__typename": "Markdown"}, "height": 3040, "width": 4560, "__typename": "Image"}, "__typename": "ImageEdge"}, {"node": {"id": "rm3785300225", "url": "https://m.media-amazon.com/images/M/MV5BYTU3OTA5NDctMTI2ZS00YzBiLWFlMTAtNjM5NDIyN2ViMTY5XkEyXkFqcGc@._V1_.jpg", "caption": {"plainText": "Sian Heder at an event for CODA (2021)", "__typename": "Markdown"}, "height": 3914, "width": 2676, "__typename": "Image"}, "__typename": "ImageEdge"}, {"node": {"id": "rm3181320449", "url": "https://m.media-amazon.com/images/M/MV5BYzdhYmNlMTYtODZhOC00N2E1LTk2ZWQtYTg5YTYwMjlmMDYyXkEyXkFqcGc@._V1_.jpg", "caption": {"plainText": "Troy Kotsur at an event for CODA (2021)", "__typename": "Markdown"}, "height": 2093, "width": 3000, "__typename": "Image"}, "__typename": "ImageEdge"}, {"node": {"id": "rm1923029249", "url": "https://m.media-amazon.com/images/M/MV5BYTI0ODYzNTAtM2QyZi00OWJkLWE1Y2EtMTYxNDQzZmQ1ZjI2XkEyXkFqcGc@._V1_.jpg", "caption": {"plainText": "Elliot Page and Sian Heder at an event for CODA (2021)", "__typename": "Markdown"}, "height": 3501, "width": 5000, "__typename": "Image"}, "__typename": "ImageEdge"}, {"node": {"id": "rm1889474817", "url": "https://m.media-amazon.com/images/M/MV5BYzE3NDZjY2QtMTQ0Ny00MzJjLTg5OTEtNGVjOGEzNDUzY2NjXkEyXkFqcGc@._V1_.jpg", "caption": {"plainText": "Elliot Page and Sian Heder at an event for CODA (2021)", "__typename": "Markdown"}, "height": 3379, "width": 5000, "__typename": "Image"}, "__typename": "ImageEdge"}, {"node": {"id": "rm3382581505", "url": "https://m.media-amazon.com/images/M/MV5BZGE0MzMwNmUtZDc4My00OTgzLTk5ZTAtYTFiYzllNzEzMGYxXkEyXkFqcGc@._V1_.jpg", "caption": {"plainText": "Eugenio Derbez, Marlee Matlin, Philippe Rousselet, Patrick Wachsberger, Sian Heder, Fabrice Gianfermi, Daniel Durant, and Emilia Jones at an event for CODA (2021)", "__typename": "Markdown"}, "height": 2508, "width": 3762, "__typename": "Image"}, "__typename": "ImageEdge"}, {"node": {"id": "rm3432913153", "url": "https://m.media-amazon.com/images/M/MV5BOTQ1YmYzNTItYzZlNi00YmI2LTg3ZGEtNmM0NmM1MTlhNTJjXkEyXkFqcGc@._V1_.jpg", "caption": {"plainText": "Philippe Rousselet, Patrick Wachsberger, and Fabrice Gianfermi at an event for CODA (2021)", "__typename": "Markdown"}, "height": 2691, "width": 4037, "__typename": "Image"}, "__typename": "ImageEdge"}], "__typename": "ImageConnection"}, "productionStatus": {"currentProductionStage": {"id": "released", "text": "Released", "__typename": "ProductionStage"}, "productionStatusHistory": [{"status": {"id": "script", "text": "Script", "__typename": "ProductionStatus"}, "__typename": "ProductionStatusHistory"}, {"status": {"id": "filming", "text": "Filming", "__typename": "ProductionStatus"}, "__typename": "ProductionStatusHistory"}, {"status": {"id": "post_production", "text": "Post-production", "__typename": "ProductionStatus"}, "__typename": "ProductionStatusHistory"}, {"status": {"id": "completed", "text": "Completed", "__typename": "ProductionStatus"}, "__typename": "ProductionStatusHistory"}, {"status": {"id": "released", "text": "Released", "__typename": "ProductionStatus"}, "__typename": "ProductionStatusHistory"}], "restriction": null, "__typename": "ProductionStatusDetails"}, "primaryImage": {"id": "rm759954177", "__typename": "Image"}, "inIframeAddLink": {"url": "https://contribute.imdb.com/image/tt10366460/add?bus=imdb&return_url=https%3A%2F%2Fwww.imdb.com%2Fclose_me&site=web", "__typename": "ContributionLink"}, "notInIframeAddLink": {"url": "https://contribute.imdb.com/image/tt10366460/add?bus=imdb&return_url=https%3A%2F%2Fwww.imdb.com%2Ftitle%2Ftt10366460%2F&site=mobile", "__typename": "ContributionLink"}, "titleType": {"id": "movie", "canHaveEpisodes": false, "__typename": "TitleType"}, "cast": {"total": 75, "edges": [{"node": {"name": {"id": "nm4454223", "nameText": {"text": "Emilia Jones", "__typename": "NameText"}, "primaryImage": {"url": "https://m.media-amazon.com/images/M/MV5BOTRiZjg5MDQtM2U3Yi00MGJhLTliNDAtZjcxNTA0MTUzZGZlXkEyXkFqcGc@._V1_.jpg", "width": 819, "height": 959, "__typename": "Image"}, "__typename": "Name"}, "attributes": null, "category": {"id": "actress", "__typename": "CreditCategory"}, "characters": [{"name": "Ruby Rossi", "__typename": "Character"}], "episodeCredits": {"total": 0, "yearRange": null, "__typename": "EpisodeCastConnection"}, "__typename": "Cast"}, "__typename": "CreditEdge"}, {"node": {"name": {"id": "nm0559144", "nameText": {"text": "Marlee Matlin", "__typename": "NameText"}, "primaryImage": {"url": "https://m.media-amazon.com/images/M/MV5BMjIyMjAxMzI0OV5BMl5BanBnXkFtZTcwOTIyOTgyNQ@@._V1_.jpg", "width": 1606, "height": 2048, "__typename": "Image"}, "__typename": "Name"}, "attributes": null, "category": {"id": "actress", "__typename": "CreditCategory"}, "characters": [{"name": "Jackie Rossi", "__typename": "Character"}], "episodeCredits": {"total": 0, "yearRange": null, "__typename": "EpisodeCastConnection"}, "__typename": "Cast"}, "__typename": "CreditEdge"}, {"node": {"name": {"id": "nm1319274", "nameText": {"text": "Troy Kotsur", "__typename": "NameText"}, "primaryImage": {"url": "https://m.media-amazon.com/images/M/MV5BOTM5N2I5NDAtMDMwZi00OWZiLWFiMzMtNjExODQ2NWQ5MjZjXkEyXkFqcGc@._V1_.jpg", "width": 1045, "height": 1296, "__typename": "Image"}, "__typename": "Name"}, "attributes": null, "category": {"id": "actor", "__typename": "CreditCategory"}, "characters": [{"name": "Frank Rossi", "__typename": "Character"}], "episodeCredits": {"total": 0, "yearRange": null, "__typename": "EpisodeCastConnection"}, "__typename": "Cast"}, "__typename": "CreditEdge"}, {"node": {"name": {"id": "nm3310289", "nameText": {"text": "Daniel Durant", "__typename": "NameText"}, "primaryImage": {"url": "https://m.media-amazon.com/images/M/MV5BOGZiODY4NDAtNmY0Mi00YzRmLWJiZWEtM2ZhNDI3OTg0NjI5XkEyXkFqcGc@._V1_.jpg", "width": 819, "height": 1024, "__typename": "Image"}, "__typename": "Name"}, "attributes": null, "category": {"id": "actor", "__typename": "CreditCategory"}, "characters": [{"name": "Leo Rossi", "__typename": "Character"}], "episodeCredits": {"total": 0, "yearRange": null, "__typename": "EpisodeCastConnection"}, "__typename": "Cast"}, "__typename": "CreditEdge"}, {"node": {"name": {"id": "nm0278468", "nameText": {"text": "John Fiore", "__typename": "NameText"}, "primaryImage": {"url": "https://m.media-amazon.com/images/M/MV5BYTIxZTg3NTAtZTVlNS00NTExLThiM2QtYWZmNzVmYjI0MmNlXkEyXkFqcGc@._V1_.jpg", "width": 1284, "height": 2253, "__typename": "Image"}, "__typename": "Name"}, "attributes": null, "category": {"id": "actor", "__typename": "CreditCategory"}, "characters": [{"name": "Tony Salgado", "__typename": "Character"}], "episodeCredits": {"total": 0, "yearRange": null, "__typename": "EpisodeCastConnection"}, "__typename": "Cast"}, "__typename": "CreditEdge"}, {"node": {"name": {"id": "nm0267772", "nameText": {"text": "Lonnie Farmer", "__typename": "NameText"}, "primaryImage": {"url": "https://m.media-amazon.com/images/M/MV5BNGU5NzMzMmYtN2UxNi00MGYxLWJjZWEtN2NkNWU1MDUwNDY3XkEyXkFqcGc@._V1_.jpg", "width": 1256, "height": 1483, "__typename": "Image"}, "__typename": "Name"}, "attributes": null, "category": {"id": "actor", "__typename": "CreditCategory"}, "characters": [{"name": "Arthur", "__typename": "Character"}], "episodeCredits": {"total": 0, "yearRange": null, "__typename": "EpisodeCastConnection"}, "__typename": "Cast"}, "__typename": "CreditEdge"}, {"node": {"name": {"id": "nm0152430", "nameText": {"text": "Kevin Chapman", "__typename": "NameText"}, "primaryImage": {"url": "https://m.media-amazon.com/images/M/MV5BZTE5YTcyMzEtNWIwOS00OTZhLWE4MjEtZGJjMzZjMjljYTExXkEyXkFqcGc@._V1_.jpg", "width": 480, "height": 640, "__typename": "Image"}, "__typename": "Name"}, "attributes": null, "category": {"id": "actor", "__typename": "CreditCategory"}, "characters": [{"name": "Brady", "__typename": "Character"}], "episodeCredits": {"total": 0, "yearRange": null, "__typename": "EpisodeCastConnection"}, "__typename": "Cast"}, "__typename": "CreditEdge"}, {"node": {"name": {"id": "nm5046593", "nameText": {"text": "Amy Forsyth", "__typename": "NameText"}, "primaryImage": {"url": "https://m.media-amazon.com/images/M/MV5BMmE0YTFjNDItZmYzNC00YWE2LWE3NzctOTJhNzgzZDMxZjdkXkEyXkFqcGc@._V1_.jpg", "width": 2400, "height": 3000, "__typename": "Image"}, "__typename": "Name"}, "attributes": null, "category": {"id": "actress", "__typename": "CreditCategory"}, "characters": [{"name": "Gertie", "__typename": "Character"}], "episodeCredits": {"total": 0, "yearRange": null, "__typename": "EpisodeCastConnection"}, "__typename": "Cast"}, "__typename": "CreditEdge"}, {"node": {"name": {"id": "nm2972597", "nameText": {"text": "Courtland Jones", "__typename": "NameText"}, "primaryImage": {"url": "https://m.media-amazon.com/images/M/MV5BN2MyZjljNjItNTZkYi00NzUyLWJmNTMtZjM2NWRjODkxM2EzXkEyXkFqcGc@._V1_.jpg", "width": 2880, "height": 3600, "__typename": "Image"}, "__typename": "Name"}, "attributes": null, "category": {"id": "actress", "__typename": "CreditCategory"}, "characters": [{"name": "Ms. Simon", "__typename": "Character"}], "episodeCredits": {"total": 0, "yearRange": null, "__typename": "EpisodeCastConnection"}, "__typename": "Cast"}, "__typename": "CreditEdge"}, {"node": {"name": {"id": "nm7852691", "nameText": {"text": "Molly B. Thomas", "__typename": "NameText"}, "primaryImage": {"url": "https://m.media-amazon.com/images/M/MV5BYmFhNzYwMDktN2Y2YS00ZmU2LWIxNTYtMjFlODEzNWJmYTU2XkEyXkFqcGc@._V1_.jpg", "width": 709, "height": 1158, "__typename": "Image"}, "__typename": "Name"}, "attributes": [{"text": "as Molly Beth Thomas", "__typename": "CreditedAsCreditAttribute"}], "category": {"id": "actress", "__typename": "CreditCategory"}, "characters": [{"name": "Audra", "__typename": "Character"}], "episodeCredits": {"total": 0, "yearRange": null, "__typename": "EpisodeCastConnection"}, "__typename": "Cast"}, "__typename": "CreditEdge"}, {"node": {"name": {"id": "nm6916321", "nameText": {"text": "Ferdia Walsh-Peelo", "__typename": "NameText"}, "primaryImage": {"url": "https://m.media-amazon.com/images/M/MV5BYjc2NDZlNmItNzRkYi00MjFjLWExZjMtMDkwNGE3OTJkOGMwXkEyXkFqcGc@._V1_.jpg", "width": 784, "height": 935, "__typename": "Image"}, "__typename": "Name"}, "attributes": null, "category": {"id": "actor", "__typename": "CreditCategory"}, "characters": [{"name": "Miles", "__typename": "Character"}], "episodeCredits": {"total": 0, "yearRange": null, "__typename": "EpisodeCastConnection"}, "__typename": "Cast"}, "__typename": "CreditEdge"}, {"node": {"name": {"id": "nm3008060", "nameText": {"text": "Ayana Brown", "__typename": "NameText"}, "primaryImage": {"url": "https://m.media-amazon.com/images/M/MV5BYjM3OGEyNzUtNjA1Yi00ZDY4LWFlZDQtMjM2YjlhZmRjNTMyXkEyXkFqcGc@._V1_.jpg", "width": 1242, "height": 1502, "__typename": "Image"}, "__typename": "Name"}, "attributes": null, "category": {"id": "actress", "__typename": "CreditCategory"}, "characters": [{"name": "Guidance Counselor", "__typename": "Character"}], "episodeCredits": {"total": 0, "yearRange": null, "__typename": "EpisodeCastConnection"}, "__typename": "Cast"}, "__typename": "CreditEdge"}, {"node": {"name": {"id": "nm1655232", "nameText": {"text": "Jason Pugatch", "__typename": "NameText"}, "primaryImage": null, "__typename": "Name"}, "attributes": null, "category": {"id": "actor", "__typename": "CreditCategory"}, "characters": [{"name": "Doctor", "__typename": "Character"}], "episodeCredits": {"total": 0, "yearRange": null, "__typename": "EpisodeCastConnection"}, "__typename": "Cast"}, "__typename": "CreditEdge"}, {"node": {"name": {"id": "nm9809074", "nameText": {"text": "Kyana Fanene", "__typename": "NameText"}, "primaryImage": null, "__typename": "Name"}, "attributes": null, "category": {"id": "actress", "__typename": "CreditCategory"}, "characters": [{"name": "Riff Girl", "__typename": "Character"}], "episodeCredits": {"total": 0, "yearRange": null, "__typename": "EpisodeCastConnection"}, "__typename": "Cast"}, "__typename": "CreditEdge"}, {"node": {"name": {"id": "nm12277978", "nameText": {"text": "Anilee List", "__typename": "NameText"}, "primaryImage": null, "__typename": "Name"}, "attributes": null, "category": {"id": "actress", "__typename": "CreditCategory"}, "characters": [{"name": "Adele Girl", "__typename": "Character"}], "episodeCredits": {"total": 0, "yearRange": null, "__typename": "EpisodeCastConnection"}, "__typename": "Cast"}, "__typename": "CreditEdge"}, {"node": {"name": {"id": "nm0220240", "nameText": {"text": "Eugenio Derbez", "__typename": "NameText"}, "primaryImage": {"url": "https://m.media-amazon.com/images/M/MV5BMjE4MDYwNTA0OV5BMl5BanBnXkFtZTgwMjU2NzU5NDM@._V1_.jpg", "width": 2048, "height": 1590, "__typename": "Image"}, "__typename": "Name"}, "attributes": null, "category": {"id": "actor", "__typename": "CreditCategory"}, "characters": [{"name": "Bernardo Villalobos", "__typename": "Character"}], "episodeCredits": {"total": 0, "yearRange": null, "__typename": "EpisodeCastConnection"}, "__typename": "Cast"}, "__typename": "CreditEdge"}, {"node": {"name": {"id": "nm9099862", "nameText": {"text": "Stone Martin", "__typename": "NameText"}, "primaryImage": null, "__typename": "Name"}, "attributes": null, "category": {"id": "actor", "__typename": "CreditCategory"}, "characters": [{"name": "Harry Potter Boy", "__typename": "Character"}], "episodeCredits": {"total": 0, "yearRange": null, "__typename": "EpisodeCastConnection"}, "__typename": "Cast"}, "__typename": "CreditEdge"}, {"node": {"name": {"id": "nm2976638", "nameText": {"text": "Maeve Chapman", "__typename": "NameText"}, "primaryImage": null, "__typename": "Name"}, "attributes": null, "category": {"id": "actress", "__typename": "CreditCategory"}, "characters": [{"name": "Shaker Girl", "__typename": "Character"}], "episodeCredits": {"total": 0, "yearRange": null, "__typename": "EpisodeCastConnection"}, "__typename": "Cast"}, "__typename": "CreditEdge"}], "__typename": "CreditConnection"}, "creators": [], "directors": [{"totalCredits": 1, "category": {"text": "Director", "id": "director", "__typename": "CreditCategory"}, "credits": [{"name": {"id": "nm1571761", "nameText": {"text": "Sian Heder", "__typename": "NameText"}, "__typename": "Name"}, "__typename": "Crew"}], "__typename": "PrincipalCreditsForCategory"}], "writers": [{"totalCredits": 5, "category": {"text": "Writers", "id": "writer", "__typename": "CreditCategory"}, "credits": [{"name": {"id": "nm1571761", "nameText": {"text": "Sian Heder", "__typename": "NameText"}, "__typename": "Name"}, "__typename": "Crew"}, {"name": {"id": "nm2605079", "nameText": {"text": "Victoria Bedos", "__typename": "NameText"}, "__typename": "Name"}, "__typename": "Crew"}, {"name": {"id": "nm0141133", "nameText": {"text": "Stanislas Carr\u00e9 de Malberg", "__typename": "NameText"}, "__typename": "Name"}, "__typename": "Crew"}], "__typename": "PrincipalCreditsForCategory"}], "isAdult": false, "moreLikeThisTitles": {"edges": [{"node": {"id": "tt9770150", "titleText": {"text": "Nomadland", "__typename": "TitleText"}, "titleType": {"id": "movie", "text": "Movie", "canHaveEpisodes": false, "displayableProperty": {"value": {"plainText": "", "__typename": "Markdown"}, "__typename": "DisplayableTitleTypeProperty"}, "__typename": "TitleType"}, "originalTitleText": {"text": "Nomadland", "__typename": "TitleText"}, "primaryImage": {"id": "rm1750783233", "width": 1334, "height": 2000, "url": "https://m.media-amazon.com/images/M/MV5BZjU3MGYwZjAtNmIzZC00YzkzLWI1NTAtMDQ3YjQzYmRlNjJlXkEyXkFqcGc@._V1_.jpg", "caption": {"plainText": "Frances McDormand in Nomadland (2020)", "__typename": "Markdown"}, "__typename": "Image"}, "releaseYear": {"year": 2020, "endYear": null, "__typename": "YearRange"}, "ratingsSummary": {"aggregateRating": 7.3, "voteCount": 188123, "__typename": "RatingsSummary"}, "runtime": {"seconds": 6420, "__typename": "Runtime"}, "certificate": {"rating": "UA", "__typename": "Certificate"}, "canRate": {"isRatable": true, "__typename": "CanRate"}, "titleGenres": {"genres": [{"genre": {"text": "Drama", "__typename": "GenreItem"}, "__typename": "TitleGenre"}], "__typename": "TitleGenres"}, "canHaveEpisodes": false, "__typename": "Title"}, "__typename": "MoreLikeThisEdge"}, {"node": {"id": "tt10293406", "titleText": {"text": "The Power of the Dog", "__typename": "TitleText"}, "titleType": {"id": "movie", "text": "Movie", "canHaveEpisodes": false, "displayableProperty": {"value": {"plainText": "", "__typename": "Markdown"}, "__typename": "DisplayableTitleTypeProperty"}, "__typename": "TitleType"}, "originalTitleText": {"text": "The Power of the Dog", "__typename": "TitleText"}, "primaryImage": {"id": "rm2236541697", "width": 1013, "height": 1500, "url": "https://m.media-amazon.com/images/M/MV5BNzgyMzA2NDEtZWUxNy00MDNmLTllMDYtNzZmNTU5ZWVmMzhlXkEyXkFqcGc@._V1_.jpg", "caption": {"plainText": "Benedict Cumberbatch in The Power of the Dog (2021)", "__typename": "Markdown"}, "__typename": "Image"}, "releaseYear": {"year": 2021, "endYear": null, "__typename": "YearRange"}, "ratingsSummary": {"aggregateRating": 6.8, "voteCount": 197227, "__typename": "RatingsSummary"}, "runtime": {"seconds": 7560, "__typename": "Runtime"}, "certificate": {"rating": "16", "__typename": "Certificate"}, "canRate": {"isRatable": true, "__typename": "CanRate"}, "titleGenres": {"genres": [{"genre": {"text": "Drama", "__typename": "GenreItem"}, "__typename": "TitleGenre"}, {"genre": {"text": "Western", "__typename": "GenreItem"}, "__typename": "TitleGenre"}], "__typename": "TitleGenres"}, "canHaveEpisodes": false, "__typename": "Title"}, "__typename": "MoreLikeThisEdge"}, {"node": {"id": "tt5580390", "titleText": {"text": "The Shape of Water", "__typename": "TitleText"}, "titleType": {"id": "movie", "text": "Movie", "canHaveEpisodes": false, "displayableProperty": {"value": {"plainText": "", "__typename": "Markdown"}, "__typename": "DisplayableTitleTypeProperty"}, "__typename": "TitleType"}, "originalTitleText": {"text": "The Shape of Water", "__typename": "TitleText"}, "primaryImage": {"id": "rm4236598016", "width": 1382, "height": 2048, "url": "https://m.media-amazon.com/images/M/MV5BOGFlMTM2MTgtZDdlMy00ZDZlLWFjOTUtZDMzMGEwNmNiMWY0XkEyXkFqcGc@._V1_.jpg", "caption": {"plainText": "Doug Jones and Sally Hawkins in The Shape of Water (2017)", "__typename": "Markdown"}, "__typename": "Image"}, "releaseYear": {"year": 2017, "endYear": null, "__typename": "YearRange"}, "ratingsSummary": {"aggregateRating": 7.3, "voteCount": 453954, "__typename": "RatingsSummary"}, "runtime": {"seconds": 7380, "__typename": "Runtime"}, "certificate": {"rating": "A", "__typename": "Certificate"}, "canRate": {"isRatable": true, "__typename": "CanRate"}, "titleGenres": {"genres": [{"genre": {"text": "Drama", "__typename": "GenreItem"}, "__typename": "TitleGenre"}, {"genre": {"text": "Fantasy", "__typename": "GenreItem"}, "__typename": "TitleGenre"}, {"genre": {"text": "Romance", "__typename": "GenreItem"}, "__typename": "TitleGenre"}], "__typename": "TitleGenres"}, "canHaveEpisodes": false, "__typename": "Title"}, "__typename": "MoreLikeThisEdge"}, {"node": {"id": "tt9620288", "titleText": {"text": "King Richard", "__typename": "TitleText"}, "titleType": {"id": "movie", "text": "Movie", "canHaveEpisodes": false, "displayableProperty": {"value": {"plainText": "", "__typename": "Markdown"}, "__typename": "DisplayableTitleTypeProperty"}, "__typename": "TitleType"}, "originalTitleText": {"text": "King Richard", "__typename": "TitleText"}, "primaryImage": {"id": "rm570555905", "width": 2764, "height": 4096, "url": "https://m.media-amazon.com/images/M/MV5BMjVlZGFjMDctNDIxOS00NjY5LWE1ZTEtMTAxZGE4Y2QxZjMxXkEyXkFqcGc@._V1_.jpg", "caption": {"plainText": "Will Smith, Saniyya Sidney, and Demi Singleton in King Richard (2021)", "__typename": "Markdown"}, "__typename": "Image"}, "releaseYear": {"year": 2021, "endYear": null, "__typename": "YearRange"}, "ratingsSummary": {"aggregateRating": 7.5, "voteCount": 142364, "__typename": "RatingsSummary"}, "runtime": {"seconds": 8640, "__typename": "Runtime"}, "certificate": {"rating": "UA", "__typename": "Certificate"}, "canRate": {"isRatable": true, "__typename": "CanRate"}, "titleGenres": {"genres": [{"genre": {"text": "Biography", "__typename": "GenreItem"}, "__typename": "TitleGenre"}, {"genre": {"text": "Drama", "__typename": "GenreItem"}, "__typename": "TitleGenre"}, {"genre": {"text": "Sport", "__typename": "GenreItem"}, "__typename": "TitleGenre"}], "__typename": "TitleGenres"}, "canHaveEpisodes": false, "__typename": "Title"}, "__typename": "MoreLikeThisEdge"}, {"node": {"id": "tt5363618", "titleText": {"text": "Sound of Metal", "__typename": "TitleText"}, "titleType": {"id": "movie", "text": "Movie", "canHaveEpisodes": false, "displayableProperty": {"value": {"plainText": "", "__typename": "Markdown"}, "__typename": "DisplayableTitleTypeProperty"}, "__typename": "TitleType"}, "originalTitleText": {"text": "Sound of Metal", "__typename": "TitleText"}, "primaryImage": {"id": "rm226141953", "width": 8100, "height": 12000, "url": "https://m.media-amazon.com/images/M/MV5BMWE5ZmYwNDEtYTYwMS00MTc0LTk2ZWItZTM1MjQ1ZDYzZGUzXkEyXkFqcGc@._V1_.jpg", "caption": {"plainText": "Riz Ahmed in Sound of Metal (2019)", "__typename": "Markdown"}, "__typename": "Image"}, "releaseYear": {"year": 2019, "endYear": null, "__typename": "YearRange"}, "ratingsSummary": {"aggregateRating": 7.7, "voteCount": 155132, "__typename": "RatingsSummary"}, "runtime": {"seconds": 7200, "__typename": "Runtime"}, "certificate": {"rating": "18", "__typename": "Certificate"}, "canRate": {"isRatable": true, "__typename": "CanRate"}, "titleGenres": {"genres": [{"genre": {"text": "Drama", "__typename": "GenreItem"}, "__typename": "TitleGenre"}, {"genre": {"text": "Music", "__typename": "GenreItem"}, "__typename": "TitleGenre"}], "__typename": "TitleGenres"}, "canHaveEpisodes": false, "__typename": "Title"}, "__typename": "MoreLikeThisEdge"}, {"node": {"id": "tt10633456", "titleText": {"text": "Minari", "__typename": "TitleText"}, "titleType": {"id": "movie", "text": "Movie", "canHaveEpisodes": false, "displayableProperty": {"value": {"plainText": "", "__typename": "Markdown"}, "__typename": "DisplayableTitleTypeProperty"}, "__typename": "TitleType"}, "originalTitleText": {"text": "Minari", "__typename": "TitleText"}, "primaryImage": {"id": "rm2352795905", "width": 3500, "height": 5069, "url": "https://m.media-amazon.com/images/M/MV5BNWVmNDE3YzMtZWQ3Ny00YjhkLWEzN2QtZjNhYWNlMGI2N2NkXkEyXkFqcGc@._V1_.jpg", "caption": {"plainText": "Alan Kim, Noel Cho, Steven Yeun, and Han Ye-ri in Minari (2020)", "__typename": "Markdown"}, "__typename": "Image"}, "releaseYear": {"year": 2020, "endYear": null, "__typename": "YearRange"}, "ratingsSummary": {"aggregateRating": 7.4, "voteCount": 100606, "__typename": "RatingsSummary"}, "runtime": {"seconds": 6900, "__typename": "Runtime"}, "certificate": {"rating": "UA", "__typename": "Certificate"}, "canRate": {"isRatable": true, "__typename": "CanRate"}, "titleGenres": {"genres": [{"genre": {"text": "Drama", "__typename": "GenreItem"}, "__typename": "TitleGenre"}], "__typename": "TitleGenres"}, "canHaveEpisodes": false, "__typename": "Title"}, "__typename": "MoreLikeThisEdge"}, {"node": {"id": "tt6857376", "titleText": {"text": "Palmer", "__typename": "TitleText"}, "titleType": {"id": "movie", "text": "Movie", "canHaveEpisodes": false, "displayableProperty": {"value": {"plainText": "", "__typename": "Markdown"}, "__typename": "DisplayableTitleTypeProperty"}, "__typename": "TitleType"}, "originalTitleText": {"text": "Palmer", "__typename": "TitleText"}, "primaryImage": {"id": "rm3592148481", "width": 675, "height": 1000, "url": "https://m.media-amazon.com/images/M/MV5BN2ZmNTM1YzMtOGNhOC00ZDAyLTgzYjMtN2MwZjE2ZDBkMmVkXkEyXkFqcGc@._V1_.jpg", "caption": {"plainText": "Justin Timberlake and Ryder Allen in Palmer (2021)", "__typename": "Markdown"}, "__typename": "Image"}, "releaseYear": {"year": 2021, "endYear": null, "__typename": "YearRange"}, "ratingsSummary": {"aggregateRating": 7.3, "voteCount": 45801, "__typename": "RatingsSummary"}, "runtime": {"seconds": 6600, "__typename": "Runtime"}, "certificate": {"rating": "A", "__typename": "Certificate"}, "canRate": {"isRatable": true, "__typename": "CanRate"}, "titleGenres": {"genres": [{"genre": {"text": "Drama", "__typename": "GenreItem"}, "__typename": "TitleGenre"}], "__typename": "TitleGenres"}, "canHaveEpisodes": false, "__typename": "Title"}, "__typename": "MoreLikeThisEdge"}, {"node": {"id": "tt7090140", "titleText": {"text": "Coda", "__typename": "TitleText"}, "titleType": {"id": "movie", "text": "Movie", "canHaveEpisodes": false, "displayableProperty": {"value": {"plainText": "", "__typename": "Markdown"}, "__typename": "DisplayableTitleTypeProperty"}, "__typename": "TitleType"}, "originalTitleText": {"text": "Coda", "__typename": "TitleText"}, "primaryImage": {"id": "rm3882911489", "width": 443, "height": 640, "url": "https://m.media-amazon.com/images/M/MV5BNGFiYWI3NDMtOTNmOC00NTBiLWEyODgtYjJhZjg2NTM3ODVhXkEyXkFqcGc@._V1_.jpg", "caption": {"plainText": "Patrick Stewart and Katie Holmes in Coda (2019)", "__typename": "Markdown"}, "__typename": "Image"}, "releaseYear": {"year": 2019, "endYear": null, "__typename": "YearRange"}, "ratingsSummary": {"aggregateRating": 6, "voteCount": 2361, "__typename": "RatingsSummary"}, "runtime": {"seconds": 5760, "__typename": "Runtime"}, "certificate": {"rating": "Not Rated", "__typename": "Certificate"}, "canRate": {"isRatable": true, "__typename": "CanRate"}, "titleGenres": {"genres": [{"genre": {"text": "Drama", "__typename": "GenreItem"}, "__typename": "TitleGenre"}, {"genre": {"text": "Music", "__typename": "GenreItem"}, "__typename": "TitleGenre"}], "__typename": "TitleGenres"}, "canHaveEpisodes": false, "__typename": "Title"}, "__typename": "MoreLikeThisEdge"}, {"node": {"id": "tt11271038", "titleText": {"text": "Licorice Pizza", "__typename": "TitleText"}, "titleType": {"id": "movie", "text": "Movie", "canHaveEpisodes": false, "displayableProperty": {"value": {"plainText": "", "__typename": "Markdown"}, "__typename": "DisplayableTitleTypeProperty"}, "__typename": "TitleType"}, "originalTitleText": {"text": "Licorice Pizza", "__typename": "TitleText"}, "primaryImage": {"id": "rm3994608129", "width": 831, "height": 1200, "url": "https://m.media-amazon.com/images/M/MV5BYjU5MjRiOWMtNmI0OC00ZTU1LThlNGItYTViNzU2YzAzMWMxXkEyXkFqcGc@._V1_.jpg", "caption": {"plainText": "Sean Penn, Tom Waits, Christine Ebersole, Bradley Cooper, Harriet Sansom Harris, Maya Rudolph, Nate Mann, Cooper Hoffman, Benny Safdie, Mary Elizabeth Ellis, Skyler Gisondo, and Alana Haim in Licorice Pizza (2021)", "__typename": "Markdown"}, "__typename": "Image"}, "releaseYear": {"year": 2021, "endYear": null, "__typename": "YearRange"}, "ratingsSummary": {"aggregateRating": 7.1, "voteCount": 143548, "__typename": "RatingsSummary"}, "runtime": {"seconds": 7980, "__typename": "Runtime"}, "certificate": {"rating": "A", "__typename": "Certificate"}, "canRate": {"isRatable": true, "__typename": "CanRate"}, "titleGenres": {"genres": [{"genre": {"text": "Comedy", "__typename": "GenreItem"}, "__typename": "TitleGenre"}, {"genre": {"text": "Drama", "__typename": "GenreItem"}, "__typename": "TitleGenre"}, {"genre": {"text": "Romance", "__typename": "GenreItem"}, "__typename": "TitleGenre"}], "__typename": "TitleGenres"}, "canHaveEpisodes": false, "__typename": "Title"}, "__typename": "MoreLikeThisEdge"}, {"node": {"id": "tt3547740", "titleText": {"text": "La famille B\u00e9lier", "__typename": "TitleText"}, "titleType": {"id": "movie", "text": "Movie", "canHaveEpisodes": false, "displayableProperty": {"value": {"plainText": "", "__typename": "Markdown"}, "__typename": "DisplayableTitleTypeProperty"}, "__typename": "TitleType"}, "originalTitleText": {"text": "La famille B\u00e9lier", "__typename": "TitleText"}, "primaryImage": {"id": "rm2894017792", "width": 736, "height": 1000, "url": "https://m.media-amazon.com/images/M/MV5BODFlZjk5OWMtOTk0NS00NmJiLThlNTgtMzUwNDRjOWQ3ZjlkXkEyXkFqcGc@._V1_.jpg", "caption": {"plainText": "La famille B\u00e9lier (2014)", "__typename": "Markdown"}, "__typename": "Image"}, "releaseYear": {"year": 2014, "endYear": null, "__typename": "YearRange"}, "ratingsSummary": {"aggregateRating": 7.3, "voteCount": 30220, "__typename": "RatingsSummary"}, "runtime": {"seconds": 6360, "__typename": "Runtime"}, "certificate": null, "canRate": {"isRatable": true, "__typename": "CanRate"}, "titleGenres": {"genres": [{"genre": {"text": "Comedy", "__typename": "GenreItem"}, "__typename": "TitleGenre"}, {"genre": {"text": "Drama", "__typename": "GenreItem"}, "__typename": "TitleGenre"}, {"genre": {"text": "Music", "__typename": "GenreItem"}, "__typename": "TitleGenre"}], "__typename": "TitleGenres"}, "canHaveEpisodes": false, "__typename": "Title"}, "__typename": "MoreLikeThisEdge"}, {"node": {"id": "tt1895587", "titleText": {"text": "Spotlight", "__typename": "TitleText"}, "titleType": {"id": "movie", "text": "Movie", "canHaveEpisodes": false, "displayableProperty": {"value": {"plainText": "", "__typename": "Markdown"}, "__typename": "DisplayableTitleTypeProperty"}, "__typename": "TitleType"}, "originalTitleText": {"text": "Spotlight", "__typename": "TitleText"}, "primaryImage": {"id": "rm899739136", "width": 1893, "height": 2800, "url": "https://m.media-amazon.com/images/M/MV5BMjIyOTM5OTIzNV5BMl5BanBnXkFtZTgwMDkzODE2NjE@._V1_.jpg", "caption": {"plainText": "Michael Keaton, Liev Schreiber, Brian d'Arcy James, Mark Ruffalo, and Rachel McAdams in Spotlight (2015)", "__typename": "Markdown"}, "__typename": "Image"}, "releaseYear": {"year": 2015, "endYear": null, "__typename": "YearRange"}, "ratingsSummary": {"aggregateRating": 8.1, "voteCount": 509653, "__typename": "RatingsSummary"}, "runtime": {"seconds": 7740, "__typename": "Runtime"}, "certificate": {"rating": "A", "__typename": "Certificate"}, "canRate": {"isRatable": true, "__typename": "CanRate"}, "titleGenres": {"genres": [{"genre": {"text": "Biography", "__typename": "GenreItem"}, "__typename": "TitleGenre"}, {"genre": {"text": "Crime", "__typename": "GenreItem"}, "__typename": "TitleGenre"}, {"genre": {"text": "Drama", "__typename": "GenreItem"}, "__typename": "TitleGenre"}], "__typename": "TitleGenres"}, "canHaveEpisodes": false, "__typename": "Title"}, "__typename": "MoreLikeThisEdge"}, {"node": {"id": "tt6710474", "titleText": {"text": "Everything Everywhere All at Once", "__typename": "TitleText"}, "titleType": {"id": "movie", "text": "Movie", "canHaveEpisodes": false, "displayableProperty": {"value": {"plainText": "", "__typename": "Markdown"}, "__typename": "DisplayableTitleTypeProperty"}, "__typename": "TitleType"}, "originalTitleText": {"text": "Everything Everywhere All at Once", "__typename": "TitleText"}, "primaryImage": {"id": "rm316021249", "width": 8699, "height": 12599, "url": "https://m.media-amazon.com/images/M/MV5BOWNmMzAzZmQtNDQ1NC00Nzk5LTkyMmUtNGI2N2NkOWM4MzEyXkEyXkFqcGc@._V1_.jpg", "caption": {"plainText": "Jamie Lee Curtis, Michelle Yeoh, James Hong, Ke Huy Quan, and Stephanie Hsu in Everything Everywhere All at Once (2022)", "__typename": "Markdown"}, "__typename": "Image"}, "releaseYear": {"year": 2022, "endYear": null, "__typename": "YearRange"}, "ratingsSummary": {"aggregateRating": 7.8, "voteCount": 556591, "__typename": "RatingsSummary"}, "runtime": {"seconds": 8340, "__typename": "Runtime"}, "certificate": {"rating": "A", "__typename": "Certificate"}, "canRate": {"isRatable": true, "__typename": "CanRate"}, "titleGenres": {"genres": [{"genre": {"text": "Action", "__typename": "GenreItem"}, "__typename": "TitleGenre"}, {"genre": {"text": "Adventure", "__typename": "GenreItem"}, "__typename": "TitleGenre"}, {"genre": {"text": "Comedy", "__typename": "GenreItem"}, "__typename": "TitleGenre"}], "__typename": "TitleGenres"}, "canHaveEpisodes": false, "__typename": "Title"}, "__typename": "MoreLikeThisEdge"}], "__typename": "MoreLikeThisConnection"}, "triviaTotal": {"total": 46, "__typename": "TriviaConnection"}, "trivia": {"edges": [{"node": {"text": {"plaidHtml": "<a class=\"ipc-md-link ipc-md-link--entity\" href=\"/name/nm4454223/?ref_=tt_dyk_trv\">Emilia Jones</a> spent nine months learning American Sign Language, having singing lessons, and learning how to operate a fishing trawler.", "__typename": "Markdown"}, "trademark": null, "relatedNames": null, "__typename": "TitleTrivia"}, "__typename": "TriviaEdge"}], "__typename": "TriviaConnection"}, "goofsTotal": {"total": 2, "__typename": "GoofConnection"}, "goofs": {"edges": [{"node": {"text": {"plaidHtml": "The majority of the movie takes place in Massachusetts in autumn, yet the leaves on the trees are green. By October, all of the leaves would have changed colors or dropped entirely. The summer-appropriate costumes and the late evening light also reveal that the movie wasn&#39;t filmed in fall.", "__typename": "Markdown"}, "__typename": "Goof"}, "__typename": "GoofEdge"}], "__typename": "GoofConnection"}, "quotesTotal": {"total": 16, "__typename": "TitleQuoteConnection"}, "quotes": {"edges": [{"node": {"lines": [{"characters": [{"character": "Ruby Rossi", "name": {"id": "nm4454223", "__typename": "Name"}, "__typename": "TitleQuoteCharacter"}], "text": "Did you ever wish I was deaf?", "stageDirection": "signing", "__typename": "TitleQuoteLine"}, {"characters": [{"character": "Jackie Rossi", "name": {"id": "nm0559144", "__typename": "Name"}, "__typename": "TitleQuoteCharacter"}], "text": "When you were born, at the hospital, they gave you a hearing test. And there you were, so tiny and sweet, with those electrodes all over you. And I... prayed that you would be deaf. When they told us that you were hearing, I felt... My heart sank.", "stageDirection": "signing", "__typename": "TitleQuoteLine"}, {"characters": [{"character": "Ruby Rossi", "name": {"id": "nm4454223", "__typename": "Name"}, "__typename": "TitleQuoteCharacter"}], "text": "Why?", "stageDirection": "signing", "__typename": "TitleQuoteLine"}, {"characters": [{"character": "Jackie Rossi", "name": {"id": "nm0559144", "__typename": "Name"}, "__typename": "TitleQuoteCharacter"}], "text": "I was worried that we wouldn't connect. Like me and my mom, we're not close. I thought I would fail you. That being deaf would make me a bad mom.", "stageDirection": "signing", "__typename": "TitleQuoteLine"}, {"characters": [{"character": "Ruby Rossi", "name": {"id": "nm4454223", "__typename": "Name"}, "__typename": "TitleQuoteCharacter"}], "text": "Don't worry. You are a bad mom for so many other reasons.", "stageDirection": "signing", "__typename": "TitleQuoteLine"}, {"characters": null, "text": null, "stageDirection": "They laugh", "__typename": "TitleQuoteLine"}], "__typename": "TitleQuote"}, "__typename": "TitleQuoteEdge"}], "__typename": "TitleQuoteConnection"}, "crazyCredits": {"edges": [], "__typename": "CrazyCreditConnection"}, "alternateVersions": {"total": 0, "edges": [], "__typename": "AlternateVersionConnection"}, "connections": {"edges": [{"node": {"associatedTitle": {"id": "tt15112056", "releaseYear": {"year": 2021, "__typename": "YearRange"}, "titleText": {"text": "Episode #43.33", "__typename": "TitleText"}, "originalTitleText": {"text": "Episode #43.33", "__typename": "TitleText"}, "series": {"series": {"titleText": {"text": "CBS News Sunday Morning", "__typename": "TitleText"}, "originalTitleText": {"text": "CBS News Sunday Morning", "__typename": "TitleText"}, "__typename": "Title"}, "__typename": "Series"}, "__typename": "Title"}, "category": {"text": "Featured in", "__typename": "TitleConnectionCategory"}, "__typename": "TitleConnection"}, "__typename": "TitleConnectionEdge"}], "__typename": "TitleConnectionConnection"}, "soundtrack": {"edges": [{"node": {"text": "Something's Got a Hold On Me", "comments": [{"plaidHtml": "Written by <a class=\"ipc-md-link ipc-md-link--entity\" href=\"/name/nm0416483/?ref_=tt_dyk_snd\">Etta James</a>, <a class=\"ipc-md-link ipc-md-link--entity\" href=\"/name/nm0456656/?ref_=tt_dyk_snd\">Leroy Kirkland</a> and <a class=\"ipc-md-link ipc-md-link--entity\" href=\"/name/nm0940741/?ref_=tt_dyk_snd\">Pearl Woods</a>", "__typename": "Markdown"}, {"plaidHtml": "Performed by <a class=\"ipc-md-link ipc-md-link--entity\" href=\"/name/nm0416483/?ref_=tt_dyk_snd\">Etta James</a>", "__typename": "Markdown"}, {"plaidHtml": "Courtesy of Geffen Records under license from Universal Music Enterprises", "__typename": "Markdown"}], "__typename": "Track"}, "__typename": "SoundtrackEdge"}], "__typename": "SoundtrackConnection"}, "titleText": {"text": "CODA", "__typename": "TitleText"}, "originalTitleText": {"text": "CODA", "__typename": "TitleText"}, "releaseYear": {"year": 2021, "__typename": "YearRange"}, "reviews": {"total": 718, "__typename": "ReviewsConnection"}, "featuredReviews": {"edges": [{"node": {"id": "rw6541084", "author": {"nickName": "sweidman-28016", "userId": "ur74108860", "__typename": "UserProfile"}, "summary": {"originalText": "A Delightful Movie For All", "__typename": "ReviewSummary"}, "text": {"originalText": {"plaidHtml": "As the opening for Sundance, CODA gave us a delightful story of a hearing child in a deaf family. She finds herself torn between pursuing her love of music and her family&#39;s reliance on her to be their connection to the outside world. I would like to say how much of a crowd pleaser this is. All of the reviews have come back positive saying this is the best opener since Whiplash. The performances are good all around. What got to me most is the family dynamic. It&#39;s something really heart-warming to watch that put a smile on my face the whole time. The comedy landed well throughout. The same goes for the drama. Sian Heder is a good director and we see the heart put into the movie. The story is where some of my issues came from. It follows a typical storyline that we&#39;ve seen before in movies geared toward teens. It became predictable along the way and some of the scenes felt too good to be true. But I understand this isn&#39;t meant to be something to breakdown and analyze. All in all, this is meant to make us feel good and that&#39;s exactly what it did. I look forward to rewatching this again in the future.", "__typename": "Markdown"}, "__typename": "ReviewText"}, "authorRating": 8, "submissionDate": "2021-01-29", "helpfulness": {"upVotes": 116, "downVotes": 33, "__typename": "ReviewHelpfulness"}, "__typename": "Review"}, "__typename": "ReviewEdge"}], "__typename": "ReviewsConnection"}, "canRate": {"isRatable": true, "__typename": "CanRate"}, "iframeAddReviewLink": {"url": "https://contribute.imdb.com/review/tt10366460/add?bus=imdb&return_url=https%3A%2F%2Fwww.imdb.com%2Fclose_me&site=web", "__typename": "ContributionLink"}, "topQuestions": {"total": 18, "edges": [{"node": {"attributeId": "run-time", "question": {"plainText": "How long is CODA?", "__typename": "Markdown"}, "__typename": "AlexaQuestion"}, "__typename": "AlexaQuestionEdge"}], "__typename": "AlexaQuestionConnection"}, "faqs": {"total": 0, "edges": [], "__typename": "FaqConnection"}, "releaseDate": {"day": 13, "month": 8, "year": 2021, "country": {"id": "IN", "text": "India", "__typename": "LocalizedDisplayableCountry"}, "__typename": "ReleaseDate"}, "countriesOfOrigin": {"countries": [{"id": "FR", "text": "France", "__typename": "CountryOfOrigin"}, {"id": "CA", "text": "Canada", "__typename": "CountryOfOrigin"}, {"id": "US", "text": "United States", "__typename": "CountryOfOrigin"}], "__typename": "CountriesOfOrigin"}, "detailsExternalLinks": {"edges": [{"node": {"url": "https://tv.apple.com/us/movie/coda/umc.cmc.3eh9r5iz32ggdm4ccvw5igiir", "label": "Official Apple TV+", "externalLinkRegion": null, "__typename": "ExternalLink"}, "__typename": "ExternalLinkEdge"}], "total": 1, "__typename": "ExternalLinkConnection"}, "spokenLanguages": {"spokenLanguages": [{"id": "ase", "text": "American Sign Language", "__typename": "SpokenLanguage"}, {"id": "en", "text": "English", "__typename": "SpokenLanguage"}], "__typename": "SpokenLanguages"}, "akas": {"edges": [{"node": {"text": "\u0915\u094b\u0921\u093e", "__typename": "Aka"}, "__typename": "AkaEdge"}], "__typename": "AkaConnection"}, "filmingLocations": {"edges": [{"node": {"text": "Gloucester, Massachusetts, USA", "location": "Gloucester, Massachusetts, USA", "attributes": [], "__typename": "FilmingLocation"}, "__typename": "FilmingLocationEdge"}], "total": 6, "__typename": "FilmingLocationConnection"}, "production": {"edges": [{"node": {"company": {"id": "co0822606", "companyText": {"text": "Apple Original Films", "__typename": "CompanyText"}, "__typename": "Company"}, "__typename": "CompanyCredit"}, "__typename": "CompanyCreditEdge"}, {"node": {"company": {"id": "co0338408", "companyText": {"text": "Vend\u00f4me Pictures", "__typename": "CompanyText"}, "__typename": "Company"}, "__typename": "CompanyCredit"}, "__typename": "CompanyCreditEdge"}, {"node": {"company": {"id": "co0701674", "companyText": {"text": "Path\u00e9 Films", "__typename": "CompanyText"}, "__typename": "Company"}, "__typename": "CompanyCredit"}, "__typename": "CompanyCreditEdge"}], "__typename": "CompanyCreditConnection"}, "companies": {"total": 19, "__typename": "CompanyCreditConnection"}, "productionBudget": {"budget": {"amount": 10000000, "currency": "USD", "__typename": "Money"}, "__typename": "ProductionBudget"}, "lifetimeGross": null, "openingWeekendGross": null, "worldwideGross": {"total": {"amount": 1905058, "currency": "USD", "__typename": "Money"}, "__typename": "BoxOfficeGross"}, "technicalSpecifications": {"soundMixes": {"items": [], "__typename": "SoundMixes"}, "aspectRatios": {"items": [{"aspectRatio": "1.85 : 1", "attributes": [], "__typename": "AspectRatio"}], "__typename": "AspectRatios"}, "colorations": {"items": [{"conceptId": "color", "text": "Color", "attributes": [], "__typename": "Coloration"}], "__typename": "Colorations"}, "__typename": "TechnicalSpecifications"}, "runtime": {"seconds": 6660, "__typename": "Runtime"}, "series": null, "canHaveEpisodes": false, "contributionQuestions": {"contributionLink": {"url": "https://contribute.imdb.com/answers", "__typename": "ContributionQuestionsLink"}, "edges": [{"node": {"entity": {"primaryImage": {"url": "https://m.media-amazon.com/images/M/MV5BNzIzOTNjOTQtM2QzOC00NjFlLTljZDUtZmI4Yjg1YTkyMTBiXkEyXkFqcGc@._V1_.jpg", "width": 503, "height": 755, "caption": {"plainText": "Marlee Matlin, Troy Kotsur, Daniel Durant, and Emilia Jones in CODA (2021)", "__typename": "Markdown"}, "__typename": "Image"}, "__typename": "Title"}, "questionId": "tt10366460.release_date:streaming.AU", "questionText": {"plainText": "What is the streaming release date of CODA (2021) in Australia?", "__typename": "Markdown"}, "contributionLink": {"url": "https://contribute.imdb.com/answers?pinnedQuestion=tt10366460.release_date:streaming.AU", "__typename": "ContributionQuestionsLink"}, "__typename": "Question"}, "__typename": "QuestionEdge"}], "__typename": "QuestionConnection"}, "__typename": "Title"}}