{"ok": true, "error_code": 200, "description": "", "short": {"@context": "https://schema.org", "@type": "Movie", "url": "https://www.imdb.com/title/tt1051906/", "name": "The Invisible Man", "image": "https://m.media-amazon.com/images/M/MV5BYTM3NDJhZWUtZWM1Yy00ODk4LThjNmMtNDg3OGYzMGM2OGYzXkEyXkFqcGc@._V1_.jpg", "description": "When Cecilia&apos;s abusive ex takes his own life and leaves her his fortune, she suspects his death was a hoax. As a series of coincidences turn lethal, Cecilia works to prove that she is being hunted by someone nobody can see.", "review": {"@type": "Review", "itemReviewed": {"@type": "Movie", "url": "https://www.imdb.com/title/tt1051906/"}, "author": {"@type": "Person", "name": "BlueSkies765"}, "dateCreated": "2020-07-02", "inLanguage": "English", "name": "Best movie of 2020 so far", "reviewBody": "With the pandemic I think studios released the movies they were not in love with and are still holding on to their best movies for later this year or the beginning of next year. There was an abundance to stream but The Invisible Man was one of the few movies I thought was actually good.\n\nElisabeth Moss had an excellent performance. Really making me feel the horror of the situations she was in. The concept was nice. It was executed well with some terrifying scenes. Not just seeing the horror but making you imagine the horror. There were some by the book scenes but the creators also did create some memorable unique scenes. Worth the watch.", "reviewRating": {"@type": "Rating", "worstRating": 1, "bestRating": 10, "ratingValue": 8}}, "aggregateRating": {"@type": "AggregateRating", "ratingCount": 263934, "bestRating": 10, "worstRating": 1, "ratingValue": 7.1}, "contentRating": "A", "genre": ["Drama", "Horror", "Mystery"], "datePublished": "2020-02-28", "keywords": "domestic abuse,psychological abuse,invisibility,invisibility suit,murder", "trailer": {"@type": "VideoObject", "name": "Official Trailer", "embedUrl": "https://www.imdb.com/video/imdb/vi2623455001", "thumbnail": {"@type": "ImageObject", "contentUrl": "https://m.media-amazon.com/images/M/MV5BYjU2NmQ3YjEtYmI1OC00OWVkLWEwZGQtYjYzMTAxMWI4YTBlXkEyXkFqcGdeQWpnYW1i._V1_.jpg"}, "thumbnailUrl": "https://m.media-amazon.com/images/M/MV5BYjU2NmQ3YjEtYmI1OC00OWVkLWEwZGQtYjYzMTAxMWI4YTBlXkEyXkFqcGdeQWpnYW1i._V1_.jpg", "url": "https://www.imdb.com/video/vi2623455001/", "description": "What you can\u2019t see can hurt you. Emmy winner Elisabeth Moss (Us, Hulu\u2019s The Handmaid\u2019s Tale) stars in a terrifying modern tale of obsession inspired by Universal\u2019s classic monster character. ", "duration": "PT2M44S", "uploadDate": "2020-02-07T17:16:02.409Z"}, "actor": [{"@type": "Person", "url": "https://www.imdb.com/name/nm0005253/", "name": "Elisabeth Moss"}, {"@type": "Person", "url": "https://www.imdb.com/name/nm2719825/", "name": "Oliver Jackson-Cohen"}, {"@type": "Person", "url": "https://www.imdb.com/name/nm2976830/", "name": "Harriet Dyer"}], "director": [{"@type": "Person", "url": "https://www.imdb.com/name/nm1191481/", "name": "Leigh Whannell"}], "creator": [{"@type": "Organization", "url": "https://www.imdb.com/company/co0005073/"}, {"@type": "Organization", "url": "https://www.imdb.com/company/co0098315/"}, {"@type": "Organization", "url": "https://www.imdb.com/company/co0237697/"}, {"@type": "Person", "url": "https://www.imdb.com/name/nm1191481/", "name": "Leigh Whannell"}, {"@type": "Person", "url": "https://www.imdb.com/name/nm0920229/", "name": "H.G. Wells"}], "duration": "PT2H4M"}, "imdbId": "tt1051906", "top": {"id": "tt1051906", "productionStatus": {"currentProductionStage": {"id": "released", "text": "Released", "__typename": "ProductionStage"}, "productionStatusHistory": [{"status": {"id": "optioned_property", "text": "Optioned Property", "__typename": "ProductionStatus"}, "__typename": "ProductionStatusHistory"}, {"status": {"id": "optioned_property", "text": "Optioned Property", "__typename": "ProductionStatus"}, "__typename": "ProductionStatusHistory"}, {"status": {"id": "optioned_property", "text": "Optioned Property", "__typename": "ProductionStatus"}, "__typename": "ProductionStatusHistory"}, {"status": {"id": "optioned_property", "text": "Optioned Property", "__typename": "ProductionStatus"}, "__typename": "ProductionStatusHistory"}, {"status": {"id": "optioned_property", "text": "Optioned Property", "__typename": "ProductionStatus"}, "__typename": "ProductionStatusHistory"}, {"status": {"id": "development_unknown", "text": "Development Unknown", "__typename": "ProductionStatus"}, "__typename": "ProductionStatusHistory"}, {"status": {"id": "development_unknown", "text": "Development Unknown", "__typename": "ProductionStatus"}, "__typename": "ProductionStatusHistory"}, {"status": {"id": "development_unknown", "text": "Development Unknown", "__typename": "ProductionStatus"}, "__typename": "ProductionStatusHistory"}, {"status": {"id": "development_unknown", "text": "Development Unknown", "__typename": "ProductionStatus"}, "__typename": "ProductionStatusHistory"}, {"status": {"id": "pitch", "text": "Pitch", "__typename": "ProductionStatus"}, "__typename": "ProductionStatusHistory"}, {"status": {"id": "development_unknown", "text": "Development Unknown", "__typename": "ProductionStatus"}, "__typename": "ProductionStatusHistory"}, {"status": {"id": "pitch", "text": "Pitch", "__typename": "ProductionStatus"}, "__typename": "ProductionStatusHistory"}, {"status": {"id": "development_unknown", "text": "Development Unknown", "__typename": "ProductionStatus"}, "__typename": "ProductionStatusHistory"}, {"status": {"id": "pitch", "text": "Pitch", "__typename": "ProductionStatus"}, "__typename": "ProductionStatusHistory"}, {"status": {"id": "script", "text": "Script", "__typename": "ProductionStatus"}, "__typename": "ProductionStatusHistory"}, {"status": {"id": "script", "text": "Script", "__typename": "ProductionStatus"}, "__typename": "ProductionStatusHistory"}, {"status": {"id": "script", "text": "Script", "__typename": "ProductionStatus"}, "__typename": "ProductionStatusHistory"}, {"status": {"id": "script", "text": "Script", "__typename": "ProductionStatus"}, "__typename": "ProductionStatusHistory"}, {"status": {"id": "development_unknown", "text": "Development Unknown", "__typename": "ProductionStatus"}, "__typename": "ProductionStatusHistory"}, {"status": {"id": "script", "text": "Script", "__typename": "ProductionStatus"}, "__typename": "ProductionStatusHistory"}, {"status": {"id": "pre_production", "text": "Pre-production", "__typename": "ProductionStatus"}, "__typename": "ProductionStatusHistory"}, {"status": {"id": "filming", "text": "Filming", "__typename": "ProductionStatus"}, "__typename": "ProductionStatusHistory"}, {"status": {"id": "post_production", "text": "Post-production", "__typename": "ProductionStatus"}, "__typename": "ProductionStatusHistory"}, {"status": {"id": "released", "text": "Released", "__typename": "ProductionStatus"}, "__typename": "ProductionStatusHistory"}], "restriction": null, "__typename": "ProductionStatusDetails"}, "canHaveEpisodes": false, "series": null, "titleText": {"text": "The Invisible Man", "__typename": "TitleText"}, "titleType": {"displayableProperty": {"value": {"plainText": "", "__typename": "Markdown"}, "__typename": "DisplayableTitleTypeProperty"}, "text": "Movie", "id": "movie", "isSeries": false, "isEpisode": false, "categories": [{"value": "movie", "__typename": "TitleTypeCategory"}], "canHaveEpisodes": false, "__typename": "TitleType"}, "originalTitleText": {"text": "The Invisible Man", "__typename": "TitleText"}, "certificate": {"rating": "A", "__typename": "Certificate"}, "releaseYear": {"year": 2020, "endYear": null, "__typename": "YearRange"}, "releaseDate": {"day": 28, "month": 2, "year": 2020, "__typename": "ReleaseDate"}, "runtime": {"seconds": 7440, "displayableProperty": {"value": {"plainText": "2h 4m", "__typename": "Markdown"}, "__typename": "DisplayableTitleRuntimeProperty"}, "__typename": "Runtime"}, "canRate": {"isRatable": true, "__typename": "CanRate"}, "ratingsSummary": {"aggregateRating": 7.1, "voteCount": 263934, "__typename": "RatingsSummary"}, "meterRanking": {"currentRank": 990, "rankChange": {"changeDirection": "UP", "difference": 14, "__typename": "MeterRankChange"}, "__typename": "TitleMeterRanking"}, "primaryImage": {"id": "rm1775417345", "width": 1013, "height": 1500, "url": "https://m.media-amazon.com/images/M/MV5BYTM3NDJhZWUtZWM1Yy00ODk4LThjNmMtNDg3OGYzMGM2OGYzXkEyXkFqcGc@._V1_.jpg", "caption": {"plainText": "Elisabeth Moss in The Invisible Man (2020)", "__typename": "Markdown"}, "__typename": "Image"}, "images": {"total": 386, "edges": [{"node": {"id": "rm2322446593", "__typename": "Image"}, "__typename": "ImageEdge"}], "__typename": "ImageConnection"}, "videos": {"total": 60, "__typename": "TitleRelatedVideosConnection"}, "primaryVideos": {"edges": [{"node": {"id": "vi2623455001", "createdDate": "2020-02-07T17:16:02.409Z", "isMature": false, "runtime": {"value": 164, "__typename": "VideoRuntime"}, "name": {"value": "Official Trailer", "language": "en", "__typename": "LocalizedString"}, "description": {"value": "What you can\u2019t see can hurt you. Emmy winner Elisabeth Moss (Us, Hulu\u2019s The Handmaid\u2019s Tale) stars in a terrifying modern tale of obsession inspired by Universal\u2019s classic monster character. ", "language": "en", "__typename": "LocalizedString"}, "timedTextTracks": [], "recommendedTimedTextTrack": null, "thumbnail": {"url": "https://m.media-amazon.com/images/M/MV5BYjU2NmQ3YjEtYmI1OC00OWVkLWEwZGQtYjYzMTAxMWI4YTBlXkEyXkFqcGdeQWpnYW1i._V1_.jpg", "height": 702, "width": 1248, "__typename": "Thumbnail"}, "primaryTitle": {"id": "tt1051906", "titleText": {"text": "The Invisible Man", "__typename": "TitleText"}, "originalTitleText": {"text": "The Invisible Man", "__typename": "TitleText"}, "releaseYear": {"year": 2020, "__typename": "YearRange"}, "__typename": "Title"}, "playbackURLs": [{"displayName": {"value": "480p", "language": "en-US", "__typename": "LocalizedString"}, "videoMimeType": "MP4", "videoDefinition": "DEF_480p", "url": "https://imdb-video.media-imdb.com/vi2623455001/1434659607842-pgv4ql-1581095763434.mp4?Expires=1730927137&Signature=mGOOEUZEJj1M75kO~DfrdX4zAqw6YmpeCCrzCZno5apzSRHMaxoDw9~9AEWu58PJ9dqZBavk~ozrNWvArghs~3MO4ZyfCep6GcA3MzV7HXf~-rV8itqmzujdMl5Yjae2sag5e-HXvK5YEcXAMK53MQJSFAWvvy6bgsotBkF5fYBeB-iPMfiZrh7fUufBRlFKny7qKpvR8OpO3kVGA6m-3qpftdkZVADieG5I4WRESzjzY231K7zN4zOxkFeSgkkLioRvBeZHoVsITua--mBiAOQJ4alOKuPPfZHHxnaFa~JCnXYLxTHGHtfJZWGmtC1DudidEQ82wPsysPQuzTjPYw__&Key-Pair-Id=APKAIFLZBVQZ24NQH3KA", "__typename": "PlaybackURL"}, {"displayName": {"value": "SD", "language": "en-US", "__typename": "LocalizedString"}, "videoMimeType": "MP4", "videoDefinition": "DEF_SD", "url": "https://imdb-video.media-imdb.com/vi2623455001/1434659454657-dx9ykf-1581095763434.mp4?Expires=1730927137&Signature=RVqMACSQMv48sGndKtno0onYHO~s7QLkwAtgTGDyLd1fQtQh~yuPGQWdnh0aDjoCoKEENC-ida4BCh4qqHtHPN6qHZzGBUUtCNWLZY2IMbfpalRs8ojnxkynpZO18XiV9Hn9r66xylBwvpXsbYIG~1ey-h4b0fg12wxyx23~SoemOcveXUG0YJpHOCRZHgNzjyCFTVIIyITltAOiWi~hQquCsDvdCoHMybi0OSrhudet0va9bbabrpWXa9aj~nhJux3~3j13hGfIo~y5d~uqIhEJaMdC34vQYerD3PzigGhdn3fpyUwkK-vsln5Dcl~rTzWgbr-rwYBcfWc-h1pCjA__&Key-Pair-Id=APKAIFLZBVQZ24NQH3KA", "__typename": "PlaybackURL"}], "contentType": {"id": "amzn1.imdb.video.contenttype.trailer", "displayName": {"value": "Trailer", "__typename": "LocalizedString"}, "__typename": "VideoContentType"}, "previewURLs": [{"displayName": {"value": "AUTO", "language": "en-US", "__typename": "LocalizedString"}, "videoMimeType": "M3U8", "videoDefinition": "DEF_AUTO", "url": "https://imdb-video.media-imdb.com/vi2623455001/hls-preview-c6fad914-20f9-4d5b-b841-2347d23266af.m3u8?Expires=1730927137&Signature=l~Fw26Qa7iBLjNRP1RsUXHboi2wrx9BysJUcHVGIS2jKbPIp3Jo6QZqQDGYmd2b2KElQVMQwkBO8sh9f8WmUvy1kepqFu--zk7ColvELEChUZQhEQzd9JN3Dv-F8DwwJ~2Ay8helwcHepYNYAGJvhz1zdPQFNkvIOWKAx7YU60BVGDWpviVY~BLYMSzjMK0e1ANJe5ChvoIqfuAzOm0LUHeDpn7PZC~pj4HvD8Oo5X34VBymNmbYgKkv3hovL2xHY50NLWou8J4LQD2M69uvRj6V2OyhZ5g2GxsPlH~u-1GsPq7KzKkKTgc416wDoV4jJZoVr0nT14UBrRSxAz-bjw__&Key-Pair-Id=APKAIFLZBVQZ24NQH3KA", "__typename": "PlaybackURL"}], "__typename": "Video"}, "__typename": "VideoEdge"}, {"node": {"id": "vi2472001305", "createdDate": "2020-02-02T22:58:23.813Z", "isMature": false, "runtime": {"value": 31, "__typename": "VideoRuntime"}, "name": {"value": "Big Game Spot", "language": "en", "__typename": "LocalizedString"}, "description": {"value": "What you can't see can hurt you. Emmy winner Elisabeth Moss (Us, Hulu's The Handmaid's Tale) stars in a terrifying modern tale of obsession inspired by Universal's classic monster character.", "language": "en", "__typename": "LocalizedString"}, "timedTextTracks": [], "recommendedTimedTextTrack": null, "thumbnail": {"url": "https://m.media-amazon.com/images/M/MV5BNjI0ZDkyYjQtMTUyYy00MTRiLWI2NTctN2NlZWU0N2U0ZjU1XkEyXkFqcGdeQXZ3ZXNsZXk@._V1_.jpg", "height": 702, "width": 1248, "__typename": "Thumbnail"}, "primaryTitle": {"id": "tt1051906", "titleText": {"text": "The Invisible Man", "__typename": "TitleText"}, "originalTitleText": {"text": "The Invisible Man", "__typename": "TitleText"}, "releaseYear": {"year": 2020, "__typename": "YearRange"}, "__typename": "Title"}, "playbackURLs": [{"displayName": {"value": "480p", "language": "en-US", "__typename": "LocalizedString"}, "videoMimeType": "MP4", "videoDefinition": "DEF_480p", "url": "https://imdb-video.media-imdb.com/vi2472001305/1434659607842-pgv4ql-1580684304699.mp4?Expires=1730927137&Signature=hkGypsbrY7j06z2h59oeGV5pYBt7uNe7OFsVMDLS7x2RI~syuY6U4iY62dBVnY8NeEu9w73ggRm5zDirOPMEzJKzf7FaLCgaPXZYBuIEOTpEEkszn3yaukcaWvUaPMPp7z-Zv6DBd52batcVV~7PYd~hDDAuDhm9kVDeuX269copAQu6CmxVCjxUakA24~ZZfb82Y1QcBCpD099a6jAaVX2axhpLZBST0hrvjKdLTg7hgegx~QiqQU94~V3506BcS6uAVEGVHukmcYwzy0oPuf6WoUtnVWSkSfqIeGFEVaxUIwm0R8UPXQhTyVl-ZHxLrrEO7s505BB~jY2WnHoWOw__&Key-Pair-Id=APKAIFLZBVQZ24NQH3KA", "__typename": "PlaybackURL"}, {"displayName": {"value": "SD", "language": "en-US", "__typename": "LocalizedString"}, "videoMimeType": "MP4", "videoDefinition": "DEF_SD", "url": "https://imdb-video.media-imdb.com/vi2472001305/1434659454657-dx9ykf-1580684304699.mp4?Expires=1730927137&Signature=AhClevQFobnlCwT6sVhV~koNRiIbNDkaSJUI~j~Z3Fr2ne7NCRahlS-dZt5hJj1WWJuZ68R72XF80IOUsxpp8S6md1u3MYXqtVrMisXAXdbS2nlr4-4krGg0XnoUalfaOO4wavjBuTBEws89GkzSWUFgs-Icx-so~kbaNYP8lh16VktQYoYoO7cucG1zN1ZWuLTmY11ycLeitV25QIpI7g97IhuEjHemRtIYScYja0RKPE7IoiO-b5FHkxgVWy~3xI8nWjSw~joQz~LG5hTLdkUy-E09~ITjY46nFOiqyyK3B8mxiofa-de3D1ivv91oRFiJMSZZO~NMdrtBA5HFCg__&Key-Pair-Id=APKAIFLZBVQZ24NQH3KA", "__typename": "PlaybackURL"}], "contentType": {"id": "amzn1.imdb.video.contenttype.trailer", "displayName": {"value": "Trailer", "__typename": "LocalizedString"}, "__typename": "VideoContentType"}, "previewURLs": [{"displayName": {"value": "AUTO", "language": "en-US", "__typename": "LocalizedString"}, "videoMimeType": "M3U8", "videoDefinition": "DEF_AUTO", "url": "https://imdb-video.media-imdb.com/vi2472001305/hls-preview-510c0fb4-2e6b-48fa-91d6-4c9ab4673ea7.m3u8?Expires=1730927137&Signature=Z4aDx~ooQGSMli5pgW7OOzIW4etaKPc7mvbXdPXBM-xi5x7VjVkPTOHXCsx0HLTDocksBECxteMIf4ml02QBR70~q2xeabEORYsbEqMyPImMymlnsEqJwYCItWWRFrGBq-QSuRJXAEuFB960GFe0kJJmQrgURO2ZtGJoc0LcBmDPo6p5MbrBxu7pwnPfca-IaDrPJQ4S0DjtCKt0j9pQ~3PKU2L64uQWOUTKjGwtVyH6VwOiV9KpMDWKxEWj-mz-Tw0yH6HMCOAoLyUpSo2Jzq9uQVoP56wlzz0T9tQHevx8eriKyEELba4MfcCS3w0N~Y62pEcBRZEtIkHg5YGM8w__&Key-Pair-Id=APKAIFLZBVQZ24NQH3KA", "__typename": "PlaybackURL"}], "__typename": "Video"}, "__typename": "VideoEdge"}], "__typename": "VideoConnection"}, "externalLinks": {"total": 545, "__typename": "ExternalLinkConnection"}, "metacritic": {"metascore": {"score": 72, "__typename": "Metascore"}, "__typename": "Metacritic"}, "keywords": {"total": 407, "edges": [{"node": {"text": "domestic abuse", "__typename": "TitleKeyword"}, "__typename": "TitleKeywordEdge"}, {"node": {"text": "psychological abuse", "__typename": "TitleKeyword"}, "__typename": "TitleKeywordEdge"}, {"node": {"text": "invisibility", "__typename": "TitleKeyword"}, "__typename": "TitleKeywordEdge"}, {"node": {"text": "invisibility suit", "__typename": "TitleKeyword"}, "__typename": "TitleKeywordEdge"}, {"node": {"text": "murder", "__typename": "TitleKeyword"}, "__typename": "TitleKeywordEdge"}], "__typename": "TitleKeywordConnection"}, "isAdult": false, "genres": {"genres": [{"text": "Drama", "id": "Drama", "__typename": "Genre"}, {"text": "Horror", "id": "Horror", "__typename": "Genre"}, {"text": "Mystery", "id": "Mystery", "__typename": "Genre"}, {"text": "Sci-Fi", "id": "Sci-Fi", "__typename": "Genre"}, {"text": "Thriller", "id": "Thriller", "__typename": "Genre"}], "__typename": "Genres"}, "interests": {"edges": [{"node": {"id": "in0000114", "primaryText": {"text": "Psychological Horror", "__typename": "InterestText"}, "__typename": "Interest"}, "__typename": "InterestEdge"}, {"node": {"id": "in0000182", "primaryText": {"text": "Psychological Thriller", "__typename": "InterestText"}, "__typename": "Interest"}, "__typename": "InterestEdge"}, {"node": {"id": "in0000140", "primaryText": {"text": "Suspense Mystery", "__typename": "InterestText"}, "__typename": "Interest"}, "__typename": "InterestEdge"}, {"node": {"id": "in0000076", "primaryText": {"text": "Drama", "__typename": "InterestText"}, "__typename": "Interest"}, "__typename": "InterestEdge"}, {"node": {"id": "in0000112", "primaryText": {"text": "Horror", "__typename": "InterestText"}, "__typename": "Interest"}, "__typename": "InterestEdge"}, {"node": {"id": "in0000139", "primaryText": {"text": "Mystery", "__typename": "InterestText"}, "__typename": "Interest"}, "__typename": "InterestEdge"}, {"node": {"id": "in0000162", "primaryText": {"text": "Sci-Fi", "__typename": "InterestText"}, "__typename": "Interest"}, "__typename": "InterestEdge"}, {"node": {"id": "in0000186", "primaryText": {"text": "Thriller", "__typename": "InterestText"}, "__typename": "Interest"}, "__typename": "InterestEdge"}], "__typename": "InterestConnection"}, "plot": {"plotText": {"plainText": "When Cecilia's abusive ex takes his own life and leaves her his fortune, she suspects his death was a hoax. As a series of coincidences turn lethal, Cecilia works to prove that she is being hunted by someone nobody can see.", "__typename": "Markdown"}, "language": {"id": "en-US", "__typename": "DisplayableLanguage"}, "__typename": "Plot"}, "plotContributionLink": {"url": "https://contribute.imdb.com/updates?update=tt1051906:outlines.add.1.locale~en-US", "__typename": "ContributionLink"}, "credits": {"total": 640, "__typename": "CreditConnection"}, "principalCredits": [{"totalCredits": 1, "category": {"text": "Director", "id": "director", "__typename": "CreditCategory"}, "credits": [{"name": {"nameText": {"text": "Leigh Whannell", "__typename": "NameText"}, "id": "nm1191481", "__typename": "Name"}, "attributes": null, "__typename": "Crew"}], "__typename": "PrincipalCreditsForCategory"}, {"totalCredits": 3, "category": {"text": "Writers", "id": "writer", "__typename": "CreditCategory"}, "credits": [{"name": {"nameText": {"text": "Leigh Whannell", "__typename": "NameText"}, "id": "nm1191481", "__typename": "Name"}, "attributes": null, "__typename": "Crew"}, {"name": {"nameText": {"text": "H.G. Wells", "__typename": "NameText"}, "id": "nm0920229", "__typename": "Name"}, "attributes": [{"text": "uncredited", "__typename": "MiscellaneousCreditAttribute"}], "__typename": "Crew"}], "__typename": "PrincipalCreditsForCategory"}, {"totalCredits": 35, "category": {"text": "Stars", "id": "cast", "__typename": "CreditCategory"}, "credits": [{"name": {"nameText": {"text": "Elisabeth Moss", "__typename": "NameText"}, "id": "nm0005253", "__typename": "Name"}, "attributes": null, "__typename": "Cast"}, {"name": {"nameText": {"text": "Oliver Jackson-Cohen", "__typename": "NameText"}, "id": "nm2719825", "__typename": "Name"}, "attributes": null, "__typename": "Cast"}, {"name": {"nameText": {"text": "Harriet Dyer", "__typename": "NameText"}, "id": "nm2976830", "__typename": "Name"}, "attributes": null, "__typename": "Cast"}], "__typename": "PrincipalCreditsForCategory"}], "reviews": {"total": 2055, "__typename": "ReviewsConnection"}, "criticReviewsTotal": {"total": 488, "__typename": "ExternalLinkConnection"}, "triviaTotal": {"total": 92, "__typename": "TriviaConnection"}, "engagementStatistics": {"watchlistStatistics": {"displayableCount": {"text": "Added by 263K users", "__typename": "LocalizedDisplayableCount"}, "__typename": "WatchlistStatistics"}, "__typename": "EngagementStatistics"}, "subNavCredits": {"total": 640, "__typename": "CreditConnection"}, "subNavReviews": {"total": 2055, "__typename": "ReviewsConnection"}, "subNavTrivia": {"total": 92, "__typename": "TriviaConnection"}, "subNavFaqs": {"total": 18, "__typename": "FaqConnection"}, "subNavTopQuestions": {"total": 18, "__typename": "AlexaQuestionConnection"}, "titleGenres": {"genres": [{"genre": {"text": "Drama", "__typename": "GenreItem"}, "__typename": "TitleGenre"}, {"genre": {"text": "Horror", "__typename": "GenreItem"}, "__typename": "TitleGenre"}, {"genre": {"text": "Mystery", "__typename": "GenreItem"}, "__typename": "TitleGenre"}], "__typename": "TitleGenres"}, "meta": {"canonicalId": "tt1051906", "publicationStatus": "PUBLISHED", "__typename": "TitleMeta"}, "castPageTitle": {"edges": [{"node": {"name": {"id": "nm0005253", "nameText": {"text": "Elisabeth Moss", "__typename": "NameText"}, "__typename": "Name"}, "__typename": "Cast"}, "__typename": "CreditEdge"}, {"node": {"name": {"id": "nm2719825", "nameText": {"text": "Oliver Jackson-Cohen", "__typename": "NameText"}, "__typename": "Name"}, "__typename": "Cast"}, "__typename": "CreditEdge"}, {"node": {"name": {"id": "nm2976830", "nameText": {"text": "Harriet Dyer", "__typename": "NameText"}, "__typename": "Name"}, "__typename": "Cast"}, "__typename": "CreditEdge"}, {"node": {"name": {"id": "nm0388038", "nameText": {"text": "Aldis Hodge", "__typename": "NameText"}, "__typename": "Name"}, "__typename": "Cast"}, "__typename": "CreditEdge"}], "__typename": "CreditConnection"}, "creatorsPageTitle": [], "directorsPageTitle": [{"credits": [{"name": {"id": "nm1191481", "nameText": {"text": "Leigh Whannell", "__typename": "NameText"}, "__typename": "Name"}, "__typename": "Crew"}], "__typename": "PrincipalCreditsForCategory"}], "countriesOfOrigin": {"countries": [{"id": "AU", "__typename": "CountryOfOrigin"}], "__typename": "CountriesOfOrigin"}, "production": {"edges": [{"node": {"company": {"id": "co0005073", "companyText": {"text": "Universal Pictures", "__typename": "CompanyText"}, "__typename": "Company"}, "__typename": "CompanyCredit"}, "__typename": "CompanyCreditEdge"}, {"node": {"company": {"id": "co0098315", "companyText": {"text": "Blumhouse Productions", "__typename": "CompanyText"}, "__typename": "Company"}, "__typename": "CompanyCredit"}, "__typename": "CompanyCreditEdge"}, {"node": {"company": {"id": "co0237697", "companyText": {"text": "Goalpost Pictures", "__typename": "CompanyText"}, "__typename": "Company"}, "__typename": "CompanyCredit"}, "__typename": "CompanyCreditEdge"}], "__typename": "CompanyCreditConnection"}, "featuredReviews": {"edges": [{"node": {"author": {"nickName": "BlueSkies765", "__typename": "UserProfile"}, "summary": {"originalText": "Best movie of 2020 so far", "__typename": "ReviewSummary"}, "text": {"originalText": {"plainText": "With the pandemic I think studios released the movies they were not in love with and are still holding on to their best movies for later this year or the beginning of next year. There was an abundance to stream but The Invisible Man was one of the few movies I thought was actually good.\n\nElisabeth Moss had an excellent performance. Really making me feel the horror of the situations she was in. The concept was nice. It was executed well with some terrifying scenes. Not just seeing the horror but making you imagine the horror. There were some by the book scenes but the creators also did create some memorable unique scenes. Worth the watch.", "__typename": "Markdown"}, "__typename": "ReviewText"}, "authorRating": 8, "submissionDate": "2020-07-02", "__typename": "Review"}, "__typename": "ReviewEdge"}], "__typename": "ReviewsConnection"}, "__typename": "Title"}, "main": {"id": "tt1051906", "wins": {"total": 43, "__typename": "AwardNominationConnection"}, "nominationsExcludeWins": {"total": 84, "__typename": "AwardNominationConnection"}, "prestigiousAwardSummary": null, "ratingsSummary": {"topRanking": {"id": "topRated:tt1051906:en_US", "text": {"value": "Top Rated", "__typename": "LocalizedString"}, "rank": 2383, "__typename": "TopRanking"}, "__typename": "RatingsSummary"}, "episodes": null, "videos": {"total": 60, "__typename": "TitleRelatedVideosConnection"}, "videoStrip": {"edges": [{"node": {"id": "vi2623455001", "contentType": {"displayName": {"value": "Trailer", "__typename": "LocalizedString"}, "__typename": "VideoContentType"}, "name": {"value": "Official Trailer", "__typename": "LocalizedString"}, "runtime": {"value": 164, "__typename": "VideoRuntime"}, "thumbnail": {"height": 702, "url": "https://m.media-amazon.com/images/M/MV5BYjU2NmQ3YjEtYmI1OC00OWVkLWEwZGQtYjYzMTAxMWI4YTBlXkEyXkFqcGdeQWpnYW1i._V1_.jpg", "width": 1248, "__typename": "Thumbnail"}, "__typename": "Video"}, "__typename": "VideoEdge"}, {"node": {"id": "vi2472001305", "contentType": {"displayName": {"value": "Trailer", "__typename": "LocalizedString"}, "__typename": "VideoContentType"}, "name": {"value": "Big Game Spot", "__typename": "LocalizedString"}, "runtime": {"value": 31, "__typename": "VideoRuntime"}, "thumbnail": {"height": 702, "url": "https://m.media-amazon.com/images/M/MV5BNjI0ZDkyYjQtMTUyYy00MTRiLWI2NTctN2NlZWU0N2U0ZjU1XkEyXkFqcGdeQXZ3ZXNsZXk@._V1_.jpg", "width": 1248, "__typename": "Thumbnail"}, "__typename": "Video"}, "__typename": "VideoEdge"}, {"node": {"id": "vi1205321497", "contentType": {"displayName": {"value": "Trailer", "__typename": "LocalizedString"}, "__typename": "VideoContentType"}, "name": {"value": "Trailer #1", "__typename": "LocalizedString"}, "runtime": {"value": 152, "__typename": "VideoRuntime"}, "thumbnail": {"height": 922, "url": "https://m.media-amazon.com/images/M/MV5BZGJlZjA4NGUtYjQwMi00ODk2LWEyY2EtODI4YzU5N2M0YjIyXkEyXkFqcGdeQW1hcmNtYW5u._V1_.jpg", "width": 1639, "__typename": "Thumbnail"}, "__typename": "Video"}, "__typename": "VideoEdge"}, {"node": {"id": "vi3543646233", "contentType": {"displayName": {"value": "Trailer", "__typename": "LocalizedString"}, "__typename": "VideoContentType"}, "name": {"value": "The Invisible Man", "__typename": "LocalizedString"}, "runtime": {"value": 150, "__typename": "VideoRuntime"}, "thumbnail": {"height": 1080, "url": "https://m.media-amazon.com/images/M/MV5BNWNmMTc3MWEtYmQ1ZC00M2I1LTk1NGUtMjdkYWNjZTY2NWJjXkEyXkFqcGdeQVRoaXJkUGFydHlJbmdlc3Rpb25Xb3JrZmxvdw@@._V1_.jpg", "width": 1920, "__typename": "Thumbnail"}, "__typename": "Video"}, "__typename": "VideoEdge"}, {"node": {"id": "vi1514192665", "contentType": {"displayName": {"value": "Trailer", "__typename": "LocalizedString"}, "__typename": "VideoContentType"}, "name": {"value": "The Invisible Man", "__typename": "LocalizedString"}, "runtime": {"value": 166, "__typename": "VideoRuntime"}, "thumbnail": {"height": 1080, "url": "https://m.media-amazon.com/images/M/MV5BMWU1Y2RjYzYtMDQ2OC00NTExLWJkYzEtNzBjZGFiYzgyMjFjXkEyXkFqcGdeQVRoaXJkUGFydHlJbmdlc3Rpb25Xb3JrZmxvdw@@._V1_.jpg", "width": 1920, "__typename": "Thumbnail"}, "__typename": "Video"}, "__typename": "VideoEdge"}, {"node": {"id": "vi1153548057", "contentType": {"displayName": {"value": "Trailer", "__typename": "LocalizedString"}, "__typename": "VideoContentType"}, "name": {"value": "The Invisible Man", "__typename": "LocalizedString"}, "runtime": {"value": 159, "__typename": "VideoRuntime"}, "thumbnail": {"height": 1080, "url": "https://m.media-amazon.com/images/M/MV5BNjViZWVjNzQtNzg5Yi00MTUyLWExYjUtY2RhNDhhNThjYWNmXkEyXkFqcGdeQTNwaW5nZXN0._V1_.jpg", "width": 1920, "__typename": "Thumbnail"}, "__typename": "Video"}, "__typename": "VideoEdge"}, {"node": {"id": "vi4103324441", "contentType": {"displayName": {"value": "Clip", "__typename": "LocalizedString"}, "__typename": "VideoContentType"}, "name": {"value": "Jason Blum: A Brief History of Blumhouse", "__typename": "LocalizedString"}, "runtime": {"value": 226, "__typename": "VideoRuntime"}, "thumbnail": {"height": 1080, "url": "https://m.media-amazon.com/images/M/MV5BZjRkMDhkZTktMjRjMS00NjcwLTg2YjQtMzg4MDdlYTJmMjQzXkEyXkFqcGdeQW1hZGV0aXNj._V1_.jpg", "width": 1920, "__typename": "Thumbnail"}, "__typename": "Video"}, "__typename": "VideoEdge"}, {"node": {"id": "vi1066909209", "contentType": {"displayName": {"value": "Clip", "__typename": "LocalizedString"}, "__typename": "VideoContentType"}, "name": {"value": "Watch These Theatrical Films at Home", "__typename": "LocalizedString"}, "runtime": {"value": 218, "__typename": "VideoRuntime"}, "thumbnail": {"height": 1080, "url": "https://m.media-amazon.com/images/M/MV5BOGQ3NTAxMzEtZTM3Yi00MDkyLTlkODgtZGI2MTQ2ZDA2NTQxXkEyXkFqcGdeQWFybm8@._V1_.jpg", "width": 1920, "__typename": "Thumbnail"}, "__typename": "Video"}, "__typename": "VideoEdge"}, {"node": {"id": "vi180338201", "contentType": {"displayName": {"value": "Clip", "__typename": "LocalizedString"}, "__typename": "VideoContentType"}, "name": {"value": "'The Invisible Man' Almost Disappeared Before Materializing on Top", "__typename": "LocalizedString"}, "runtime": {"value": 209, "__typename": "VideoRuntime"}, "thumbnail": {"height": 1080, "url": "https://m.media-amazon.com/images/M/MV5BNjJkZjgwOWItNTBjNC00MGM5LThkOTMtZTU4ZWFmOWM2Njg0XkEyXkFqcGdeQWFsZWxvZw@@._V1_.jpg", "width": 1920, "__typename": "Thumbnail"}, "__typename": "Video"}, "__typename": "VideoEdge"}, {"node": {"id": "vi1555480089", "contentType": {"displayName": {"value": "Clip", "__typename": "LocalizedString"}, "__typename": "VideoContentType"}, "name": {"value": "Clip", "__typename": "LocalizedString"}, "runtime": {"value": 57, "__typename": "VideoRuntime"}, "thumbnail": {"height": 720, "url": "https://m.media-amazon.com/images/M/MV5BNzRiOTllYWYtYmE0Ny00NjVjLWExZGUtYzMyYzM2ZWE3OWFmXkEyXkFqcGdeQXRyYW5zY29kZS13b3JrZmxvdw@@._V1_.jpg", "width": 1280, "__typename": "Thumbnail"}, "__typename": "Video"}, "__typename": "VideoEdge"}, {"node": {"id": "vi2243018265", "contentType": {"displayName": {"value": "Clip", "__typename": "LocalizedString"}, "__typename": "VideoContentType"}, "name": {"value": "Clip", "__typename": "LocalizedString"}, "runtime": {"value": 80, "__typename": "VideoRuntime"}, "thumbnail": {"height": 720, "url": "https://m.media-amazon.com/images/M/MV5BYmJmMzBhYzMtZDg5ZC00OGE1LWJmMTItNmU3NWQ5ODYyNGJiXkEyXkFqcGdeQXRyYW5zY29kZS13b3JrZmxvdw@@._V1_.jpg", "width": 1280, "__typename": "Thumbnail"}, "__typename": "Video"}, "__typename": "VideoEdge"}, {"node": {"id": "vi1454489113", "contentType": {"displayName": {"value": "Clip", "__typename": "LocalizedString"}, "__typename": "VideoContentType"}, "name": {"value": "How They Made 'The Invisible Man'", "__typename": "LocalizedString"}, "runtime": {"value": 158, "__typename": "VideoRuntime"}, "thumbnail": {"height": 1000, "url": "https://m.media-amazon.com/images/M/MV5BZGVjZGZlZWEtZGNjMC00NjA5LWJmMGUtZTg2MzViOWQxYjljXkEyXkFqcGdeQW1hcmNtYW5u._V1_.jpg", "width": 1900, "__typename": "Thumbnail"}, "__typename": "Video"}, "__typename": "VideoEdge"}], "__typename": "VideoConnection"}, "titleMainImages": {"total": 386, "edges": [{"node": {"id": "rm2322446593", "url": "https://m.media-amazon.com/images/M/MV5BNTg3ZTYwMzQtMmI1My00N2E5LTg3OTYtOWUyNWNiYzY2NzEwXkEyXkFqcGc@._V1_.jpg", "caption": {"plainText": "Elisabeth Moss in The Invisible Man (2020)", "__typename": "Markdown"}, "height": 1000, "width": 1900, "__typename": "Image"}, "__typename": "ImageEdge"}, {"node": {"id": "rm1646497281", "url": "https://m.media-amazon.com/images/M/MV5BNDc4YzUyYTAtMzlhMi00ZDhlLTliMGMtN2I2MTNhNjAxOWQyXkEyXkFqcGc@._V1_.jpg", "caption": {"plainText": "Elisabeth Moss in The Invisible Man (2020)", "__typename": "Markdown"}, "height": 1866, "width": 4448, "__typename": "Image"}, "__typename": "ImageEdge"}, {"node": {"id": "rm1629720065", "url": "https://m.media-amazon.com/images/M/MV5BYTAwYzE0MzMtMjc0Ni00NTI0LWI0OTktOTUwN2EwNjBkNDE0XkEyXkFqcGc@._V1_.jpg", "caption": {"plainText": "Elisabeth Moss in The Invisible Man (2020)", "__typename": "Markdown"}, "height": 3096, "width": 4448, "__typename": "Image"}, "__typename": "ImageEdge"}, {"node": {"id": "rm1680051713", "url": "https://m.media-amazon.com/images/M/MV5BZWEyMWU1ZDgtMTRlMS00MmU3LWEzYjEtMzAzYzA4NzJlMTRhXkEyXkFqcGc@._V1_.jpg", "caption": {"plainText": "Nash Edgerton and Elisabeth Moss in The Invisible Man (2020)", "__typename": "Markdown"}, "height": 2981, "width": 2470, "__typename": "Image"}, "__typename": "ImageEdge"}, {"node": {"id": "rm1630357505", "url": "https://m.media-amazon.com/images/M/MV5BZmJmZGI3OTktMGU3Ny00MTc4LTllMmYtODhjN2YxMTk1YTgwXkEyXkFqcGc@._V1_.jpg", "caption": {"plainText": "Elisabeth Moss, Aldis Hodge, Michael Dorman, Oliver Jackson-Cohen, and Storm Reid at an event for The Invisible Man (2020)", "__typename": "Markdown"}, "height": 2648, "width": 3956, "__typename": "Image"}, "__typename": "ImageEdge"}, {"node": {"id": "rm405620737", "url": "https://m.media-amazon.com/images/M/MV5BODc0ZmM2YmYtMWQ1Yi00MDYwLThiYzMtM2JjMTI1ZmI5NzUwXkEyXkFqcGc@._V1_.jpg", "caption": {"plainText": "Elisabeth Moss at an event for The Invisible Man (2020)", "__typename": "Markdown"}, "height": 3000, "width": 2460, "__typename": "Image"}, "__typename": "ImageEdge"}, {"node": {"id": "rm3060912385", "url": "https://m.media-amazon.com/images/M/MV5BNmFhMGZhNjgtNzk1MS00MDNlLTkyYTItZGY4OWFiZmU2MDY2XkEyXkFqcGc@._V1_.jpg", "caption": {"plainText": "Aldis Hodge at an event for The Invisible Man (2020)", "__typename": "Markdown"}, "height": 3914, "width": 2694, "__typename": "Image"}, "__typename": "ImageEdge"}, {"node": {"id": "rm3044135169", "url": "https://m.media-amazon.com/images/M/MV5BYjQ3ZWNhMGItYTIxNy00ZjA1LTlhNmMtZWRmOWQ4NjAwYzM0XkEyXkFqcGc@._V1_.jpg", "caption": {"plainText": "Aldis Hodge at an event for The Invisible Man (2020)", "__typename": "Markdown"}, "height": 3277, "width": 4924, "__typename": "Image"}, "__typename": "ImageEdge"}, {"node": {"id": "rm2909917441", "url": "https://m.media-amazon.com/images/M/MV5BOGY2MDc1NGMtYWNmNi00ZTNhLTkwMjctMGRmYTQ1NjU5ZTllXkEyXkFqcGc@._V1_.jpg", "caption": {"plainText": "Aldis Hodge at an event for The Invisible Man (2020)", "__typename": "Markdown"}, "height": 3000, "width": 2342, "__typename": "Image"}, "__typename": "ImageEdge"}, {"node": {"id": "rm2943471873", "url": "https://m.media-amazon.com/images/M/MV5BMWY5NDc5YzMtMTEyYi00MmJkLTk5Y2YtMmQzYWYwOWJjMzI0XkEyXkFqcGc@._V1_.jpg", "caption": {"plainText": "Elisabeth Moss, Aldis Hodge, Michael Dorman, Oliver Jackson-Cohen, and Storm Reid at an event for The Invisible Man (2020)", "__typename": "Markdown"}, "height": 3313, "width": 4968, "__typename": "Image"}, "__typename": "ImageEdge"}, {"node": {"id": "rm2691813633", "url": "https://m.media-amazon.com/images/M/MV5BOWRjYzJjY2QtYTVkZC00ZWU5LTgxNjQtZmIxMWNlNTQ5OGMxXkEyXkFqcGc@._V1_.jpg", "caption": {"plainText": "Aldis Hodge at an event for The Invisible Man (2020)", "__typename": "Markdown"}, "height": 2903, "width": 4510, "__typename": "Image"}, "__typename": "ImageEdge"}, {"node": {"id": "rm496477441", "url": "https://m.media-amazon.com/images/M/MV5BZmU3ZjVmN2MtYmRlOC00NTcyLWI5YTEtYmYzMzhhNjRhOTVhXkEyXkFqcGc@._V1_.jpg", "caption": {"plainText": "Oliver Jackson-Cohen at an event for The Invisible Man (2020)", "__typename": "Markdown"}, "height": 1795, "width": 2822, "__typename": "Image"}, "__typename": "ImageEdge"}, {"node": {"id": "rm3653744641", "url": "https://m.media-amazon.com/images/M/MV5BMTJlOTA3NjYtYWZiNC00YjBlLWFmZGEtOTFjMjNhMDUxNjAzXkEyXkFqcGc@._V1_.jpg", "caption": {"plainText": "Elisabeth Moss and Oliver Jackson-Cohen at an event for The Invisible Man (2020)", "__typename": "Markdown"}, "height": 5176, "width": 3451, "__typename": "Image"}, "__typename": "ImageEdge"}], "__typename": "ImageConnection"}, "productionStatus": {"currentProductionStage": {"id": "released", "text": "Released", "__typename": "ProductionStage"}, "productionStatusHistory": [{"status": {"id": "optioned_property", "text": "Optioned Property", "__typename": "ProductionStatus"}, "__typename": "ProductionStatusHistory"}, {"status": {"id": "optioned_property", "text": "Optioned Property", "__typename": "ProductionStatus"}, "__typename": "ProductionStatusHistory"}, {"status": {"id": "optioned_property", "text": "Optioned Property", "__typename": "ProductionStatus"}, "__typename": "ProductionStatusHistory"}, {"status": {"id": "optioned_property", "text": "Optioned Property", "__typename": "ProductionStatus"}, "__typename": "ProductionStatusHistory"}, {"status": {"id": "optioned_property", "text": "Optioned Property", "__typename": "ProductionStatus"}, "__typename": "ProductionStatusHistory"}, {"status": {"id": "development_unknown", "text": "Development Unknown", "__typename": "ProductionStatus"}, "__typename": "ProductionStatusHistory"}, {"status": {"id": "development_unknown", "text": "Development Unknown", "__typename": "ProductionStatus"}, "__typename": "ProductionStatusHistory"}, {"status": {"id": "development_unknown", "text": "Development Unknown", "__typename": "ProductionStatus"}, "__typename": "ProductionStatusHistory"}, {"status": {"id": "development_unknown", "text": "Development Unknown", "__typename": "ProductionStatus"}, "__typename": "ProductionStatusHistory"}, {"status": {"id": "pitch", "text": "Pitch", "__typename": "ProductionStatus"}, "__typename": "ProductionStatusHistory"}, {"status": {"id": "development_unknown", "text": "Development Unknown", "__typename": "ProductionStatus"}, "__typename": "ProductionStatusHistory"}, {"status": {"id": "pitch", "text": "Pitch", "__typename": "ProductionStatus"}, "__typename": "ProductionStatusHistory"}, {"status": {"id": "development_unknown", "text": "Development Unknown", "__typename": "ProductionStatus"}, "__typename": "ProductionStatusHistory"}, {"status": {"id": "pitch", "text": "Pitch", "__typename": "ProductionStatus"}, "__typename": "ProductionStatusHistory"}, {"status": {"id": "script", "text": "Script", "__typename": "ProductionStatus"}, "__typename": "ProductionStatusHistory"}, {"status": {"id": "script", "text": "Script", "__typename": "ProductionStatus"}, "__typename": "ProductionStatusHistory"}, {"status": {"id": "script", "text": "Script", "__typename": "ProductionStatus"}, "__typename": "ProductionStatusHistory"}, {"status": {"id": "script", "text": "Script", "__typename": "ProductionStatus"}, "__typename": "ProductionStatusHistory"}, {"status": {"id": "development_unknown", "text": "Development Unknown", "__typename": "ProductionStatus"}, "__typename": "ProductionStatusHistory"}, {"status": {"id": "script", "text": "Script", "__typename": "ProductionStatus"}, "__typename": "ProductionStatusHistory"}, {"status": {"id": "pre_production", "text": "Pre-production", "__typename": "ProductionStatus"}, "__typename": "ProductionStatusHistory"}, {"status": {"id": "filming", "text": "Filming", "__typename": "ProductionStatus"}, "__typename": "ProductionStatusHistory"}, {"status": {"id": "post_production", "text": "Post-production", "__typename": "ProductionStatus"}, "__typename": "ProductionStatusHistory"}, {"status": {"id": "released", "text": "Released", "__typename": "ProductionStatus"}, "__typename": "ProductionStatusHistory"}], "restriction": null, "__typename": "ProductionStatusDetails"}, "primaryImage": {"id": "rm1775417345", "__typename": "Image"}, "inIframeAddLink": {"url": "https://contribute.imdb.com/image/tt1051906/add?bus=imdb&return_url=https%3A%2F%2Fwww.imdb.com%2Fclose_me&site=web", "__typename": "ContributionLink"}, "notInIframeAddLink": {"url": "https://contribute.imdb.com/image/tt1051906/add?bus=imdb&return_url=https%3A%2F%2Fwww.imdb.com%2Ftitle%2Ftt1051906%2F&site=mobile", "__typename": "ContributionLink"}, "titleType": {"id": "movie", "canHaveEpisodes": false, "__typename": "TitleType"}, "cast": {"total": 35, "edges": [{"node": {"name": {"id": "nm0005253", "nameText": {"text": "Elisabeth Moss", "__typename": "NameText"}, "primaryImage": {"url": "https://m.media-amazon.com/images/M/MV5BNTMwMDg1MDkyNV5BMl5BanBnXkFtZTcwNzEwMzg1Nw@@._V1_.jpg", "width": 1296, "height": 864, "__typename": "Image"}, "__typename": "Name"}, "attributes": null, "category": {"id": "actress", "__typename": "CreditCategory"}, "characters": [{"name": "Cecilia Kass", "__typename": "Character"}], "episodeCredits": {"total": 0, "yearRange": null, "__typename": "EpisodeCastConnection"}, "__typename": "Cast"}, "__typename": "CreditEdge"}, {"node": {"name": {"id": "nm2719825", "nameText": {"text": "Oliver Jackson-Cohen", "__typename": "NameText"}, "primaryImage": {"url": "https://m.media-amazon.com/images/M/MV5BMTg3OTI0NDA2MF5BMl5BanBnXkFtZTcwNDAyMDYzNw@@._V1_.jpg", "width": 441, "height": 621, "__typename": "Image"}, "__typename": "Name"}, "attributes": null, "category": {"id": "actor", "__typename": "CreditCategory"}, "characters": [{"name": "Adrian Griffin", "__typename": "Character"}], "episodeCredits": {"total": 0, "yearRange": null, "__typename": "EpisodeCastConnection"}, "__typename": "Cast"}, "__typename": "CreditEdge"}, {"node": {"name": {"id": "nm2976830", "nameText": {"text": "Harriet Dyer", "__typename": "NameText"}, "primaryImage": {"url": "https://m.media-amazon.com/images/M/MV5BYmFmODIwZGItMjJkMC00NWI3LWJmMDYtMDlhN2IwMGE2ZjcwXkEyXkFqcGc@._V1_.jpg", "width": 1000, "height": 748, "__typename": "Image"}, "__typename": "Name"}, "attributes": null, "category": {"id": "actress", "__typename": "CreditCategory"}, "characters": [{"name": "Emily Kass", "__typename": "Character"}], "episodeCredits": {"total": 0, "yearRange": null, "__typename": "EpisodeCastConnection"}, "__typename": "Cast"}, "__typename": "CreditEdge"}, {"node": {"name": {"id": "nm0388038", "nameText": {"text": "Aldis Hodge", "__typename": "NameText"}, "primaryImage": {"url": "https://m.media-amazon.com/images/M/MV5BMjA5MjQ1MDk1NF5BMl5BanBnXkFtZTgwNzA3MTg1MTI@._V1_.jpg", "width": 2048, "height": 1363, "__typename": "Image"}, "__typename": "Name"}, "attributes": null, "category": {"id": "actor", "__typename": "CreditCategory"}, "characters": [{"name": "James Lanier", "__typename": "Character"}], "episodeCredits": {"total": 0, "yearRange": null, "__typename": "EpisodeCastConnection"}, "__typename": "Cast"}, "__typename": "CreditEdge"}, {"node": {"name": {"id": "nm4977564", "nameText": {"text": "Storm Reid", "__typename": "NameText"}, "primaryImage": {"url": "https://m.media-amazon.com/images/M/MV5BZmYyMTg0ZGMtZjIyMS00OGRmLThlOWEtZDIyNmJiZTU1YmMxXkEyXkFqcGc@._V1_.jpg", "width": 2362, "height": 3542, "__typename": "Image"}, "__typename": "Name"}, "attributes": null, "category": {"id": "actress", "__typename": "CreditCategory"}, "characters": [{"name": "Sydney Lanier", "__typename": "Character"}], "episodeCredits": {"total": 0, "yearRange": null, "__typename": "EpisodeCastConnection"}, "__typename": "Cast"}, "__typename": "CreditEdge"}, {"node": {"name": {"id": "nm1168915", "nameText": {"text": "Michael Dorman", "__typename": "NameText"}, "primaryImage": {"url": "https://m.media-amazon.com/images/M/MV5BMjc1NTljOTMtMGUxMi00Mzg1LWE4NTMtMDNiZmQ3ZTYwMTZiXkEyXkFqcGc@._V1_.jpg", "width": 1803, "height": 2256, "__typename": "Image"}, "__typename": "Name"}, "attributes": null, "category": {"id": "actor", "__typename": "CreditCategory"}, "characters": [{"name": "Tom Griffin", "__typename": "Character"}], "episodeCredits": {"total": 0, "yearRange": null, "__typename": "EpisodeCastConnection"}, "__typename": "Cast"}, "__typename": "CreditEdge"}, {"node": {"name": {"id": "nm3715624", "nameText": {"text": "Benedict Hardie", "__typename": "NameText"}, "primaryImage": {"url": "https://m.media-amazon.com/images/M/MV5BZjdkYmExMzMtNmMxNS00N2QyLWFlZWItNzI0YjRlNzUxMzdhXkEyXkFqcGc@._V1_CR154,92,1092,1638_.jpg", "width": 1092, "height": 1638, "__typename": "Image"}, "__typename": "Name"}, "attributes": null, "category": {"id": "actor", "__typename": "CreditCategory"}, "characters": [{"name": "Marc (Architect)", "__typename": "Character"}], "episodeCredits": {"total": 0, "yearRange": null, "__typename": "EpisodeCastConnection"}, "__typename": "Cast"}, "__typename": "CreditEdge"}, {"node": {"name": {"id": "nm1813111", "nameText": {"text": "Renee Lim", "__typename": "NameText"}, "primaryImage": {"url": "https://m.media-amazon.com/images/M/MV5BNTYxMGIxZTgtY2UzOC00M2M0LThhMzgtZTkzMzY3NTM3MmI4XkEyXkFqcGc@._V1_.jpg", "width": 940, "height": 1400, "__typename": "Image"}, "__typename": "Name"}, "attributes": null, "category": {"id": "actress", "__typename": "CreditCategory"}, "characters": [{"name": "Doctor Lee", "__typename": "Character"}], "episodeCredits": {"total": 0, "yearRange": null, "__typename": "EpisodeCastConnection"}, "__typename": "Cast"}, "__typename": "CreditEdge"}, {"node": {"name": {"id": "nm0576020", "nameText": {"text": "Brian Meegan", "__typename": "NameText"}, "primaryImage": {"url": "https://m.media-amazon.com/images/M/MV5BMWNjMzI2YTEtYWE5My00Y2JiLTkxNGMtN2Y5MTEwMGUxNzViXkEyXkFqcGc@._V1_.jpg", "width": 3079, "height": 4310, "__typename": "Image"}, "__typename": "Name"}, "attributes": null, "category": {"id": "actor", "__typename": "CreditCategory"}, "characters": [{"name": "Lyft Driver", "__typename": "Character"}], "episodeCredits": {"total": 0, "yearRange": null, "__typename": "EpisodeCastConnection"}, "__typename": "Cast"}, "__typename": "CreditEdge"}, {"node": {"name": {"id": "nm11382550", "nameText": {"text": "Nick Kici", "__typename": "NameText"}, "primaryImage": {"url": "https://m.media-amazon.com/images/M/MV5BZTljODM2ZTMtZmRiNi00NDlkLTk1ZTAtZWQ4YjhhNzFhY2RiXkEyXkFqcGc@._V1_.jpg", "width": 314, "height": 393, "__typename": "Image"}, "__typename": "Name"}, "attributes": null, "category": {"id": "actor", "__typename": "CreditCategory"}, "characters": [{"name": "Taylor (Waiter)", "__typename": "Character"}], "episodeCredits": {"total": 0, "yearRange": null, "__typename": "EpisodeCastConnection"}, "__typename": "Cast"}, "__typename": "CreditEdge"}, {"node": {"name": {"id": "nm4824349", "nameText": {"text": "Vivienne Greer", "__typename": "NameText"}, "primaryImage": null, "__typename": "Name"}, "attributes": null, "category": {"id": "actress", "__typename": "CreditCategory"}, "characters": [{"name": "Screaming Woman", "__typename": "Character"}], "episodeCredits": {"total": 0, "yearRange": null, "__typename": "EpisodeCastConnection"}, "__typename": "Cast"}, "__typename": "CreditEdge"}, {"node": {"name": {"id": "nm0394034", "nameText": {"text": "Nicholas Hope", "__typename": "NameText"}, "primaryImage": {"url": "https://m.media-amazon.com/images/M/MV5BOWQwMTUxMjYtODRlZS00MWM0LTkwNTMtOWNlNDU5ZWRiZTBlXkEyXkFqcGc@._V1_.jpg", "width": 2870, "height": 2501, "__typename": "Image"}, "__typename": "Name"}, "attributes": null, "category": {"id": "actor", "__typename": "CreditCategory"}, "characters": [{"name": "Head Doctor", "__typename": "Character"}], "episodeCredits": {"total": 0, "yearRange": null, "__typename": "EpisodeCastConnection"}, "__typename": "Cast"}, "__typename": "CreditEdge"}, {"node": {"name": {"id": "nm4783654", "nameText": {"text": "Cleave Williams", "__typename": "NameText"}, "primaryImage": null, "__typename": "Name"}, "attributes": null, "category": {"id": "actor", "__typename": "CreditCategory"}, "characters": [{"name": "Orderly", "__typename": "Character"}], "episodeCredits": {"total": 0, "yearRange": null, "__typename": "EpisodeCastConnection"}, "__typename": "Cast"}, "__typename": "CreditEdge"}, {"node": {"name": {"id": "nm11382551", "nameText": {"text": "Cardwell Lynch", "__typename": "NameText"}, "primaryImage": null, "__typename": "Name"}, "attributes": null, "category": {"id": "actor", "__typename": "CreditCategory"}, "characters": [{"name": "Police Officer", "__typename": "Character"}], "episodeCredits": {"total": 0, "yearRange": null, "__typename": "EpisodeCastConnection"}, "__typename": "Cast"}, "__typename": "CreditEdge"}, {"node": {"name": {"id": "nm2784877", "nameText": {"text": "Sam Smith", "__typename": "NameText"}, "primaryImage": {"url": "https://m.media-amazon.com/images/M/MV5BNWQ0ZTdmZDItNTkzNC00ZTg5LTkwZWItYmRkZGRmYTkwYzllXkEyXkFqcGc@._V1_.jpg", "width": 2500, "height": 2463, "__typename": "Image"}, "__typename": "Name"}, "attributes": null, "category": {"id": "actor", "__typename": "CreditCategory"}, "characters": [{"name": "Detective Reckley", "__typename": "Character"}], "episodeCredits": {"total": 0, "yearRange": null, "__typename": "EpisodeCastConnection"}, "__typename": "Cast"}, "__typename": "CreditEdge"}, {"node": {"name": {"id": "nm4549541", "nameText": {"text": "Zara Michales", "__typename": "NameText"}, "primaryImage": {"url": "https://m.media-amazon.com/images/M/MV5BYzBhYWJlOTYtZGE0Mi00ZGZiLTkxZjUtMmMxNjdhOWQzYjIxXkEyXkFqcGc@._V1_.jpg", "width": 712, "height": 1076, "__typename": "Image"}, "__typename": "Name"}, "attributes": null, "category": {"id": "actress", "__typename": "CreditCategory"}, "characters": [{"name": "Nurse", "__typename": "Character"}], "episodeCredits": {"total": 0, "yearRange": null, "__typename": "EpisodeCastConnection"}, "__typename": "Cast"}, "__typename": "CreditEdge"}, {"node": {"name": {"id": "nm5048661", "nameText": {"text": "Serag Mohamed", "__typename": "NameText"}, "primaryImage": {"url": "https://m.media-amazon.com/images/M/MV5BMzhkMTU0YTktOTYxMS00MTQ5LTg0ZDQtZGY0MGRhN2FhNDBkXkEyXkFqcGc@._V1_.jpg", "width": 504, "height": 755, "__typename": "Image"}, "__typename": "Name"}, "attributes": [{"text": "as Serag Mohammed", "__typename": "CreditedAsCreditAttribute"}], "category": {"id": "actor", "__typename": "CreditCategory"}, "characters": [{"name": "Strike-Stun Guard", "__typename": "Character"}], "episodeCredits": {"total": 0, "yearRange": null, "__typename": "EpisodeCastConnection"}, "__typename": "Cast"}, "__typename": "CreditEdge"}, {"node": {"name": {"id": "nm0003482", "nameText": {"text": "Nash Edgerton", "__typename": "NameText"}, "primaryImage": {"url": "https://m.media-amazon.com/images/M/MV5BYjE1YjgxNWEtZWVkNi00N2NhLWI0ODUtZjg5NjAzYTIwZjZmXkEyXkFqcGc@._V1_.jpg", "width": 3615, "height": 4000, "__typename": "Image"}, "__typename": "Name"}, "attributes": null, "category": {"id": "actor", "__typename": "CreditCategory"}, "characters": [{"name": "Security Guard", "__typename": "Character"}], "episodeCredits": {"total": 0, "yearRange": null, "__typename": "EpisodeCastConnection"}, "__typename": "Cast"}, "__typename": "CreditEdge"}], "__typename": "CreditConnection"}, "creators": [], "directors": [{"totalCredits": 1, "category": {"text": "Director", "id": "director", "__typename": "CreditCategory"}, "credits": [{"name": {"id": "nm1191481", "nameText": {"text": "Leigh Whannell", "__typename": "NameText"}, "__typename": "Name"}, "__typename": "Crew"}], "__typename": "PrincipalCreditsForCategory"}], "writers": [{"totalCredits": 3, "category": {"text": "Writers", "id": "writer", "__typename": "CreditCategory"}, "credits": [{"name": {"id": "nm1191481", "nameText": {"text": "Leigh Whannell", "__typename": "NameText"}, "__typename": "Name"}, "__typename": "Crew"}, {"name": {"id": "nm0920229", "nameText": {"text": "H.G. Wells", "__typename": "NameText"}, "__typename": "Name"}, "__typename": "Crew"}], "__typename": "PrincipalCreditsForCategory"}], "isAdult": false, "moreLikeThisTitles": {"edges": [{"node": {"id": "tt4160708", "titleText": {"text": "Don't Breathe", "__typename": "TitleText"}, "titleType": {"id": "movie", "text": "Movie", "canHaveEpisodes": false, "displayableProperty": {"value": {"plainText": "", "__typename": "Markdown"}, "__typename": "DisplayableTitleTypeProperty"}, "__typename": "TitleType"}, "originalTitleText": {"text": "Don't Breathe", "__typename": "TitleText"}, "primaryImage": {"id": "rm2190110209", "width": 1055, "height": 1582, "url": "https://m.media-amazon.com/images/M/MV5BNjAxOTJkMmEtNjg4MC00ODk3LTkwYmUtNjM3YzE5YTk1YTFjXkEyXkFqcGc@._V1_.jpg", "caption": {"plainText": "Jane Levy in Don't Breathe (2016)", "__typename": "Markdown"}, "__typename": "Image"}, "releaseYear": {"year": 2016, "endYear": null, "__typename": "YearRange"}, "ratingsSummary": {"aggregateRating": 7.1, "voteCount": 310498, "__typename": "RatingsSummary"}, "runtime": {"seconds": 5280, "__typename": "Runtime"}, "certificate": {"rating": "A", "__typename": "Certificate"}, "canRate": {"isRatable": true, "__typename": "CanRate"}, "titleGenres": {"genres": [{"genre": {"text": "Crime", "__typename": "GenreItem"}, "__typename": "TitleGenre"}, {"genre": {"text": "Horror", "__typename": "GenreItem"}, "__typename": "TitleGenre"}, {"genre": {"text": "Thriller", "__typename": "GenreItem"}, "__typename": "TitleGenre"}], "__typename": "TitleGenres"}, "canHaveEpisodes": false, "__typename": "Title"}, "__typename": "MoreLikeThisEdge"}, {"node": {"id": "tt6857112", "titleText": {"text": "Us", "__typename": "TitleText"}, "titleType": {"id": "movie", "text": "Movie", "canHaveEpisodes": false, "displayableProperty": {"value": {"plainText": "", "__typename": "Markdown"}, "__typename": "DisplayableTitleTypeProperty"}, "__typename": "TitleType"}, "originalTitleText": {"text": "Us", "__typename": "TitleText"}, "primaryImage": {"id": "rm3483724800", "width": 1895, "height": 3000, "url": "https://m.media-amazon.com/images/M/MV5BMzhkMjFkN2YtODU2Ni00YWYwLWExN2MtOWNjZmQxM2U4YTM5XkEyXkFqcGc@._V1_.jpg", "caption": {"plainText": "Lupita Nyong'o in Us (2019)", "__typename": "Markdown"}, "__typename": "Image"}, "releaseYear": {"year": 2019, "endYear": null, "__typename": "YearRange"}, "ratingsSummary": {"aggregateRating": 6.8, "voteCount": 354326, "__typename": "RatingsSummary"}, "runtime": {"seconds": 6960, "__typename": "Runtime"}, "certificate": {"rating": "A", "__typename": "Certificate"}, "canRate": {"isRatable": true, "__typename": "CanRate"}, "titleGenres": {"genres": [{"genre": {"text": "Horror", "__typename": "GenreItem"}, "__typename": "TitleGenre"}, {"genre": {"text": "Mystery", "__typename": "GenreItem"}, "__typename": "TitleGenre"}, {"genre": {"text": "Thriller", "__typename": "GenreItem"}, "__typename": "TitleGenre"}], "__typename": "TitleGenres"}, "canHaveEpisodes": false, "__typename": "Title"}, "__typename": "MoreLikeThisEdge"}, {"node": {"id": "tt5022702", "titleText": {"text": "Hush", "__typename": "TitleText"}, "titleType": {"id": "movie", "text": "Movie", "canHaveEpisodes": false, "displayableProperty": {"value": {"plainText": "", "__typename": "Markdown"}, "__typename": "DisplayableTitleTypeProperty"}, "__typename": "TitleType"}, "originalTitleText": {"text": "Hush", "__typename": "TitleText"}, "primaryImage": {"id": "rm3325958400", "width": 4050, "height": 5999, "url": "https://m.media-amazon.com/images/M/MV5BZjQ0YTU4OTQtMTU3Zi00OTdlLTkzN2EtZjlmOTZhNjIwN2VkXkEyXkFqcGc@._V1_.jpg", "caption": {"plainText": "John Gallagher Jr. and Kate Siegel in Hush (2016)", "__typename": "Markdown"}, "__typename": "Image"}, "releaseYear": {"year": 2016, "endYear": null, "__typename": "YearRange"}, "ratingsSummary": {"aggregateRating": 6.6, "voteCount": 158819, "__typename": "RatingsSummary"}, "runtime": {"seconds": 4920, "__typename": "Runtime"}, "certificate": {"rating": "18", "__typename": "Certificate"}, "canRate": {"isRatable": true, "__typename": "CanRate"}, "titleGenres": {"genres": [{"genre": {"text": "Horror", "__typename": "GenreItem"}, "__typename": "TitleGenre"}, {"genre": {"text": "Thriller", "__typename": "GenreItem"}, "__typename": "TitleGenre"}], "__typename": "TitleGenres"}, "canHaveEpisodes": false, "__typename": "Title"}, "__typename": "MoreLikeThisEdge"}, {"node": {"id": "tt7144666", "titleText": {"text": "The Black Phone", "__typename": "TitleText"}, "titleType": {"id": "movie", "text": "Movie", "canHaveEpisodes": false, "displayableProperty": {"value": {"plainText": "", "__typename": "Markdown"}, "__typename": "DisplayableTitleTypeProperty"}, "__typename": "TitleType"}, "originalTitleText": {"text": "The Black Phone", "__typename": "TitleText"}, "primaryImage": {"id": "rm622159873", "width": 1895, "height": 3000, "url": "https://m.media-amazon.com/images/M/MV5BMjFhZTcxOTktMzllMS00MzIzLWJhODEtZDU5YTFkNzRjZWQyXkEyXkFqcGc@._V1_.jpg", "caption": {"plainText": "Ethan Hawke in The Black Phone (2021)", "__typename": "Markdown"}, "__typename": "Image"}, "releaseYear": {"year": 2021, "endYear": null, "__typename": "YearRange"}, "ratingsSummary": {"aggregateRating": 6.9, "voteCount": 214077, "__typename": "RatingsSummary"}, "runtime": {"seconds": 6180, "__typename": "Runtime"}, "certificate": {"rating": "A", "__typename": "Certificate"}, "canRate": {"isRatable": true, "__typename": "CanRate"}, "titleGenres": {"genres": [{"genre": {"text": "Horror", "__typename": "GenreItem"}, "__typename": "TitleGenre"}, {"genre": {"text": "Mystery", "__typename": "GenreItem"}, "__typename": "TitleGenre"}, {"genre": {"text": "Thriller", "__typename": "GenreItem"}, "__typename": "TitleGenre"}], "__typename": "TitleGenres"}, "canHaveEpisodes": false, "__typename": "Title"}, "__typename": "MoreLikeThisEdge"}, {"node": {"id": "tt1259521", "titleText": {"text": "The Cabin in the Woods", "__typename": "TitleText"}, "titleType": {"id": "movie", "text": "Movie", "canHaveEpisodes": false, "displayableProperty": {"value": {"plainText": "", "__typename": "Markdown"}, "__typename": "DisplayableTitleTypeProperty"}, "__typename": "TitleType"}, "originalTitleText": {"text": "The Cabin in the Woods", "__typename": "TitleText"}, "primaryImage": {"id": "rm2977084160", "width": 1382, "height": 2048, "url": "https://m.media-amazon.com/images/M/MV5BNTUxNzYyMjg2N15BMl5BanBnXkFtZTcwMTExNzExNw@@._V1_.jpg", "caption": {"plainText": "The Cabin in the Woods (2011)", "__typename": "Markdown"}, "__typename": "Image"}, "releaseYear": {"year": 2011, "endYear": null, "__typename": "YearRange"}, "ratingsSummary": {"aggregateRating": 7, "voteCount": 462649, "__typename": "RatingsSummary"}, "runtime": {"seconds": 5700, "__typename": "Runtime"}, "certificate": {"rating": "A", "__typename": "Certificate"}, "canRate": {"isRatable": true, "__typename": "CanRate"}, "titleGenres": {"genres": [{"genre": {"text": "Horror", "__typename": "GenreItem"}, "__typename": "TitleGenre"}, {"genre": {"text": "Mystery", "__typename": "GenreItem"}, "__typename": "TitleGenre"}, {"genre": {"text": "Thriller", "__typename": "GenreItem"}, "__typename": "TitleGenre"}], "__typename": "TitleGenres"}, "canHaveEpisodes": false, "__typename": "Title"}, "__typename": "MoreLikeThisEdge"}, {"node": {"id": "tt4972582", "titleText": {"text": "Split", "__typename": "TitleText"}, "titleType": {"id": "movie", "text": "Movie", "canHaveEpisodes": false, "displayableProperty": {"value": {"plainText": "", "__typename": "Markdown"}, "__typename": "DisplayableTitleTypeProperty"}, "__typename": "TitleType"}, "originalTitleText": {"text": "Split", "__typename": "TitleText"}, "primaryImage": {"id": "rm1913600000", "width": 1383, "height": 2048, "url": "https://m.media-amazon.com/images/M/MV5BNTZjNmVjMzAtZjg2Mi00MWNmLTk5NTItOTExZDYwNTE2YmExXkEyXkFqcGc@._V1_.jpg", "caption": {"plainText": "James McAvoy in Split (2016)", "__typename": "Markdown"}, "__typename": "Image"}, "releaseYear": {"year": 2016, "endYear": null, "__typename": "YearRange"}, "ratingsSummary": {"aggregateRating": 7.3, "voteCount": 574174, "__typename": "RatingsSummary"}, "runtime": {"seconds": 7020, "__typename": "Runtime"}, "certificate": {"rating": "UA", "__typename": "Certificate"}, "canRate": {"isRatable": true, "__typename": "CanRate"}, "titleGenres": {"genres": [{"genre": {"text": "Horror", "__typename": "GenreItem"}, "__typename": "TitleGenre"}, {"genre": {"text": "Thriller", "__typename": "GenreItem"}, "__typename": "TitleGenre"}], "__typename": "TitleGenres"}, "canHaveEpisodes": false, "__typename": "Title"}, "__typename": "MoreLikeThisEdge"}, {"node": {"id": "tt1148204", "titleText": {"text": "Orphan", "__typename": "TitleText"}, "titleType": {"id": "movie", "text": "Movie", "canHaveEpisodes": false, "displayableProperty": {"value": {"plainText": "", "__typename": "Markdown"}, "__typename": "DisplayableTitleTypeProperty"}, "__typename": "TitleType"}, "originalTitleText": {"text": "Orphan", "__typename": "TitleText"}, "primaryImage": {"id": "rm2261516800", "width": 861, "height": 1280, "url": "https://m.media-amazon.com/images/M/MV5BYjc1Y2M4ZmQtMTA2NC00OTUwLTgxZDMtZDJmNTk1OTU4Njk4XkEyXkFqcGc@._V1_.jpg", "caption": {"plainText": "Isabelle Fuhrman in Orphan (2009)", "__typename": "Markdown"}, "__typename": "Image"}, "releaseYear": {"year": 2009, "endYear": null, "__typename": "YearRange"}, "ratingsSummary": {"aggregateRating": 7, "voteCount": 259659, "__typename": "RatingsSummary"}, "runtime": {"seconds": 7380, "__typename": "Runtime"}, "certificate": {"rating": "A", "__typename": "Certificate"}, "canRate": {"isRatable": true, "__typename": "CanRate"}, "titleGenres": {"genres": [{"genre": {"text": "Horror", "__typename": "GenreItem"}, "__typename": "TitleGenre"}, {"genre": {"text": "Mystery", "__typename": "GenreItem"}, "__typename": "TitleGenre"}, {"genre": {"text": "Thriller", "__typename": "GenreItem"}, "__typename": "TitleGenre"}], "__typename": "TitleGenres"}, "canHaveEpisodes": false, "__typename": "Title"}, "__typename": "MoreLikeThisEdge"}, {"node": {"id": "tt6644200", "titleText": {"text": "A Quiet Place", "__typename": "TitleText"}, "titleType": {"id": "movie", "text": "Movie", "canHaveEpisodes": false, "displayableProperty": {"value": {"plainText": "", "__typename": "Markdown"}, "__typename": "DisplayableTitleTypeProperty"}, "__typename": "TitleType"}, "originalTitleText": {"text": "A Quiet Place", "__typename": "TitleText"}, "primaryImage": {"id": "rm2582992384", "width": 1382, "height": 2048, "url": "https://m.media-amazon.com/images/M/MV5BMjI0MDMzNTQ0M15BMl5BanBnXkFtZTgwMTM5NzM3NDM@._V1_.jpg", "caption": {"plainText": "Emily Blunt in A Quiet Place (2018)", "__typename": "Markdown"}, "__typename": "Image"}, "releaseYear": {"year": 2018, "endYear": null, "__typename": "YearRange"}, "ratingsSummary": {"aggregateRating": 7.5, "voteCount": 611657, "__typename": "RatingsSummary"}, "runtime": {"seconds": 5400, "__typename": "Runtime"}, "certificate": {"rating": "A", "__typename": "Certificate"}, "canRate": {"isRatable": true, "__typename": "CanRate"}, "titleGenres": {"genres": [{"genre": {"text": "Drama", "__typename": "GenreItem"}, "__typename": "TitleGenre"}, {"genre": {"text": "Horror", "__typename": "GenreItem"}, "__typename": "TitleGenre"}, {"genre": {"text": "Sci-Fi", "__typename": "GenreItem"}, "__typename": "TitleGenre"}], "__typename": "TitleGenres"}, "canHaveEpisodes": false, "__typename": "Title"}, "__typename": "MoreLikeThisEdge"}, {"node": {"id": "tt5052448", "titleText": {"text": "Get Out", "__typename": "TitleText"}, "titleType": {"id": "movie", "text": "Movie", "canHaveEpisodes": false, "displayableProperty": {"value": {"plainText": "", "__typename": "Markdown"}, "__typename": "DisplayableTitleTypeProperty"}, "__typename": "TitleType"}, "originalTitleText": {"text": "Get Out", "__typename": "TitleText"}, "primaryImage": {"id": "rm1537293568", "width": 1383, "height": 2048, "url": "https://m.media-amazon.com/images/M/MV5BMjUxMDQwNjcyNl5BMl5BanBnXkFtZTgwNzcwMzc0MTI@._V1_.jpg", "caption": {"plainText": "Daniel Kaluuya in Get Out (2017)", "__typename": "Markdown"}, "__typename": "Image"}, "releaseYear": {"year": 2017, "endYear": null, "__typename": "YearRange"}, "ratingsSummary": {"aggregateRating": 7.8, "voteCount": 733199, "__typename": "RatingsSummary"}, "runtime": {"seconds": 6240, "__typename": "Runtime"}, "certificate": {"rating": "15+", "__typename": "Certificate"}, "canRate": {"isRatable": true, "__typename": "CanRate"}, "titleGenres": {"genres": [{"genre": {"text": "Horror", "__typename": "GenreItem"}, "__typename": "TitleGenre"}, {"genre": {"text": "Mystery", "__typename": "GenreItem"}, "__typename": "TitleGenre"}, {"genre": {"text": "Thriller", "__typename": "GenreItem"}, "__typename": "TitleGenre"}], "__typename": "TitleGenres"}, "canHaveEpisodes": false, "__typename": "Title"}, "__typename": "MoreLikeThisEdge"}, {"node": {"id": "tt7784604", "titleText": {"text": "Hereditary", "__typename": "TitleText"}, "titleType": {"id": "movie", "text": "Movie", "canHaveEpisodes": false, "displayableProperty": {"value": {"plainText": "", "__typename": "Markdown"}, "__typename": "DisplayableTitleTypeProperty"}, "__typename": "TitleType"}, "originalTitleText": {"text": "Hereditary", "__typename": "TitleText"}, "primaryImage": {"id": "rm519258624", "width": 2025, "height": 3000, "url": "https://m.media-amazon.com/images/M/MV5BNTEyZGQwODctYWJjZi00NjFmLTg3YmEtMzlhNjljOGZhMWMyXkEyXkFqcGc@._V1_.jpg", "caption": {"plainText": "Toni Collette and Milly Shapiro in Hereditary (2018)", "__typename": "Markdown"}, "__typename": "Image"}, "releaseYear": {"year": 2018, "endYear": null, "__typename": "YearRange"}, "ratingsSummary": {"aggregateRating": 7.3, "voteCount": 399973, "__typename": "RatingsSummary"}, "runtime": {"seconds": 7620, "__typename": "Runtime"}, "certificate": {"rating": "A", "__typename": "Certificate"}, "canRate": {"isRatable": true, "__typename": "CanRate"}, "titleGenres": {"genres": [{"genre": {"text": "Drama", "__typename": "GenreItem"}, "__typename": "TitleGenre"}, {"genre": {"text": "Horror", "__typename": "GenreItem"}, "__typename": "TitleGenre"}, {"genre": {"text": "Mystery", "__typename": "GenreItem"}, "__typename": "TitleGenre"}], "__typename": "TitleGenres"}, "canHaveEpisodes": false, "__typename": "Title"}, "__typename": "MoreLikeThisEdge"}, {"node": {"id": "tt1457767", "titleText": {"text": "The Conjuring", "__typename": "TitleText"}, "titleType": {"id": "movie", "text": "Movie", "canHaveEpisodes": false, "displayableProperty": {"value": {"plainText": "", "__typename": "Markdown"}, "__typename": "DisplayableTitleTypeProperty"}, "__typename": "TitleType"}, "originalTitleText": {"text": "The Conjuring", "__typename": "TitleText"}, "primaryImage": {"id": "rm1035247872", "width": 1200, "height": 1778, "url": "https://m.media-amazon.com/images/M/MV5BMTM3NjA1NDMyMV5BMl5BanBnXkFtZTcwMDQzNDMzOQ@@._V1_.jpg", "caption": {"plainText": "The Conjuring (2013)", "__typename": "Markdown"}, "__typename": "Image"}, "releaseYear": {"year": 2013, "endYear": null, "__typename": "YearRange"}, "ratingsSummary": {"aggregateRating": 7.5, "voteCount": 571199, "__typename": "RatingsSummary"}, "runtime": {"seconds": 6720, "__typename": "Runtime"}, "certificate": {"rating": "A", "__typename": "Certificate"}, "canRate": {"isRatable": true, "__typename": "CanRate"}, "titleGenres": {"genres": [{"genre": {"text": "Horror", "__typename": "GenreItem"}, "__typename": "TitleGenre"}, {"genre": {"text": "Mystery", "__typename": "GenreItem"}, "__typename": "TitleGenre"}, {"genre": {"text": "Thriller", "__typename": "GenreItem"}, "__typename": "TitleGenre"}], "__typename": "TitleGenres"}, "canHaveEpisodes": false, "__typename": "Title"}, "__typename": "MoreLikeThisEdge"}, {"node": {"id": "tt1922777", "titleText": {"text": "Sinister", "__typename": "TitleText"}, "titleType": {"id": "movie", "text": "Movie", "canHaveEpisodes": false, "displayableProperty": {"value": {"plainText": "", "__typename": "Markdown"}, "__typename": "DisplayableTitleTypeProperty"}, "__typename": "TitleType"}, "originalTitleText": {"text": "Sinister", "__typename": "TitleText"}, "primaryImage": {"id": "rm1632548096", "width": 1382, "height": 2048, "url": "https://m.media-amazon.com/images/M/MV5BMjI5MTg1Njg0Ml5BMl5BanBnXkFtZTcwNzg2Mjc4Nw@@._V1_.jpg", "caption": {"plainText": "Clare Foley in Sinister (2012)", "__typename": "Markdown"}, "__typename": "Image"}, "releaseYear": {"year": 2012, "endYear": null, "__typename": "YearRange"}, "ratingsSummary": {"aggregateRating": 6.8, "voteCount": 290906, "__typename": "RatingsSummary"}, "runtime": {"seconds": 6600, "__typename": "Runtime"}, "certificate": {"rating": "A", "__typename": "Certificate"}, "canRate": {"isRatable": true, "__typename": "CanRate"}, "titleGenres": {"genres": [{"genre": {"text": "Horror", "__typename": "GenreItem"}, "__typename": "TitleGenre"}, {"genre": {"text": "Mystery", "__typename": "GenreItem"}, "__typename": "TitleGenre"}, {"genre": {"text": "Thriller", "__typename": "GenreItem"}, "__typename": "TitleGenre"}], "__typename": "TitleGenres"}, "canHaveEpisodes": false, "__typename": "Title"}, "__typename": "MoreLikeThisEdge"}], "__typename": "MoreLikeThisConnection"}, "triviaTotal": {"total": 92, "__typename": "TriviaConnection"}, "trivia": {"edges": [{"node": {"text": {"plaidHtml": "<a class=\"ipc-md-link ipc-md-link--entity\" href=\"/name/nm1191481/?ref_=tt_dyk_trv\">Leigh Whannell</a> chose not to have an opening establishing Cecilia&#39;s predicament with Adrian &quot;because I wanted to just drop the audience into Cecilia&#39;s situation without any back story and make them feel everything through her, and luckily I had <a class=\"ipc-md-link ipc-md-link--entity\" href=\"/name/nm0005253/?ref_=tt_dyk_trv\">Elisabeth Moss</a> who is very good at communicating a lot to the audience without saying anything.&quot;", "__typename": "Markdown"}, "trademark": null, "relatedNames": null, "__typename": "TitleTrivia"}, "__typename": "TriviaEdge"}], "__typename": "TriviaConnection"}, "goofsTotal": {"total": 36, "__typename": "GoofConnection"}, "goofs": {"edges": [{"node": {"text": {"plaidHtml": "Cecilia passes out at a job interview from a high dose of diazepam (Valium). But if she had that much drug in her system she likely wouldn&#39;t have been able to walk into that interview, at least not in a straight line.", "__typename": "Markdown"}, "__typename": "Goof"}, "__typename": "GoofEdge"}], "__typename": "GoofConnection"}, "quotesTotal": {"total": 15, "__typename": "TitleQuoteConnection"}, "quotes": {"edges": [{"node": {"lines": [{"characters": [{"character": "Cecilia Kass", "name": {"id": "nm0005253", "__typename": "Name"}, "__typename": "TitleQuoteCharacter"}], "text": "He said that wherever I went, he would find me, walk right up to me, and I wouldn't be able to see him.", "stageDirection": null, "__typename": "TitleQuoteLine"}], "__typename": "TitleQuote"}, "__typename": "TitleQuoteEdge"}], "__typename": "TitleQuoteConnection"}, "crazyCredits": {"edges": [{"node": {"text": {"plaidHtml": "The opening credits appear amidst large waves crashing against a cliff, appearing invisible until the waves crash against them and reveal them briefly.", "__typename": "Markdown"}, "__typename": "CrazyCredit"}, "__typename": "CrazyCreditEdge"}], "__typename": "CrazyCreditConnection"}, "alternateVersions": {"total": 2, "edges": [{"node": {"text": {"plaidHtml": "The UK release was cut, this film was originally seen for advice. The distributor was advised it was likely to be classified 18 uncut but that their preferred 15 classification could be obtained by making small changes to one scene to remove bloody injury detail during an attempted suicide. When the film was submitted for formal classification, the shots in question had been removed and the film was classified 15.", "__typename": "Markdown"}, "__typename": "AlternateVersion"}, "__typename": "AlternateVersionEdge"}], "__typename": "AlternateVersionConnection"}, "connections": {"edges": [{"node": {"associatedTitle": {"id": "tt11791928", "releaseYear": {"year": 2020, "__typename": "YearRange"}, "titleText": {"text": "Elisabeth Moss/Dan Abrams/Dustin Lynch", "__typename": "TitleText"}, "originalTitleText": {"text": "Elisabeth Moss/Dan Abrams/Dustin Lynch", "__typename": "TitleText"}, "series": {"series": {"titleText": {"text": "Jimmy Kimmel Live!", "__typename": "TitleText"}, "originalTitleText": {"text": "Jimmy Kimmel Live!", "__typename": "TitleText"}, "__typename": "Title"}, "__typename": "Series"}, "__typename": "Title"}, "category": {"text": "Featured in", "__typename": "TitleConnectionCategory"}, "__typename": "TitleConnection"}, "__typename": "TitleConnectionEdge"}], "__typename": "TitleConnectionConnection"}, "soundtrack": {"edges": [{"node": {"text": "Kids", "comments": [{"plaidHtml": "Performed by <a class=\"ipc-md-link ipc-md-link--entity\" href=\"/name/nm9375012/?ref_=tt_dyk_snd\">Rich Brian</a>", "__typename": "Markdown"}, {"plaidHtml": "Courtesy of 88rising", "__typename": "Markdown"}, {"plaidHtml": "Written by <a class=\"ipc-md-link ipc-md-link--entity\" href=\"/name/nm10800563/?ref_=tt_dyk_snd\">Rappy</a> (as Sergiu Gherman), Tyler Mehlenbacher, <a class=\"ipc-md-link ipc-md-link--entity\" href=\"/name/nm2661493/?ref_=tt_dyk_snd\">Daniel Tannenbaum</a>, <a class=\"ipc-md-link ipc-md-link--entity\" href=\"/name/nm9375012/?ref_=tt_dyk_snd\">Rich Brian</a> (as Brian Soewarno), <a class=\"ipc-md-link ipc-md-link--entity\" href=\"/name/nm3664743/?ref_=tt_dyk_snd\">Adam Feeney</a> (as Adam Feeney), <a class=\"ipc-md-link ipc-md-link--entity\" href=\"/name/nm10228531/?ref_=tt_dyk_snd\">Sean Miyashiro</a> and <a class=\"ipc-md-link ipc-md-link--entity\" href=\"/name/nm10854649/?ref_=tt_dyk_snd\">Craig Balmoris</a>", "__typename": "Markdown"}, {"plaidHtml": "Published by 88Rising Publishing LLC (c)", "__typename": "Markdown"}, {"plaidHtml": "Published by One77 Music LLC (c)", "__typename": "Markdown"}, {"plaidHtml": "Administered by Kobalt Music Publishing Australia Pty Ltd", "__typename": "Markdown"}, {"plaidHtml": "Universal Music Corp., Song of Universal Inc.", "__typename": "Markdown"}, {"plaidHtml": "Administered by Universal Music Publishing Pty Ltd", "__typename": "Markdown"}, {"plaidHtml": "Licensed by EMI Music Publishing Australia Pty Limited", "__typename": "Markdown"}, {"plaidHtml": "(c) Quiet as Kept Music Inc.", "__typename": "Markdown"}], "__typename": "Track"}, "__typename": "SoundtrackEdge"}], "__typename": "SoundtrackConnection"}, "titleText": {"text": "The Invisible Man", "__typename": "TitleText"}, "originalTitleText": {"text": "The Invisible Man", "__typename": "TitleText"}, "releaseYear": {"year": 2020, "__typename": "YearRange"}, "reviews": {"total": 2055, "__typename": "ReviewsConnection"}, "featuredReviews": {"edges": [{"node": {"id": "rw5873798", "author": {"nickName": "BlueSkies765", "userId": "ur15777810", "__typename": "UserProfile"}, "summary": {"originalText": "Best movie of 2020 so far", "__typename": "ReviewSummary"}, "text": {"originalText": {"plaidHtml": "With the pandemic I think studios released the movies they were not in love with and are still holding on to their best movies for later this year or the beginning of next year. There was an abundance to stream but The Invisible Man was one of the few movies I thought was actually good.<br/><br/>Elisabeth Moss had an excellent performance. Really making me feel the horror of the situations she was in. The concept was nice. It was executed well with some terrifying scenes. Not just seeing the horror but making you imagine the horror. There were some by the book scenes but the creators also did create some memorable unique scenes. Worth the watch.", "__typename": "Markdown"}, "__typename": "ReviewText"}, "authorRating": 8, "submissionDate": "2020-07-02", "helpfulness": {"upVotes": 57, "downVotes": 50, "__typename": "ReviewHelpfulness"}, "__typename": "Review"}, "__typename": "ReviewEdge"}], "__typename": "ReviewsConnection"}, "canRate": {"isRatable": true, "__typename": "CanRate"}, "iframeAddReviewLink": {"url": "https://contribute.imdb.com/review/tt1051906/add?bus=imdb&return_url=https%3A%2F%2Fwww.imdb.com%2Fclose_me&site=web", "__typename": "ContributionLink"}, "topQuestions": {"total": 18, "edges": [{"node": {"attributeId": "run-time", "question": {"plainText": "How long is The Invisible Man?", "__typename": "Markdown"}, "__typename": "AlexaQuestion"}, "__typename": "AlexaQuestionEdge"}], "__typename": "AlexaQuestionConnection"}, "faqs": {"total": 1, "edges": [{"node": {"id": "fq0096678", "question": {"plainText": "Is this still part of the Dark Universe or is it a standalone movie?", "__typename": "Markdown"}, "__typename": "Faq"}, "__typename": "FaqEdge"}], "__typename": "FaqConnection"}, "releaseDate": {"day": 28, "month": 2, "year": 2020, "country": {"id": "IN", "text": "India", "__typename": "LocalizedDisplayableCountry"}, "__typename": "ReleaseDate"}, "countriesOfOrigin": {"countries": [{"id": "AU", "text": "Australia", "__typename": "CountryOfOrigin"}, {"id": "US", "text": "United States", "__typename": "CountryOfOrigin"}], "__typename": "CountriesOfOrigin"}, "detailsExternalLinks": {"edges": [{"node": {"url": "https://amzn.to/3zchr5X", "label": "official Amazon", "externalLinkRegion": null, "__typename": "ExternalLink"}, "__typename": "ExternalLinkEdge"}, {"node": {"url": "http://www.facebook.com/TheInvisibleManMovie/", "label": "Official Facebook", "externalLinkRegion": null, "__typename": "ExternalLink"}, "__typename": "ExternalLinkEdge"}], "total": 6, "__typename": "ExternalLinkConnection"}, "spokenLanguages": {"spokenLanguages": [{"id": "en", "text": "English", "__typename": "SpokenLanguage"}], "__typename": "SpokenLanguages"}, "akas": {"edges": [{"node": {"text": "Suitable Flesh", "__typename": "Aka"}, "__typename": "AkaEdge"}], "__typename": "AkaConnection"}, "filmingLocations": {"edges": [{"node": {"text": "Headland House, Gerringong, New South Wales, Australia", "location": "Headland House, Gerringong, New South Wales, Australia", "attributes": [], "__typename": "FilmingLocation"}, "__typename": "FilmingLocationEdge"}], "total": 11, "__typename": "FilmingLocationConnection"}, "production": {"edges": [{"node": {"company": {"id": "co0005073", "companyText": {"text": "Universal Pictures", "__typename": "CompanyText"}, "__typename": "Company"}, "__typename": "CompanyCredit"}, "__typename": "CompanyCreditEdge"}, {"node": {"company": {"id": "co0098315", "companyText": {"text": "Blumhouse Productions", "__typename": "CompanyText"}, "__typename": "Company"}, "__typename": "CompanyCredit"}, "__typename": "CompanyCreditEdge"}, {"node": {"company": {"id": "co0237697", "companyText": {"text": "Goalpost Pictures", "__typename": "CompanyText"}, "__typename": "Company"}, "__typename": "CompanyCredit"}, "__typename": "CompanyCreditEdge"}], "__typename": "CompanyCreditConnection"}, "companies": {"total": 111, "__typename": "CompanyCreditConnection"}, "productionBudget": {"budget": {"amount": 7000000, "currency": "USD", "__typename": "Money"}, "__typename": "ProductionBudget"}, "lifetimeGross": {"total": {"amount": 70410000, "currency": "USD", "__typename": "Money"}, "__typename": "BoxOfficeGross"}, "openingWeekendGross": {"gross": {"total": {"amount": 28205665, "currency": "USD", "__typename": "Money"}, "__typename": "BoxOfficeGross"}, "weekendEndDate": "2020-03-01", "__typename": "OpeningWeekendGross"}, "worldwideGross": {"total": {"amount": 144492724, "currency": "USD", "__typename": "Money"}, "__typename": "BoxOfficeGross"}, "technicalSpecifications": {"soundMixes": {"items": [{"id": "dolby_atmos", "text": "Dolby Atmos", "attributes": [], "__typename": "SoundMix"}, {"id": "12_track_digital sound", "text": "12-Track Digital Sound", "attributes": [], "__typename": "SoundMix"}], "__typename": "SoundMixes"}, "aspectRatios": {"items": [{"aspectRatio": "2.39 : 1", "attributes": [], "__typename": "AspectRatio"}], "__typename": "AspectRatios"}, "colorations": {"items": [{"conceptId": "color", "text": "Color", "attributes": [], "__typename": "Coloration"}], "__typename": "Colorations"}, "__typename": "TechnicalSpecifications"}, "runtime": {"seconds": 7440, "__typename": "Runtime"}, "series": null, "canHaveEpisodes": false, "contributionQuestions": {"contributionLink": {"url": "https://contribute.imdb.com/answers", "__typename": "ContributionQuestionsLink"}, "edges": [], "__typename": "QuestionConnection"}, "__typename": "Title"}}