{"ok": true, "error_code": 200, "description": "", "short": {"@context": "https://schema.org", "@type": "Movie", "url": "https://www.imdb.com/title/tt14152756/", "name": "Seaspiracy", "image": "https://m.media-amazon.com/images/M/MV5BOWUzZDNjZTEtZDM1Mi00ODVkLWI4Y2UtYjAwZGVlM2YwNTg4XkEyXkFqcGc@._V1_.jpg", "description": "Passionate about ocean life, a filmmaker sets out to document the harm that humans do to marine species - and uncovers alarming global corruption.", "review": {"@type": "Review", "itemReviewed": {"@type": "Movie", "url": "https://www.imdb.com/title/tt14152756/"}, "author": {"@type": "Person", "name": "keikoyoshikawa"}, "dateCreated": "2021-03-24", "inLanguage": "English", "name": "Shocking", "reviewBody": "I thought this documentary was going to be all about the crimes and unethical conducts by the fishing industry. Instead, the film-makers have also illuminated the various non-profits and advocacy groups that are contributing to the destruction of the oceans through their neglect, obfuscation, or - worse - complicity. And governments, too.\n\nThis is an eye-opener. And quite depressing at the same time. There doesn&apos;t seem to be any good answer or solution, short of reducing consumption. Which in itself doesn&apos;t seem to very feasible, given that for many people seafood is an important part of their diet, and global population continues to grow. :(\n\nThe only sliver of hope is perhaps plant-based seafood products. That, like lab-grown meats, for example, seems to be the only realistic way to achieve sustainability. But, as the film ends with, that depends on all of us making a choice.", "reviewRating": {"@type": "Rating", "worstRating": 1, "bestRating": 10, "ratingValue": 9}}, "aggregateRating": {"@type": "AggregateRating", "ratingCount": 34591, "bestRating": 10, "worstRating": 1, "ratingValue": 8.1}, "contentRating": "18", "genre": ["Documentary", "Adventure"], "datePublished": "2021-03-25", "keywords": "marine life,ocean,sea,overfishing,environmentalism", "trailer": {"@type": "VideoObject", "name": "Official Trailer", "embedUrl": "https://www.imdb.com/video/imdb/vi2277490713", "thumbnail": {"@type": "ImageObject", "contentUrl": "https://m.media-amazon.com/images/M/MV5BMjM0MGMxNGMtMzU5ZS00NzRkLWJmYjYtYmJjNzlhYzUwNjUxXkEyXkFqcGdeQXRyYW5zY29kZS13b3JrZmxvdw@@._V1_.jpg"}, "thumbnailUrl": "https://m.media-amazon.com/images/M/MV5BMjM0MGMxNGMtMzU5ZS00NzRkLWJmYjYtYmJjNzlhYzUwNjUxXkEyXkFqcGdeQXRyYW5zY29kZS13b3JrZmxvdw@@._V1_.jpg", "url": "https://www.imdb.com/video/vi2277490713/", "description": "Seaspiracy examines the global fishing industry, challenging notions of sustainable fishing and showing how human actions cause widespread environmental destruction.", "duration": "PT2M10S", "uploadDate": "2021-03-03T21:50:03.800Z"}, "actor": [{"@type": "Person", "url": "https://www.imdb.com/name/nm10293473/", "name": "Ali Tabrizi"}, {"@type": "Person", "url": "https://www.imdb.com/name/nm0639337/", "name": "Richard O&apos;Barry"}, {"@type": "Person", "url": "https://www.imdb.com/name/nm12377012/", "name": "Lucy Tabrizi"}], "director": [{"@type": "Person", "url": "https://www.imdb.com/name/nm10293473/", "name": "Ali Tabrizi"}], "creator": [{"@type": "Organization", "url": "https://www.imdb.com/company/co0981917/"}, {"@type": "Organization", "url": "https://www.imdb.com/company/co0314680/"}], "duration": "PT1H29M"}, "imdbId": "tt14152756", "top": {"id": "tt14152756", "productionStatus": {"currentProductionStage": {"id": "released", "text": "Released", "__typename": "ProductionStage"}, "productionStatusHistory": [{"status": {"id": "completed", "text": "Completed", "__typename": "ProductionStatus"}, "__typename": "ProductionStatusHistory"}, {"status": {"id": "released", "text": "Released", "__typename": "ProductionStatus"}, "__typename": "ProductionStatusHistory"}], "restriction": null, "__typename": "ProductionStatusDetails"}, "canHaveEpisodes": false, "series": null, "titleText": {"text": "Seaspiracy", "__typename": "TitleText"}, "titleType": {"displayableProperty": {"value": {"plainText": "", "__typename": "Markdown"}, "__typename": "DisplayableTitleTypeProperty"}, "text": "Movie", "id": "movie", "isSeries": false, "isEpisode": false, "categories": [{"value": "movie", "__typename": "TitleTypeCategory"}], "canHaveEpisodes": false, "__typename": "TitleType"}, "originalTitleText": {"text": "Seaspiracy", "__typename": "TitleText"}, "certificate": {"rating": "18", "__typename": "Certificate"}, "releaseYear": {"year": 2021, "endYear": null, "__typename": "YearRange"}, "releaseDate": {"day": 25, "month": 3, "year": 2021, "__typename": "ReleaseDate"}, "runtime": {"seconds": 5340, "displayableProperty": {"value": {"plainText": "1h 29m", "__typename": "Markdown"}, "__typename": "DisplayableTitleRuntimeProperty"}, "__typename": "Runtime"}, "canRate": {"isRatable": true, "__typename": "CanRate"}, "ratingsSummary": {"aggregateRating": 8.1, "voteCount": 34591, "__typename": "RatingsSummary"}, "meterRanking": null, "primaryImage": {"id": "rm399362305", "width": 700, "height": 941, "url": "https://m.media-amazon.com/images/M/MV5BOWUzZDNjZTEtZDM1Mi00ODVkLWI4Y2UtYjAwZGVlM2YwNTg4XkEyXkFqcGc@._V1_.jpg", "caption": {"plainText": "Seaspiracy (2021)", "__typename": "Markdown"}, "__typename": "Image"}, "images": {"total": 24, "edges": [{"node": {"id": "rm778775041", "__typename": "Image"}, "__typename": "ImageEdge"}], "__typename": "ImageConnection"}, "videos": {"total": 1, "__typename": "TitleRelatedVideosConnection"}, "primaryVideos": {"edges": [{"node": {"id": "vi2277490713", "createdDate": "2021-03-03T21:50:03.800Z", "isMature": false, "runtime": {"value": 130, "__typename": "VideoRuntime"}, "name": {"value": "Official Trailer", "language": "en", "__typename": "LocalizedString"}, "description": {"value": "Seaspiracy examines the global fishing industry, challenging notions of sustainable fishing and showing how human actions cause widespread environmental destruction.", "language": "en", "__typename": "LocalizedString"}, "timedTextTracks": [], "recommendedTimedTextTrack": null, "thumbnail": {"url": "https://m.media-amazon.com/images/M/MV5BMjM0MGMxNGMtMzU5ZS00NzRkLWJmYjYtYmJjNzlhYzUwNjUxXkEyXkFqcGdeQXRyYW5zY29kZS13b3JrZmxvdw@@._V1_.jpg", "height": 1080, "width": 1920, "__typename": "Thumbnail"}, "primaryTitle": {"id": "tt14152756", "titleText": {"text": "Seaspiracy", "__typename": "TitleText"}, "originalTitleText": {"text": "Seaspiracy", "__typename": "TitleText"}, "releaseYear": {"year": 2021, "__typename": "YearRange"}, "__typename": "Title"}, "playbackURLs": [{"displayName": {"value": "480p", "language": "en-US", "__typename": "LocalizedString"}, "videoMimeType": "MP4", "videoDefinition": "DEF_480p", "url": "https://imdb-video.media-imdb.com/vi2277490713/1434659607842-pgv4ql-1614808205691.mp4?Expires=1730927347&Signature=a-909g~fYxwXn90EkpcbiLY-UxOWixFhiwS786cG25Ok6UEgpeZLnKzcLYOVlA5~eUPJwnT8~rJv5JMyHUPUr7kZKFxY-GRaRciF3gRIRKPz7F70fDbkYpYDXE~ih8V28IxRVGZY4i0a-pCyhh0psHwd2sOGJOLTjhlwgP1tDTrqKpwBoZDQPMW5-oxa~rGPFNTenPGzQ29DIAqNH20XkHNl1yzO9VOcORv8NpPhh3c8z4qAWC8NH4IoZ5epp-DlWzYveymB0CySp2BKh32Gtp2L7Lb-RIHmQI-4cJ-djAWnPoSf7JTR~NCwmOq5mTN1~hNhNgkqN5d~oFrn0Fv8YQ__&Key-Pair-Id=APKAIFLZBVQZ24NQH3KA", "__typename": "PlaybackURL"}, {"displayName": {"value": "SD", "language": "en-US", "__typename": "LocalizedString"}, "videoMimeType": "MP4", "videoDefinition": "DEF_SD", "url": "https://imdb-video.media-imdb.com/vi2277490713/1434659454657-dx9ykf-1614808205691.mp4?Expires=1730927347&Signature=I7XBK1bD5S6FLmDTktmtexnzdRwd4CM2Q5laYX36qgLrYaXI1wEkFG74nsGgaktXj3JJ-TWaE3QCz7Nvc0M9HXsQm701qEgexS-iywac0FX9suA8o7pJ61I08bsHU7PTd58FG6iuvFqV5f~xKzoSyPiLS1npFy3nA6PYu9nuF9cN5n-ji0n8vyCbzD4Hfy~lsaHz9-xCJTZQm~2sEfwlgrKaaPydEiEZbPHfeZDWT6nozuQzxBTGjl4QK~y0gStoiJc12mmjA7BUjNqBRmmaiK7bFrLuxifuEYBK0nkYx9FB3crpjovav5popLdm0jSXzz9vJC4ohfSxILrmKW2LVg__&Key-Pair-Id=APKAIFLZBVQZ24NQH3KA", "__typename": "PlaybackURL"}], "contentType": {"id": "amzn1.imdb.video.contenttype.trailer", "displayName": {"value": "Trailer", "__typename": "LocalizedString"}, "__typename": "VideoContentType"}, "previewURLs": [{"displayName": {"value": "AUTO", "language": "en-US", "__typename": "LocalizedString"}, "videoMimeType": "M3U8", "videoDefinition": "DEF_AUTO", "url": "https://imdb-video.media-imdb.com/vi2277490713/hls-preview-e346e49d-817b-4e9f-af96-186fc139f964.m3u8?Expires=1730927347&Signature=jliiCXlqk6C~e973Uvly6hTF4pdq-nODokzzY7mlh9llGlVaCo6Ke9ZPtnvpr9pfCf8RZCevkFUi7U8wZj~OsT9gY3FOPt2eeCdzhXu38Hp93W4l11108s76AlacLdiJluhW4yxGYwPOMNVDrk-x5M~VRgUSyk8gYA5MgAdPUvCGpaIugRXKRoavFDvj6eTeJrZ7eN7pmnVWEf4rx1-0c0rhpTPMVKmIDEqOFj5nAJRHz4B~f4RmEfDzEAf5mBsTZ86CO6HvPKyfXTs--lP8BhNnOBGEfSm5OzU2EfXuKR5j6MpPSs-8AOsYLCxQU8t6IxsZvM7o~2igCDV4b69BLg__&Key-Pair-Id=APKAIFLZBVQZ24NQH3KA", "__typename": "PlaybackURL"}], "__typename": "Video"}, "__typename": "VideoEdge"}], "__typename": "VideoConnection"}, "externalLinks": {"total": 43, "__typename": "ExternalLinkConnection"}, "metacritic": null, "keywords": {"total": 14, "edges": [{"node": {"text": "marine life", "__typename": "TitleKeyword"}, "__typename": "TitleKeywordEdge"}, {"node": {"text": "ocean", "__typename": "TitleKeyword"}, "__typename": "TitleKeywordEdge"}, {"node": {"text": "sea", "__typename": "TitleKeyword"}, "__typename": "TitleKeywordEdge"}, {"node": {"text": "overfishing", "__typename": "TitleKeyword"}, "__typename": "TitleKeywordEdge"}, {"node": {"text": "environmentalism", "__typename": "TitleKeyword"}, "__typename": "TitleKeywordEdge"}], "__typename": "TitleKeywordConnection"}, "isAdult": false, "genres": {"genres": [{"text": "Documentary", "id": "Documentary", "__typename": "Genre"}, {"text": "Adventure", "id": "Adventure", "__typename": "Genre"}], "__typename": "Genres"}, "interests": {"edges": [{"node": {"id": "in0000012", "primaryText": {"text": "Adventure", "__typename": "InterestText"}, "__typename": "Interest"}, "__typename": "InterestEdge"}, {"node": {"id": "in0000060", "primaryText": {"text": "Documentary", "__typename": "InterestText"}, "__typename": "Interest"}, "__typename": "InterestEdge"}], "__typename": "InterestConnection"}, "plot": {"plotText": {"plainText": "Passionate about ocean life, a filmmaker sets out to document the harm that humans do to marine species - and uncovers alarming global corruption.", "__typename": "Markdown"}, "language": {"id": "en-US", "__typename": "DisplayableLanguage"}, "__typename": "Plot"}, "plotContributionLink": {"url": "https://contribute.imdb.com/updates?update=tt14152756:outlines.add.1.locale~en-US", "__typename": "ContributionLink"}, "credits": {"total": 64, "__typename": "CreditConnection"}, "principalCredits": [{"totalCredits": 1, "category": {"text": "Director", "id": "director", "__typename": "CreditCategory"}, "credits": [{"name": {"nameText": {"text": "Ali Tabrizi", "__typename": "NameText"}, "id": "nm10293473", "__typename": "Name"}, "attributes": null, "__typename": "Crew"}], "__typename": "PrincipalCreditsForCategory"}, {"totalCredits": 36, "category": {"text": "Stars", "id": "cast", "__typename": "CreditCategory"}, "credits": [{"name": {"nameText": {"text": "Ali Tabrizi", "__typename": "NameText"}, "id": "nm10293473", "__typename": "Name"}, "attributes": null, "__typename": "Cast"}, {"name": {"nameText": {"text": "Richard O'Barry", "__typename": "NameText"}, "id": "nm0639337", "__typename": "Name"}, "attributes": null, "__typename": "Cast"}, {"name": {"nameText": {"text": "Lucy Tabrizi", "__typename": "NameText"}, "id": "nm12377012", "__typename": "Name"}, "attributes": null, "__typename": "Cast"}], "__typename": "PrincipalCreditsForCategory"}], "reviews": {"total": 430, "__typename": "ReviewsConnection"}, "criticReviewsTotal": {"total": 36, "__typename": "ExternalLinkConnection"}, "triviaTotal": {"total": 0, "__typename": "TriviaConnection"}, "engagementStatistics": {"watchlistStatistics": {"displayableCount": {"text": "Added by 30.9K users", "__typename": "LocalizedDisplayableCount"}, "__typename": "WatchlistStatistics"}, "__typename": "EngagementStatistics"}, "subNavCredits": {"total": 64, "__typename": "CreditConnection"}, "subNavReviews": {"total": 430, "__typename": "ReviewsConnection"}, "subNavTrivia": {"total": 0, "__typename": "TriviaConnection"}, "subNavFaqs": {"total": 0, "__typename": "FaqConnection"}, "subNavTopQuestions": {"total": 14, "__typename": "AlexaQuestionConnection"}, "titleGenres": {"genres": [{"genre": {"text": "Documentary", "__typename": "GenreItem"}, "__typename": "TitleGenre"}, {"genre": {"text": "Adventure", "__typename": "GenreItem"}, "__typename": "TitleGenre"}], "__typename": "TitleGenres"}, "meta": {"canonicalId": "tt14152756", "publicationStatus": "PUBLISHED", "__typename": "TitleMeta"}, "castPageTitle": {"edges": [{"node": {"name": {"id": "nm10293473", "nameText": {"text": "Ali Tabrizi", "__typename": "NameText"}, "__typename": "Name"}, "__typename": "Cast"}, "__typename": "CreditEdge"}, {"node": {"name": {"id": "nm0639337", "nameText": {"text": "Richard O'Barry", "__typename": "NameText"}, "__typename": "Name"}, "__typename": "Cast"}, "__typename": "CreditEdge"}, {"node": {"name": {"id": "nm12377012", "nameText": {"text": "Lucy Tabrizi", "__typename": "NameText"}, "__typename": "Name"}, "__typename": "Cast"}, "__typename": "CreditEdge"}, {"node": {"name": {"id": "nm4369265", "nameText": {"text": "Lori Marino", "__typename": "NameText"}, "__typename": "Name"}, "__typename": "Cast"}, "__typename": "CreditEdge"}], "__typename": "CreditConnection"}, "creatorsPageTitle": [], "directorsPageTitle": [{"credits": [{"name": {"id": "nm10293473", "nameText": {"text": "Ali Tabrizi", "__typename": "NameText"}, "__typename": "Name"}, "__typename": "Crew"}], "__typename": "PrincipalCreditsForCategory"}], "countriesOfOrigin": {"countries": [{"id": "US", "__typename": "CountryOfOrigin"}], "__typename": "CountriesOfOrigin"}, "production": {"edges": [{"node": {"company": {"id": "co0981917", "companyText": {"text": "A.U.M. Films", "__typename": "CompanyText"}, "__typename": "Company"}, "__typename": "CompanyCredit"}, "__typename": "CompanyCreditEdge"}, {"node": {"company": {"id": "co0314680", "companyText": {"text": "Disruptive Studios", "__typename": "CompanyText"}, "__typename": "Company"}, "__typename": "CompanyCredit"}, "__typename": "CompanyCreditEdge"}], "__typename": "CompanyCreditConnection"}, "featuredReviews": {"edges": [{"node": {"author": {"nickName": "keikoyoshikawa", "__typename": "UserProfile"}, "summary": {"originalText": "Shocking", "__typename": "ReviewSummary"}, "text": {"originalText": {"plainText": "I thought this documentary was going to be all about the crimes and unethical conducts by the fishing industry. Instead, the film-makers have also illuminated the various non-profits and advocacy groups that are contributing to the destruction of the oceans through their neglect, obfuscation, or - worse - complicity. And governments, too.\n\nThis is an eye-opener. And quite depressing at the same time. There doesn't seem to be any good answer or solution, short of reducing consumption. Which in itself doesn't seem to very feasible, given that for many people seafood is an important part of their diet, and global population continues to grow. :(\n\nThe only sliver of hope is perhaps plant-based seafood products. That, like lab-grown meats, for example, seems to be the only realistic way to achieve sustainability. But, as the film ends with, that depends on all of us making a choice.", "__typename": "Markdown"}, "__typename": "ReviewText"}, "authorRating": 9, "submissionDate": "2021-03-24", "__typename": "Review"}, "__typename": "ReviewEdge"}], "__typename": "ReviewsConnection"}, "__typename": "Title"}, "main": {"id": "tt14152756", "wins": {"total": 0, "__typename": "AwardNominationConnection"}, "nominationsExcludeWins": {"total": 1, "__typename": "AwardNominationConnection"}, "prestigiousAwardSummary": null, "ratingsSummary": {"topRanking": null, "__typename": "RatingsSummary"}, "episodes": null, "videos": {"total": 1, "__typename": "TitleRelatedVideosConnection"}, "videoStrip": {"edges": [{"node": {"id": "vi2277490713", "contentType": {"displayName": {"value": "Trailer", "__typename": "LocalizedString"}, "__typename": "VideoContentType"}, "name": {"value": "Official Trailer", "__typename": "LocalizedString"}, "runtime": {"value": 130, "__typename": "VideoRuntime"}, "thumbnail": {"height": 1080, "url": "https://m.media-amazon.com/images/M/MV5BMjM0MGMxNGMtMzU5ZS00NzRkLWJmYjYtYmJjNzlhYzUwNjUxXkEyXkFqcGdeQXRyYW5zY29kZS13b3JrZmxvdw@@._V1_.jpg", "width": 1920, "__typename": "Thumbnail"}, "__typename": "Video"}, "__typename": "VideoEdge"}], "__typename": "VideoConnection"}, "titleMainImages": {"total": 24, "edges": [{"node": {"id": "rm778775041", "url": "https://m.media-amazon.com/images/M/MV5BN2YzYWQ0ZGQtM2IzNS00ZTA2LWEwZWYtNzE5ZDZkNjNiZDhiXkEyXkFqcGc@._V1_.jpg", "caption": {"plainText": "Seaspiracy (2021)", "__typename": "Markdown"}, "height": 805, "width": 1920, "__typename": "Image"}, "__typename": "ImageEdge"}, {"node": {"id": "rm678046209", "url": "https://m.media-amazon.com/images/M/MV5BOTZkZTQzMzYtMDlkNi00MDZiLWJlMzEtZWNkNmYwZTI5MjgyXkEyXkFqcGc@._V1_.jpg", "caption": {"plainText": "Seaspiracy (2021)", "__typename": "Markdown"}, "height": 536, "width": 1280, "__typename": "Image"}, "__typename": "ImageEdge"}, {"node": {"id": "rm284347649", "url": "https://m.media-amazon.com/images/M/MV5BZDg5MDMzOGMtMzAwNy00MDViLWI2MzMtOTlmYWI5OWZjNWY0XkEyXkFqcGc@._V1_.jpg", "caption": {"plainText": "Seaspiracy (2021)", "__typename": "Markdown"}, "height": 545, "width": 1280, "__typename": "Image"}, "__typename": "ImageEdge"}, {"node": {"id": "rm49466625", "url": "https://m.media-amazon.com/images/M/MV5BNDVjYzBjZDUtM2NjNS00YTgxLWI3YjUtY2VhZjFkZTk1NzIwXkEyXkFqcGc@._V1_.jpg", "caption": {"plainText": "Seaspiracy (2021)", "__typename": "Markdown"}, "height": 470, "width": 1024, "__typename": "Image"}, "__typename": "ImageEdge"}, {"node": {"id": "rm737332481", "url": "https://m.media-amazon.com/images/M/MV5BNGI1NjdhYjctMWZlNC00NWU1LTllYzktM2M2ZDBmYTdhNTViXkEyXkFqcGc@._V1_.jpg", "caption": {"plainText": "Seaspiracy (2021)", "__typename": "Markdown"}, "height": 706, "width": 978, "__typename": "Image"}, "__typename": "ImageEdge"}, {"node": {"id": "rm636669185", "url": "https://m.media-amazon.com/images/M/MV5BNjE1ZGJmNzgtNDA0Zi00YjczLWI2NzgtNDNiZTI2YWJiNWVmXkEyXkFqcGc@._V1_.jpg", "caption": {"plainText": "Seaspiracy (2021)", "__typename": "Markdown"}, "height": 406, "width": 720, "__typename": "Image"}, "__typename": "ImageEdge"}, {"node": {"id": "rm3522284801", "url": "https://m.media-amazon.com/images/M/MV5BNjcxY2YyNmMtZmM4YS00OTFjLTgwNjMtMjY1MTZhM2M5NGViXkEyXkFqcGc@._V1_.jpg", "caption": {"plainText": "Seaspiracy (2021)", "__typename": "Markdown"}, "height": 800, "width": 1200, "__typename": "Image"}, "__typename": "ImageEdge"}, {"node": {"id": "rm3555839233", "url": "https://m.media-amazon.com/images/M/MV5BNmEyZDdjMWQtNzgyZi00Y2EwLThkNDUtNGNkM2QzZDJmMzVmXkEyXkFqcGc@._V1_.jpg", "caption": {"plainText": "Seaspiracy (2021)", "__typename": "Markdown"}, "height": 1080, "width": 1920, "__typename": "Image"}, "__typename": "ImageEdge"}, {"node": {"id": "rm3606170881", "url": "https://m.media-amazon.com/images/M/MV5BOTg3ODUzMDQtZmVlOS00ZmQ4LWI3YTAtMDIwMzdiOGE2OWE3XkEyXkFqcGc@._V1_.jpg", "caption": {"plainText": "Seaspiracy (2021)", "__typename": "Markdown"}, "height": 1031, "width": 1916, "__typename": "Image"}, "__typename": "ImageEdge"}, {"node": {"id": "rm3438398721", "url": "https://m.media-amazon.com/images/M/MV5BNTdlMWU3YzgtMjk4ZC00OGEyLThmMmEtYTFhMTA0ZDBhMmMwXkEyXkFqcGc@._V1_.jpg", "caption": {"plainText": "Seaspiracy (2021)", "__typename": "Markdown"}, "height": 1013, "width": 1800, "__typename": "Image"}, "__typename": "ImageEdge"}, {"node": {"id": "rm3270626561", "url": "https://m.media-amazon.com/images/M/MV5BMGEzZTAxY2EtMmI2Yy00OWIwLTlmMTItN2NlZTQ0YWIwYjk0XkEyXkFqcGc@._V1_.jpg", "caption": {"plainText": "Seaspiracy (2021)", "__typename": "Markdown"}, "height": 480, "width": 853, "__typename": "Image"}, "__typename": "ImageEdge"}, {"node": {"id": "rm3304180993", "url": "https://m.media-amazon.com/images/M/MV5BYjRkNjQ3MWUtYzAwMS00ODAzLWJhZmEtNmYxN2FkZDA4NjkxXkEyXkFqcGc@._V1_.jpg", "caption": {"plainText": "Seaspiracy (2021)", "__typename": "Markdown"}, "height": 550, "width": 900, "__typename": "Image"}, "__typename": "ImageEdge"}, {"node": {"id": "rm4176596225", "url": "https://m.media-amazon.com/images/M/MV5BZGZhMTAzOTYtMDYwZS00NjM0LTkzYjUtZTM4NjQ4MGFiNDM2XkEyXkFqcGc@._V1_.jpg", "caption": {"plainText": "Seaspiracy (2021)", "__typename": "Markdown"}, "height": 459, "width": 1024, "__typename": "Image"}, "__typename": "ImageEdge"}], "__typename": "ImageConnection"}, "productionStatus": {"currentProductionStage": {"id": "released", "text": "Released", "__typename": "ProductionStage"}, "productionStatusHistory": [{"status": {"id": "completed", "text": "Completed", "__typename": "ProductionStatus"}, "__typename": "ProductionStatusHistory"}, {"status": {"id": "released", "text": "Released", "__typename": "ProductionStatus"}, "__typename": "ProductionStatusHistory"}], "restriction": null, "__typename": "ProductionStatusDetails"}, "primaryImage": {"id": "rm399362305", "__typename": "Image"}, "inIframeAddLink": {"url": "https://contribute.imdb.com/image/tt14152756/add?bus=imdb&return_url=https%3A%2F%2Fwww.imdb.com%2Fclose_me&site=web", "__typename": "ContributionLink"}, "notInIframeAddLink": {"url": "https://contribute.imdb.com/image/tt14152756/add?bus=imdb&return_url=https%3A%2F%2Fwww.imdb.com%2Ftitle%2Ftt14152756%2F&site=mobile", "__typename": "ContributionLink"}, "titleType": {"id": "movie", "canHaveEpisodes": false, "__typename": "TitleType"}, "cast": {"total": 36, "edges": [{"node": {"name": {"id": "nm10293473", "nameText": {"text": "Ali Tabrizi", "__typename": "NameText"}, "primaryImage": {"url": "https://m.media-amazon.com/images/M/MV5BYmQwNTJiOWUtNDA5Ni00Mzk2LWE1YWItOGUyNGMwN2MxMGQ0XkEyXkFqcGc@._V1_.jpg", "width": 910, "height": 1237, "__typename": "Image"}, "__typename": "Name"}, "attributes": null, "category": {"id": "self", "__typename": "CreditCategory"}, "characters": [{"name": "Self", "__typename": "Character"}], "episodeCredits": {"total": 0, "yearRange": null, "__typename": "EpisodeCastConnection"}, "__typename": "Cast"}, "__typename": "CreditEdge"}, {"node": {"name": {"id": "nm0639337", "nameText": {"text": "Richard O'Barry", "__typename": "NameText"}, "primaryImage": {"url": "https://m.media-amazon.com/images/M/MV5BMTgzOTQ4MjM1M15BMl5BanBnXkFtZTcwMzg0Mzg2Mg@@._V1_.jpg", "width": 1366, "height": 2048, "__typename": "Image"}, "__typename": "Name"}, "attributes": null, "category": {"id": "self", "__typename": "CreditCategory"}, "characters": [{"name": "Self - Founder of Dolphin Project", "__typename": "Character"}], "episodeCredits": {"total": 0, "yearRange": null, "__typename": "EpisodeCastConnection"}, "__typename": "Cast"}, "__typename": "CreditEdge"}, {"node": {"name": {"id": "nm12377012", "nameText": {"text": "Lucy Tabrizi", "__typename": "NameText"}, "primaryImage": null, "__typename": "Name"}, "attributes": null, "category": {"id": "self", "__typename": "CreditCategory"}, "characters": [{"name": "Self", "__typename": "Character"}], "episodeCredits": {"total": 0, "yearRange": null, "__typename": "EpisodeCastConnection"}, "__typename": "Cast"}, "__typename": "CreditEdge"}, {"node": {"name": {"id": "nm4369265", "nameText": {"text": "Lori Marino", "__typename": "NameText"}, "primaryImage": {"url": "https://m.media-amazon.com/images/M/MV5BNTM2N2YwY2QtZDI5MS00MjFhLTgxYTEtMGIwZTJiOWVmMzFlXkEyXkFqcGc@._V1_.jpg", "width": 996, "height": 1083, "__typename": "Image"}, "__typename": "Name"}, "attributes": null, "category": {"id": "self", "__typename": "CreditCategory"}, "characters": [{"name": "Self - Founder of the Whale Sanctuary Project", "__typename": "Character"}], "episodeCredits": {"total": 0, "yearRange": null, "__typename": "EpisodeCastConnection"}, "__typename": "Cast"}, "__typename": "CreditEdge"}, {"node": {"name": {"id": "nm12377013", "nameText": {"text": "Tamara Arenovich", "__typename": "NameText"}, "primaryImage": {"url": "https://m.media-amazon.com/images/M/MV5BMjRjZGIyNWUtMmQ3My00MzQyLWE2N2YtMjJkN2U5NGZmMjUzXkEyXkFqcGc@._V1_.jpg", "width": 2048, "height": 2048, "__typename": "Image"}, "__typename": "Name"}, "attributes": null, "category": {"id": "self", "__typename": "CreditCategory"}, "characters": [{"name": "Self - Sea Shepherd Conservation Society", "__typename": "Character"}], "episodeCredits": {"total": 0, "yearRange": null, "__typename": "EpisodeCastConnection"}, "__typename": "Cast"}, "__typename": "CreditEdge"}, {"node": {"name": {"id": "nm4099427", "nameText": {"text": "Paul de Gelder", "__typename": "NameText"}, "primaryImage": {"url": "https://m.media-amazon.com/images/M/MV5BMWRiZDI4MjgtNzgzNi00MWE5LWE3Y2MtNzhiMTViNWJlMjcxXkEyXkFqcGc@._V1_.jpg", "width": 363, "height": 469, "__typename": "Image"}, "__typename": "Name"}, "attributes": null, "category": {"id": "self", "__typename": "CreditCategory"}, "characters": [{"name": "Self - Shark Activist, Conservationist", "__typename": "Character"}], "episodeCredits": {"total": 0, "yearRange": null, "__typename": "EpisodeCastConnection"}, "__typename": "Cast"}, "__typename": "CreditEdge"}, {"node": {"name": {"id": "nm4539801", "nameText": {"text": "Callum Roberts", "__typename": "NameText"}, "primaryImage": {"url": "https://m.media-amazon.com/images/M/MV5BYmE3NmEyMTYtZDUyMy00NTQ1LWFmZmMtOWQ2ZWExYzc1ZjM2XkEyXkFqcGc@._V1_.jpg", "width": 1081, "height": 1078, "__typename": "Image"}, "__typename": "Name"}, "attributes": [{"text": "as Prof. Callum Roberts", "__typename": "CreditedAsCreditAttribute"}], "category": {"id": "self", "__typename": "CreditCategory"}, "characters": [{"name": "Self - Marine Scientist, Oceanographer, Author", "__typename": "Character"}], "episodeCredits": {"total": 0, "yearRange": null, "__typename": "EpisodeCastConnection"}, "__typename": "Cast"}, "__typename": "CreditEdge"}, {"node": {"name": {"id": "nm4502607", "nameText": {"text": "Gary Stokes", "__typename": "NameText"}, "primaryImage": {"url": "https://m.media-amazon.com/images/M/MV5BMjFhNWRlOWItNTViNy00NjE2LTkyNDMtMTI1NjUxZjIyMWRiXkEyXkFqcGc@._V1_.jpg", "width": 862, "height": 1074, "__typename": "Image"}, "__typename": "Name"}, "attributes": null, "category": {"id": "self", "__typename": "CreditCategory"}, "characters": [{"name": "Self - Co-Founder of Oceans Asia", "__typename": "Character"}], "episodeCredits": {"total": 0, "yearRange": null, "__typename": "EpisodeCastConnection"}, "__typename": "Cast"}, "__typename": "CreditEdge"}, {"node": {"name": {"id": "nm3082538", "nameText": {"text": "Peter Hammarstedt", "__typename": "NameText"}, "primaryImage": {"url": "https://m.media-amazon.com/images/M/MV5BZTI4ZWFhMDUtYzU1OC00NjU0LWFhNDMtYWZmNDBiNjEyMjQ1XkEyXkFqcGc@._V1_.jpg", "width": 983, "height": 1077, "__typename": "Image"}, "__typename": "Name"}, "attributes": [{"text": "as Captain Peter Hammarstedt", "__typename": "CreditedAsCreditAttribute"}], "category": {"id": "self", "__typename": "CreditCategory"}, "characters": [{"name": "Self - Sea Shepherd Conservation Society", "__typename": "Character"}], "episodeCredits": {"total": 0, "yearRange": null, "__typename": "EpisodeCastConnection"}, "__typename": "Cast"}, "__typename": "CreditEdge"}, {"node": {"name": {"id": "nm11958580", "nameText": {"text": "Lamya Essemlali", "__typename": "NameText"}, "primaryImage": {"url": "https://m.media-amazon.com/images/M/MV5BNzk5MjQ2ZDgtNmMyYS00MTU1LTlmNGQtNmNiMWU1ZjYxOGIyXkEyXkFqcGc@._V1_.jpg", "width": 999, "height": 1079, "__typename": "Image"}, "__typename": "Name"}, "attributes": null, "category": {"id": "self", "__typename": "CreditCategory"}, "characters": [{"name": "Self - Sea Shepherd Conservation Society", "__typename": "Character"}], "episodeCredits": {"total": 0, "yearRange": null, "__typename": "EpisodeCastConnection"}, "__typename": "Cast"}, "__typename": "CreditEdge"}, {"node": {"name": {"id": "nm12377014", "nameText": {"text": "Mark J. Palmer", "__typename": "NameText"}, "primaryImage": {"url": "https://m.media-amazon.com/images/M/MV5BZTUxYmEwMzEtYTE3MS00NDAwLWIwOWQtNGRiMGI1NTFhNjVhXkEyXkFqcGc@._V1_.jpg", "width": 705, "height": 844, "__typename": "Image"}, "__typename": "Name"}, "attributes": null, "category": {"id": "self", "__typename": "CreditCategory"}, "characters": [{"name": "Self - Dolphin Safe Tuna", "__typename": "Character"}, {"name": "Earth Island Inst.", "__typename": "Character"}], "episodeCredits": {"total": 0, "yearRange": null, "__typename": "EpisodeCastConnection"}, "__typename": "Cast"}, "__typename": "CreditEdge"}, {"node": {"name": {"id": "nm1763153", "nameText": {"text": "George Monbiot", "__typename": "NameText"}, "primaryImage": {"url": "https://m.media-amazon.com/images/M/MV5BOGI5YmMyZGItZTM5NS00ZWNjLTk2OGQtY2Q5MGE0M2RmOWFmXkEyXkFqcGc@._V1_.jpg", "width": 819, "height": 974, "__typename": "Image"}, "__typename": "Name"}, "attributes": null, "category": {"id": "self", "__typename": "CreditCategory"}, "characters": [{"name": "Self - Journalist, Author, Environmentalist", "__typename": "Character"}], "episodeCredits": {"total": 0, "yearRange": null, "__typename": "EpisodeCastConnection"}, "__typename": "Cast"}, "__typename": "CreditEdge"}, {"node": {"name": {"id": "nm9648797", "nameText": {"text": "Jackie Nu\u00f1ez", "__typename": "NameText"}, "primaryImage": {"url": "https://m.media-amazon.com/images/M/MV5BYzJlZjJkNWItMGE1Ni00MzhhLTk3YTAtNzhhNGIzM2NmMjQyXkEyXkFqcGc@._V1_.jpg", "width": 873, "height": 1073, "__typename": "Image"}, "__typename": "Name"}, "attributes": null, "category": {"id": "self", "__typename": "CreditCategory"}, "characters": [{"name": "Self - Plastic Pollution Coalition", "__typename": "Character"}], "episodeCredits": {"total": 0, "yearRange": null, "__typename": "EpisodeCastConnection"}, "__typename": "Cast"}, "__typename": "CreditEdge"}, {"node": {"name": {"id": "nm3091338", "nameText": {"text": "Dianna Cohen", "__typename": "NameText"}, "primaryImage": {"url": "https://m.media-amazon.com/images/M/MV5BYzg0YjM0NTItZWMzMy00YWUxLTlhNzAtMjhhOTc3Mzk3MTU2XkEyXkFqcGc@._V1_.jpg", "width": 865, "height": 1069, "__typename": "Image"}, "__typename": "Name"}, "attributes": null, "category": {"id": "self", "__typename": "CreditCategory"}, "characters": [{"name": "Self - CEO of Plastic Pollution Coalition", "__typename": "Character"}], "episodeCredits": {"total": 0, "yearRange": null, "__typename": "EpisodeCastConnection"}, "__typename": "Cast"}, "__typename": "CreditEdge"}, {"node": {"name": {"id": "nm12436668", "nameText": {"text": "Chris Langdon", "__typename": "NameText"}, "primaryImage": {"url": "https://m.media-amazon.com/images/M/MV5BODQ4OTg2ZGQtMzU2Ny00OGMyLWI4ZWQtNDIxMTM0ZWYzNmYzXkEyXkFqcGc@._V1_.jpg", "width": 653, "height": 825, "__typename": "Image"}, "__typename": "Name"}, "attributes": [{"text": "as Prof. Chris Langdon", "__typename": "CreditedAsCreditAttribute"}], "category": {"id": "self", "__typename": "CreditCategory"}, "characters": [{"name": "Self - Marine Biologist & Ecologist at the University of Miami", "__typename": "Character"}], "episodeCredits": {"total": 0, "yearRange": null, "__typename": "EpisodeCastConnection"}, "__typename": "Cast"}, "__typename": "CreditEdge"}, {"node": {"name": {"id": "nm1862168", "nameText": {"text": "Sylvia Earle", "__typename": "NameText"}, "primaryImage": {"url": "https://m.media-amazon.com/images/M/MV5BYmZlOGYyNTItOWI5MC00YWNmLTgyZjctYzBmYWQ1ZjUzMThhXkEyXkFqcGc@._V1_.jpg", "width": 801, "height": 1061, "__typename": "Image"}, "__typename": "Name"}, "attributes": [{"text": "as Dr. Sylvia Earle", "__typename": "CreditedAsCreditAttribute"}], "category": {"id": "self", "__typename": "CreditCategory"}, "characters": [{"name": "Self - Marine Biologist, Oceanographer, Explorer", "__typename": "Character"}], "episodeCredits": {"total": 0, "yearRange": null, "__typename": "EpisodeCastConnection"}, "__typename": "Cast"}, "__typename": "CreditEdge"}, {"node": {"name": {"id": "nm6138009", "nameText": {"text": "Cyrill Gutsch", "__typename": "NameText"}, "primaryImage": {"url": "https://m.media-amazon.com/images/M/MV5BYjkzYWYwYzItMjllNi00NzI3LWE0MWEtOWZkNGE2ZTU1NDJhXkEyXkFqcGc@._V1_.jpg", "width": 988, "height": 1082, "__typename": "Image"}, "__typename": "Name"}, "attributes": null, "category": {"id": "self", "__typename": "CreditCategory"}, "characters": [{"name": "Self - Founder of Parley for the Oceans", "__typename": "Character"}], "episodeCredits": {"total": 0, "yearRange": null, "__typename": "EpisodeCastConnection"}, "__typename": "Cast"}, "__typename": "CreditEdge"}, {"node": {"name": {"id": "nm1059922", "nameText": {"text": "Paul Watson", "__typename": "NameText"}, "primaryImage": {"url": "https://m.media-amazon.com/images/M/MV5BMjAzNjgzMDI1M15BMl5BanBnXkFtZTcwOTQwOTAzNQ@@._V1_.jpg", "width": 3648, "height": 2736, "__typename": "Image"}, "__typename": "Name"}, "attributes": [{"text": "as Captain Paul Watson", "__typename": "CreditedAsCreditAttribute"}], "category": {"id": "self", "__typename": "CreditCategory"}, "characters": [{"name": "Self - Founder of Sea Shepherd Conservation Society", "__typename": "Character"}], "episodeCredits": {"total": 0, "yearRange": null, "__typename": "EpisodeCastConnection"}, "__typename": "Cast"}, "__typename": "CreditEdge"}], "__typename": "CreditConnection"}, "creators": [], "directors": [{"totalCredits": 1, "category": {"text": "Director", "id": "director", "__typename": "CreditCategory"}, "credits": [{"name": {"id": "nm10293473", "nameText": {"text": "Ali Tabrizi", "__typename": "NameText"}, "__typename": "Name"}, "__typename": "Crew"}], "__typename": "PrincipalCreditsForCategory"}], "writers": [], "isAdult": false, "moreLikeThisTitles": {"edges": [{"node": {"id": "tt3302820", "titleText": {"text": "Cowsperacy the Sustainability Secret", "__typename": "TitleText"}, "titleType": {"id": "movie", "text": "Movie", "canHaveEpisodes": false, "displayableProperty": {"value": {"plainText": "", "__typename": "Markdown"}, "__typename": "DisplayableTitleTypeProperty"}, "__typename": "TitleType"}, "originalTitleText": {"text": "Cowspiracy: The Sustainability Secret", "__typename": "TitleText"}, "primaryImage": {"id": "rm70643968", "width": 600, "height": 888, "url": "https://m.media-amazon.com/images/M/MV5BMTU5NzAyMzk1MF5BMl5BanBnXkFtZTgwODE3NjQyNTE@._V1_.jpg", "caption": {"plainText": "Cowsperacy the Sustainability Secret (2014)", "__typename": "Markdown"}, "__typename": "Image"}, "releaseYear": {"year": 2014, "endYear": null, "__typename": "YearRange"}, "ratingsSummary": {"aggregateRating": 8.1, "voteCount": 26836, "__typename": "RatingsSummary"}, "runtime": {"seconds": 5400, "__typename": "Runtime"}, "certificate": {"rating": "Not Rated", "__typename": "Certificate"}, "canRate": {"isRatable": true, "__typename": "CanRate"}, "titleGenres": {"genres": [{"genre": {"text": "Documentary", "__typename": "GenreItem"}, "__typename": "TitleGenre"}], "__typename": "TitleGenres"}, "canHaveEpisodes": false, "__typename": "Title"}, "__typename": "MoreLikeThisEdge"}, {"node": {"id": "tt5541848", "titleText": {"text": "What the Health", "__typename": "TitleText"}, "titleType": {"id": "movie", "text": "Movie", "canHaveEpisodes": false, "displayableProperty": {"value": {"plainText": "", "__typename": "Markdown"}, "__typename": "DisplayableTitleTypeProperty"}, "__typename": "TitleType"}, "originalTitleText": {"text": "What the Health", "__typename": "TitleText"}, "primaryImage": {"id": "rm862797056", "width": 1224, "height": 1584, "url": "https://m.media-amazon.com/images/M/MV5BYTk2OTg4ZWYtNGY0Ny00M2VhLWEwODQtNDc2NGI4Yjk5YmMwXkEyXkFqcGc@._V1_.jpg", "caption": {"plainText": "Keegan Kuhn and Kip Andersen in What the Health (2017)", "__typename": "Markdown"}, "__typename": "Image"}, "releaseYear": {"year": 2017, "endYear": null, "__typename": "YearRange"}, "ratingsSummary": {"aggregateRating": 7.2, "voteCount": 30742, "__typename": "RatingsSummary"}, "runtime": {"seconds": 5820, "__typename": "Runtime"}, "certificate": null, "canRate": {"isRatable": true, "__typename": "CanRate"}, "titleGenres": {"genres": [{"genre": {"text": "Documentary", "__typename": "GenreItem"}, "__typename": "TitleGenre"}], "__typename": "TitleGenres"}, "canHaveEpisodes": false, "__typename": "Title"}, "__typename": "MoreLikeThisEdge"}, {"node": {"id": "tt7214598", "titleText": {"text": "Land of Hope and Glory", "__typename": "TitleText"}, "titleType": {"id": "movie", "text": "Movie", "canHaveEpisodes": false, "displayableProperty": {"value": {"plainText": "", "__typename": "Markdown"}, "__typename": "DisplayableTitleTypeProperty"}, "__typename": "TitleType"}, "originalTitleText": {"text": "Land of Hope and Glory", "__typename": "TitleText"}, "primaryImage": {"id": "rm1224614400", "width": 449, "height": 640, "url": "https://m.media-amazon.com/images/M/MV5BNTllMWU3YjktNjMxNi00YjY1LWExZDMtOGQ2ZjI1MWRlMjdiXkEyXkFqcGc@._V1_.jpg", "caption": {"plainText": "Land of Hope and Glory (2017)", "__typename": "Markdown"}, "__typename": "Image"}, "releaseYear": {"year": 2017, "endYear": null, "__typename": "YearRange"}, "ratingsSummary": {"aggregateRating": 9.1, "voteCount": 715, "__typename": "RatingsSummary"}, "runtime": {"seconds": 2880, "__typename": "Runtime"}, "certificate": null, "canRate": {"isRatable": true, "__typename": "CanRate"}, "titleGenres": {"genres": [{"genre": {"text": "Documentary", "__typename": "GenreItem"}, "__typename": "TitleGenre"}, {"genre": {"text": "Horror", "__typename": "GenreItem"}, "__typename": "TitleGenre"}], "__typename": "TitleGenres"}, "canHaveEpisodes": false, "__typename": "Title"}, "__typename": "MoreLikeThisEdge"}, {"node": {"id": "tt15567002", "titleText": {"text": "Milked", "__typename": "TitleText"}, "titleType": {"id": "movie", "text": "Movie", "canHaveEpisodes": false, "displayableProperty": {"value": {"plainText": "", "__typename": "Markdown"}, "__typename": "DisplayableTitleTypeProperty"}, "__typename": "TitleType"}, "originalTitleText": {"text": "Milked", "__typename": "TitleText"}, "primaryImage": {"id": "rm3877301249", "width": 1587, "height": 2245, "url": "https://m.media-amazon.com/images/M/MV5BNThlMTE4NjItNDIzMS00MTZmLWFkMGUtMGRlOWRkYzdkNjljXkEyXkFqcGc@._V1_.jpg", "caption": {"plainText": "Milked (2021)", "__typename": "Markdown"}, "__typename": "Image"}, "releaseYear": {"year": 2021, "endYear": null, "__typename": "YearRange"}, "ratingsSummary": {"aggregateRating": 8.4, "voteCount": 313, "__typename": "RatingsSummary"}, "runtime": {"seconds": 5400, "__typename": "Runtime"}, "certificate": null, "canRate": {"isRatable": true, "__typename": "CanRate"}, "titleGenres": {"genres": [{"genre": {"text": "Documentary", "__typename": "GenreItem"}, "__typename": "TitleGenre"}], "__typename": "TitleGenres"}, "canHaveEpisodes": false, "__typename": "Title"}, "__typename": "MoreLikeThisEdge"}, {"node": {"id": "tt0358456", "titleText": {"text": "Earthlings", "__typename": "TitleText"}, "titleType": {"id": "movie", "text": "Movie", "canHaveEpisodes": false, "displayableProperty": {"value": {"plainText": "", "__typename": "Markdown"}, "__typename": "DisplayableTitleTypeProperty"}, "__typename": "TitleType"}, "originalTitleText": {"text": "Earthlings", "__typename": "TitleText"}, "primaryImage": {"id": "rm3713551616", "width": 8100, "height": 12000, "url": "https://m.media-amazon.com/images/M/MV5BOTNiOWUxZDUtMGQ3Mi00NzhkLWEwOTYtZTlhM2VkMzVhY2JkXkEyXkFqcGc@._V1_.jpg", "caption": {"plainText": "Joaquin Phoenix in Earthlings (2005)", "__typename": "Markdown"}, "__typename": "Image"}, "releaseYear": {"year": 2005, "endYear": null, "__typename": "YearRange"}, "ratingsSummary": {"aggregateRating": 8.6, "voteCount": 19980, "__typename": "RatingsSummary"}, "runtime": {"seconds": 5700, "__typename": "Runtime"}, "certificate": null, "canRate": {"isRatable": true, "__typename": "CanRate"}, "titleGenres": {"genres": [{"genre": {"text": "Documentary", "__typename": "GenreItem"}, "__typename": "TitleGenre"}], "__typename": "TitleGenres"}, "canHaveEpisodes": false, "__typename": "Title"}, "__typename": "MoreLikeThisEdge"}, {"node": {"id": "tt12888462", "titleText": {"text": "My Octopus Teacher", "__typename": "TitleText"}, "titleType": {"id": "movie", "text": "Movie", "canHaveEpisodes": false, "displayableProperty": {"value": {"plainText": "", "__typename": "Markdown"}, "__typename": "DisplayableTitleTypeProperty"}, "__typename": "TitleType"}, "originalTitleText": {"text": "My Octopus Teacher", "__typename": "TitleText"}, "primaryImage": {"id": "rm1140611841", "width": 842, "height": 1200, "url": "https://m.media-amazon.com/images/M/MV5BYWU5OGMxYjktMWY5Ny00NDJhLTgwMDktNjVmMTExZGIyODljXkEyXkFqcGc@._V1_.jpg", "caption": {"plainText": "My Octopus Teacher (2020)", "__typename": "Markdown"}, "__typename": "Image"}, "releaseYear": {"year": 2020, "endYear": null, "__typename": "YearRange"}, "ratingsSummary": {"aggregateRating": 8.1, "voteCount": 65819, "__typename": "RatingsSummary"}, "runtime": {"seconds": 5100, "__typename": "Runtime"}, "certificate": {"rating": "7", "__typename": "Certificate"}, "canRate": {"isRatable": true, "__typename": "CanRate"}, "titleGenres": {"genres": [{"genre": {"text": "Documentary", "__typename": "GenreItem"}, "__typename": "TitleGenre"}, {"genre": {"text": "Drama", "__typename": "GenreItem"}, "__typename": "TitleGenre"}], "__typename": "TitleGenres"}, "canHaveEpisodes": false, "__typename": "Title"}, "__typename": "MoreLikeThisEdge"}, {"node": {"id": "tt5773402", "titleText": {"text": "Dominion", "__typename": "TitleText"}, "titleType": {"id": "movie", "text": "Movie", "canHaveEpisodes": false, "displayableProperty": {"value": {"plainText": "", "__typename": "Markdown"}, "__typename": "DisplayableTitleTypeProperty"}, "__typename": "TitleType"}, "originalTitleText": {"text": "Dominion", "__typename": "TitleText"}, "primaryImage": {"id": "rm92882688", "width": 1323, "height": 1871, "url": "https://m.media-amazon.com/images/M/MV5BOGFmNTIzYzctYWExYy00NTM3LWEwMzEtMjhiOGM2NDgwOWZjXkEyXkFqcGc@._V1_.jpg", "caption": {"plainText": "Dominion (2018)", "__typename": "Markdown"}, "__typename": "Image"}, "releaseYear": {"year": 2018, "endYear": null, "__typename": "YearRange"}, "ratingsSummary": {"aggregateRating": 8.9, "voteCount": 4705, "__typename": "RatingsSummary"}, "runtime": {"seconds": 7200, "__typename": "Runtime"}, "certificate": {"rating": "Not Rated", "__typename": "Certificate"}, "canRate": {"isRatable": true, "__typename": "CanRate"}, "titleGenres": {"genres": [{"genre": {"text": "Documentary", "__typename": "GenreItem"}, "__typename": "TitleGenre"}, {"genre": {"text": "Horror", "__typename": "GenreItem"}, "__typename": "TitleGenre"}], "__typename": "TitleGenres"}, "canHaveEpisodes": false, "__typename": "Title"}, "__typename": "MoreLikeThisEdge"}, {"node": {"id": "tt11464826", "titleText": {"text": "The Social Dilemma", "__typename": "TitleText"}, "titleType": {"id": "movie", "text": "Movie", "canHaveEpisodes": false, "displayableProperty": {"value": {"plainText": "", "__typename": "Markdown"}, "__typename": "DisplayableTitleTypeProperty"}, "__typename": "TitleType"}, "originalTitleText": {"text": "The Social Dilemma", "__typename": "TitleText"}, "primaryImage": {"id": "rm4109148161", "width": 1722, "height": 2444, "url": "https://m.media-amazon.com/images/M/MV5BNGQyY2E1M2EtZTkzNy00YjYyLWFjMGQtNTI1OGE4Yjc4MTZiXkEyXkFqcGc@._V1_.jpg", "caption": {"plainText": "Shoshana Zuboff and Justin Rosenstein in The Social Dilemma (2020)", "__typename": "Markdown"}, "__typename": "Image"}, "releaseYear": {"year": 2020, "endYear": null, "__typename": "YearRange"}, "ratingsSummary": {"aggregateRating": 7.6, "voteCount": 90825, "__typename": "RatingsSummary"}, "runtime": {"seconds": 5640, "__typename": "Runtime"}, "certificate": {"rating": "13", "__typename": "Certificate"}, "canRate": {"isRatable": true, "__typename": "CanRate"}, "titleGenres": {"genres": [{"genre": {"text": "Documentary", "__typename": "GenreItem"}, "__typename": "TitleGenre"}, {"genre": {"text": "Drama", "__typename": "GenreItem"}, "__typename": "TitleGenre"}], "__typename": "TitleGenres"}, "canHaveEpisodes": false, "__typename": "Title"}, "__typename": "MoreLikeThisEdge"}, {"node": {"id": "tt7455754", "titleText": {"text": "The Game Changers", "__typename": "TitleText"}, "titleType": {"id": "movie", "text": "Movie", "canHaveEpisodes": false, "displayableProperty": {"value": {"plainText": "", "__typename": "Markdown"}, "__typename": "DisplayableTitleTypeProperty"}, "__typename": "TitleType"}, "originalTitleText": {"text": "The Game Changers", "__typename": "TitleText"}, "primaryImage": {"id": "rm4052721409", "width": 2600, "height": 3852, "url": "https://m.media-amazon.com/images/M/MV5BNjgwMGZhNDMtM2QzMC00NDM3LThlYmMtMGZlODRiMWEwNjgzXkEyXkFqcGc@._V1_.jpg", "caption": {"plainText": "The Game Changers (2018)", "__typename": "Markdown"}, "__typename": "Image"}, "releaseYear": {"year": 2018, "endYear": null, "__typename": "YearRange"}, "ratingsSummary": {"aggregateRating": 7.8, "voteCount": 22101, "__typename": "RatingsSummary"}, "runtime": {"seconds": 5160, "__typename": "Runtime"}, "certificate": null, "canRate": {"isRatable": true, "__typename": "CanRate"}, "titleGenres": {"genres": [{"genre": {"text": "Documentary", "__typename": "GenreItem"}, "__typename": "TitleGenre"}, {"genre": {"text": "Sport", "__typename": "GenreItem"}, "__typename": "TitleGenre"}], "__typename": "TitleGenres"}, "canHaveEpisodes": false, "__typename": "Title"}, "__typename": "MoreLikeThisEdge"}, {"node": {"id": "tt4134784", "titleText": {"text": "Lucent", "__typename": "TitleText"}, "titleType": {"id": "movie", "text": "Movie", "canHaveEpisodes": false, "displayableProperty": {"value": {"plainText": "", "__typename": "Markdown"}, "__typename": "DisplayableTitleTypeProperty"}, "__typename": "TitleType"}, "originalTitleText": {"text": "Lucent", "__typename": "TitleText"}, "primaryImage": {"id": "rm2959538944", "width": 3308, "height": 4678, "url": "https://m.media-amazon.com/images/M/MV5BMjQwMTE5NDA4NF5BMl5BanBnXkFtZTgwODM1NDUxMzE@._V1_.jpg", "caption": {"plainText": "Lucent (2014)", "__typename": "Markdown"}, "__typename": "Image"}, "releaseYear": {"year": 2014, "endYear": null, "__typename": "YearRange"}, "ratingsSummary": {"aggregateRating": 8.7, "voteCount": 503, "__typename": "RatingsSummary"}, "runtime": {"seconds": 6420, "__typename": "Runtime"}, "certificate": null, "canRate": {"isRatable": true, "__typename": "CanRate"}, "titleGenres": {"genres": [{"genre": {"text": "Documentary", "__typename": "GenreItem"}, "__typename": "TitleGenre"}], "__typename": "TitleGenres"}, "canHaveEpisodes": false, "__typename": "Title"}, "__typename": "MoreLikeThisEdge"}, {"node": {"id": "tt1567233", "titleText": {"text": "Forks Over Knives", "__typename": "TitleText"}, "titleType": {"id": "movie", "text": "Movie", "canHaveEpisodes": false, "displayableProperty": {"value": {"plainText": "", "__typename": "Markdown"}, "__typename": "DisplayableTitleTypeProperty"}, "__typename": "TitleType"}, "originalTitleText": {"text": "Forks Over Knives", "__typename": "TitleText"}, "primaryImage": {"id": "rm899922688", "width": 750, "height": 1139, "url": "https://m.media-amazon.com/images/M/MV5BMTQ5NTIyNDY1Ml5BMl5BanBnXkFtZTcwMjIxNzY2NA@@._V1_.jpg", "caption": {"plainText": "Forks Over Knives (2011)", "__typename": "Markdown"}, "__typename": "Image"}, "releaseYear": {"year": 2011, "endYear": null, "__typename": "YearRange"}, "ratingsSummary": {"aggregateRating": 7.7, "voteCount": 12793, "__typename": "RatingsSummary"}, "runtime": {"seconds": 5760, "__typename": "Runtime"}, "certificate": {"rating": "PG", "__typename": "Certificate"}, "canRate": {"isRatable": true, "__typename": "CanRate"}, "titleGenres": {"genres": [{"genre": {"text": "Documentary", "__typename": "GenreItem"}, "__typename": "TitleGenre"}], "__typename": "TitleGenres"}, "canHaveEpisodes": false, "__typename": "Title"}, "__typename": "MoreLikeThisEdge"}, {"node": {"id": "tt2545118", "titleText": {"text": "Blackfish", "__typename": "TitleText"}, "titleType": {"id": "movie", "text": "Movie", "canHaveEpisodes": false, "displayableProperty": {"value": {"plainText": "", "__typename": "Markdown"}, "__typename": "DisplayableTitleTypeProperty"}, "__typename": "TitleType"}, "originalTitleText": {"text": "Blackfish", "__typename": "TitleText"}, "primaryImage": {"id": "rm4277380096", "width": 1382, "height": 2048, "url": "https://m.media-amazon.com/images/M/MV5BNTkyNTkwMzkxMl5BMl5BanBnXkFtZTcwMzAwOTE2OQ@@._V1_.jpg", "caption": {"plainText": "Blackfish (2013)", "__typename": "Markdown"}, "__typename": "Image"}, "releaseYear": {"year": 2013, "endYear": null, "__typename": "YearRange"}, "ratingsSummary": {"aggregateRating": 8.1, "voteCount": 73750, "__typename": "RatingsSummary"}, "runtime": {"seconds": 4980, "__typename": "Runtime"}, "certificate": {"rating": "PG-13", "__typename": "Certificate"}, "canRate": {"isRatable": true, "__typename": "CanRate"}, "titleGenres": {"genres": [{"genre": {"text": "Documentary", "__typename": "GenreItem"}, "__typename": "TitleGenre"}, {"genre": {"text": "Drama", "__typename": "GenreItem"}, "__typename": "TitleGenre"}, {"genre": {"text": "Horror", "__typename": "GenreItem"}, "__typename": "TitleGenre"}], "__typename": "TitleGenres"}, "canHaveEpisodes": false, "__typename": "Title"}, "__typename": "MoreLikeThisEdge"}], "__typename": "MoreLikeThisConnection"}, "triviaTotal": {"total": 0, "__typename": "TriviaConnection"}, "trivia": {"edges": [], "__typename": "TriviaConnection"}, "goofsTotal": {"total": 0, "__typename": "GoofConnection"}, "goofs": {"edges": [], "__typename": "GoofConnection"}, "quotesTotal": {"total": 0, "__typename": "TitleQuoteConnection"}, "quotes": {"edges": [], "__typename": "TitleQuoteConnection"}, "crazyCredits": {"edges": [], "__typename": "CrazyCreditConnection"}, "alternateVersions": {"total": 0, "edges": [], "__typename": "AlternateVersionConnection"}, "connections": {"edges": [{"node": {"associatedTitle": {"id": "tt19759096", "releaseYear": {"year": 2022, "__typename": "YearRange"}, "titleText": {"text": "Subject", "__typename": "TitleText"}, "originalTitleText": {"text": "Subject", "__typename": "TitleText"}, "series": null, "__typename": "Title"}, "category": {"text": "Featured in", "__typename": "TitleConnectionCategory"}, "__typename": "TitleConnection"}, "__typename": "TitleConnectionEdge"}], "__typename": "TitleConnectionConnection"}, "soundtrack": {"edges": [{"node": {"text": "Sleeping Giant", "comments": [{"plaidHtml": "Written by <a class=\"ipc-md-link ipc-md-link--entity\" href=\"/name/nm1743706/?ref_=tt_dyk_snd\">Jon Thor Birgisson</a> and <a class=\"ipc-md-link ipc-md-link--entity\" href=\"/name/nm3926614/?ref_=tt_dyk_snd\">Alex Somers</a>", "__typename": "Markdown"}, {"plaidHtml": "Performed by <a class=\"ipc-md-link ipc-md-link--entity\" href=\"/name/nm1743706/?ref_=tt_dyk_snd\">Jon Thor Birgisson</a> and <a class=\"ipc-md-link ipc-md-link--entity\" href=\"/name/nm3926614/?ref_=tt_dyk_snd\">Alex Somers</a>", "__typename": "Markdown"}], "__typename": "Track"}, "__typename": "SoundtrackEdge"}], "__typename": "SoundtrackConnection"}, "titleText": {"text": "Seaspiracy", "__typename": "TitleText"}, "originalTitleText": {"text": "Seaspiracy", "__typename": "TitleText"}, "releaseYear": {"year": 2021, "__typename": "YearRange"}, "reviews": {"total": 430, "__typename": "ReviewsConnection"}, "featuredReviews": {"edges": [{"node": {"id": "rw6736763", "author": {"nickName": "keikoyoshikawa", "userId": "ur109186594", "__typename": "UserProfile"}, "summary": {"originalText": "Shocking", "__typename": "ReviewSummary"}, "text": {"originalText": {"plaidHtml": "I thought this documentary was going to be all about the crimes and unethical conducts by the fishing industry. Instead, the film-makers have also illuminated the various non-profits and advocacy groups that are contributing to the destruction of the oceans through their neglect, obfuscation, or - worse - complicity. And governments, too.<br/><br/>This is an eye-opener. And quite depressing at the same time. There doesn&#39;t seem to be any good answer or solution, short of reducing consumption. Which in itself doesn&#39;t seem to very feasible, given that for many people seafood is an important part of their diet, and global population continues to grow. :(<br/><br/>The only sliver of hope is perhaps plant-based seafood products. That, like lab-grown meats, for example, seems to be the only realistic way to achieve sustainability. But, as the film ends with, that depends on all of us making a choice.", "__typename": "Markdown"}, "__typename": "ReviewText"}, "authorRating": 9, "submissionDate": "2021-03-24", "helpfulness": {"upVotes": 255, "downVotes": 42, "__typename": "ReviewHelpfulness"}, "__typename": "Review"}, "__typename": "ReviewEdge"}], "__typename": "ReviewsConnection"}, "canRate": {"isRatable": true, "__typename": "CanRate"}, "iframeAddReviewLink": {"url": "https://contribute.imdb.com/review/tt14152756/add?bus=imdb&return_url=https%3A%2F%2Fwww.imdb.com%2Fclose_me&site=web", "__typename": "ContributionLink"}, "topQuestions": {"total": 14, "edges": [{"node": {"attributeId": "run-time", "question": {"plainText": "How long is Seaspiracy?", "__typename": "Markdown"}, "__typename": "AlexaQuestion"}, "__typename": "AlexaQuestionEdge"}], "__typename": "AlexaQuestionConnection"}, "faqs": {"total": 0, "edges": [], "__typename": "FaqConnection"}, "releaseDate": {"day": 25, "month": 3, "year": 2021, "country": {"id": "IN", "text": "India", "__typename": "LocalizedDisplayableCountry"}, "__typename": "ReleaseDate"}, "countriesOfOrigin": {"countries": [{"id": "US", "text": "United States", "__typename": "CountryOfOrigin"}], "__typename": "CountriesOfOrigin"}, "detailsExternalLinks": {"edges": [{"node": {"url": "https://www.netflix.com/title/81014008", "label": "Netflix Site", "externalLinkRegion": null, "__typename": "ExternalLink"}, "__typename": "ExternalLinkEdge"}, {"node": {"url": "https://www.seaspiracy.org/", "label": "official site", "externalLinkRegion": null, "__typename": "ExternalLink"}, "__typename": "ExternalLinkEdge"}], "total": 2, "__typename": "ExternalLinkConnection"}, "spokenLanguages": {"spokenLanguages": [{"id": "en", "text": "English", "__typename": "SpokenLanguage"}], "__typename": "SpokenLanguages"}, "akas": {"edges": [{"node": {"text": "\u041c\u043e\u0440\u0441\u044c\u043a\u0430 \u0437\u043c\u043e\u0432\u0430", "__typename": "Aka"}, "__typename": "AkaEdge"}], "__typename": "AkaConnection"}, "filmingLocations": {"edges": [], "total": 0, "__typename": "FilmingLocationConnection"}, "production": {"edges": [{"node": {"company": {"id": "co0981917", "companyText": {"text": "A.U.M. Films", "__typename": "CompanyText"}, "__typename": "Company"}, "__typename": "CompanyCredit"}, "__typename": "CompanyCreditEdge"}, {"node": {"company": {"id": "co0314680", "companyText": {"text": "Disruptive Studios", "__typename": "CompanyText"}, "__typename": "Company"}, "__typename": "CompanyCredit"}, "__typename": "CompanyCreditEdge"}], "__typename": "CompanyCreditConnection"}, "companies": {"total": 3, "__typename": "CompanyCreditConnection"}, "productionBudget": null, "lifetimeGross": null, "openingWeekendGross": null, "worldwideGross": null, "technicalSpecifications": {"soundMixes": {"items": [{"id": "dolby_digital", "text": "Dolby Digital", "attributes": [], "__typename": "SoundMix"}], "__typename": "SoundMixes"}, "aspectRatios": {"items": [{"aspectRatio": "2.35 : 1", "attributes": [], "__typename": "AspectRatio"}], "__typename": "AspectRatios"}, "colorations": {"items": [{"conceptId": "color", "text": "Color", "attributes": [], "__typename": "Coloration"}], "__typename": "Colorations"}, "__typename": "TechnicalSpecifications"}, "runtime": {"seconds": 5340, "__typename": "Runtime"}, "series": null, "canHaveEpisodes": false, "contributionQuestions": {"contributionLink": {"url": "https://contribute.imdb.com/answers", "__typename": "ContributionQuestionsLink"}, "edges": [{"node": {"entity": {"primaryImage": {"url": "https://m.media-amazon.com/images/M/MV5BOWUzZDNjZTEtZDM1Mi00ODVkLWI4Y2UtYjAwZGVlM2YwNTg4XkEyXkFqcGc@._V1_.jpg", "width": 700, "height": 941, "caption": {"plainText": "Seaspiracy (2021)", "__typename": "Markdown"}, "__typename": "Image"}, "__typename": "Title"}, "questionId": "tt14152756.certificate.CA", "questionText": {"plainText": "What was the official certification given to Seaspiracy (2021) in Canada?", "__typename": "Markdown"}, "contributionLink": {"url": "https://contribute.imdb.com/answers?pinnedQuestion=tt14152756.certificate.CA", "__typename": "ContributionQuestionsLink"}, "__typename": "Question"}, "__typename": "QuestionEdge"}], "__typename": "QuestionConnection"}, "__typename": "Title"}}