{"ok": true, "error_code": 200, "description": "", "short": {"@context": "https://schema.org", "@type": "Movie", "url": "https://www.imdb.com/title/tt1950186/", "name": "Ford v Ferrari", "alternateName": "Ford v. Ferrari", "image": "https://m.media-amazon.com/images/M/MV5BOTBjNTEyNjYtYjdkNi00YzE5LTljYzUtZjVlYmYwZmJmZWYxXkEyXkFqcGc@._V1_.jpg", "description": "American car designer Carroll Shelby and driver Ken Miles battle corporate interference and the laws of physics to build a revolutionary race car for Ford in order to defeat Ferrari at the 24 Hours of Le Mans in 1966.", "review": {"@type": "Review", "itemReviewed": {"@type": "Movie", "url": "https://www.imdb.com/title/tt1950186/"}, "author": {"@type": "Person", "name": "Keemer44"}, "dateCreated": "2019-11-21", "inLanguage": "English", "name": "An exhilarating and emotional ride", "reviewBody": "A lot of notes were hit by Ford v Ferrari. The characters are fleshed out very well and give you the emotional attachment you&apos;re looking for in a movie. Bale and Damon&apos;s performances are great; they pull you into the story and completely disappear into their roles. James Mangold proves, once again, to be a master behind the camera. The action scenes are shot to perfection and will have you biting your nails.\n\nThe film&apos;s technical aspects were top-notch as well. Wait for this film to be nominated for sound design and editing. These technical aspects, during the climax of the film, will blow your hair back and give you goosebumps.\n\nAll in all, this film provides a pleasing experience for the crowd that not many films can even come close to delivering. I loved about every second of it, despite its long runtime.", "reviewRating": {"@type": "Rating", "worstRating": 1, "bestRating": 10, "ratingValue": 9}}, "aggregateRating": {"@type": "AggregateRating", "ratingCount": 499808, "bestRating": 10, "worstRating": 1, "ratingValue": 8.1}, "contentRating": "UA", "genre": ["Action", "Biography", "Drama"], "datePublished": "2019-11-15", "keywords": "based on true story,car racing,24 hours le mans race,ford motor company,ken miles character", "trailer": {"@type": "VideoObject", "name": "Official Trailer 2", "embedUrl": "https://www.imdb.com/video/imdb/vi1737539353", "thumbnail": {"@type": "ImageObject", "contentUrl": "https://m.media-amazon.com/images/M/MV5BZDJiMTY5MmYtOGE4NC00Mzk1LWE0NTQtM2NjY2FkZDU5ZjY4XkEyXkFqcGdeQWFybm8@._V1_.jpg"}, "thumbnailUrl": "https://m.media-amazon.com/images/M/MV5BZDJiMTY5MmYtOGE4NC00Mzk1LWE0NTQtM2NjY2FkZDU5ZjY4XkEyXkFqcGdeQWFybm8@._V1_.jpg", "url": "https://www.imdb.com/video/vi1737539353/", "description": "Academy Award-winners Matt Damon and Christian Bale star in FORD v FERRARI, based on the remarkable true story of the visionary American car designer Carroll Shelby (Damon) and the fearless British-born driver Ken Miles (Bale), who together battled corporate interference, the laws of physics, and their own personal demons to build a revolutionary race car for Ford Motor Company and take on the dominating race cars of Enzo Ferrari at the 24 Hours of Le Mans in France in 1966.", "duration": "PT2M29S", "uploadDate": "2019-09-15T16:11:43.700Z"}, "actor": [{"@type": "Person", "url": "https://www.imdb.com/name/nm0000354/", "name": "Matt Damon"}, {"@type": "Person", "url": "https://www.imdb.com/name/nm0000288/", "name": "Christian Bale"}, {"@type": "Person", "url": "https://www.imdb.com/name/nm1256532/", "name": "Jon Bernthal"}], "director": [{"@type": "Person", "url": "https://www.imdb.com/name/nm0003506/", "name": "James Mangold"}], "creator": [{"@type": "Organization", "url": "https://www.imdb.com/company/co0286257/"}, {"@type": "Organization", "url": "https://www.imdb.com/company/co0420822/"}, {"@type": "Organization", "url": "https://www.imdb.com/company/co0799219/"}, {"@type": "Person", "url": "https://www.imdb.com/name/nm0125336/", "name": "Jez Butterworth"}, {"@type": "Person", "url": "https://www.imdb.com/name/nm3890871/", "name": "John-Henry Butterworth"}, {"@type": "Person", "url": "https://www.imdb.com/name/nm0445669/", "name": "Jason Keller"}], "duration": "PT2H32M"}, "imdbId": "tt1950186", "top": {"id": "tt1950186", "productionStatus": {"currentProductionStage": {"id": "released", "text": "Released", "__typename": "ProductionStage"}, "productionStatusHistory": [{"status": {"id": "script", "text": "Script", "__typename": "ProductionStatus"}, "__typename": "ProductionStatusHistory"}, {"status": {"id": "development_unknown", "text": "Development Unknown", "__typename": "ProductionStatus"}, "__typename": "ProductionStatusHistory"}, {"status": {"id": "development_unknown", "text": "Development Unknown", "__typename": "ProductionStatus"}, "__typename": "ProductionStatusHistory"}, {"status": {"id": "script", "text": "Script", "__typename": "ProductionStatus"}, "__typename": "ProductionStatusHistory"}, {"status": {"id": "development_unknown", "text": "Development Unknown", "__typename": "ProductionStatus"}, "__typename": "ProductionStatusHistory"}, {"status": {"id": "script", "text": "Script", "__typename": "ProductionStatus"}, "__typename": "ProductionStatusHistory"}, {"status": {"id": "script", "text": "Script", "__typename": "ProductionStatus"}, "__typename": "ProductionStatusHistory"}, {"status": {"id": "development_unknown", "text": "Development Unknown", "__typename": "ProductionStatus"}, "__typename": "ProductionStatusHistory"}, {"status": {"id": "development_unknown", "text": "Development Unknown", "__typename": "ProductionStatus"}, "__typename": "ProductionStatusHistory"}, {"status": {"id": "development_unknown", "text": "Development Unknown", "__typename": "ProductionStatus"}, "__typename": "ProductionStatusHistory"}, {"status": {"id": "script", "text": "Script", "__typename": "ProductionStatus"}, "__typename": "ProductionStatusHistory"}, {"status": {"id": "script", "text": "Script", "__typename": "ProductionStatus"}, "__typename": "ProductionStatusHistory"}, {"status": {"id": "script", "text": "Script", "__typename": "ProductionStatus"}, "__typename": "ProductionStatusHistory"}, {"status": {"id": "script", "text": "Script", "__typename": "ProductionStatus"}, "__typename": "ProductionStatusHistory"}, {"status": {"id": "pre_production", "text": "Pre-production", "__typename": "ProductionStatus"}, "__typename": "ProductionStatusHistory"}, {"status": {"id": "pre_production", "text": "Pre-production", "__typename": "ProductionStatus"}, "__typename": "ProductionStatusHistory"}, {"status": {"id": "filming", "text": "Filming", "__typename": "ProductionStatus"}, "__typename": "ProductionStatusHistory"}, {"status": {"id": "post_production", "text": "Post-production", "__typename": "ProductionStatus"}, "__typename": "ProductionStatusHistory"}, {"status": {"id": "released", "text": "Released", "__typename": "ProductionStatus"}, "__typename": "ProductionStatusHistory"}], "restriction": null, "__typename": "ProductionStatusDetails"}, "canHaveEpisodes": false, "series": null, "titleText": {"text": "Ford v. Ferrari", "__typename": "TitleText"}, "titleType": {"displayableProperty": {"value": {"plainText": "", "__typename": "Markdown"}, "__typename": "DisplayableTitleTypeProperty"}, "text": "Movie", "id": "movie", "isSeries": false, "isEpisode": false, "categories": [{"value": "movie", "__typename": "TitleTypeCategory"}], "canHaveEpisodes": false, "__typename": "TitleType"}, "originalTitleText": {"text": "Ford v Ferrari", "__typename": "TitleText"}, "certificate": {"rating": "UA", "__typename": "Certificate"}, "releaseYear": {"year": 2019, "endYear": null, "__typename": "YearRange"}, "releaseDate": {"day": 15, "month": 11, "year": 2019, "__typename": "ReleaseDate"}, "runtime": {"seconds": 9120, "displayableProperty": {"value": {"plainText": "2h 32m", "__typename": "Markdown"}, "__typename": "DisplayableTitleRuntimeProperty"}, "__typename": "Runtime"}, "canRate": {"isRatable": true, "__typename": "CanRate"}, "ratingsSummary": {"aggregateRating": 8.1, "voteCount": 499808, "__typename": "RatingsSummary"}, "meterRanking": {"currentRank": 1148, "rankChange": {"changeDirection": "DOWN", "difference": 175, "__typename": "MeterRankChange"}, "__typename": "TitleMeterRanking"}, "primaryImage": {"id": "rm1796446977", "width": 4050, "height": 6000, "url": "https://m.media-amazon.com/images/M/MV5BOTBjNTEyNjYtYjdkNi00YzE5LTljYzUtZjVlYmYwZmJmZWYxXkEyXkFqcGc@._V1_.jpg", "caption": {"plainText": "Christian Bale and Matt Damon in Ford v. Ferrari (2019)", "__typename": "Markdown"}, "__typename": "Image"}, "images": {"total": 323, "edges": [{"node": {"id": "rm90017537", "__typename": "Image"}, "__typename": "ImageEdge"}], "__typename": "ImageConnection"}, "videos": {"total": 53, "__typename": "TitleRelatedVideosConnection"}, "primaryVideos": {"edges": [{"node": {"id": "vi1737539353", "createdDate": "2019-09-15T16:11:43.700Z", "isMature": false, "runtime": {"value": 149, "__typename": "VideoRuntime"}, "name": {"value": "Official Trailer 2", "language": "en", "__typename": "LocalizedString"}, "description": {"value": "Academy Award-winners Matt Damon and Christian Bale star in FORD v FERRARI, based on the remarkable true story of the visionary American car designer Carroll Shelby (Damon) and the fearless British-born driver Ken Miles (Bale), who together battled corporate interference, the laws of physics, and their own personal demons to build a revolutionary race car for Ford Motor Company and take on the dominating race cars of Enzo Ferrari at the 24 Hours of Le Mans in France in 1966.", "language": "en", "__typename": "LocalizedString"}, "timedTextTracks": [], "recommendedTimedTextTrack": null, "thumbnail": {"url": "https://m.media-amazon.com/images/M/MV5BZDJiMTY5MmYtOGE4NC00Mzk1LWE0NTQtM2NjY2FkZDU5ZjY4XkEyXkFqcGdeQWFybm8@._V1_.jpg", "height": 735, "width": 1777, "__typename": "Thumbnail"}, "primaryTitle": {"id": "tt1950186", "titleText": {"text": "Ford v. Ferrari", "__typename": "TitleText"}, "originalTitleText": {"text": "Ford v Ferrari", "__typename": "TitleText"}, "releaseYear": {"year": 2019, "__typename": "YearRange"}, "__typename": "Title"}, "playbackURLs": [{"displayName": {"value": "480p", "language": "en-US", "__typename": "LocalizedString"}, "videoMimeType": "MP4", "videoDefinition": "DEF_480p", "url": "https://imdb-video.media-imdb.com/vi1737539353/1434659607842-pgv4ql-1568563904330.mp4?Expires=1730927258&Signature=FifLanCvf0ng0ocvRMY7L7AAlVXPJiVF1Si3D~92kabOKqhBO25l-Trkdvn1~ElVExjuYOtZbffhky7WlD2uiWkqzuizRJQmmt9Le0O5-8yKbzo80iDZHFaxL1oznHd7Fos9gmNxudTBE1n1vgeivmOEh~yKswaMlWp5d68wNN-haGm0FdJVVkexsI0XjowbWru75RW7T6zLPjvlPVQApwoC~MAPSLwJvJIvgmab615KJ84g1~7o9IEeRN7xD7V3MpSsJPEHLpOSWHqQHHslqulU4eVfT9Pa07-BnrCjCmpKstX2stCX9W~JrsegPcVpsXdxVHl2Ly6Ibk~WBt2lIQ__&Key-Pair-Id=APKAIFLZBVQZ24NQH3KA", "__typename": "PlaybackURL"}, {"displayName": {"value": "SD", "language": "en-US", "__typename": "LocalizedString"}, "videoMimeType": "MP4", "videoDefinition": "DEF_SD", "url": "https://imdb-video.media-imdb.com/vi1737539353/1434659454657-dx9ykf-1568563904330.mp4?Expires=1730927258&Signature=aB0fVH4SWt43w0WBA9fZBpAGJW~YjPaXlOaF~pw~VPdhdCMv7thOzvgYc3OWZJHSOGzPnzzNuz5ml1fIwO9HQX8mk0h8hO~~UfrOz~kI7onDWakRsXnJoqiFJEt4FHGGCP2licJZb3Nu0464Bai9WEjMWrHj0TfMlSrJd27EqzCCSoNmkBsg2Ieab~JUW3izxECsz4aKQmR6xAgqjJ5S6ldNASU6V94vIFVb0Gd1VPRYpLRZTH-p6SynbOm-ZR7ypYJWJ49JrL5yI5tCw~yn98bMlbpfGnjkPPFuuOm8W6TcukUktloUCThKuoPEM4jFhj~57BcdvVniaypGU0vHzQ__&Key-Pair-Id=APKAIFLZBVQZ24NQH3KA", "__typename": "PlaybackURL"}], "contentType": {"id": "amzn1.imdb.video.contenttype.trailer", "displayName": {"value": "Trailer", "__typename": "LocalizedString"}, "__typename": "VideoContentType"}, "previewURLs": [{"displayName": {"value": "AUTO", "language": "en-US", "__typename": "LocalizedString"}, "videoMimeType": "M3U8", "videoDefinition": "DEF_AUTO", "url": "https://imdb-video.media-imdb.com/vi1737539353/hls-preview-8f34b943-7cb7-46af-a0d1-3f7f2c510a23.m3u8?Expires=1730927258&Signature=uZN0qZ0wAd1~ZvKp-c9-klCHYwlEewFR8sKDcGCvs1aNotT6CX8dK6gaVF4mFwLge7NXiea~6pjaiQTJjW7W6kTYQCeSspzaoX-zFblISs-nkh9wlShAqI8oJ9mXlZikRiYJveE148JUA7mB80ZKfig9~mak2dVKaP8O3u46dTnAroQuAZXb-0W3wDUji6OMUOn7IvklirIsDCGtg6k9wdmWYS9LOCVdYsCmWMu8c9aYhr6AQOxY0f4XeF1a58Fxk1h6AVt2HCxcJMNLB59cjpED3GxBLt9fVkyHxKZk3JAKLvOB6wAW9TVJJt1YujYV0Mb~RIx7KqCZ99pQxCxIRw__&Key-Pair-Id=APKAIFLZBVQZ24NQH3KA", "__typename": "PlaybackURL"}], "__typename": "Video"}, "__typename": "VideoEdge"}, {"node": {"id": "vi751352857", "createdDate": "2019-06-03T11:23:19.622Z", "isMature": false, "runtime": {"value": 144, "__typename": "VideoRuntime"}, "name": {"value": "Official Trailer", "language": "en", "__typename": "LocalizedString"}, "description": {"value": "The true story of visionary American car designer Carroll Shelby (Matt Damon) and fearless British-born driver Ken Miles (Christian Bale), who together battled corporate interference, the laws of physics, and their own personal demons to build a revolutionary race car for Ford Motor Company and take on the dominating race cars of Enzo Ferrari at the 24 Hours of Le Mans in France in 1966.", "language": "en", "__typename": "LocalizedString"}, "timedTextTracks": [], "recommendedTimedTextTrack": null, "thumbnail": {"url": "https://m.media-amazon.com/images/M/MV5BNTQ1YzlhNGMtMWE3Ny00NTVmLThjZjgtMmY2MjZmMDU4N2QzXkEyXkFqcGdeQXRyYW5zY29kZS13b3JrZmxvdw@@._V1_.jpg", "height": 1080, "width": 1920, "__typename": "Thumbnail"}, "primaryTitle": {"id": "tt1950186", "titleText": {"text": "Ford v. Ferrari", "__typename": "TitleText"}, "originalTitleText": {"text": "Ford v Ferrari", "__typename": "TitleText"}, "releaseYear": {"year": 2019, "__typename": "YearRange"}, "__typename": "Title"}, "playbackURLs": [{"displayName": {"value": "480p", "language": "en-US", "__typename": "LocalizedString"}, "videoMimeType": "MP4", "videoDefinition": "DEF_480p", "url": "https://imdb-video.media-imdb.com/vi751352857/1434659607842-pgv4ql-1559561000300.mp4?Expires=1730927258&Signature=CvUArSdN3FAl5ltSmOqdu64~XmqjGo~nkbzrY8cHnzKs2PpxnH0tTQ3POCOk-cAfOBj~gx9xm~rsrRJdr3JLyXIFkg1TWQ2~QuiV6GH8pTLvWqxzPHESbrEK4T788VlPko1qmrrpcODiXHx7G8zcW~a2UKJL2l3ULiXdQASXiwXUi2Hx574XdtobH65Mndqg6zAZBTB6-jlnKq1kPE7x0fif-sHu4O7uf~BIgaoyXc0RoVZL4EM2cZ3vxWjXeCKlIoFdcC5Mvk5az0~T0ELg2e7dHeXPUjbevEQ4kdn-~-6RdoVWXIaBLrc~MxJr77No-fqDuMtuwNbYPqSauLYKUA__&Key-Pair-Id=APKAIFLZBVQZ24NQH3KA", "__typename": "PlaybackURL"}, {"displayName": {"value": "SD", "language": "en-US", "__typename": "LocalizedString"}, "videoMimeType": "MP4", "videoDefinition": "DEF_SD", "url": "https://imdb-video.media-imdb.com/vi751352857/1434659454657-dx9ykf-1559561000300.mp4?Expires=1730927258&Signature=u28RJKnHBd3lLf1eeB2fT0KQB0o~krrZdzAao5lprruWpjX90OlyNV1M3YIRmVfjzsVlRQB02XdC0KjkUxSStwxmQn-EHJJBM5jdT1WNsg~bbr9WU9nFEXFHOZ4pzVEOgZcrCe2~xU7ra-9FCuj5MxDoNDSlTdxDVtk-WXz6068ik5qQdfKEWTcJapoIng01x1uhcR2o~4WupApTIeGKkqgRFSlxl~QOGYrtoetEOZ~baUIQbnpGC0dU9MOnPK1~mmUsd4jng4TIfjcSDwsvSzRgZwP1btLSoUPVpKffiTukaqaQ3YMGnG5mC0z0ES8BeoH1R9irlO52RcYKjrrmyg__&Key-Pair-Id=APKAIFLZBVQZ24NQH3KA", "__typename": "PlaybackURL"}], "contentType": {"id": "amzn1.imdb.video.contenttype.trailer", "displayName": {"value": "Trailer", "__typename": "LocalizedString"}, "__typename": "VideoContentType"}, "previewURLs": [{"displayName": {"value": "AUTO", "language": "en-US", "__typename": "LocalizedString"}, "videoMimeType": "M3U8", "videoDefinition": "DEF_AUTO", "url": "https://imdb-video.media-imdb.com/vi751352857/hls-preview-8b834832-d2d6-49c1-9638-a8e377855a42.m3u8?Expires=1730927258&Signature=XRBkuCT3lcE54i3XtNjzPMR3rs4lXqtwfQWn4jSokR-7-0J~dbqEKBmfL2WsX3ZxFt4XTjgHKAq9dhRn5gXiykA0cTr8Nd0BBlYtSjBL-x4l9jHapkQAhx~qpxvuHE-bCgk5gd8skN8nLE6WzteCO-PT7q9ZzEWb~vLeu~9V0L-5URRSwmEV6DolmSc0EGg4oeJgHyLl6VeAJzuY3kWqbhhaLik3sTxx7YLnnAdBvF138onrY0DVbYwLOGxfgf54MTcg6B~6DYnc8IG55soPUs0~sMXz9FXrTBknJ4wJye6DVgbZ~DGtPXN8mtd5gHJb6RoRhFsCDG6hW5AAXzwFcw__&Key-Pair-Id=APKAIFLZBVQZ24NQH3KA", "__typename": "PlaybackURL"}], "__typename": "Video"}, "__typename": "VideoEdge"}], "__typename": "VideoConnection"}, "externalLinks": {"total": 436, "__typename": "ExternalLinkConnection"}, "metacritic": {"metascore": {"score": 81, "__typename": "Metascore"}, "__typename": "Metacritic"}, "keywords": {"total": 168, "edges": [{"node": {"text": "based on true story", "__typename": "TitleKeyword"}, "__typename": "TitleKeywordEdge"}, {"node": {"text": "car racing", "__typename": "TitleKeyword"}, "__typename": "TitleKeywordEdge"}, {"node": {"text": "24 hours le mans race", "__typename": "TitleKeyword"}, "__typename": "TitleKeywordEdge"}, {"node": {"text": "ford motor company", "__typename": "TitleKeyword"}, "__typename": "TitleKeywordEdge"}, {"node": {"text": "ken miles character", "__typename": "TitleKeyword"}, "__typename": "TitleKeywordEdge"}], "__typename": "TitleKeywordConnection"}, "isAdult": false, "genres": {"genres": [{"text": "Action", "id": "Action", "__typename": "Genre"}, {"text": "Biography", "id": "Biography", "__typename": "Genre"}, {"text": "Drama", "id": "Drama", "__typename": "Genre"}, {"text": "Sport", "id": "Sport", "__typename": "Genre"}], "__typename": "Genres"}, "interests": {"edges": [{"node": {"id": "in0000075", "primaryText": {"text": "Docudrama", "__typename": "InterestText"}, "__typename": "Interest"}, "__typename": "InterestEdge"}, {"node": {"id": "in0000172", "primaryText": {"text": "Motorsport", "__typename": "InterestText"}, "__typename": "Interest"}, "__typename": "InterestEdge"}, {"node": {"id": "in0000001", "primaryText": {"text": "Action", "__typename": "InterestText"}, "__typename": "Interest"}, "__typename": "InterestEdge"}, {"node": {"id": "in0000072", "primaryText": {"text": "Biography", "__typename": "InterestText"}, "__typename": "Interest"}, "__typename": "InterestEdge"}, {"node": {"id": "in0000076", "primaryText": {"text": "Drama", "__typename": "InterestText"}, "__typename": "Interest"}, "__typename": "InterestEdge"}, {"node": {"id": "in0000174", "primaryText": {"text": "Sport", "__typename": "InterestText"}, "__typename": "Interest"}, "__typename": "InterestEdge"}], "__typename": "InterestConnection"}, "plot": {"plotText": {"plainText": "American car designer Carroll Shelby and driver Ken Miles battle corporate interference and the laws of physics to build a revolutionary race car for Ford in order to defeat Ferrari at the 24 Hours of Le Mans in 1966.", "__typename": "Markdown"}, "language": {"id": "en-US", "__typename": "DisplayableLanguage"}, "__typename": "Plot"}, "plotContributionLink": {"url": "https://contribute.imdb.com/updates?update=tt1950186:outlines.add.1.locale~en-US", "__typename": "ContributionLink"}, "credits": {"total": 1411, "__typename": "CreditConnection"}, "principalCredits": [{"totalCredits": 1, "category": {"text": "Director", "id": "director", "__typename": "CreditCategory"}, "credits": [{"name": {"nameText": {"text": "James Mangold", "__typename": "NameText"}, "id": "nm0003506", "__typename": "Name"}, "attributes": null, "__typename": "Crew"}], "__typename": "PrincipalCreditsForCategory"}, {"totalCredits": 3, "category": {"text": "Writers", "id": "writer", "__typename": "CreditCategory"}, "credits": [{"name": {"nameText": {"text": "Jez Butterworth", "__typename": "NameText"}, "id": "nm0125336", "__typename": "Name"}, "attributes": null, "__typename": "Crew"}, {"name": {"nameText": {"text": "John-Henry Butterworth", "__typename": "NameText"}, "id": "nm3890871", "__typename": "Name"}, "attributes": null, "__typename": "Crew"}, {"name": {"nameText": {"text": "Jason Keller", "__typename": "NameText"}, "id": "nm0445669", "__typename": "Name"}, "attributes": null, "__typename": "Crew"}], "__typename": "PrincipalCreditsForCategory"}, {"totalCredits": 203, "category": {"text": "Stars", "id": "cast", "__typename": "CreditCategory"}, "credits": [{"name": {"nameText": {"text": "Matt Damon", "__typename": "NameText"}, "id": "nm0000354", "__typename": "Name"}, "attributes": null, "__typename": "Cast"}, {"name": {"nameText": {"text": "Christian Bale", "__typename": "NameText"}, "id": "nm0000288", "__typename": "Name"}, "attributes": null, "__typename": "Cast"}, {"name": {"nameText": {"text": "Jon Bernthal", "__typename": "NameText"}, "id": "nm1256532", "__typename": "Name"}, "attributes": null, "__typename": "Cast"}], "__typename": "PrincipalCreditsForCategory"}], "reviews": {"total": 1709, "__typename": "ReviewsConnection"}, "criticReviewsTotal": {"total": 359, "__typename": "ExternalLinkConnection"}, "triviaTotal": {"total": 100, "__typename": "TriviaConnection"}, "engagementStatistics": {"watchlistStatistics": {"displayableCount": {"text": "Added by 480K users", "__typename": "LocalizedDisplayableCount"}, "__typename": "WatchlistStatistics"}, "__typename": "EngagementStatistics"}, "subNavCredits": {"total": 1411, "__typename": "CreditConnection"}, "subNavReviews": {"total": 1709, "__typename": "ReviewsConnection"}, "subNavTrivia": {"total": 100, "__typename": "TriviaConnection"}, "subNavFaqs": {"total": 3, "__typename": "FaqConnection"}, "subNavTopQuestions": {"total": 19, "__typename": "AlexaQuestionConnection"}, "titleGenres": {"genres": [{"genre": {"text": "Action", "__typename": "GenreItem"}, "__typename": "TitleGenre"}, {"genre": {"text": "Biography", "__typename": "GenreItem"}, "__typename": "TitleGenre"}, {"genre": {"text": "Drama", "__typename": "GenreItem"}, "__typename": "TitleGenre"}], "__typename": "TitleGenres"}, "meta": {"canonicalId": "tt1950186", "publicationStatus": "PUBLISHED", "__typename": "TitleMeta"}, "castPageTitle": {"edges": [{"node": {"name": {"id": "nm0000354", "nameText": {"text": "Matt Damon", "__typename": "NameText"}, "__typename": "Name"}, "__typename": "Cast"}, "__typename": "CreditEdge"}, {"node": {"name": {"id": "nm0000288", "nameText": {"text": "Christian Bale", "__typename": "NameText"}, "__typename": "Name"}, "__typename": "Cast"}, "__typename": "CreditEdge"}, {"node": {"name": {"id": "nm1256532", "nameText": {"text": "Jon Bernthal", "__typename": "NameText"}, "__typename": "Name"}, "__typename": "Cast"}, "__typename": "CreditEdge"}, {"node": {"name": {"id": "nm1495520", "nameText": {"text": "Caitr\u00edona Balfe", "__typename": "NameText"}, "__typename": "Name"}, "__typename": "Cast"}, "__typename": "CreditEdge"}], "__typename": "CreditConnection"}, "creatorsPageTitle": [], "directorsPageTitle": [{"credits": [{"name": {"id": "nm0003506", "nameText": {"text": "James Mangold", "__typename": "NameText"}, "__typename": "Name"}, "__typename": "Crew"}], "__typename": "PrincipalCreditsForCategory"}], "countriesOfOrigin": {"countries": [{"id": "US", "__typename": "CountryOfOrigin"}], "__typename": "CountriesOfOrigin"}, "production": {"edges": [{"node": {"company": {"id": "co0286257", "companyText": {"text": "Chernin Entertainment", "__typename": "CompanyText"}, "__typename": "Company"}, "__typename": "CompanyCredit"}, "__typename": "CompanyCreditEdge"}, {"node": {"company": {"id": "co0420822", "companyText": {"text": "TSG Entertainment", "__typename": "CompanyText"}, "__typename": "Company"}, "__typename": "CompanyCredit"}, "__typename": "CompanyCreditEdge"}, {"node": {"company": {"id": "co0799219", "companyText": {"text": "Turnpike Films", "__typename": "CompanyText"}, "__typename": "Company"}, "__typename": "CompanyCredit"}, "__typename": "CompanyCreditEdge"}], "__typename": "CompanyCreditConnection"}, "featuredReviews": {"edges": [{"node": {"author": {"nickName": "Keemer44", "__typename": "UserProfile"}, "summary": {"originalText": "An exhilarating and emotional ride", "__typename": "ReviewSummary"}, "text": {"originalText": {"plainText": "A lot of notes were hit by Ford v Ferrari. The characters are fleshed out very well and give you the emotional attachment you're looking for in a movie. Bale and Damon's performances are great; they pull you into the story and completely disappear into their roles. James Mangold proves, once again, to be a master behind the camera. The action scenes are shot to perfection and will have you biting your nails.\n\nThe film's technical aspects were top-notch as well. Wait for this film to be nominated for sound design and editing. These technical aspects, during the climax of the film, will blow your hair back and give you goosebumps.\n\nAll in all, this film provides a pleasing experience for the crowd that not many films can even come close to delivering. I loved about every second of it, despite its long runtime.", "__typename": "Markdown"}, "__typename": "ReviewText"}, "authorRating": 9, "submissionDate": "2019-11-21", "__typename": "Review"}, "__typename": "ReviewEdge"}], "__typename": "ReviewsConnection"}, "__typename": "Title"}, "main": {"id": "tt1950186", "wins": {"total": 26, "__typename": "AwardNominationConnection"}, "nominationsExcludeWins": {"total": 88, "__typename": "AwardNominationConnection"}, "prestigiousAwardSummary": {"nominations": 2, "wins": 2, "award": {"text": "Oscar", "id": "aw0000016", "event": {"id": "ev0000003", "__typename": "AwardsEvent"}, "__typename": "AwardDetails"}, "__typename": "PrestigiousAwardSummary"}, "ratingsSummary": {"topRanking": {"id": "topRated:tt1950186:en_US", "text": {"value": "Top Rated", "__typename": "LocalizedString"}, "rank": 208, "__typename": "TopRanking"}, "__typename": "RatingsSummary"}, "episodes": null, "videos": {"total": 53, "__typename": "TitleRelatedVideosConnection"}, "videoStrip": {"edges": [{"node": {"id": "vi1737539353", "contentType": {"displayName": {"value": "Trailer", "__typename": "LocalizedString"}, "__typename": "VideoContentType"}, "name": {"value": "Official Trailer 2", "__typename": "LocalizedString"}, "runtime": {"value": 149, "__typename": "VideoRuntime"}, "thumbnail": {"height": 735, "url": "https://m.media-amazon.com/images/M/MV5BZDJiMTY5MmYtOGE4NC00Mzk1LWE0NTQtM2NjY2FkZDU5ZjY4XkEyXkFqcGdeQWFybm8@._V1_.jpg", "width": 1777, "__typename": "Thumbnail"}, "__typename": "Video"}, "__typename": "VideoEdge"}, {"node": {"id": "vi751352857", "contentType": {"displayName": {"value": "Trailer", "__typename": "LocalizedString"}, "__typename": "VideoContentType"}, "name": {"value": "Official Trailer", "__typename": "LocalizedString"}, "runtime": {"value": 144, "__typename": "VideoRuntime"}, "thumbnail": {"height": 1080, "url": "https://m.media-amazon.com/images/M/MV5BNTQ1YzlhNGMtMWE3Ny00NTVmLThjZjgtMmY2MjZmMDU4N2QzXkEyXkFqcGdeQXRyYW5zY29kZS13b3JrZmxvdw@@._V1_.jpg", "width": 1920, "__typename": "Thumbnail"}, "__typename": "Video"}, "__typename": "VideoEdge"}, {"node": {"id": "vi4173839385", "contentType": {"displayName": {"value": "Trailer", "__typename": "LocalizedString"}, "__typename": "VideoContentType"}, "name": {"value": "Trailer #1", "__typename": "LocalizedString"}, "runtime": {"value": 145, "__typename": "VideoRuntime"}, "thumbnail": {"height": 1080, "url": "https://m.media-amazon.com/images/M/MV5BZDQ1ZmVlY2EtZjhhMS00MDBkLTk0ZTktZTVlNjkwNzljMWUxXkEyXkFqcGdeQXRyYW5zY29kZS13b3JrZmxvdw@@._V1_.jpg", "width": 1920, "__typename": "Thumbnail"}, "__typename": "Video"}, "__typename": "VideoEdge"}, {"node": {"id": "vi4062101273", "contentType": {"displayName": {"value": "Trailer", "__typename": "LocalizedString"}, "__typename": "VideoContentType"}, "name": {"value": "Ford v Ferrari", "__typename": "LocalizedString"}, "runtime": {"value": 152, "__typename": "VideoRuntime"}, "thumbnail": {"height": 1080, "url": "https://m.media-amazon.com/images/M/MV5BNmYzZDM4NDMtZDZmZS00MTRlLWIyMzMtYjlkOGUyY2JmZDI3XkEyXkFqcGdeQVRoaXJkUGFydHlJbmdlc3Rpb25Xb3JrZmxvdw@@._V1_.jpg", "width": 1920, "__typename": "Thumbnail"}, "__typename": "Video"}, "__typename": "VideoEdge"}, {"node": {"id": "vi26459929", "contentType": {"displayName": {"value": "Trailer", "__typename": "LocalizedString"}, "__typename": "VideoContentType"}, "name": {"value": "Ford v Ferrari", "__typename": "LocalizedString"}, "runtime": {"value": 149, "__typename": "VideoRuntime"}, "thumbnail": {"height": 1080, "url": "https://m.media-amazon.com/images/M/MV5BYTgxMGYyYzEtNmE0Yy00OTMwLTk4YjktZDUxMGZmZTNmMTJmXkEyXkFqcGdeQTNwaW5nZXN0._V1_.jpg", "width": 1920, "__typename": "Thumbnail"}, "__typename": "Video"}, "__typename": "VideoEdge"}, {"node": {"id": "vi1667744793", "contentType": {"displayName": {"value": "Clip", "__typename": "LocalizedString"}, "__typename": "VideoContentType"}, "name": {"value": "5 Fueled-up Favorites Picked by the IMDb Staff", "__typename": "LocalizedString"}, "runtime": {"value": 61, "__typename": "VideoRuntime"}, "thumbnail": {"height": 1080, "url": "https://m.media-amazon.com/images/M/MV5BYmEyYTBhMDgtNTkyMi00YTdmLTkwYzEtOWFiZjM5ZTI3MTdhXkEyXkFqcGdeQWplZmZscA@@._V1_.jpg", "width": 1920, "__typename": "Thumbnail"}, "__typename": "Video"}, "__typename": "VideoEdge"}, {"node": {"id": "vi493600537", "contentType": {"displayName": {"value": "Clip", "__typename": "LocalizedString"}, "__typename": "VideoContentType"}, "name": {"value": "You Know Your Cars", "__typename": "LocalizedString"}, "runtime": {"value": 58, "__typename": "VideoRuntime"}, "thumbnail": {"height": 720, "url": "https://m.media-amazon.com/images/M/MV5BZDQ1NmJlMjYtNDUzNy00OTc1LTlkZTAtNjZmMGM2YzU3OWNhXkEyXkFqcGdeQXRyYW5zY29kZS13b3JrZmxvdw@@._V1_.jpg", "width": 1280, "__typename": "Thumbnail"}, "__typename": "Video"}, "__typename": "VideoEdge"}, {"node": {"id": "vi365149977", "contentType": {"displayName": {"value": "Clip", "__typename": "LocalizedString"}, "__typename": "VideoContentType"}, "name": {"value": "How the Best Racing Films Raise the Stakes", "__typename": "LocalizedString"}, "runtime": {"value": 277, "__typename": "VideoRuntime"}, "thumbnail": {"height": 1080, "url": "https://m.media-amazon.com/images/M/MV5BYjgwYTRjOTMtZWIwMy00Nzc2LWJiMDMtMDFkMjRhYTYwY2VmXkEyXkFqcGdeQWFsZWxvZw@@._V1_.jpg", "width": 1920, "__typename": "Thumbnail"}, "__typename": "Video"}, "__typename": "VideoEdge"}, {"node": {"id": "vi4090937113", "contentType": {"displayName": {"value": "Clip", "__typename": "LocalizedString"}, "__typename": "VideoContentType"}, "name": {"value": "Think  Like  Ferarri", "__typename": "LocalizedString"}, "runtime": {"value": 108, "__typename": "VideoRuntime"}, "thumbnail": {"height": 720, "url": "https://m.media-amazon.com/images/M/MV5BMzM4YjY3MDMtYTIwOC00ODg4LTllMjEtNWUzODNhYjVmMDE5XkEyXkFqcGdeQXRyYW5zY29kZS13b3JrZmxvdw@@._V1_.jpg", "width": 1280, "__typename": "Thumbnail"}, "__typename": "Video"}, "__typename": "VideoEdge"}, {"node": {"id": "vi30523161", "contentType": {"displayName": {"value": "Clip", "__typename": "LocalizedString"}, "__typename": "VideoContentType"}, "name": {"value": "Perfect  Lap", "__typename": "LocalizedString"}, "runtime": {"value": 63, "__typename": "VideoRuntime"}, "thumbnail": {"height": 720, "url": "https://m.media-amazon.com/images/M/MV5BYTEwMDVkOGYtMWRhZi00MThmLWEyYzItYjQ0M2NkYzg2YmNhXkEyXkFqcGdeQXRyYW5zY29kZS13b3JrZmxvdw@@._V1_.jpg", "width": 1280, "__typename": "Thumbnail"}, "__typename": "Video"}, "__typename": "VideoEdge"}, {"node": {"id": "vi1256636185", "contentType": {"displayName": {"value": "Clip", "__typename": "LocalizedString"}, "__typename": "VideoContentType"}, "name": {"value": "Happy  Bill", "__typename": "LocalizedString"}, "runtime": {"value": 64, "__typename": "VideoRuntime"}, "thumbnail": {"height": 720, "url": "https://m.media-amazon.com/images/M/MV5BYjY1Zjk2YjYtNzQwZi00YzAyLWJiYzktYzNmODlmZTY0NmZjXkEyXkFqcGdeQXRyYW5zY29kZS13b3JrZmxvdw@@._V1_.jpg", "width": 1280, "__typename": "Thumbnail"}, "__typename": "Video"}, "__typename": "VideoEdge"}, {"node": {"id": "vi1036107545", "contentType": {"displayName": {"value": "Clip", "__typename": "LocalizedString"}, "__typename": "VideoContentType"}, "name": {"value": "Ford v Ferrari", "__typename": "LocalizedString"}, "runtime": {"value": 108, "__typename": "VideoRuntime"}, "thumbnail": {"height": 1080, "url": "https://m.media-amazon.com/images/M/MV5BYmExYzdiMjUtZjU3Yi00NDdjLThhMWUtYjI0ZjhhOTBmMGQwXkEyXkFqcGdeQTNwaW5nZXN0._V1_.jpg", "width": 1920, "__typename": "Thumbnail"}, "__typename": "Video"}, "__typename": "VideoEdge"}], "__typename": "VideoConnection"}, "titleMainImages": {"total": 323, "edges": [{"node": {"id": "rm90017537", "url": "https://m.media-amazon.com/images/M/MV5BYmM1YTk3ZTUtN2Q4Ny00ODA2LTg2OGEtMmM2MWE3NmVlZWJjXkEyXkFqcGc@._V1_.jpg", "caption": {"plainText": "Christian Bale in Ford v. Ferrari (2019)", "__typename": "Markdown"}, "height": 1695, "width": 4095, "__typename": "Image"}, "__typename": "ImageEdge"}, {"node": {"id": "rm3488454657", "url": "https://m.media-amazon.com/images/M/MV5BYzM5NzY5NzctN2YxZS00NmYwLWEwZWMtOWY4MDQ3YmZiYWE3XkEyXkFqcGc@._V1_.jpg", "caption": {"plainText": "Christian Bale in Ford v. Ferrari (2019)", "__typename": "Markdown"}, "height": 4000, "width": 6000, "__typename": "Image"}, "__typename": "ImageEdge"}, {"node": {"id": "rm3471677441", "url": "https://m.media-amazon.com/images/M/MV5BZDJlNDg2MzQtMTY5Mi00NTM3LWJhOTEtZTEzZWU4OTk0NDVjXkEyXkFqcGc@._V1_.jpg", "caption": {"plainText": "Christian Bale and Matt Damon in Ford v. Ferrari (2019)", "__typename": "Markdown"}, "height": 4000, "width": 6000, "__typename": "Image"}, "__typename": "ImageEdge"}, {"node": {"id": "rm3270350849", "url": "https://m.media-amazon.com/images/M/MV5BOWQ5M2ZlMTQtZDc0MC00YmJjLTg0NWQtMDJhMjg4ZTE3NjZiXkEyXkFqcGc@._V1_.jpg", "caption": {"plainText": "Christian Bale and Matt Damon in Ford v. Ferrari (2019)", "__typename": "Markdown"}, "height": 4000, "width": 6000, "__typename": "Image"}, "__typename": "ImageEdge"}, {"node": {"id": "rm3253573633", "url": "https://m.media-amazon.com/images/M/MV5BYmE2NzQ2NDktMDNjNy00NGRkLThhZmEtMjEwYWNhM2FjNzNlXkEyXkFqcGc@._V1_.jpg", "caption": {"plainText": "Matt Damon in Ford v. Ferrari (2019)", "__typename": "Markdown"}, "height": 4000, "width": 6000, "__typename": "Image"}, "__typename": "ImageEdge"}, {"node": {"id": "rm3236796417", "url": "https://m.media-amazon.com/images/M/MV5BMmRkNTU4OGYtNTdhOS00MGM2LWEwZmUtYjE1MThiZGRjYjdjXkEyXkFqcGc@._V1_.jpg", "caption": {"plainText": "Christian Bale and Mark Krenik in Ford v. Ferrari (2019)", "__typename": "Markdown"}, "height": 4000, "width": 6000, "__typename": "Image"}, "__typename": "ImageEdge"}, {"node": {"id": "rm1348658945", "url": "https://m.media-amazon.com/images/M/MV5BNWIyOWQ4NWEtYWM0NS00MWNkLTllZTMtZDlhYTU3MmQwMzhlXkEyXkFqcGc@._V1_.jpg", "caption": {"plainText": "Carrie Coon at an event for Ford v. Ferrari (2019)", "__typename": "Markdown"}, "height": 4021, "width": 2681, "__typename": "Image"}, "__typename": "ImageEdge"}, {"node": {"id": "rm1080223489", "url": "https://m.media-amazon.com/images/M/MV5BNjJlNDJlNGQtYTNlMy00YzJiLWI4NzgtMzU4ZDA5ZThmZDViXkEyXkFqcGc@._V1_.jpg", "caption": {"plainText": "Carrie Coon at an event for Ford v. Ferrari (2019)", "__typename": "Markdown"}, "height": 3794, "width": 2530, "__typename": "Image"}, "__typename": "ImageEdge"}, {"node": {"id": "rm3846878721", "url": "https://m.media-amazon.com/images/M/MV5BZTc4MTE3YzEtMzQxYi00ZjdmLWJkOTgtOGE0NmU5MTZmOGQ0XkEyXkFqcGc@._V1_.jpg", "caption": {"plainText": "Thora Birch at an event for Ford v. Ferrari (2019)", "__typename": "Markdown"}, "height": 4500, "width": 3377, "__typename": "Image"}, "__typename": "ImageEdge"}, {"node": {"id": "rm1511305985", "url": "https://m.media-amazon.com/images/M/MV5BMGYzNzUzNDctYjJkMi00M2JmLTkzMGQtMDI2ZDkyZDg2NGQxXkEyXkFqcGc@._V1_.jpg", "caption": {"plainText": "Christian Bale at an event for Ford v. Ferrari (2019)", "__typename": "Markdown"}, "height": 2995, "width": 4500, "__typename": "Image"}, "__typename": "ImageEdge"}, {"node": {"id": "rm1753004801", "url": "https://m.media-amazon.com/images/M/MV5BZjhkZDFkNzMtMTNjYy00ZjMyLWIwMzUtMDIxMzEzMTI2MWVlXkEyXkFqcGc@._V1_.jpg", "caption": {"plainText": "Caitr\u00edona Balfe at an event for Ford v. Ferrari (2019)", "__typename": "Markdown"}, "height": 6166, "width": 4110, "__typename": "Image"}, "__typename": "ImageEdge"}, {"node": {"id": "rm1803336449", "url": "https://m.media-amazon.com/images/M/MV5BYjJkMDBlMGYtYzJlMC00MzhmLTgwZjctMjZjN2FlNGYyZWZiXkEyXkFqcGc@._V1_.jpg", "caption": {"plainText": "Caitr\u00edona Balfe at an event for Ford v. Ferrari (2019)", "__typename": "Markdown"}, "height": 2696, "width": 3558, "__typename": "Image"}, "__typename": "ImageEdge"}, {"node": {"id": "rm1702673153", "url": "https://m.media-amazon.com/images/M/MV5BY2Y5ZGY2YzMtZGE0Ny00NmViLWJlMWUtM2ExMmM2YWRlM2MxXkEyXkFqcGc@._V1_.jpg", "caption": {"plainText": "Caitr\u00edona Balfe at an event for Ford v. Ferrari (2019)", "__typename": "Markdown"}, "height": 5000, "width": 3333, "__typename": "Image"}, "__typename": "ImageEdge"}], "__typename": "ImageConnection"}, "productionStatus": {"currentProductionStage": {"id": "released", "text": "Released", "__typename": "ProductionStage"}, "productionStatusHistory": [{"status": {"id": "script", "text": "Script", "__typename": "ProductionStatus"}, "__typename": "ProductionStatusHistory"}, {"status": {"id": "development_unknown", "text": "Development Unknown", "__typename": "ProductionStatus"}, "__typename": "ProductionStatusHistory"}, {"status": {"id": "development_unknown", "text": "Development Unknown", "__typename": "ProductionStatus"}, "__typename": "ProductionStatusHistory"}, {"status": {"id": "script", "text": "Script", "__typename": "ProductionStatus"}, "__typename": "ProductionStatusHistory"}, {"status": {"id": "development_unknown", "text": "Development Unknown", "__typename": "ProductionStatus"}, "__typename": "ProductionStatusHistory"}, {"status": {"id": "script", "text": "Script", "__typename": "ProductionStatus"}, "__typename": "ProductionStatusHistory"}, {"status": {"id": "script", "text": "Script", "__typename": "ProductionStatus"}, "__typename": "ProductionStatusHistory"}, {"status": {"id": "development_unknown", "text": "Development Unknown", "__typename": "ProductionStatus"}, "__typename": "ProductionStatusHistory"}, {"status": {"id": "development_unknown", "text": "Development Unknown", "__typename": "ProductionStatus"}, "__typename": "ProductionStatusHistory"}, {"status": {"id": "development_unknown", "text": "Development Unknown", "__typename": "ProductionStatus"}, "__typename": "ProductionStatusHistory"}, {"status": {"id": "script", "text": "Script", "__typename": "ProductionStatus"}, "__typename": "ProductionStatusHistory"}, {"status": {"id": "script", "text": "Script", "__typename": "ProductionStatus"}, "__typename": "ProductionStatusHistory"}, {"status": {"id": "script", "text": "Script", "__typename": "ProductionStatus"}, "__typename": "ProductionStatusHistory"}, {"status": {"id": "script", "text": "Script", "__typename": "ProductionStatus"}, "__typename": "ProductionStatusHistory"}, {"status": {"id": "pre_production", "text": "Pre-production", "__typename": "ProductionStatus"}, "__typename": "ProductionStatusHistory"}, {"status": {"id": "pre_production", "text": "Pre-production", "__typename": "ProductionStatus"}, "__typename": "ProductionStatusHistory"}, {"status": {"id": "filming", "text": "Filming", "__typename": "ProductionStatus"}, "__typename": "ProductionStatusHistory"}, {"status": {"id": "post_production", "text": "Post-production", "__typename": "ProductionStatus"}, "__typename": "ProductionStatusHistory"}, {"status": {"id": "released", "text": "Released", "__typename": "ProductionStatus"}, "__typename": "ProductionStatusHistory"}], "restriction": null, "__typename": "ProductionStatusDetails"}, "primaryImage": {"id": "rm1796446977", "__typename": "Image"}, "inIframeAddLink": {"url": "https://contribute.imdb.com/image/tt1950186/add?bus=imdb&return_url=https%3A%2F%2Fwww.imdb.com%2Fclose_me&site=web", "__typename": "ContributionLink"}, "notInIframeAddLink": {"url": "https://contribute.imdb.com/image/tt1950186/add?bus=imdb&return_url=https%3A%2F%2Fwww.imdb.com%2Ftitle%2Ftt1950186%2F&site=mobile", "__typename": "ContributionLink"}, "titleType": {"id": "movie", "canHaveEpisodes": false, "__typename": "TitleType"}, "cast": {"total": 203, "edges": [{"node": {"name": {"id": "nm0000354", "nameText": {"text": "Matt Damon", "__typename": "NameText"}, "primaryImage": {"url": "https://m.media-amazon.com/images/M/MV5BMTM0NzYzNDgxMl5BMl5BanBnXkFtZTcwMDg2MTMyMw@@._V1_.jpg", "width": 447, "height": 600, "__typename": "Image"}, "__typename": "Name"}, "attributes": null, "category": {"id": "actor", "__typename": "CreditCategory"}, "characters": [{"name": "Carroll Shelby", "__typename": "Character"}], "episodeCredits": {"total": 0, "yearRange": null, "__typename": "EpisodeCastConnection"}, "__typename": "Cast"}, "__typename": "CreditEdge"}, {"node": {"name": {"id": "nm0000288", "nameText": {"text": "Christian Bale", "__typename": "NameText"}, "primaryImage": {"url": "https://m.media-amazon.com/images/M/MV5BMTkxMzk4MjQ4MF5BMl5BanBnXkFtZTcwMzExODQxOA@@._V1_.jpg", "width": 1363, "height": 2048, "__typename": "Image"}, "__typename": "Name"}, "attributes": null, "category": {"id": "actor", "__typename": "CreditCategory"}, "characters": [{"name": "Ken Miles", "__typename": "Character"}], "episodeCredits": {"total": 0, "yearRange": null, "__typename": "EpisodeCastConnection"}, "__typename": "Cast"}, "__typename": "CreditEdge"}, {"node": {"name": {"id": "nm1256532", "nameText": {"text": "Jon Bernthal", "__typename": "NameText"}, "primaryImage": {"url": "https://m.media-amazon.com/images/M/MV5BMTcwNzA5MDg0OV5BMl5BanBnXkFtZTcwMTU2NjE0Nw@@._V1_.jpg", "width": 640, "height": 873, "__typename": "Image"}, "__typename": "Name"}, "attributes": null, "category": {"id": "actor", "__typename": "CreditCategory"}, "characters": [{"name": "Lee Iacocca", "__typename": "Character"}], "episodeCredits": {"total": 0, "yearRange": null, "__typename": "EpisodeCastConnection"}, "__typename": "Cast"}, "__typename": "CreditEdge"}, {"node": {"name": {"id": "nm1495520", "nameText": {"text": "Caitr\u00edona Balfe", "__typename": "NameText"}, "primaryImage": {"url": "https://m.media-amazon.com/images/M/MV5BZWRkODhmYmUtMmZmMi00NTZlLWIwN2UtMDM2MGMwMmIxM2JlXkEyXkFqcGc@._V1_.jpg", "width": 474, "height": 652, "__typename": "Image"}, "__typename": "Name"}, "attributes": [{"text": "as Caitriona Balfe", "__typename": "CreditedAsCreditAttribute"}], "category": {"id": "actress", "__typename": "CreditCategory"}, "characters": [{"name": "Mollie Miles", "__typename": "Character"}], "episodeCredits": {"total": 0, "yearRange": null, "__typename": "EpisodeCastConnection"}, "__typename": "Cast"}, "__typename": "CreditEdge"}, {"node": {"name": {"id": "nm0524197", "nameText": {"text": "Josh Lucas", "__typename": "NameText"}, "primaryImage": {"url": "https://m.media-amazon.com/images/M/MV5BYjNjNWQyMDctYTQ0Zi00MjA0LTllYTUtZTA1ZjE0NDZkZDllXkEyXkFqcGc@._V1_.jpg", "width": 1170, "height": 2050, "__typename": "Image"}, "__typename": "Name"}, "attributes": null, "category": {"id": "actor", "__typename": "CreditCategory"}, "characters": [{"name": "Leo Beebe", "__typename": "Character"}], "episodeCredits": {"total": 0, "yearRange": null, "__typename": "EpisodeCastConnection"}, "__typename": "Cast"}, "__typename": "CreditEdge"}, {"node": {"name": {"id": "nm7415871", "nameText": {"text": "Noah Jupe", "__typename": "NameText"}, "primaryImage": {"url": "https://m.media-amazon.com/images/M/MV5BODMyODU4YzEtMWI4Yi00ZmM2LThjYzMtYTgxNmYxMmYzNmMzXkEyXkFqcGc@._V1_CR484,5,1058,1587_.jpg", "width": 1058, "height": 1587, "__typename": "Image"}, "__typename": "Name"}, "attributes": null, "category": {"id": "actor", "__typename": "CreditCategory"}, "characters": [{"name": "Peter Miles", "__typename": "Character"}], "episodeCredits": {"total": 0, "yearRange": null, "__typename": "EpisodeCastConnection"}, "__typename": "Cast"}, "__typename": "CreditEdge"}, {"node": {"name": {"id": "nm0504832", "nameText": {"text": "Tracy Letts", "__typename": "NameText"}, "primaryImage": {"url": "https://m.media-amazon.com/images/M/MV5BNzQ4Mjc1NTU0OV5BMl5BanBnXkFtZTgwMTUxMjg0NzE@._V1_.jpg", "width": 2400, "height": 3000, "__typename": "Image"}, "__typename": "Name"}, "attributes": null, "category": {"id": "actor", "__typename": "CreditCategory"}, "characters": [{"name": "Henry Ford II", "__typename": "Character"}], "episodeCredits": {"total": 0, "yearRange": null, "__typename": "EpisodeCastConnection"}, "__typename": "Cast"}, "__typename": "CreditEdge"}, {"node": {"name": {"id": "nm0320969", "nameText": {"text": "Remo Girone", "__typename": "NameText"}, "primaryImage": {"url": "https://m.media-amazon.com/images/M/MV5BM2Q4YTdkZmYtNzA4Yy00MzMyLTk3ZGQtOThkOTNmOTk2NDgzXkEyXkFqcGc@._V1_.jpg", "width": 2445, "height": 3244, "__typename": "Image"}, "__typename": "Name"}, "attributes": null, "category": {"id": "actor", "__typename": "CreditCategory"}, "characters": [{"name": "Enzo Ferrari", "__typename": "Character"}], "episodeCredits": {"total": 0, "yearRange": null, "__typename": "EpisodeCastConnection"}, "__typename": "Cast"}, "__typename": "CreditEdge"}, {"node": {"name": {"id": "nm0571964", "nameText": {"text": "Ray McKinnon", "__typename": "NameText"}, "primaryImage": {"url": "https://m.media-amazon.com/images/M/MV5BMTkwNzEwMDg1NV5BMl5BanBnXkFtZTcwNDU1MDQ5OQ@@._V1_.jpg", "width": 450, "height": 517, "__typename": "Image"}, "__typename": "Name"}, "attributes": null, "category": {"id": "actor", "__typename": "CreditCategory"}, "characters": [{"name": "Phil Remington", "__typename": "Character"}], "episodeCredits": {"total": 0, "yearRange": null, "__typename": "EpisodeCastConnection"}, "__typename": "Cast"}, "__typename": "CreditEdge"}, {"node": {"name": {"id": "nm0270625", "nameText": {"text": "JJ Feild", "__typename": "NameText"}, "primaryImage": {"url": "https://m.media-amazon.com/images/M/MV5BYmVlMTllZmUtMTkyMC00MzUxLTg5ZWUtMmNhOTA2ZmIzNDIwXkEyXkFqcGc@._V1_.jpg", "width": 481, "height": 700, "__typename": "Image"}, "__typename": "Name"}, "attributes": null, "category": {"id": "actor", "__typename": "CreditCategory"}, "characters": [{"name": "Roy Lunn", "__typename": "Character"}], "episodeCredits": {"total": 0, "yearRange": null, "__typename": "EpisodeCastConnection"}, "__typename": "Cast"}, "__typename": "CreditEdge"}, {"node": {"name": {"id": "nm1481829", "nameText": {"text": "Jack McMullen", "__typename": "NameText"}, "primaryImage": {"url": "https://m.media-amazon.com/images/M/MV5BMDlhYzcwYTYtODE5My00MDY5LThmOWEtMjEyMGEzNjliMGU0XkEyXkFqcGc@._V1_.jpg", "width": 5275, "height": 6593, "__typename": "Image"}, "__typename": "Name"}, "attributes": null, "category": {"id": "actor", "__typename": "CreditCategory"}, "characters": [{"name": "Charlie Agapiou", "__typename": "Character"}], "episodeCredits": {"total": 0, "yearRange": null, "__typename": "EpisodeCastConnection"}, "__typename": "Cast"}, "__typename": "CreditEdge"}, {"node": {"name": {"id": "nm0969364", "nameText": {"text": "Corrado Invernizzi", "__typename": "NameText"}, "primaryImage": {"url": "https://m.media-amazon.com/images/M/MV5BMGViOWIzZTQtZDI3My00NWEyLTkwNzAtMjQ1MjljNzIyMzE0XkEyXkFqcGc@._V1_.jpg", "width": 1450, "height": 2267, "__typename": "Image"}, "__typename": "Name"}, "attributes": null, "category": {"id": "actor", "__typename": "CreditCategory"}, "characters": [{"name": "Franco Gozzi", "__typename": "Character"}], "episodeCredits": {"total": 0, "yearRange": null, "__typename": "EpisodeCastConnection"}, "__typename": "Cast"}, "__typename": "CreditEdge"}, {"node": {"name": {"id": "nm2006513", "nameText": {"text": "Joe Williamson", "__typename": "NameText"}, "primaryImage": {"url": "https://m.media-amazon.com/images/M/MV5BNzk0NWQ4NGQtM2M4ZC00NGI5LWE1YTMtMTQ5NjM5NGY2YWY4XkEyXkFqcGc@._V1_.jpg", "width": 500, "height": 700, "__typename": "Image"}, "__typename": "Name"}, "attributes": null, "category": {"id": "actor", "__typename": "CreditCategory"}, "characters": [{"name": "Don Frey", "__typename": "Character"}], "episodeCredits": {"total": 0, "yearRange": null, "__typename": "EpisodeCastConnection"}, "__typename": "Cast"}, "__typename": "CreditEdge"}, {"node": {"name": {"id": "nm2870406", "nameText": {"text": "Ian Harding", "__typename": "NameText"}, "primaryImage": {"url": "https://m.media-amazon.com/images/M/MV5BNjg5NTRjMWYtMjdkNy00ZjJkLWEzOWYtYWRiMzY5ZTQzN2NhXkEyXkFqcGc@._V1_.jpg", "width": 2346, "height": 1917, "__typename": "Image"}, "__typename": "Name"}, "attributes": null, "category": {"id": "actor", "__typename": "CreditCategory"}, "characters": [{"name": "Ford Executive - Ian", "__typename": "Character"}], "episodeCredits": {"total": 0, "yearRange": null, "__typename": "EpisodeCastConnection"}, "__typename": "Cast"}, "__typename": "CreditEdge"}, {"node": {"name": {"id": "nm0201178", "nameText": {"text": "Christopher Darga", "__typename": "NameText"}, "primaryImage": {"url": "https://m.media-amazon.com/images/M/MV5BZTljMDhjMGEtN2MwZC00ZDJhLTlkMGMtN2FjYWEzODllYmU0XkEyXkFqcGc@._V1_.jpg", "width": 2914, "height": 3779, "__typename": "Image"}, "__typename": "Name"}, "attributes": null, "category": {"id": "actor", "__typename": "CreditCategory"}, "characters": [{"name": "John Holman", "__typename": "Character"}], "episodeCredits": {"total": 0, "yearRange": null, "__typename": "EpisodeCastConnection"}, "__typename": "Cast"}, "__typename": "CreditEdge"}, {"node": {"name": {"id": "nm3399212", "nameText": {"text": "Shawn Law", "__typename": "NameText"}, "primaryImage": {"url": "https://m.media-amazon.com/images/M/MV5BZGE0ODQwYWQtOWU5YS00ZDY2LTkzZWMtYWFiYmExYThjYzc4XkEyXkFqcGc@._V1_.jpg", "width": 5307, "height": 7625, "__typename": "Image"}, "__typename": "Name"}, "attributes": null, "category": {"id": "actor", "__typename": "CreditCategory"}, "characters": [{"name": "Al 'Gus' Scussel", "__typename": "Character"}], "episodeCredits": {"total": 0, "yearRange": null, "__typename": "EpisodeCastConnection"}, "__typename": "Cast"}, "__typename": "CreditEdge"}, {"node": {"name": {"id": "nm1556504", "nameText": {"text": "Emil Beheshti", "__typename": "NameText"}, "primaryImage": {"url": "https://m.media-amazon.com/images/M/MV5BMTM4OTA0Nzk2Ml5BMl5BanBnXkFtZTgwMjczODgzMDE@._V1_.jpg", "width": 600, "height": 886, "__typename": "Image"}, "__typename": "Name"}, "attributes": null, "category": {"id": "actor", "__typename": "CreditCategory"}, "characters": [{"name": "Aeronutronics Chief Engineer", "__typename": "Character"}], "episodeCredits": {"total": 0, "yearRange": null, "__typename": "EpisodeCastConnection"}, "__typename": "Cast"}, "__typename": "CreditEdge"}, {"node": {"name": {"id": "nm0696093", "nameText": {"text": "Darrin Prescott", "__typename": "NameText"}, "primaryImage": {"url": "https://m.media-amazon.com/images/M/MV5BMTIwNjYxOTM0M15BMl5BanBnXkFtZTcwMzk1NTczMQ@@._V1_.jpg", "width": 391, "height": 506, "__typename": "Image"}, "__typename": "Name"}, "attributes": null, "category": {"id": "actor", "__typename": "CreditCategory"}, "characters": [{"name": "Bob Bondurant", "__typename": "Character"}], "episodeCredits": {"total": 0, "yearRange": null, "__typename": "EpisodeCastConnection"}, "__typename": "Cast"}, "__typename": "CreditEdge"}], "__typename": "CreditConnection"}, "creators": [], "directors": [{"totalCredits": 1, "category": {"text": "Director", "id": "director", "__typename": "CreditCategory"}, "credits": [{"name": {"id": "nm0003506", "nameText": {"text": "James Mangold", "__typename": "NameText"}, "__typename": "Name"}, "__typename": "Crew"}], "__typename": "PrincipalCreditsForCategory"}], "writers": [{"totalCredits": 3, "category": {"text": "Writers", "id": "writer", "__typename": "CreditCategory"}, "credits": [{"name": {"id": "nm0125336", "nameText": {"text": "Jez Butterworth", "__typename": "NameText"}, "__typename": "Name"}, "__typename": "Crew"}, {"name": {"id": "nm3890871", "nameText": {"text": "John-Henry Butterworth", "__typename": "NameText"}, "__typename": "Name"}, "__typename": "Crew"}, {"name": {"id": "nm0445669", "nameText": {"text": "Jason Keller", "__typename": "NameText"}, "__typename": "Name"}, "__typename": "Crew"}], "__typename": "PrincipalCreditsForCategory"}], "isAdult": false, "moreLikeThisTitles": {"edges": [{"node": {"id": "tt1979320", "titleText": {"text": "Rush", "__typename": "TitleText"}, "titleType": {"id": "movie", "text": "Movie", "canHaveEpisodes": false, "displayableProperty": {"value": {"plainText": "", "__typename": "Markdown"}, "__typename": "DisplayableTitleTypeProperty"}, "__typename": "TitleType"}, "originalTitleText": {"text": "Rush", "__typename": "TitleText"}, "primaryImage": {"id": "rm2834697472", "width": 1944, "height": 2880, "url": "https://m.media-amazon.com/images/M/MV5BMTZhOGQxM2ItNGQyYy00YzE5LWI5MjMtNmMzNGQzNDE1OTUzXkEyXkFqcGc@._V1_.jpg", "caption": {"plainText": "Daniel Br\u00fchl and Chris Hemsworth in Rush (2013)", "__typename": "Markdown"}, "__typename": "Image"}, "releaseYear": {"year": 2013, "endYear": null, "__typename": "YearRange"}, "ratingsSummary": {"aggregateRating": 8.1, "voteCount": 523272, "__typename": "RatingsSummary"}, "runtime": {"seconds": 7380, "__typename": "Runtime"}, "certificate": {"rating": "R", "__typename": "Certificate"}, "canRate": {"isRatable": true, "__typename": "CanRate"}, "titleGenres": {"genres": [{"genre": {"text": "Action", "__typename": "GenreItem"}, "__typename": "TitleGenre"}, {"genre": {"text": "Biography", "__typename": "GenreItem"}, "__typename": "TitleGenre"}, {"genre": {"text": "Drama", "__typename": "GenreItem"}, "__typename": "TitleGenre"}], "__typename": "TitleGenres"}, "canHaveEpisodes": false, "__typename": "Title"}, "__typename": "MoreLikeThisEdge"}, {"node": {"id": "tt1745960", "titleText": {"text": "Top Gun: Maverick", "__typename": "TitleText"}, "titleType": {"id": "movie", "text": "Movie", "canHaveEpisodes": false, "displayableProperty": {"value": {"plainText": "", "__typename": "Markdown"}, "__typename": "DisplayableTitleTypeProperty"}, "__typename": "TitleType"}, "originalTitleText": {"text": "Top Gun: Maverick", "__typename": "TitleText"}, "primaryImage": {"id": "rm3847166209", "width": 2024, "height": 3000, "url": "https://m.media-amazon.com/images/M/MV5BMDBkZDNjMWEtOTdmMi00NmExLTg5MmMtNTFlYTJlNWY5YTdmXkEyXkFqcGc@._V1_.jpg", "caption": {"plainText": "Tom Cruise in Top Gun: Maverick (2022)", "__typename": "Markdown"}, "__typename": "Image"}, "releaseYear": {"year": 2022, "endYear": null, "__typename": "YearRange"}, "ratingsSummary": {"aggregateRating": 8.2, "voteCount": 738086, "__typename": "RatingsSummary"}, "runtime": {"seconds": 7800, "__typename": "Runtime"}, "certificate": {"rating": "UA", "__typename": "Certificate"}, "canRate": {"isRatable": true, "__typename": "CanRate"}, "titleGenres": {"genres": [{"genre": {"text": "Action", "__typename": "GenreItem"}, "__typename": "TitleGenre"}, {"genre": {"text": "Drama", "__typename": "GenreItem"}, "__typename": "TitleGenre"}], "__typename": "TitleGenres"}, "canHaveEpisodes": false, "__typename": "Title"}, "__typename": "MoreLikeThisEdge"}, {"node": {"id": "tt8579674", "titleText": {"text": "1917", "__typename": "TitleText"}, "titleType": {"id": "movie", "text": "Movie", "canHaveEpisodes": false, "displayableProperty": {"value": {"plainText": "", "__typename": "Markdown"}, "__typename": "DisplayableTitleTypeProperty"}, "__typename": "TitleType"}, "originalTitleText": {"text": "1917", "__typename": "TitleText"}, "primaryImage": {"id": "rm144738817", "width": 1293, "height": 2048, "url": "https://m.media-amazon.com/images/M/MV5BYzkxZjg2NDQtMGVjMy00NWZkLTk0ZDEtZWE3NDYwYjAyMTg1XkEyXkFqcGc@._V1_.jpg", "caption": {"plainText": "George MacKay and Dean-Charles Chapman in 1917 (2019)", "__typename": "Markdown"}, "__typename": "Image"}, "releaseYear": {"year": 2019, "endYear": null, "__typename": "YearRange"}, "ratingsSummary": {"aggregateRating": 8.2, "voteCount": 701335, "__typename": "RatingsSummary"}, "runtime": {"seconds": 7140, "__typename": "Runtime"}, "certificate": {"rating": "R", "__typename": "Certificate"}, "canRate": {"isRatable": true, "__typename": "CanRate"}, "titleGenres": {"genres": [{"genre": {"text": "Action", "__typename": "GenreItem"}, "__typename": "TitleGenre"}, {"genre": {"text": "Drama", "__typename": "GenreItem"}, "__typename": "TitleGenre"}, {"genre": {"text": "History", "__typename": "GenreItem"}, "__typename": "TitleGenre"}], "__typename": "TitleGenres"}, "canHaveEpisodes": false, "__typename": "Title"}, "__typename": "MoreLikeThisEdge"}, {"node": {"id": "tt0264464", "titleText": {"text": "Catch Me If You Can", "__typename": "TitleText"}, "titleType": {"id": "movie", "text": "Movie", "canHaveEpisodes": false, "displayableProperty": {"value": {"plainText": "", "__typename": "Markdown"}, "__typename": "DisplayableTitleTypeProperty"}, "__typename": "TitleType"}, "originalTitleText": {"text": "Catch Me If You Can", "__typename": "TitleText"}, "primaryImage": {"id": "rm3911489536", "width": 485, "height": 719, "url": "https://m.media-amazon.com/images/M/MV5BMTY5MzYzNjc5NV5BMl5BanBnXkFtZTYwNTUyNTc2._V1_.jpg", "caption": {"plainText": "Leonardo DiCaprio and Tom Hanks in Catch Me If You Can (2002)", "__typename": "Markdown"}, "__typename": "Image"}, "releaseYear": {"year": 2002, "endYear": null, "__typename": "YearRange"}, "ratingsSummary": {"aggregateRating": 8.1, "voteCount": 1127911, "__typename": "RatingsSummary"}, "runtime": {"seconds": 8460, "__typename": "Runtime"}, "certificate": {"rating": "A", "__typename": "Certificate"}, "canRate": {"isRatable": true, "__typename": "CanRate"}, "titleGenres": {"genres": [{"genre": {"text": "Biography", "__typename": "GenreItem"}, "__typename": "TitleGenre"}, {"genre": {"text": "Crime", "__typename": "GenreItem"}, "__typename": "TitleGenre"}, {"genre": {"text": "Drama", "__typename": "GenreItem"}, "__typename": "TitleGenre"}], "__typename": "TitleGenres"}, "canHaveEpisodes": false, "__typename": "Title"}, "__typename": "MoreLikeThisEdge"}, {"node": {"id": "tt2119532", "titleText": {"text": "Hacksaw Ridge", "__typename": "TitleText"}, "titleType": {"id": "movie", "text": "Movie", "canHaveEpisodes": false, "displayableProperty": {"value": {"plainText": "", "__typename": "Markdown"}, "__typename": "DisplayableTitleTypeProperty"}, "__typename": "TitleType"}, "originalTitleText": {"text": "Hacksaw Ridge", "__typename": "TitleText"}, "primaryImage": {"id": "rm30610432", "width": 3600, "height": 5550, "url": "https://m.media-amazon.com/images/M/MV5BMjAzNzg1ODM0NF5BMl5BanBnXkFtZTgwMTUxMTMzOTE@._V1_.jpg", "caption": {"plainText": "Andrew Garfield in Hacksaw Ridge (2016)", "__typename": "Markdown"}, "__typename": "Image"}, "releaseYear": {"year": 2016, "endYear": null, "__typename": "YearRange"}, "ratingsSummary": {"aggregateRating": 8.1, "voteCount": 615145, "__typename": "RatingsSummary"}, "runtime": {"seconds": 8340, "__typename": "Runtime"}, "certificate": {"rating": "A", "__typename": "Certificate"}, "canRate": {"isRatable": true, "__typename": "CanRate"}, "titleGenres": {"genres": [{"genre": {"text": "Biography", "__typename": "GenreItem"}, "__typename": "TitleGenre"}, {"genre": {"text": "Drama", "__typename": "GenreItem"}, "__typename": "TitleGenre"}, {"genre": {"text": "History", "__typename": "GenreItem"}, "__typename": "TitleGenre"}], "__typename": "TitleGenres"}, "canHaveEpisodes": false, "__typename": "Title"}, "__typename": "MoreLikeThisEdge"}, {"node": {"id": "tt0993846", "titleText": {"text": "The Wolf of Wall Street", "__typename": "TitleText"}, "titleType": {"id": "movie", "text": "Movie", "canHaveEpisodes": false, "displayableProperty": {"value": {"plainText": "", "__typename": "Markdown"}, "__typename": "DisplayableTitleTypeProperty"}, "__typename": "TitleType"}, "originalTitleText": {"text": "The Wolf of Wall Street", "__typename": "TitleText"}, "primaryImage": {"id": "rm2842940160", "width": 1382, "height": 2048, "url": "https://m.media-amazon.com/images/M/MV5BMjIxMjgxNTk0MF5BMl5BanBnXkFtZTgwNjIyOTg2MDE@._V1_.jpg", "caption": {"plainText": "Leonardo DiCaprio and Jonah Hill in The Wolf of Wall Street (2013)", "__typename": "Markdown"}, "__typename": "Image"}, "releaseYear": {"year": 2013, "endYear": null, "__typename": "YearRange"}, "ratingsSummary": {"aggregateRating": 8.2, "voteCount": 1631236, "__typename": "RatingsSummary"}, "runtime": {"seconds": 10800, "__typename": "Runtime"}, "certificate": {"rating": "A", "__typename": "Certificate"}, "canRate": {"isRatable": true, "__typename": "CanRate"}, "titleGenres": {"genres": [{"genre": {"text": "Biography", "__typename": "GenreItem"}, "__typename": "TitleGenre"}, {"genre": {"text": "Comedy", "__typename": "GenreItem"}, "__typename": "TitleGenre"}, {"genre": {"text": "Crime", "__typename": "GenreItem"}, "__typename": "TitleGenre"}], "__typename": "TitleGenres"}, "canHaveEpisodes": false, "__typename": "Title"}, "__typename": "MoreLikeThisEdge"}, {"node": {"id": "tt0325980", "titleText": {"text": "Pirates of the Caribbean: The Curse of the Black Pearl", "__typename": "TitleText"}, "titleType": {"id": "movie", "text": "Movie", "canHaveEpisodes": false, "displayableProperty": {"value": {"plainText": "", "__typename": "Markdown"}, "__typename": "DisplayableTitleTypeProperty"}, "__typename": "TitleType"}, "originalTitleText": {"text": "Pirates of the Caribbean: The Curse of the Black Pearl", "__typename": "TitleText"}, "primaryImage": {"id": "rm2487103488", "width": 671, "height": 1000, "url": "https://m.media-amazon.com/images/M/MV5BNDhlMzEyNzItMTA5Mi00YWRhLThlNTktYTQyMTA0MDIyNDEyXkEyXkFqcGc@._V1_.jpg", "caption": {"plainText": "Johnny Depp, Geoffrey Rush, Orlando Bloom, and Keira Knightley in Pirates of the Caribbean: The Curse of the Black Pearl (2003)", "__typename": "Markdown"}, "__typename": "Image"}, "releaseYear": {"year": 2003, "endYear": null, "__typename": "YearRange"}, "ratingsSummary": {"aggregateRating": 8.1, "voteCount": 1236894, "__typename": "RatingsSummary"}, "runtime": {"seconds": 8580, "__typename": "Runtime"}, "certificate": {"rating": "UA", "__typename": "Certificate"}, "canRate": {"isRatable": true, "__typename": "CanRate"}, "titleGenres": {"genres": [{"genre": {"text": "Action", "__typename": "GenreItem"}, "__typename": "TitleGenre"}, {"genre": {"text": "Adventure", "__typename": "GenreItem"}, "__typename": "TitleGenre"}, {"genre": {"text": "Fantasy", "__typename": "GenreItem"}, "__typename": "TitleGenre"}], "__typename": "TitleGenres"}, "canHaveEpisodes": false, "__typename": "Title"}, "__typename": "MoreLikeThisEdge"}, {"node": {"id": "tt3315342", "titleText": {"text": "Logan", "__typename": "TitleText"}, "titleType": {"id": "movie", "text": "Movie", "canHaveEpisodes": false, "displayableProperty": {"value": {"plainText": "", "__typename": "Markdown"}, "__typename": "DisplayableTitleTypeProperty"}, "__typename": "TitleType"}, "originalTitleText": {"text": "Logan", "__typename": "TitleText"}, "primaryImage": {"id": "rm2555988736", "width": 520, "height": 780, "url": "https://m.media-amazon.com/images/M/MV5BM2JjODdkMGMtNmY2YS00OGM2LThiY2YtZGYyNzE4Nzc2ODA0XkEyXkFqcGc@._V1_.jpg", "caption": {"plainText": "Hugh Jackman in Logan (2017)", "__typename": "Markdown"}, "__typename": "Image"}, "releaseYear": {"year": 2017, "endYear": null, "__typename": "YearRange"}, "ratingsSummary": {"aggregateRating": 8.1, "voteCount": 866213, "__typename": "RatingsSummary"}, "runtime": {"seconds": 8220, "__typename": "Runtime"}, "certificate": {"rating": "A", "__typename": "Certificate"}, "canRate": {"isRatable": true, "__typename": "CanRate"}, "titleGenres": {"genres": [{"genre": {"text": "Action", "__typename": "GenreItem"}, "__typename": "TitleGenre"}, {"genre": {"text": "Drama", "__typename": "GenreItem"}, "__typename": "TitleGenre"}, {"genre": {"text": "Sci-Fi", "__typename": "GenreItem"}, "__typename": "TitleGenre"}], "__typename": "TitleGenres"}, "canHaveEpisodes": false, "__typename": "Title"}, "__typename": "MoreLikeThisEdge"}, {"node": {"id": "tt26752826", "titleText": {"text": "Ford v Ferrari - What really happened", "__typename": "TitleText"}, "titleType": {"id": "short", "text": "Short", "canHaveEpisodes": false, "displayableProperty": {"value": {"plainText": "Short", "__typename": "Markdown"}, "__typename": "DisplayableTitleTypeProperty"}, "__typename": "TitleType"}, "originalTitleText": {"text": "Ford v Ferrari - What really happened", "__typename": "TitleText"}, "primaryImage": {"id": "rm1753822721", "width": 1400, "height": 2100, "url": "https://m.media-amazon.com/images/M/MV5BNjFmMDQzMmQtZGVkMC00NGQ2LTkwYTItYmM4YTA0ZTgyYzFiXkEyXkFqcGc@._V1_.jpg", "caption": {"plainText": "Ford v Ferrari - What really happened (2020)", "__typename": "Markdown"}, "__typename": "Image"}, "releaseYear": {"year": 2020, "endYear": null, "__typename": "YearRange"}, "ratingsSummary": {"aggregateRating": 8.2, "voteCount": 283, "__typename": "RatingsSummary"}, "runtime": null, "certificate": null, "canRate": {"isRatable": true, "__typename": "CanRate"}, "titleGenres": {"genres": [{"genre": {"text": "Short", "__typename": "GenreItem"}, "__typename": "TitleGenre"}, {"genre": {"text": "Sport", "__typename": "GenreItem"}, "__typename": "TitleGenre"}], "__typename": "TitleGenres"}, "canHaveEpisodes": false, "__typename": "Title"}, "__typename": "MoreLikeThisEdge"}, {"node": {"id": "tt4154756", "titleText": {"text": "Avengers: Infinity War", "__typename": "TitleText"}, "titleType": {"id": "movie", "text": "Movie", "canHaveEpisodes": false, "displayableProperty": {"value": {"plainText": "", "__typename": "Markdown"}, "__typename": "DisplayableTitleTypeProperty"}, "__typename": "TitleType"}, "originalTitleText": {"text": "Avengers: Infinity War", "__typename": "TitleText"}, "primaryImage": {"id": "rm4044245504", "width": 1382, "height": 2048, "url": "https://m.media-amazon.com/images/M/MV5BMjMxNjY2MDU1OV5BMl5BanBnXkFtZTgwNzY1MTUwNTM@._V1_.jpg", "caption": {"plainText": "Don Cheadle, Robert Downey Jr., Josh Brolin, Vin Diesel, Paul Bettany, Bradley Cooper, Chris Evans, Sean Gunn, Scarlett Johansson, Elizabeth Olsen, Chris Pratt, Mark Ruffalo, Zoe Saldana, Benedict Wong, Terry Notary, Anthony Mackie, Chris Hemsworth, Dave Bautista, Benedict Cumberbatch, Chadwick Boseman, Sebastian Stan, Danai Gurira, Karen Gillan, Pom Klementieff, Letitia Wright, and Tom Holland in Avengers: Infinity War (2018)", "__typename": "Markdown"}, "__typename": "Image"}, "releaseYear": {"year": 2018, "endYear": null, "__typename": "YearRange"}, "ratingsSummary": {"aggregateRating": 8.4, "voteCount": 1242214, "__typename": "RatingsSummary"}, "runtime": {"seconds": 8940, "__typename": "Runtime"}, "certificate": {"rating": "UA", "__typename": "Certificate"}, "canRate": {"isRatable": true, "__typename": "CanRate"}, "titleGenres": {"genres": [{"genre": {"text": "Action", "__typename": "GenreItem"}, "__typename": "TitleGenre"}, {"genre": {"text": "Adventure", "__typename": "GenreItem"}, "__typename": "TitleGenre"}, {"genre": {"text": "Sci-Fi", "__typename": "GenreItem"}, "__typename": "TitleGenre"}], "__typename": "TitleGenres"}, "canHaveEpisodes": false, "__typename": "Title"}, "__typename": "MoreLikeThisEdge"}, {"node": {"id": "tt15398776", "titleText": {"text": "Oppenheimer", "__typename": "TitleText"}, "titleType": {"id": "movie", "text": "Movie", "canHaveEpisodes": false, "displayableProperty": {"value": {"plainText": "", "__typename": "Markdown"}, "__typename": "DisplayableTitleTypeProperty"}, "__typename": "TitleType"}, "originalTitleText": {"text": "Oppenheimer", "__typename": "TitleText"}, "primaryImage": {"id": "rm2670601217", "width": 2331, "height": 3454, "url": "https://m.media-amazon.com/images/M/MV5BN2JkMDc5MGQtZjg3YS00NmFiLWIyZmQtZTJmNTM5MjVmYTQ4XkEyXkFqcGc@._V1_.jpg", "caption": {"plainText": "Cillian Murphy in Oppenheimer (2023)", "__typename": "Markdown"}, "__typename": "Image"}, "releaseYear": {"year": 2023, "endYear": null, "__typename": "YearRange"}, "ratingsSummary": {"aggregateRating": 8.3, "voteCount": 811950, "__typename": "RatingsSummary"}, "runtime": {"seconds": 10800, "__typename": "Runtime"}, "certificate": {"rating": "R", "__typename": "Certificate"}, "canRate": {"isRatable": true, "__typename": "CanRate"}, "titleGenres": {"genres": [{"genre": {"text": "Biography", "__typename": "GenreItem"}, "__typename": "TitleGenre"}, {"genre": {"text": "Drama", "__typename": "GenreItem"}, "__typename": "TitleGenre"}, {"genre": {"text": "History", "__typename": "GenreItem"}, "__typename": "TitleGenre"}], "__typename": "TitleGenres"}, "canHaveEpisodes": false, "__typename": "Title"}, "__typename": "MoreLikeThisEdge"}, {"node": {"id": "tt4154796", "titleText": {"text": "Avengers: Endgame", "__typename": "TitleText"}, "titleType": {"id": "movie", "text": "Movie", "canHaveEpisodes": false, "displayableProperty": {"value": {"plainText": "", "__typename": "Markdown"}, "__typename": "DisplayableTitleTypeProperty"}, "__typename": "TitleType"}, "originalTitleText": {"text": "Avengers: Endgame", "__typename": "TitleText"}, "primaryImage": {"id": "rm2775147008", "width": 1382, "height": 2048, "url": "https://m.media-amazon.com/images/M/MV5BMTc5MDE2ODcwNV5BMl5BanBnXkFtZTgwMzI2NzQ2NzM@._V1_.jpg", "caption": {"plainText": "Don Cheadle, Robert Downey Jr., Josh Brolin, Bradley Cooper, Chris Evans, Sean Gunn, Scarlett Johansson, Brie Larson, Jeremy Renner, Paul Rudd, Mark Ruffalo, Chris Hemsworth, Danai Gurira, and Karen Gillan in Avengers: Endgame (2019)", "__typename": "Markdown"}, "__typename": "Image"}, "releaseYear": {"year": 2019, "endYear": null, "__typename": "YearRange"}, "ratingsSummary": {"aggregateRating": 8.4, "voteCount": 1308590, "__typename": "RatingsSummary"}, "runtime": {"seconds": 10860, "__typename": "Runtime"}, "certificate": {"rating": "UA", "__typename": "Certificate"}, "canRate": {"isRatable": true, "__typename": "CanRate"}, "titleGenres": {"genres": [{"genre": {"text": "Action", "__typename": "GenreItem"}, "__typename": "TitleGenre"}, {"genre": {"text": "Adventure", "__typename": "GenreItem"}, "__typename": "TitleGenre"}, {"genre": {"text": "Drama", "__typename": "GenreItem"}, "__typename": "TitleGenre"}], "__typename": "TitleGenres"}, "canHaveEpisodes": false, "__typename": "Title"}, "__typename": "MoreLikeThisEdge"}], "__typename": "MoreLikeThisConnection"}, "triviaTotal": {"total": 100, "__typename": "TriviaConnection"}, "trivia": {"edges": [{"node": {"text": {"plaidHtml": "To prepare for his role, <a class=\"ipc-md-link ipc-md-link--entity\" href=\"/name/nm0000288/?ref_=tt_dyk_trv\">Christian Bale</a> took race driving lessons at the Bondurant High Performance Driving School. The school&#39;s founder had been a friend of nm10752160, so Bale got to hear stories of the 1960s racing scene. <a class=\"ipc-md-link ipc-md-link--entity\" href=\"/name/nm1103524/?ref_=tt_dyk_trv\">Robert Nagle</a>, Bale&#39;s instructor and the film&#39;s stunt coordinator, called Bale &quot;hands down the best actor I&#39;ve ever trained.&quot;", "__typename": "Markdown"}, "trademark": null, "relatedNames": null, "__typename": "TitleTrivia"}, "__typename": "TriviaEdge"}], "__typename": "TriviaConnection"}, "goofsTotal": {"total": 109, "__typename": "GoofConnection"}, "goofs": {"edges": [{"node": {"text": {"plaidHtml": "In real life, Enzo Ferrari sold 50% of his company to Fiat S.p.A. in 1969, not in 1963 after declining Ford Motor Company&#39;s buyout offer.", "__typename": "Markdown"}, "__typename": "Goof"}, "__typename": "GoofEdge"}], "__typename": "GoofConnection"}, "quotesTotal": {"total": 32, "__typename": "TitleQuoteConnection"}, "quotes": {"edges": [{"node": {"lines": [{"characters": [{"character": "Carroll Shelby", "name": {"id": "nm0000354", "__typename": "Name"}, "__typename": "TitleQuoteCharacter"}], "text": "There's a point at 7,000 RPM... where everything fades. The machine becomes weightless. Just disappears. And all that's left is a body moving through space and time. 7,000 RPM. That's where you meet it. You feel it coming. It creeps up on you, close in your ear. Asks you a question. The only question that matters. Who are you?", "stageDirection": "narration", "__typename": "TitleQuoteLine"}], "__typename": "TitleQuote"}, "__typename": "TitleQuoteEdge"}], "__typename": "TitleQuoteConnection"}, "crazyCredits": {"edges": [{"node": {"text": {"plaidHtml": "Epilogue:\u00a0 &quot;Revered by racing fans worldwide, Ken Miles was inducted into the Motorsports Hall of Fame. Carroll Shelby became one of the most successful and celebrated sports car designers in history.\u00a0 The Ford GT40, developed by Shelby and Miles, won Le Mans in 1966, 1968 and 1969.\u00a0 It remains the only American built car ever to win the 24 hours of Le Mans.&quot;", "__typename": "Markdown"}, "__typename": "CrazyCredit"}, "__typename": "CrazyCreditEdge"}], "__typename": "CrazyCreditConnection"}, "alternateVersions": {"total": 0, "edges": [], "__typename": "AlternateVersionConnection"}, "connections": {"edges": [{"node": {"associatedTitle": {"id": "tt10939816", "releaseYear": {"year": 2019, "__typename": "YearRange"}, "titleText": {"text": "Episode dated 9 September 2019", "__typename": "TitleText"}, "originalTitleText": {"text": "Episode dated 9 September 2019", "__typename": "TitleText"}, "series": {"series": {"titleText": {"text": "CTV News at Noon Toronto", "__typename": "TitleText"}, "originalTitleText": {"text": "CTV News at Noon Toronto", "__typename": "TitleText"}, "__typename": "Title"}, "__typename": "Series"}, "__typename": "Title"}, "category": {"text": "Featured in", "__typename": "TitleConnectionCategory"}, "__typename": "TitleConnection"}, "__typename": "TitleConnectionEdge"}], "__typename": "TitleConnectionConnection"}, "soundtrack": {"edges": [{"node": {"text": "Hold On", "comments": [{"plaidHtml": "Written by David Brian Gonzalez", "__typename": "Markdown"}, {"plaidHtml": "Performed by <a class=\"ipc-md-link ipc-md-link--entity\" href=\"/name/nm4531580/?ref_=tt_dyk_snd\">The Paladins</a>", "__typename": "Markdown"}], "__typename": "Track"}, "__typename": "SoundtrackEdge"}], "__typename": "SoundtrackConnection"}, "titleText": {"text": "Ford v. Ferrari", "__typename": "TitleText"}, "originalTitleText": {"text": "Ford v Ferrari", "__typename": "TitleText"}, "releaseYear": {"year": 2019, "__typename": "YearRange"}, "reviews": {"total": 1709, "__typename": "ReviewsConnection"}, "featuredReviews": {"edges": [{"node": {"id": "rw5271883", "author": {"nickName": "Keemer44", "userId": "ur88267634", "__typename": "UserProfile"}, "summary": {"originalText": "An exhilarating and emotional ride", "__typename": "ReviewSummary"}, "text": {"originalText": {"plaidHtml": "A lot of notes were hit by Ford v Ferrari. The characters are fleshed out very well and give you the emotional attachment you&#39;re looking for in a movie. Bale and Damon&#39;s performances are great; they pull you into the story and completely disappear into their roles. James Mangold proves, once again, to be a master behind the camera. The action scenes are shot to perfection and will have you biting your nails.<br/><br/>The film&#39;s technical aspects were top-notch as well. Wait for this film to be nominated for sound design and editing. These technical aspects, during the climax of the film, will blow your hair back and give you goosebumps.<br/><br/>All in all, this film provides a pleasing experience for the crowd that not many films can even come close to delivering. I loved about every second of it, despite its long runtime.", "__typename": "Markdown"}, "__typename": "ReviewText"}, "authorRating": 9, "submissionDate": "2019-11-21", "helpfulness": {"upVotes": 171, "downVotes": 45, "__typename": "ReviewHelpfulness"}, "__typename": "Review"}, "__typename": "ReviewEdge"}], "__typename": "ReviewsConnection"}, "canRate": {"isRatable": true, "__typename": "CanRate"}, "iframeAddReviewLink": {"url": "https://contribute.imdb.com/review/tt1950186/add?bus=imdb&return_url=https%3A%2F%2Fwww.imdb.com%2Fclose_me&site=web", "__typename": "ContributionLink"}, "topQuestions": {"total": 19, "edges": [{"node": {"attributeId": "run-time", "question": {"plainText": "How long is Ford v Ferrari?", "__typename": "Markdown"}, "__typename": "AlexaQuestion"}, "__typename": "AlexaQuestionEdge"}], "__typename": "AlexaQuestionConnection"}, "faqs": {"total": 2, "edges": [{"node": {"id": "fq0102473", "question": {"plainText": "What is the DVD release date in the UK?", "__typename": "Markdown"}, "__typename": "Faq"}, "__typename": "FaqEdge"}, {"node": {"id": "fq0104309", "question": {"plainText": "Why use the Panavision C-, H- and T-Series Lenses?", "__typename": "Markdown"}, "__typename": "Faq"}, "__typename": "FaqEdge"}], "__typename": "FaqConnection"}, "releaseDate": {"day": 15, "month": 11, "year": 2019, "country": {"id": "IN", "text": "India", "__typename": "LocalizedDisplayableCountry"}, "__typename": "ReleaseDate"}, "countriesOfOrigin": {"countries": [{"id": "US", "text": "United States", "__typename": "CountryOfOrigin"}], "__typename": "CountriesOfOrigin"}, "detailsExternalLinks": {"edges": [{"node": {"url": "https://www.facebook.com/FordvFerrari", "label": "Official Facebook", "externalLinkRegion": null, "__typename": "ExternalLink"}, "__typename": "ExternalLinkEdge"}, {"node": {"url": "https://www.instagram.com/fordvferrari/", "label": "Official Instagram", "externalLinkRegion": null, "__typename": "ExternalLink"}, "__typename": "ExternalLinkEdge"}], "total": 6, "__typename": "ExternalLinkConnection"}, "spokenLanguages": {"spokenLanguages": [{"id": "en", "text": "English", "__typename": "SpokenLanguage"}, {"id": "it", "text": "Italian", "__typename": "SpokenLanguage"}, {"id": "fr", "text": "French", "__typename": "SpokenLanguage"}, {"id": "ja", "text": "Japanese", "__typename": "SpokenLanguage"}], "__typename": "SpokenLanguages"}, "akas": {"edges": [{"node": {"text": "Ford v Ferrari", "__typename": "Aka"}, "__typename": "AkaEdge"}], "__typename": "AkaConnection"}, "filmingLocations": {"edges": [{"node": {"text": "Savannah, Georgia, USA", "location": "Savannah, Georgia, USA", "attributes": [{"text": "Circuit de la Sarthe", "__typename": "DisplayableAttribute"}], "__typename": "FilmingLocation"}, "__typename": "FilmingLocationEdge"}], "total": 18, "__typename": "FilmingLocationConnection"}, "production": {"edges": [{"node": {"company": {"id": "co0286257", "companyText": {"text": "Chernin Entertainment", "__typename": "CompanyText"}, "__typename": "Company"}, "__typename": "CompanyCredit"}, "__typename": "CompanyCreditEdge"}, {"node": {"company": {"id": "co0420822", "companyText": {"text": "TSG Entertainment", "__typename": "CompanyText"}, "__typename": "Company"}, "__typename": "CompanyCredit"}, "__typename": "CompanyCreditEdge"}, {"node": {"company": {"id": "co0799219", "companyText": {"text": "Turnpike Films", "__typename": "CompanyText"}, "__typename": "Company"}, "__typename": "CompanyCredit"}, "__typename": "CompanyCreditEdge"}], "__typename": "CompanyCreditConnection"}, "companies": {"total": 142, "__typename": "CompanyCreditConnection"}, "productionBudget": {"budget": {"amount": 97600000, "currency": "USD", "__typename": "Money"}, "__typename": "ProductionBudget"}, "lifetimeGross": {"total": {"amount": 117624357, "currency": "USD", "__typename": "Money"}, "__typename": "BoxOfficeGross"}, "openingWeekendGross": {"gross": {"total": {"amount": 31474958, "currency": "USD", "__typename": "Money"}, "__typename": "BoxOfficeGross"}, "weekendEndDate": "2019-11-17", "__typename": "OpeningWeekendGross"}, "worldwideGross": {"total": {"amount": 225508210, "currency": "USD", "__typename": "Money"}, "__typename": "BoxOfficeGross"}, "technicalSpecifications": {"soundMixes": {"items": [{"id": "dolby_atmos", "text": "Dolby Atmos", "attributes": [], "__typename": "SoundMix"}, {"id": "dolby_digital", "text": "Dolby Digital", "attributes": [], "__typename": "SoundMix"}], "__typename": "SoundMixes"}, "aspectRatios": {"items": [{"aspectRatio": "2.39 : 1", "attributes": [], "__typename": "AspectRatio"}], "__typename": "AspectRatios"}, "colorations": {"items": [{"conceptId": "color", "text": "Color", "attributes": [], "__typename": "Coloration"}], "__typename": "Colorations"}, "__typename": "TechnicalSpecifications"}, "runtime": {"seconds": 9120, "__typename": "Runtime"}, "series": null, "canHaveEpisodes": false, "contributionQuestions": {"contributionLink": {"url": "https://contribute.imdb.com/answers", "__typename": "ContributionQuestionsLink"}, "edges": [], "__typename": "QuestionConnection"}, "__typename": "Title"}}