{"ok": true, "error_code": 200, "description": "", "short": {"@context": "https://schema.org", "@type": "Movie", "url": "https://www.imdb.com/title/tt2873282/", "name": "Red Sparrow", "image": "https://m.media-amazon.com/images/M/MV5BMTA3MDkxOTc4NDdeQTJeQWpwZ15BbWU4MDAxNzgyNTQz._V1_.jpg", "description": "Prima ballerina Dominika Egorova turns dangerous Sparrow.", "review": {"@type": "Review", "itemReviewed": {"@type": "Movie", "url": "https://www.imdb.com/title/tt2873282/"}, "author": {"@type": "Person", "name": "socrates99"}, "dateCreated": "2018-03-03", "inLanguage": "English", "name": "This is a badly conceived project with few redeeming aspects", "reviewBody": "Though I&apos;m a fan of Ms Lawrence and wouldn&apos;t fault her performance all that much, this film&apos;s attempt to portray Russia as the home of overly cruel spymasters doesn&apos;t ring very true to me. It smells of over-the-top propaganda hoping to cast Russia as some soulless country without moral compass. If the US were given this treatment, we would all see through the overwrought bias. But as Russia is in the news, we tend to tolerate this kind of hyperbole.\n\nAt the start I really couldn&apos;t picture Ms Lawrence as a Russian for some reason. But she does a fairly good job of bringing her role to life, despite a lame accent. Quickly, however, I started to wish I had read the book first. There&apos;s a buildup and then a middle act that the director pretty much bungles. The problem is Red Sparrow&apos;s psyche is not well delineated during a crucial time in the story. All the plot elements are there but they&apos;re deliberately not gathered together. Why, I have no idea, as the story might have been much more compelling if played out under better direction. But then that might have been how the book does it.\n\nAnyway, I was sorry to have missed Bruce Willis&apos; new movie by the time it was over. It was also opening this weekend. Red Sparrow didn&apos;t work for me on several levels but I doubt Ms Lawrence&apos;s career takes much of a hit.", "reviewRating": {"@type": "Rating", "worstRating": 1, "bestRating": 10, "ratingValue": 5}}, "aggregateRating": {"@type": "AggregateRating", "ratingCount": 205172, "bestRating": 10, "worstRating": 1, "ratingValue": 6.6}, "contentRating": "A", "genre": ["Action", "Drama", "Thriller"], "datePublished": "2018-03-02", "keywords": "female assassin,female spy,spy,femme fatale,seduction", "trailer": {"@type": "VideoObject", "name": "Official Trailer", "embedUrl": "https://www.imdb.com/video/imdb/vi4237277209", "thumbnail": {"@type": "ImageObject", "contentUrl": "https://m.media-amazon.com/images/M/MV5BNmI4MjczYjgtZjFjYy00NGVhLTk1NTItZWM5MTgxMGY2YjQ5XkEyXkFqcGdeQXVyNjg2NjQwMDQ@._V1_.jpg"}, "thumbnailUrl": "https://m.media-amazon.com/images/M/MV5BNmI4MjczYjgtZjFjYy00NGVhLTk1NTItZWM5MTgxMGY2YjQ5XkEyXkFqcGdeQXVyNjg2NjQwMDQ@._V1_.jpg", "url": "https://www.imdb.com/video/vi4237277209/", "description": "Ballerina Dominika Egorova is recruited to &apos;Sparrow School&apos; a Russian intelligence service where she is forced to use her body as a weapon. But her first mission, targeting a CIA agent, threatens to unravel the security of both nations.", "duration": "PT2M38S", "uploadDate": "2018-01-08T14:05:40Z"}, "actor": [{"@type": "Person", "url": "https://www.imdb.com/name/nm2225369/", "name": "Jennifer Lawrence"}, {"@type": "Person", "url": "https://www.imdb.com/name/nm0249291/", "name": "Joel Edgerton"}, {"@type": "Person", "url": "https://www.imdb.com/name/nm0774386/", "name": "Matthias Schoenaerts"}], "director": [{"@type": "Person", "url": "https://www.imdb.com/name/nm1349376/", "name": "Francis Lawrence"}], "creator": [{"@type": "Organization", "url": "https://www.imdb.com/company/co0286257/"}, {"@type": "Organization", "url": "https://www.imdb.com/company/co0208135/"}, {"@type": "Organization", "url": "https://www.imdb.com/company/co0525017/"}, {"@type": "Person", "url": "https://www.imdb.com/name/nm1244808/", "name": "Justin Haythe"}, {"@type": "Person", "url": "https://www.imdb.com/name/nm5645796/", "name": "Jason Matthews"}], "duration": "PT2H20M"}, "imdbId": "tt2873282", "top": {"id": "tt2873282", "productionStatus": {"currentProductionStage": {"id": "released", "text": "Released", "__typename": "ProductionStage"}, "productionStatusHistory": [{"status": {"id": "optioned_property", "text": "Optioned Property", "__typename": "ProductionStatus"}, "__typename": "ProductionStatusHistory"}, {"status": {"id": "optioned_property", "text": "Optioned Property", "__typename": "ProductionStatus"}, "__typename": "ProductionStatusHistory"}, {"status": {"id": "optioned_property", "text": "Optioned Property", "__typename": "ProductionStatus"}, "__typename": "ProductionStatusHistory"}, {"status": {"id": "development_unknown", "text": "Development Unknown", "__typename": "ProductionStatus"}, "__typename": "ProductionStatusHistory"}, {"status": {"id": "development_unknown", "text": "Development Unknown", "__typename": "ProductionStatus"}, "__typename": "ProductionStatusHistory"}, {"status": {"id": "script", "text": "Script", "__typename": "ProductionStatus"}, "__typename": "ProductionStatusHistory"}, {"status": {"id": "script", "text": "Script", "__typename": "ProductionStatus"}, "__typename": "ProductionStatusHistory"}, {"status": {"id": "pre_production", "text": "Pre-production", "__typename": "ProductionStatus"}, "__typename": "ProductionStatusHistory"}, {"status": {"id": "filming", "text": "Filming", "__typename": "ProductionStatus"}, "__typename": "ProductionStatusHistory"}, {"status": {"id": "post_production", "text": "Post-production", "__typename": "ProductionStatus"}, "__typename": "ProductionStatusHistory"}, {"status": {"id": "filming", "text": "Filming", "__typename": "ProductionStatus"}, "__typename": "ProductionStatusHistory"}, {"status": {"id": "post_production", "text": "Post-production", "__typename": "ProductionStatus"}, "__typename": "ProductionStatusHistory"}, {"status": {"id": "released", "text": "Released", "__typename": "ProductionStatus"}, "__typename": "ProductionStatusHistory"}], "restriction": null, "__typename": "ProductionStatusDetails"}, "canHaveEpisodes": false, "series": null, "titleText": {"text": "Red Sparrow", "__typename": "TitleText"}, "titleType": {"displayableProperty": {"value": {"plainText": "", "__typename": "Markdown"}, "__typename": "DisplayableTitleTypeProperty"}, "text": "Movie", "id": "movie", "isSeries": false, "isEpisode": false, "categories": [{"value": "movie", "__typename": "TitleTypeCategory"}], "canHaveEpisodes": false, "__typename": "TitleType"}, "originalTitleText": {"text": "Red Sparrow", "__typename": "TitleText"}, "certificate": {"rating": "A", "__typename": "Certificate"}, "releaseYear": {"year": 2018, "endYear": null, "__typename": "YearRange"}, "releaseDate": {"day": 2, "month": 3, "year": 2018, "__typename": "ReleaseDate"}, "runtime": {"seconds": 8400, "displayableProperty": {"value": {"plainText": "2h 20m", "__typename": "Markdown"}, "__typename": "DisplayableTitleRuntimeProperty"}, "__typename": "Runtime"}, "canRate": {"isRatable": true, "__typename": "CanRate"}, "ratingsSummary": {"aggregateRating": 6.6, "voteCount": 205172, "__typename": "RatingsSummary"}, "meterRanking": {"currentRank": 1622, "rankChange": {"changeDirection": "DOWN", "difference": 673, "__typename": "MeterRankChange"}, "__typename": "TitleMeterRanking"}, "primaryImage": {"id": "rm1560564224", "width": 1382, "height": 2048, "url": "https://m.media-amazon.com/images/M/MV5BMTA3MDkxOTc4NDdeQTJeQWpwZ15BbWU4MDAxNzgyNTQz._V1_.jpg", "caption": {"plainText": "Jennifer Lawrence in Red Sparrow (2018)", "__typename": "Markdown"}, "__typename": "Image"}, "images": {"total": 268, "edges": [{"node": {"id": "rm1259688960", "__typename": "Image"}, "__typename": "ImageEdge"}], "__typename": "ImageConnection"}, "videos": {"total": 38, "__typename": "TitleRelatedVideosConnection"}, "primaryVideos": {"edges": [{"node": {"id": "vi4237277209", "createdDate": "2018-01-08T14:05:40Z", "isMature": false, "runtime": {"value": 158, "__typename": "VideoRuntime"}, "name": {"value": "Official Trailer", "language": "en", "__typename": "LocalizedString"}, "description": {"value": "Ballerina Dominika Egorova is recruited to 'Sparrow School' a Russian intelligence service where she is forced to use her body as a weapon. But her first mission, targeting a CIA agent, threatens to unravel the security of both nations.", "language": "en", "__typename": "LocalizedString"}, "timedTextTracks": [], "recommendedTimedTextTrack": null, "thumbnail": {"url": "https://m.media-amazon.com/images/M/MV5BNmI4MjczYjgtZjFjYy00NGVhLTk1NTItZWM5MTgxMGY2YjQ5XkEyXkFqcGdeQXVyNjg2NjQwMDQ@._V1_.jpg", "height": 1080, "width": 1920, "__typename": "Thumbnail"}, "primaryTitle": {"id": "tt2873282", "titleText": {"text": "Red Sparrow", "__typename": "TitleText"}, "originalTitleText": {"text": "Red Sparrow", "__typename": "TitleText"}, "releaseYear": {"year": 2018, "__typename": "YearRange"}, "__typename": "Title"}, "playbackURLs": [{"displayName": {"value": "480p", "language": "en-US", "__typename": "LocalizedString"}, "videoMimeType": "MP4", "videoDefinition": "DEF_480p", "url": "https://imdb-video.media-imdb.com/vi4237277209/1434659607842-pgv4ql-1515420340593.mp4?Expires=1730927608&Signature=n-Ozv6fciJUDtp0Do3grXDSiNampZ7ekP411NHpU3~YxkKvTIof0c1liVYu-zc-lFCFZjEwlTEAvY~J1pJG4RDUBEX-SYCDg4jbWeJXXldD3K~rJMxNFXVyi0EDumH7h6g7wlcpoEj8ux2sXFC11a0anu1hsMgKI2CIMZipJvXgmc93XdlDiD7WlIQQdttUCBItyZ7SqFw0vW4SOkeExCj8bPRMmwzmH8xJ4mUBXEvkT3lBV5D3PL~LhuFHYkRsAZPluloh-PU8tjz2O3uQ0XwrjzXlsryaWqZrttQyweVUkvFunsTNYhERtlAoLN-c9sPMrWyytXlq2JqoLoNNomg__&Key-Pair-Id=APKAIFLZBVQZ24NQH3KA", "__typename": "PlaybackURL"}, {"displayName": {"value": "SD", "language": "en-US", "__typename": "LocalizedString"}, "videoMimeType": "MP4", "videoDefinition": "DEF_SD", "url": "https://imdb-video.media-imdb.com/vi4237277209/1434659454657-dx9ykf-1515420340593.mp4?Expires=1730927608&Signature=WIlNM5chMNegFbhjF8eWoecjZA0mH8iEZKgWPBYIAB3TDE1n4f42D6mZSMHLy6i-d126NFqDninqDbPQpUOMhxcAvZveYZY85w04EQVEimVMcyBItjTjjavOqxprFc5PdAm~iNEXkDj5QItGRsYSyw6kK0Xbsx90VttI3bu4vc7UPZlH-QjOCJZ6Y~9pNIE998P9a1nGCMCI9aMQmJsHYAolLiBWuFa1QkwaonROJpgSZiIawaxSN7RGKCfGxXLfYOinVgd6PVK6Y5ni5Ml0UcN~MrEWypEalUFp8WwzrkoM6T9DmjgLmBMgw-HheMwMwi-6bShDlSISAfDgpZxw8g__&Key-Pair-Id=APKAIFLZBVQZ24NQH3KA", "__typename": "PlaybackURL"}], "contentType": {"id": "amzn1.imdb.video.contenttype.trailer", "displayName": {"value": "Trailer", "__typename": "LocalizedString"}, "__typename": "VideoContentType"}, "previewURLs": [{"displayName": {"value": "AUTO", "language": "en-US", "__typename": "LocalizedString"}, "videoMimeType": "M3U8", "videoDefinition": "DEF_AUTO", "url": "https://imdb-video.media-imdb.com/vi4237277209/hls-preview-8c408537-7d91-4a39-bfcd-8116c8a986b6.m3u8?Expires=1730927608&Signature=Z3dHl3WHCKDmJ-5my6H5L0D0oA-RVoFsK-MRqRuqNFguyIJ4FaWRRK2JelZELqA4gnMM4Vnw5tduq56DLxRnhb9z4gk2nOPvAoYVPUF4EB6weiYa8s4PC8PyfdfT2Q8Ld1nXs96m0xPfg~jvP9B09fNsFdBrg7smdzkRocXTTUwn5CpYKbwym0wlYYsDdMjPHthgzNZTNeIBCmXAcXCnivCmuaA43GSajtMyiDFJHTpVzzdj2-Ol3j9T5kzXtU2s131Bcw8xZTT32fewb7Syz2-1JQJycrq03Iq~Ehh455tzPI-hUqOgETS9MOlfsGftvTfnyOCX1XXyMuAPYp1Djg__&Key-Pair-Id=APKAIFLZBVQZ24NQH3KA", "__typename": "PlaybackURL"}], "__typename": "Video"}, "__typename": "VideoEdge"}, {"node": {"id": "vi1634842905", "createdDate": "2017-09-14T13:30:09Z", "isMature": false, "runtime": {"value": 92, "__typename": "VideoRuntime"}, "name": {"value": "Official Trailer", "language": "en", "__typename": "LocalizedString"}, "description": {"value": "Dominika Egorova (Jennifer Lawrence) is drafted against her will to become a \"sparrow,\" a trained seductress in the Russian security service. Dominika learns to use her body as a weapon, but struggles to maintain her sense of self during the dehumanizing training process. Finding her power in an unfair system, she emerges as one of the program's strongest assets. Her first target is Nate Nash (Joel Edgerton), a CIA officer who handles the agency's most sensitive infiltration of Russian intelligence. The two young operatives fall into a spiral of attraction and deception, which threatens their careers, allegiances and the security of both countries.", "language": "en", "__typename": "LocalizedString"}, "timedTextTracks": [], "recommendedTimedTextTrack": null, "thumbnail": {"url": "https://m.media-amazon.com/images/M/MV5BNDY5MzI5YmUtYWNhZC00MDFjLTkxM2EtYzk3Njc2ZTg0YmY0XkEyXkFqcGdeQXVyNjg2NjQwMDQ@._V1_.jpg", "height": 1080, "width": 1920, "__typename": "Thumbnail"}, "primaryTitle": {"id": "tt2873282", "titleText": {"text": "Red Sparrow", "__typename": "TitleText"}, "originalTitleText": {"text": "Red Sparrow", "__typename": "TitleText"}, "releaseYear": {"year": 2018, "__typename": "YearRange"}, "__typename": "Title"}, "playbackURLs": [{"displayName": {"value": "480p", "language": "en-US", "__typename": "LocalizedString"}, "videoMimeType": "MP4", "videoDefinition": "DEF_480p", "url": "https://imdb-video.media-imdb.com/vi1634842905/1434659607842-pgv4ql-1505395810421.mp4?Expires=1730927608&Signature=J7ZR0iBWPQTPP016UsTvWbSfmq-ykQbliXL192UvWOjbn2ym692UqkcPjkDqvFqYQreiHHAwQzrNQYId6XJ2RgdfXv-~kX5LRHw~B15sKfjhVoOf29aLC5CVXv10vT9L~1halxhaD77Ink69y~F6kvhxypZMoc32L63A-9tSlnrPknuPIj3powAFlNIoGg1ZRkJC85pOkkg2h3W5E63cSnSDsWKpeiIG8a7aZeeWeXfpbFbBZ578yDqTDNi~febqjD3odbBFQ0NFKFC0MiyN5urJ8KeIZUd-A6y5DZS4cvSABcYFQPph8y1xih24yG35u3mXZ9vWlpfEb~DyWxBQsw__&Key-Pair-Id=APKAIFLZBVQZ24NQH3KA", "__typename": "PlaybackURL"}, {"displayName": {"value": "SD", "language": "en-US", "__typename": "LocalizedString"}, "videoMimeType": "MP4", "videoDefinition": "DEF_SD", "url": "https://imdb-video.media-imdb.com/vi1634842905/1434659454657-dx9ykf-1505395810421.mp4?Expires=1730927608&Signature=aihAJeLOby9ZBQBU2DMeg6FauUm65R3hj1-RfxeuvX2RCJvJNbQkXTugAXR4E9lAQ-qpMJ16NeUfa50PmK5oT~HmgZCQyO4Khbf3XdpUgbJSqU~dEdDTE-tJVojrXx9yQhrtRbedZ19Xjs14qO0vuad4rphyVx1DeEr1-6yLVGznPE3Wxs4wJklQBCoECXISbVKkNXZC4urrGUHcJGcj2QOctos-Zi0TanQ9m00z3ckM2t3pdNxyB1ovDe21e2bO7BtviDsPiTE9Xg7ObPMj1jp8wmUXDlyeLqHt9ks~oadjNzbUprRak9Jz0lykMgM~MaKItEpbCvMxW29OvWvemA__&Key-Pair-Id=APKAIFLZBVQZ24NQH3KA", "__typename": "PlaybackURL"}], "contentType": {"id": "amzn1.imdb.video.contenttype.trailer", "displayName": {"value": "Trailer", "__typename": "LocalizedString"}, "__typename": "VideoContentType"}, "previewURLs": [{"displayName": {"value": "AUTO", "language": "en-US", "__typename": "LocalizedString"}, "videoMimeType": "M3U8", "videoDefinition": "DEF_AUTO", "url": "https://imdb-video.media-imdb.com/vi1634842905/hls-preview-6dd27d3a-d25f-4395-b019-c680532fae52.m3u8?Expires=1730927608&Signature=iSxmWtPrFDjOqVDfK0pm4sD45N0uwdJkxbforZtnYm5Nwl067peCKiMGBdJ~03dWz1KnLtwPStVFwVbynvBo8YxQHMN3JWKOB9GNEFbYzEEWanhLNkwU1RquneoPjNEpD8MwMHKeyQ20qt4d28QRs-ZJ795~n~aDzKppY6zW~ecvxlOQHMuqL8sgsIsgHov8U37NcsuCTweOKATMyMCuhggszBM1vcLXqcPwBlLnMdy7eyT4qjucZK95uUkUZutLRXGHTjDNwTYYrkPlh4RooFG4fSqCDz1HzCX9ypZfWJfdYPeDOK10OY1Ez2oIPfv~vJ~N2LBH~3TKFPlB-YjW5A__&Key-Pair-Id=APKAIFLZBVQZ24NQH3KA", "__typename": "PlaybackURL"}], "__typename": "Video"}, "__typename": "VideoEdge"}], "__typename": "VideoConnection"}, "externalLinks": {"total": 404, "__typename": "ExternalLinkConnection"}, "metacritic": {"metascore": {"score": 53, "__typename": "Metascore"}, "__typename": "Metacritic"}, "keywords": {"total": 485, "edges": [{"node": {"text": "female assassin", "__typename": "TitleKeyword"}, "__typename": "TitleKeywordEdge"}, {"node": {"text": "female spy", "__typename": "TitleKeyword"}, "__typename": "TitleKeywordEdge"}, {"node": {"text": "spy", "__typename": "TitleKeyword"}, "__typename": "TitleKeywordEdge"}, {"node": {"text": "femme fatale", "__typename": "TitleKeyword"}, "__typename": "TitleKeywordEdge"}, {"node": {"text": "seduction", "__typename": "TitleKeyword"}, "__typename": "TitleKeywordEdge"}], "__typename": "TitleKeywordConnection"}, "isAdult": false, "genres": {"genres": [{"text": "Action", "id": "Action", "__typename": "Genre"}, {"text": "Drama", "id": "Drama", "__typename": "Genre"}, {"text": "Thriller", "id": "Thriller", "__typename": "Genre"}], "__typename": "Genres"}, "interests": {"edges": [{"node": {"id": "in0000184", "primaryText": {"text": "Spy", "__typename": "InterestText"}, "__typename": "Interest"}, "__typename": "InterestEdge"}, {"node": {"id": "in0000001", "primaryText": {"text": "Action", "__typename": "InterestText"}, "__typename": "Interest"}, "__typename": "InterestEdge"}, {"node": {"id": "in0000076", "primaryText": {"text": "Drama", "__typename": "InterestText"}, "__typename": "Interest"}, "__typename": "InterestEdge"}, {"node": {"id": "in0000186", "primaryText": {"text": "Thriller", "__typename": "InterestText"}, "__typename": "Interest"}, "__typename": "InterestEdge"}], "__typename": "InterestConnection"}, "plot": {"plotText": {"plainText": "Prima ballerina Dominika Egorova turns dangerous Sparrow.", "__typename": "Markdown"}, "language": {"id": "en-US", "__typename": "DisplayableLanguage"}, "__typename": "Plot"}, "plotContributionLink": {"url": "https://contribute.imdb.com/updates?update=tt2873282:outlines.add.1.locale~en-US", "__typename": "ContributionLink"}, "credits": {"total": 1002, "__typename": "CreditConnection"}, "principalCredits": [{"totalCredits": 1, "category": {"text": "Director", "id": "director", "__typename": "CreditCategory"}, "credits": [{"name": {"nameText": {"text": "Francis Lawrence", "__typename": "NameText"}, "id": "nm1349376", "__typename": "Name"}, "attributes": null, "__typename": "Crew"}], "__typename": "PrincipalCreditsForCategory"}, {"totalCredits": 2, "category": {"text": "Writers", "id": "writer", "__typename": "CreditCategory"}, "credits": [{"name": {"nameText": {"text": "Justin Haythe", "__typename": "NameText"}, "id": "nm1244808", "__typename": "Name"}, "attributes": null, "__typename": "Crew"}, {"name": {"nameText": {"text": "Jason Matthews", "__typename": "NameText"}, "id": "nm5645796", "__typename": "Name"}, "attributes": null, "__typename": "Crew"}], "__typename": "PrincipalCreditsForCategory"}, {"totalCredits": 80, "category": {"text": "Stars", "id": "cast", "__typename": "CreditCategory"}, "credits": [{"name": {"nameText": {"text": "Jennifer Lawrence", "__typename": "NameText"}, "id": "nm2225369", "__typename": "Name"}, "attributes": null, "__typename": "Cast"}, {"name": {"nameText": {"text": "Joel Edgerton", "__typename": "NameText"}, "id": "nm0249291", "__typename": "Name"}, "attributes": null, "__typename": "Cast"}, {"name": {"nameText": {"text": "Matthias Schoenaerts", "__typename": "NameText"}, "id": "nm0774386", "__typename": "Name"}, "attributes": null, "__typename": "Cast"}], "__typename": "PrincipalCreditsForCategory"}], "reviews": {"total": 1072, "__typename": "ReviewsConnection"}, "criticReviewsTotal": {"total": 342, "__typename": "ExternalLinkConnection"}, "triviaTotal": {"total": 50, "__typename": "TriviaConnection"}, "engagementStatistics": {"watchlistStatistics": {"displayableCount": {"text": "Added by 262K users", "__typename": "LocalizedDisplayableCount"}, "__typename": "WatchlistStatistics"}, "__typename": "EngagementStatistics"}, "subNavCredits": {"total": 1002, "__typename": "CreditConnection"}, "subNavReviews": {"total": 1072, "__typename": "ReviewsConnection"}, "subNavTrivia": {"total": 50, "__typename": "TriviaConnection"}, "subNavFaqs": {"total": 5, "__typename": "FaqConnection"}, "subNavTopQuestions": {"total": 20, "__typename": "AlexaQuestionConnection"}, "titleGenres": {"genres": [{"genre": {"text": "Action", "__typename": "GenreItem"}, "__typename": "TitleGenre"}, {"genre": {"text": "Drama", "__typename": "GenreItem"}, "__typename": "TitleGenre"}, {"genre": {"text": "Thriller", "__typename": "GenreItem"}, "__typename": "TitleGenre"}], "__typename": "TitleGenres"}, "meta": {"canonicalId": "tt2873282", "publicationStatus": "PUBLISHED", "__typename": "TitleMeta"}, "castPageTitle": {"edges": [{"node": {"name": {"id": "nm2225369", "nameText": {"text": "Jennifer Lawrence", "__typename": "NameText"}, "__typename": "Name"}, "__typename": "Cast"}, "__typename": "CreditEdge"}, {"node": {"name": {"id": "nm0249291", "nameText": {"text": "Joel Edgerton", "__typename": "NameText"}, "__typename": "Name"}, "__typename": "Cast"}, "__typename": "CreditEdge"}, {"node": {"name": {"id": "nm0774386", "nameText": {"text": "Matthias Schoenaerts", "__typename": "NameText"}, "__typename": "Name"}, "__typename": "Cast"}, "__typename": "CreditEdge"}, {"node": {"name": {"id": "nm0001648", "nameText": {"text": "Charlotte Rampling", "__typename": "NameText"}, "__typename": "Name"}, "__typename": "Cast"}, "__typename": "CreditEdge"}], "__typename": "CreditConnection"}, "creatorsPageTitle": [], "directorsPageTitle": [{"credits": [{"name": {"id": "nm1349376", "nameText": {"text": "Francis Lawrence", "__typename": "NameText"}, "__typename": "Name"}, "__typename": "Crew"}], "__typename": "PrincipalCreditsForCategory"}], "countriesOfOrigin": {"countries": [{"id": "US", "__typename": "CountryOfOrigin"}], "__typename": "CountriesOfOrigin"}, "production": {"edges": [{"node": {"company": {"id": "co0286257", "companyText": {"text": "Chernin Entertainment", "__typename": "CompanyText"}, "__typename": "Company"}, "__typename": "CompanyCredit"}, "__typename": "CompanyCreditEdge"}, {"node": {"company": {"id": "co0208135", "companyText": {"text": "Film Rites", "__typename": "CompanyText"}, "__typename": "Company"}, "__typename": "CompanyCredit"}, "__typename": "CompanyCreditEdge"}, {"node": {"company": {"id": "co0525017", "companyText": {"text": "Pioneer Stillking Films", "__typename": "CompanyText"}, "__typename": "Company"}, "__typename": "CompanyCredit"}, "__typename": "CompanyCreditEdge"}], "__typename": "CompanyCreditConnection"}, "featuredReviews": {"edges": [{"node": {"author": {"nickName": "socrates99", "__typename": "UserProfile"}, "summary": {"originalText": "This is a badly conceived project with few redeeming aspects", "__typename": "ReviewSummary"}, "text": {"originalText": {"plainText": "Though I'm a fan of Ms Lawrence and wouldn't fault her performance all that much, this film's attempt to portray Russia as the home of overly cruel spymasters doesn't ring very true to me. It smells of over-the-top propaganda hoping to cast Russia as some soulless country without moral compass. If the US were given this treatment, we would all see through the overwrought bias. But as Russia is in the news, we tend to tolerate this kind of hyperbole.\n\nAt the start I really couldn't picture Ms Lawrence as a Russian for some reason. But she does a fairly good job of bringing her role to life, despite a lame accent. Quickly, however, I started to wish I had read the book first. There's a buildup and then a middle act that the director pretty much bungles. The problem is Red Sparrow's psyche is not well delineated during a crucial time in the story. All the plot elements are there but they're deliberately not gathered together. Why, I have no idea, as the story might have been much more compelling if played out under better direction. But then that might have been how the book does it.\n\nAnyway, I was sorry to have missed Bruce Willis' new movie by the time it was over. It was also opening this weekend. Red Sparrow didn't work for me on several levels but I doubt Ms Lawrence's career takes much of a hit.", "__typename": "Markdown"}, "__typename": "ReviewText"}, "authorRating": 5, "submissionDate": "2018-03-03", "__typename": "Review"}, "__typename": "ReviewEdge"}], "__typename": "ReviewsConnection"}, "__typename": "Title"}, "main": {"id": "tt2873282", "wins": {"total": 3, "__typename": "AwardNominationConnection"}, "nominationsExcludeWins": {"total": 9, "__typename": "AwardNominationConnection"}, "prestigiousAwardSummary": null, "ratingsSummary": {"topRanking": {"id": "topRated:tt2873282:en_US", "text": {"value": "Top Rated", "__typename": "LocalizedString"}, "rank": 3744, "__typename": "TopRanking"}, "__typename": "RatingsSummary"}, "episodes": null, "videos": {"total": 38, "__typename": "TitleRelatedVideosConnection"}, "videoStrip": {"edges": [{"node": {"id": "vi4237277209", "contentType": {"displayName": {"value": "Trailer", "__typename": "LocalizedString"}, "__typename": "VideoContentType"}, "name": {"value": "Official Trailer", "__typename": "LocalizedString"}, "runtime": {"value": 158, "__typename": "VideoRuntime"}, "thumbnail": {"height": 1080, "url": "https://m.media-amazon.com/images/M/MV5BNmI4MjczYjgtZjFjYy00NGVhLTk1NTItZWM5MTgxMGY2YjQ5XkEyXkFqcGdeQXVyNjg2NjQwMDQ@._V1_.jpg", "width": 1920, "__typename": "Thumbnail"}, "__typename": "Video"}, "__typename": "VideoEdge"}, {"node": {"id": "vi1634842905", "contentType": {"displayName": {"value": "Trailer", "__typename": "LocalizedString"}, "__typename": "VideoContentType"}, "name": {"value": "Official Trailer", "__typename": "LocalizedString"}, "runtime": {"value": 92, "__typename": "VideoRuntime"}, "thumbnail": {"height": 1080, "url": "https://m.media-amazon.com/images/M/MV5BNDY5MzI5YmUtYWNhZC00MDFjLTkxM2EtYzk3Njc2ZTg0YmY0XkEyXkFqcGdeQXVyNjg2NjQwMDQ@._V1_.jpg", "width": 1920, "__typename": "Thumbnail"}, "__typename": "Video"}, "__typename": "VideoEdge"}, {"node": {"id": "vi4087660569", "contentType": {"displayName": {"value": "Trailer", "__typename": "LocalizedString"}, "__typename": "VideoContentType"}, "name": {"value": "Red Sparrow", "__typename": "LocalizedString"}, "runtime": {"value": 159, "__typename": "VideoRuntime"}, "thumbnail": {"height": 1080, "url": "https://m.media-amazon.com/images/M/MV5BMGFlYWE2ZGQtOWJmMy00ZWQ4LTlkMGEtYTNmNGI2Yzk4MzdjXkEyXkFqcGdeQVRoaXJkUGFydHlJbmdlc3Rpb25Xb3JrZmxvdw@@._V1_.jpg", "width": 1920, "__typename": "Thumbnail"}, "__typename": "Video"}, "__typename": "VideoEdge"}, {"node": {"id": "vi1916123161", "contentType": {"displayName": {"value": "Clip", "__typename": "LocalizedString"}, "__typename": "VideoContentType"}, "name": {"value": "Are We Going To Be Friends", "__typename": "LocalizedString"}, "runtime": {"value": 66, "__typename": "VideoRuntime"}, "thumbnail": {"height": 720, "url": "https://m.media-amazon.com/images/M/MV5BZjA5MDgwNmQtMGQxZi00NjU3LTkyZmQtOTI4OGE0OTQwYTI5XkEyXkFqcGdeQXVyNDg2MjUxNjM@._V1_.jpg", "width": 1280, "__typename": "Thumbnail"}, "__typename": "Video"}, "__typename": "VideoEdge"}, {"node": {"id": "vi785299481", "contentType": {"displayName": {"value": "Clip", "__typename": "LocalizedString"}, "__typename": "VideoContentType"}, "name": {"value": "Hold Something Back", "__typename": "LocalizedString"}, "runtime": {"value": 53, "__typename": "VideoRuntime"}, "thumbnail": {"height": 720, "url": "https://m.media-amazon.com/images/M/MV5BM2VjMDMyYzEtNDJlYy00MTE1LTlhN2YtYTAyMzJjM2JlMDMyXkEyXkFqcGdeQXVyNDg2MjUxNjM@._V1_.jpg", "width": 1280, "__typename": "Thumbnail"}, "__typename": "Video"}, "__typename": "VideoEdge"}, {"node": {"id": "vi3905402905", "contentType": {"displayName": {"value": "Clip", "__typename": "LocalizedString"}, "__typename": "VideoContentType"}, "name": {"value": "Training Montage", "__typename": "LocalizedString"}, "runtime": {"value": 52, "__typename": "VideoRuntime"}, "thumbnail": {"height": 720, "url": "https://m.media-amazon.com/images/M/MV5BZjg2YjRmNGItODYzNC00MjcwLTliMmEtMjVlODgzODBkZWY3XkEyXkFqcGdeQXVyNDg2MjUxNjM@._V1_.jpg", "width": 1280, "__typename": "Thumbnail"}, "__typename": "Video"}, "__typename": "VideoEdge"}, {"node": {"id": "vi711574809", "contentType": {"displayName": {"value": "Clip", "__typename": "LocalizedString"}, "__typename": "VideoContentType"}, "name": {"value": "Red Sparrow: Are We Going To Be Friends?", "__typename": "LocalizedString"}, "runtime": {"value": 64, "__typename": "VideoRuntime"}, "thumbnail": {"height": 720, "url": "https://m.media-amazon.com/images/M/MV5BNGZjMWZjZWYtOGE0ZC00MTg4LTk4ZTEtZGM3YmNiZTY5ZGMzXkEyXkFqcGdeQVRoaXJkUGFydHlJbmdlc3Rpb25Xb3JrZmxvdw@@._V1_.jpg", "width": 1280, "__typename": "Thumbnail"}, "__typename": "Video"}, "__typename": "VideoEdge"}, {"node": {"id": "vi3261580569", "contentType": {"displayName": {"value": "Clip", "__typename": "LocalizedString"}, "__typename": "VideoContentType"}, "name": {"value": "Red Sparrow: Hold Something Back", "__typename": "LocalizedString"}, "runtime": {"value": 50, "__typename": "VideoRuntime"}, "thumbnail": {"height": 802, "url": "https://m.media-amazon.com/images/M/MV5BYTAxNDE1ZmUtOWJlNS00OTQ3LWFmNjAtMDllYTVmMTk2NDU5XkEyXkFqcGdeQXRyYW5zY29kZS13b3JrZmxvdw@@._V1_.jpg", "width": 1920, "__typename": "Thumbnail"}, "__typename": "Video"}, "__typename": "VideoEdge"}, {"node": {"id": "vi3530016025", "contentType": {"displayName": {"value": "Clip", "__typename": "LocalizedString"}, "__typename": "VideoContentType"}, "name": {"value": "Red Sparrow: Sparrow Training", "__typename": "LocalizedString"}, "runtime": {"value": 49, "__typename": "VideoRuntime"}, "thumbnail": {"height": 800, "url": "https://m.media-amazon.com/images/M/MV5BZGJjYjkwZjQtMWM5Zi00MDYzLWI1ODMtYjM3ZWM1M2U1ZGIxXkEyXkFqcGdeQXRyYW5zY29kZS13b3JrZmxvdw@@._V1_.jpg", "width": 1920, "__typename": "Thumbnail"}, "__typename": "Video"}, "__typename": "VideoEdge"}, {"node": {"id": "vi2204615961", "contentType": {"displayName": {"value": "Clip", "__typename": "LocalizedString"}, "__typename": "VideoContentType"}, "name": {"value": "Red Sparrow: Die Or Become A Sparrow", "__typename": "LocalizedString"}, "runtime": {"value": 42, "__typename": "VideoRuntime"}, "thumbnail": {"height": 720, "url": "https://m.media-amazon.com/images/M/MV5BYmM1NWQxZTctOTYyYi00ZTc2LWFhZDgtOWMzZjhlMmUwYWRhXkEyXkFqcGdeQVRoaXJkUGFydHlJbmdlc3Rpb25Xb3JrZmxvdw@@._V1_.jpg", "width": 1280, "__typename": "Thumbnail"}, "__typename": "Video"}, "__typename": "VideoEdge"}, {"node": {"id": "vi3127428377", "contentType": {"displayName": {"value": "Featurette", "__typename": "LocalizedString"}, "__typename": "VideoContentType"}, "name": {"value": "Red Sparrow: Meet Dominika (Featurette)", "__typename": "LocalizedString"}, "runtime": {"value": 93, "__typename": "VideoRuntime"}, "thumbnail": {"height": 720, "url": "https://m.media-amazon.com/images/M/MV5BMDg2MGIzZjctYjMzMS00MGZmLTljMzEtOTQ1ZWJjYTYxNGI2XkEyXkFqcGdeQVRoaXJkUGFydHlJbmdlc3Rpb25Xb3JrZmxvdw@@._V1_.jpg", "width": 1280, "__typename": "Thumbnail"}, "__typename": "Video"}, "__typename": "VideoEdge"}, {"node": {"id": "vi3110651161", "contentType": {"displayName": {"value": "Featurette", "__typename": "LocalizedString"}, "__typename": "VideoContentType"}, "name": {"value": "Red Sparrow: A Spy Story (Featurette)", "__typename": "LocalizedString"}, "runtime": {"value": 89, "__typename": "VideoRuntime"}, "thumbnail": {"height": 720, "url": "https://m.media-amazon.com/images/M/MV5BYWE2MmI0YjgtNTg2OC00ODlmLWE1OGEtOTJmYjI0NzdmZjY5XkEyXkFqcGdeQVRoaXJkUGFydHlJbmdlc3Rpb25Xb3JrZmxvdw@@._V1_.jpg", "width": 1280, "__typename": "Thumbnail"}, "__typename": "Video"}, "__typename": "VideoEdge"}], "__typename": "VideoConnection"}, "titleMainImages": {"total": 268, "edges": [{"node": {"id": "rm1259688960", "url": "https://m.media-amazon.com/images/M/MV5BNDI0YjNlY2QtOGExMy00Yjk1LWJjZGYtNGVlZjEzZDEyMjIyXkEyXkFqcGc@._V1_.jpg", "caption": {"plainText": "Joel Edgerton and Jennifer Lawrence in Red Sparrow (2018)", "__typename": "Markdown"}, "height": 2054, "width": 3075, "__typename": "Image"}, "__typename": "ImageEdge"}, {"node": {"id": "rm1242911744", "url": "https://m.media-amazon.com/images/M/MV5BMDNjMGMxNGEtNGRiYi00MjI3LTliZjQtMzNiYTgyNzUyYWNhXkEyXkFqcGc@._V1_.jpg", "caption": {"plainText": "Charlotte Rampling and Jennifer Lawrence in Red Sparrow (2018)", "__typename": "Markdown"}, "height": 2054, "width": 3075, "__typename": "Image"}, "__typename": "ImageEdge"}, {"node": {"id": "rm1075139584", "url": "https://m.media-amazon.com/images/M/MV5BYzA0ZjBiOWMtMmE3Zi00MmI0LTkzYTctMmNlYzdhZmRiZTI0XkEyXkFqcGc@._V1_.jpg", "caption": {"plainText": "Joel Edgerton in Red Sparrow (2018)", "__typename": "Markdown"}, "height": 2054, "width": 3075, "__typename": "Image"}, "__typename": "ImageEdge"}, {"node": {"id": "rm1310020608", "url": "https://m.media-amazon.com/images/M/MV5BOTA0YzVjODktYjIzZC00YjkxLWJkMmItMWFlNTM2MDI4YjY5XkEyXkFqcGc@._V1_.jpg", "caption": {"plainText": "Matthias Schoenaerts in Red Sparrow (2018)", "__typename": "Markdown"}, "height": 2054, "width": 3075, "__typename": "Image"}, "__typename": "ImageEdge"}, {"node": {"id": "rm2354009600", "url": "https://m.media-amazon.com/images/M/MV5BMTBmYjY4YjEtZWI0OC00NWZiLWIwZDYtNDdjMGQzNWRiYWFhXkEyXkFqcGc@._V1_.jpg", "caption": {"plainText": "Jennifer Lawrence in Red Sparrow (2018)", "__typename": "Markdown"}, "height": 2054, "width": 3075, "__typename": "Image"}, "__typename": "ImageEdge"}, {"node": {"id": "rm2337232384", "url": "https://m.media-amazon.com/images/M/MV5BNGE0MWEyOWEtODQwMS00N2Q2LWIzNGMtNmU4ZDM0NmE0NTk5XkEyXkFqcGc@._V1_.jpg", "caption": {"plainText": "Jennifer Lawrence in Red Sparrow (2018)", "__typename": "Markdown"}, "height": 2051, "width": 3075, "__typename": "Image"}, "__typename": "ImageEdge"}, {"node": {"id": "rm2303677952", "url": "https://m.media-amazon.com/images/M/MV5BYTc0MWMxZWMtMTM5OS00ZWRiLTkzZTYtMGQ5ZDc2ODgxOGVlXkEyXkFqcGc@._V1_.jpg", "caption": {"plainText": "Jennifer Lawrence in Red Sparrow (2018)", "__typename": "Markdown"}, "height": 2051, "width": 3075, "__typename": "Image"}, "__typename": "ImageEdge"}, {"node": {"id": "rm2286900736", "url": "https://m.media-amazon.com/images/M/MV5BM2JjZmJjZjYtOWMxYi00NDQ3LWEyYzctMmZiMmY0Y2EzODE1XkEyXkFqcGc@._V1_.jpg", "caption": {"plainText": "Jennifer Lawrence and Sasha Frolova in Red Sparrow (2018)", "__typename": "Markdown"}, "height": 2054, "width": 3075, "__typename": "Image"}, "__typename": "ImageEdge"}, {"node": {"id": "rm2538558976", "url": "https://m.media-amazon.com/images/M/MV5BM2IxNGVjZWMtNmQwYi00NmY5LTkwZjMtNTkzMDQ1MWZmYTEzXkEyXkFqcGc@._V1_.jpg", "caption": {"plainText": "Jennifer Lawrence in Red Sparrow (2018)", "__typename": "Markdown"}, "height": 2054, "width": 3075, "__typename": "Image"}, "__typename": "ImageEdge"}, {"node": {"id": "rm2521781760", "url": "https://m.media-amazon.com/images/M/MV5BMWQ5MjFiNmYtMGY4Ny00NWM0LWI2ZjMtMjAzMjgwZjIzYzhmXkEyXkFqcGc@._V1_.jpg", "caption": {"plainText": "Jennifer Lawrence in Red Sparrow (2018)", "__typename": "Markdown"}, "height": 2054, "width": 3075, "__typename": "Image"}, "__typename": "ImageEdge"}, {"node": {"id": "rm2505004544", "url": "https://m.media-amazon.com/images/M/MV5BODRkYmNjNDUtMjAzYy00MTYzLWFjNzEtNmYwOGFlMjUyYzc1XkEyXkFqcGc@._V1_.jpg", "caption": {"plainText": "Matthias Schoenaerts and Jennifer Lawrence in Red Sparrow (2018)", "__typename": "Markdown"}, "height": 2054, "width": 3075, "__typename": "Image"}, "__typename": "ImageEdge"}, {"node": {"id": "rm2488227328", "url": "https://m.media-amazon.com/images/M/MV5BZWNkOTYzNTItYzUzNC00M2IxLTliYzEtY2I3YmJjMDJlZDkyXkEyXkFqcGc@._V1_.jpg", "caption": {"plainText": "Joel Edgerton and Jennifer Lawrence in Red Sparrow (2018)", "__typename": "Markdown"}, "height": 2054, "width": 3075, "__typename": "Image"}, "__typename": "ImageEdge"}, {"node": {"id": "rm2471450112", "url": "https://m.media-amazon.com/images/M/MV5BYWI4ZWVkZmQtMTAwOC00N2VhLTllMzMtZDYxYzljMTJmOGYzXkEyXkFqcGc@._V1_.jpg", "caption": {"plainText": "Jennifer Lawrence in Red Sparrow (2018)", "__typename": "Markdown"}, "height": 2054, "width": 3075, "__typename": "Image"}, "__typename": "ImageEdge"}], "__typename": "ImageConnection"}, "productionStatus": {"currentProductionStage": {"id": "released", "text": "Released", "__typename": "ProductionStage"}, "productionStatusHistory": [{"status": {"id": "optioned_property", "text": "Optioned Property", "__typename": "ProductionStatus"}, "__typename": "ProductionStatusHistory"}, {"status": {"id": "optioned_property", "text": "Optioned Property", "__typename": "ProductionStatus"}, "__typename": "ProductionStatusHistory"}, {"status": {"id": "optioned_property", "text": "Optioned Property", "__typename": "ProductionStatus"}, "__typename": "ProductionStatusHistory"}, {"status": {"id": "development_unknown", "text": "Development Unknown", "__typename": "ProductionStatus"}, "__typename": "ProductionStatusHistory"}, {"status": {"id": "development_unknown", "text": "Development Unknown", "__typename": "ProductionStatus"}, "__typename": "ProductionStatusHistory"}, {"status": {"id": "script", "text": "Script", "__typename": "ProductionStatus"}, "__typename": "ProductionStatusHistory"}, {"status": {"id": "script", "text": "Script", "__typename": "ProductionStatus"}, "__typename": "ProductionStatusHistory"}, {"status": {"id": "pre_production", "text": "Pre-production", "__typename": "ProductionStatus"}, "__typename": "ProductionStatusHistory"}, {"status": {"id": "filming", "text": "Filming", "__typename": "ProductionStatus"}, "__typename": "ProductionStatusHistory"}, {"status": {"id": "post_production", "text": "Post-production", "__typename": "ProductionStatus"}, "__typename": "ProductionStatusHistory"}, {"status": {"id": "filming", "text": "Filming", "__typename": "ProductionStatus"}, "__typename": "ProductionStatusHistory"}, {"status": {"id": "post_production", "text": "Post-production", "__typename": "ProductionStatus"}, "__typename": "ProductionStatusHistory"}, {"status": {"id": "released", "text": "Released", "__typename": "ProductionStatus"}, "__typename": "ProductionStatusHistory"}], "restriction": null, "__typename": "ProductionStatusDetails"}, "primaryImage": {"id": "rm1560564224", "__typename": "Image"}, "inIframeAddLink": {"url": "https://contribute.imdb.com/image/tt2873282/add?bus=imdb&return_url=https%3A%2F%2Fwww.imdb.com%2Fclose_me&site=web", "__typename": "ContributionLink"}, "notInIframeAddLink": {"url": "https://contribute.imdb.com/image/tt2873282/add?bus=imdb&return_url=https%3A%2F%2Fwww.imdb.com%2Ftitle%2Ftt2873282%2F&site=mobile", "__typename": "ContributionLink"}, "titleType": {"id": "movie", "canHaveEpisodes": false, "__typename": "TitleType"}, "cast": {"total": 80, "edges": [{"node": {"name": {"id": "nm2225369", "nameText": {"text": "Jennifer Lawrence", "__typename": "NameText"}, "primaryImage": {"url": "https://m.media-amazon.com/images/M/MV5BOTU3NDE5MDQ4MV5BMl5BanBnXkFtZTgwMzE5ODQ3MDI@._V1_.jpg", "width": 1284, "height": 2048, "__typename": "Image"}, "__typename": "Name"}, "attributes": null, "category": {"id": "actress", "__typename": "CreditCategory"}, "characters": [{"name": "Dominika Egorova", "__typename": "Character"}], "episodeCredits": {"total": 0, "yearRange": null, "__typename": "EpisodeCastConnection"}, "__typename": "Cast"}, "__typename": "CreditEdge"}, {"node": {"name": {"id": "nm0249291", "nameText": {"text": "Joel Edgerton", "__typename": "NameText"}, "primaryImage": {"url": "https://m.media-amazon.com/images/M/MV5BMTA0ODI1ODk4NzdeQTJeQWpwZ15BbWU3MDkwNjkzOTY@._V1_.jpg", "width": 512, "height": 768, "__typename": "Image"}, "__typename": "Name"}, "attributes": null, "category": {"id": "actor", "__typename": "CreditCategory"}, "characters": [{"name": "Nate Nash", "__typename": "Character"}], "episodeCredits": {"total": 0, "yearRange": null, "__typename": "EpisodeCastConnection"}, "__typename": "Cast"}, "__typename": "CreditEdge"}, {"node": {"name": {"id": "nm0774386", "nameText": {"text": "Matthias Schoenaerts", "__typename": "NameText"}, "primaryImage": {"url": "https://m.media-amazon.com/images/M/MV5BMjMyNTQ0MDgwOF5BMl5BanBnXkFtZTcwOTUxNzA3OA@@._V1_.jpg", "width": 1544, "height": 2048, "__typename": "Image"}, "__typename": "Name"}, "attributes": null, "category": {"id": "actor", "__typename": "CreditCategory"}, "characters": [{"name": "Vanya Egorov", "__typename": "Character"}], "episodeCredits": {"total": 0, "yearRange": null, "__typename": "EpisodeCastConnection"}, "__typename": "Cast"}, "__typename": "CreditEdge"}, {"node": {"name": {"id": "nm0001648", "nameText": {"text": "Charlotte Rampling", "__typename": "NameText"}, "primaryImage": {"url": "https://m.media-amazon.com/images/M/MV5BMTU0MTgyMjIzMF5BMl5BanBnXkFtZTcwOTc3NTA0Nw@@._V1_.jpg", "width": 1365, "height": 2048, "__typename": "Image"}, "__typename": "Name"}, "attributes": null, "category": {"id": "actress", "__typename": "CreditCategory"}, "characters": [{"name": "Matron", "__typename": "Character"}], "episodeCredits": {"total": 0, "yearRange": null, "__typename": "EpisodeCastConnection"}, "__typename": "Cast"}, "__typename": "CreditEdge"}, {"node": {"name": {"id": "nm0000571", "nameText": {"text": "Mary-Louise Parker", "__typename": "NameText"}, "primaryImage": {"url": "https://m.media-amazon.com/images/M/MV5BMzE1MTc4ODQ5N15BMl5BanBnXkFtZTcwOTM4NTEzMQ@@._V1_.jpg", "width": 300, "height": 429, "__typename": "Image"}, "__typename": "Name"}, "attributes": null, "category": {"id": "actress", "__typename": "CreditCategory"}, "characters": [{"name": "Stephanie Boucher", "__typename": "Character"}], "episodeCredits": {"total": 0, "yearRange": null, "__typename": "EpisodeCastConnection"}, "__typename": "Cast"}, "__typename": "CreditEdge"}, {"node": {"name": {"id": "nm0001354", "nameText": {"text": "Ciar\u00e1n Hinds", "__typename": "NameText"}, "primaryImage": {"url": "https://m.media-amazon.com/images/M/MV5BMTIyNjM0MzU0NF5BMl5BanBnXkFtZTcwOTIxMzg1MQ@@._V1_.jpg", "width": 284, "height": 400, "__typename": "Image"}, "__typename": "Name"}, "attributes": null, "category": {"id": "actor", "__typename": "CreditCategory"}, "characters": [{"name": "Zakharov", "__typename": "Character"}], "episodeCredits": {"total": 0, "yearRange": null, "__typename": "EpisodeCastConnection"}, "__typename": "Cast"}, "__typename": "CreditEdge"}, {"node": {"name": {"id": "nm0000613", "nameText": {"text": "Joely Richardson", "__typename": "NameText"}, "primaryImage": {"url": "https://m.media-amazon.com/images/M/MV5BODgwMjMwMzE2OV5BMl5BanBnXkFtZTcwOTAzMTgxMw@@._V1_.jpg", "width": 291, "height": 400, "__typename": "Image"}, "__typename": "Name"}, "attributes": null, "category": {"id": "actress", "__typename": "CreditCategory"}, "characters": [{"name": "Nina Egorova", "__typename": "Character"}], "episodeCredits": {"total": 0, "yearRange": null, "__typename": "EpisodeCastConnection"}, "__typename": "Cast"}, "__typename": "CreditEdge"}, {"node": {"name": {"id": "nm0131966", "nameText": {"text": "Bill Camp", "__typename": "NameText"}, "primaryImage": {"url": "https://m.media-amazon.com/images/M/MV5BMTU0MTI1NTMxN15BMl5BanBnXkFtZTgwNTkxMjI2NDM@._V1_.jpg", "width": 1685, "height": 2048, "__typename": "Image"}, "__typename": "Name"}, "attributes": null, "category": {"id": "actor", "__typename": "CreditCategory"}, "characters": [{"name": "Marty Gable", "__typename": "Character"}], "episodeCredits": {"total": 0, "yearRange": null, "__typename": "EpisodeCastConnection"}, "__typename": "Cast"}, "__typename": "CreditEdge"}, {"node": {"name": {"id": "nm0000460", "nameText": {"text": "Jeremy Irons", "__typename": "NameText"}, "primaryImage": {"url": "https://m.media-amazon.com/images/M/MV5BMTY5Mzg2NDY5OV5BMl5BanBnXkFtZTcwMDQwNzA0Mg@@._V1_.jpg", "width": 303, "height": 400, "__typename": "Image"}, "__typename": "Name"}, "attributes": null, "category": {"id": "actor", "__typename": "CreditCategory"}, "characters": [{"name": "General Korchnoi", "__typename": "Character"}], "episodeCredits": {"total": 0, "yearRange": null, "__typename": "EpisodeCastConnection"}, "__typename": "Cast"}, "__typename": "CreditEdge"}, {"node": {"name": {"id": "nm0720671", "nameText": {"text": "Thekla Reuten", "__typename": "NameText"}, "primaryImage": {"url": "https://m.media-amazon.com/images/M/MV5BYWRiOTgxZDYtYTY5ZC00ZjZmLWIyMzktZWQxYWFkNjc1OWQ0XkEyXkFqcGc@._V1_.jpg", "width": 1503, "height": 2003, "__typename": "Image"}, "__typename": "Name"}, "attributes": null, "category": {"id": "actress", "__typename": "CreditCategory"}, "characters": [{"name": "Marta", "__typename": "Character"}], "episodeCredits": {"total": 0, "yearRange": null, "__typename": "EpisodeCastConnection"}, "__typename": "Cast"}, "__typename": "CreditEdge"}, {"node": {"name": {"id": "nm0388061", "nameText": {"text": "Douglas Hodge", "__typename": "NameText"}, "primaryImage": {"url": "https://m.media-amazon.com/images/M/MV5BYWZmMTA1ODItZGM5MS00MWVjLWIwZGQtYzhkOTMzNTczYTUxXkEyXkFqcGc@._V1_.jpg", "width": 402, "height": 600, "__typename": "Image"}, "__typename": "Name"}, "attributes": null, "category": {"id": "actor", "__typename": "CreditCategory"}, "characters": [{"name": "Maxim Volontov", "__typename": "Character"}], "episodeCredits": {"total": 0, "yearRange": null, "__typename": "EpisodeCastConnection"}, "__typename": "Cast"}, "__typename": "CreditEdge"}, {"node": {"name": {"id": "nm0415529", "nameText": {"text": "Sakina Jaffrey", "__typename": "NameText"}, "primaryImage": {"url": "https://m.media-amazon.com/images/M/MV5BMTU4NjU4NjU5OV5BMl5BanBnXkFtZTYwNzExNTcy._V1_.jpg", "width": 360, "height": 553, "__typename": "Image"}, "__typename": "Name"}, "attributes": null, "category": {"id": "actress", "__typename": "CreditCategory"}, "characters": [{"name": "Trish Forsyth", "__typename": "Character"}], "episodeCredits": {"total": 0, "yearRange": null, "__typename": "EpisodeCastConnection"}, "__typename": "Cast"}, "__typename": "CreditEdge"}, {"node": {"name": {"id": "nm4431536", "nameText": {"text": "Sergei Polunin", "__typename": "NameText"}, "primaryImage": {"url": "https://m.media-amazon.com/images/M/MV5BMjAwMjEwMzMzMV5BMl5BanBnXkFtZTgwMDkyODg0MjI@._V1_.jpg", "width": 2048, "height": 1362, "__typename": "Image"}, "__typename": "Name"}, "attributes": null, "category": {"id": "actor", "__typename": "CreditCategory"}, "characters": [{"name": "Konstantin", "__typename": "Character"}], "episodeCredits": {"total": 0, "yearRange": null, "__typename": "EpisodeCastConnection"}, "__typename": "Cast"}, "__typename": "CreditEdge"}, {"node": {"name": {"id": "nm6205739", "nameText": {"text": "Sasha Frolova", "__typename": "NameText"}, "primaryImage": {"url": "https://m.media-amazon.com/images/M/MV5BY2U5MWE2NjgtODRlNS00MjA1LWIxZmQtZjJmNDMwMTM2MzRlXkEyXkFqcGc@._V1_.jpg", "width": 2286, "height": 3121, "__typename": "Image"}, "__typename": "Name"}, "attributes": null, "category": {"id": "actress", "__typename": "CreditCategory"}, "characters": [{"name": "Anya", "__typename": "Character"}], "episodeCredits": {"total": 0, "yearRange": null, "__typename": "EpisodeCastConnection"}, "__typename": "Cast"}, "__typename": "CreditEdge"}, {"node": {"name": {"id": "nm1389891", "nameText": {"text": "Sebastian H\u00fclk", "__typename": "NameText"}, "primaryImage": {"url": "https://m.media-amazon.com/images/M/MV5BMDYxYzRhN2MtYjY2NC00NTM0LTllN2EtNzNjMGY4ZDFmZmZlXkEyXkFqcGc@._V1_.jpg", "width": 5078, "height": 4652, "__typename": "Image"}, "__typename": "Name"}, "attributes": null, "category": {"id": "actor", "__typename": "CreditCategory"}, "characters": [{"name": "Matorin", "__typename": "Character"}], "episodeCredits": {"total": 0, "yearRange": null, "__typename": "EpisodeCastConnection"}, "__typename": "Cast"}, "__typename": "CreditEdge"}, {"node": {"name": {"id": "nm0200848", "nameText": {"text": "Ingeborga Dapkunaite", "__typename": "NameText"}, "primaryImage": {"url": "https://m.media-amazon.com/images/M/MV5BMjM0OTU4NzU5Ml5BMl5BanBnXkFtZTgwODc1NTk0NTM@._V1_.jpg", "width": 1365, "height": 2048, "__typename": "Image"}, "__typename": "Name"}, "attributes": null, "category": {"id": "actress", "__typename": "CreditCategory"}, "characters": [{"name": "Ballet Director", "__typename": "Character"}], "episodeCredits": {"total": 0, "yearRange": null, "__typename": "EpisodeCastConnection"}, "__typename": "Cast"}, "__typename": "CreditEdge"}, {"node": {"name": {"id": "nm0642267", "nameText": {"text": "Nicole O'Neill", "__typename": "NameText"}, "primaryImage": {"url": "https://m.media-amazon.com/images/M/MV5BODRkMDQ2MTQtM2UyOS00ZjBlLTlhYmUtNmU3ZDI5NTY4MTMzXkEyXkFqcGc@._V1_.jpg", "width": 214, "height": 317, "__typename": "Image"}, "__typename": "Name"}, "attributes": null, "category": {"id": "actress", "__typename": "CreditCategory"}, "characters": [{"name": "Sonya", "__typename": "Character"}], "episodeCredits": {"total": 0, "yearRange": null, "__typename": "EpisodeCastConnection"}, "__typename": "Cast"}, "__typename": "CreditEdge"}, {"node": {"name": {"id": "nm0465311", "nameText": {"text": "Kristof Konrad", "__typename": "NameText"}, "primaryImage": {"url": "https://m.media-amazon.com/images/M/MV5BZDQ4Y2Q3N2UtNGVmMS00N2M1LWEyMmUtMTMxZGVkMzE1Mzg0XkEyXkFqcGc@._V1_.jpg", "width": 688, "height": 911, "__typename": "Image"}, "__typename": "Name"}, "attributes": null, "category": {"id": "actor", "__typename": "CreditCategory"}, "characters": [{"name": "Dmitri Ustinov", "__typename": "Character"}], "episodeCredits": {"total": 0, "yearRange": null, "__typename": "EpisodeCastConnection"}, "__typename": "Cast"}, "__typename": "CreditEdge"}], "__typename": "CreditConnection"}, "creators": [], "directors": [{"totalCredits": 1, "category": {"text": "Director", "id": "director", "__typename": "CreditCategory"}, "credits": [{"name": {"id": "nm1349376", "nameText": {"text": "Francis Lawrence", "__typename": "NameText"}, "__typename": "Name"}, "__typename": "Crew"}], "__typename": "PrincipalCreditsForCategory"}], "writers": [{"totalCredits": 2, "category": {"text": "Writers", "id": "writer", "__typename": "CreditCategory"}, "credits": [{"name": {"id": "nm1244808", "nameText": {"text": "Justin Haythe", "__typename": "NameText"}, "__typename": "Name"}, "__typename": "Crew"}, {"name": {"id": "nm5645796", "nameText": {"text": "Jason Matthews", "__typename": "NameText"}, "__typename": "Name"}, "__typename": "Crew"}], "__typename": "PrincipalCreditsForCategory"}], "isAdult": false, "moreLikeThisTitles": {"edges": [{"node": {"id": "tt2406566", "titleText": {"text": "Atomic Blonde", "__typename": "TitleText"}, "titleType": {"id": "movie", "text": "Movie", "canHaveEpisodes": false, "displayableProperty": {"value": {"plainText": "", "__typename": "Markdown"}, "__typename": "DisplayableTitleTypeProperty"}, "__typename": "TitleType"}, "originalTitleText": {"text": "Atomic Blonde", "__typename": "TitleText"}, "primaryImage": {"id": "rm3364431872", "width": 1293, "height": 2048, "url": "https://m.media-amazon.com/images/M/MV5BMjM5NDYzMzg5N15BMl5BanBnXkFtZTgwOTM2NDU1MjI@._V1_.jpg", "caption": {"plainText": "Charlize Theron in Atomic Blonde (2017)", "__typename": "Markdown"}, "__typename": "Image"}, "releaseYear": {"year": 2017, "endYear": null, "__typename": "YearRange"}, "ratingsSummary": {"aggregateRating": 6.7, "voteCount": 210923, "__typename": "RatingsSummary"}, "runtime": {"seconds": 6900, "__typename": "Runtime"}, "certificate": {"rating": "A", "__typename": "Certificate"}, "canRate": {"isRatable": true, "__typename": "CanRate"}, "titleGenres": {"genres": [{"genre": {"text": "Action", "__typename": "GenreItem"}, "__typename": "TitleGenre"}, {"genre": {"text": "Thriller", "__typename": "GenreItem"}, "__typename": "TitleGenre"}], "__typename": "TitleGenres"}, "canHaveEpisodes": false, "__typename": "Title"}, "__typename": "MoreLikeThisEdge"}, {"node": {"id": "tt2446980", "titleText": {"text": "Joy", "__typename": "TitleText"}, "titleType": {"id": "movie", "text": "Movie", "canHaveEpisodes": false, "displayableProperty": {"value": {"plainText": "", "__typename": "Markdown"}, "__typename": "DisplayableTitleTypeProperty"}, "__typename": "TitleType"}, "originalTitleText": {"text": "Joy", "__typename": "TitleText"}, "primaryImage": {"id": "rm3584957184", "width": 2025, "height": 3000, "url": "https://m.media-amazon.com/images/M/MV5BNmEyMWJiNzMtZjU3Mi00YzBjLTk3ZDgtMDZkYWVjNmZjMjQ3XkEyXkFqcGc@._V1_.jpg", "caption": {"plainText": "Robert De Niro, Bradley Cooper, and Jennifer Lawrence in Joy (2015)", "__typename": "Markdown"}, "__typename": "Image"}, "releaseYear": {"year": 2015, "endYear": null, "__typename": "YearRange"}, "ratingsSummary": {"aggregateRating": 6.6, "voteCount": 147523, "__typename": "RatingsSummary"}, "runtime": {"seconds": 7440, "__typename": "Runtime"}, "certificate": {"rating": "U", "__typename": "Certificate"}, "canRate": {"isRatable": true, "__typename": "CanRate"}, "titleGenres": {"genres": [{"genre": {"text": "Biography", "__typename": "GenreItem"}, "__typename": "TitleGenre"}, {"genre": {"text": "Drama", "__typename": "GenreItem"}, "__typename": "TitleGenre"}], "__typename": "TitleGenres"}, "canHaveEpisodes": false, "__typename": "Title"}, "__typename": "MoreLikeThisEdge"}, {"node": {"id": "tt0944835", "titleText": {"text": "Salt", "__typename": "TitleText"}, "titleType": {"id": "movie", "text": "Movie", "canHaveEpisodes": false, "displayableProperty": {"value": {"plainText": "", "__typename": "Markdown"}, "__typename": "DisplayableTitleTypeProperty"}, "__typename": "TitleType"}, "originalTitleText": {"text": "Salt", "__typename": "TitleText"}, "primaryImage": {"id": "rm683118080", "width": 963, "height": 1431, "url": "https://m.media-amazon.com/images/M/MV5BMjIyODA2NDg4NV5BMl5BanBnXkFtZTcwMjg4NDAwMw@@._V1_.jpg", "caption": {"plainText": "Angelina Jolie in Salt (2010)", "__typename": "Markdown"}, "__typename": "Image"}, "releaseYear": {"year": 2010, "endYear": null, "__typename": "YearRange"}, "ratingsSummary": {"aggregateRating": 6.5, "voteCount": 333762, "__typename": "RatingsSummary"}, "runtime": {"seconds": 6000, "__typename": "Runtime"}, "certificate": {"rating": "UA", "__typename": "Certificate"}, "canRate": {"isRatable": true, "__typename": "CanRate"}, "titleGenres": {"genres": [{"genre": {"text": "Action", "__typename": "GenreItem"}, "__typename": "TitleGenre"}, {"genre": {"text": "Thriller", "__typename": "GenreItem"}, "__typename": "TitleGenre"}], "__typename": "TitleGenres"}, "canHaveEpisodes": false, "__typename": "Title"}, "__typename": "MoreLikeThisEdge"}, {"node": {"id": "tt7456310", "titleText": {"text": "Anna", "__typename": "TitleText"}, "titleType": {"id": "movie", "text": "Movie", "canHaveEpisodes": false, "displayableProperty": {"value": {"plainText": "", "__typename": "Markdown"}, "__typename": "DisplayableTitleTypeProperty"}, "__typename": "TitleType"}, "originalTitleText": {"text": "Anna", "__typename": "TitleText"}, "primaryImage": {"id": "rm3279002881", "width": 1442, "height": 2048, "url": "https://m.media-amazon.com/images/M/MV5BZGZmMGE3MGQtZGMzNC00NDJhLWExNzMtYmI2YjkwZWZhMTJmXkEyXkFqcGc@._V1_.jpg", "caption": {"plainText": "Helen Mirren, Cillian Murphy, Luke Evans, and Sasha Luss in Anna (2019)", "__typename": "Markdown"}, "__typename": "Image"}, "releaseYear": {"year": 2019, "endYear": null, "__typename": "YearRange"}, "ratingsSummary": {"aggregateRating": 6.6, "voteCount": 99289, "__typename": "RatingsSummary"}, "runtime": {"seconds": 7080, "__typename": "Runtime"}, "certificate": {"rating": "A", "__typename": "Certificate"}, "canRate": {"isRatable": true, "__typename": "CanRate"}, "titleGenres": {"genres": [{"genre": {"text": "Action", "__typename": "GenreItem"}, "__typename": "TitleGenre"}, {"genre": {"text": "Thriller", "__typename": "GenreItem"}, "__typename": "TitleGenre"}], "__typename": "TitleGenres"}, "canHaveEpisodes": false, "__typename": "Title"}, "__typename": "MoreLikeThisEdge"}, {"node": {"id": "tt1355644", "titleText": {"text": "Passengers", "__typename": "TitleText"}, "titleType": {"id": "movie", "text": "Movie", "canHaveEpisodes": false, "displayableProperty": {"value": {"plainText": "", "__typename": "Markdown"}, "__typename": "DisplayableTitleTypeProperty"}, "__typename": "TitleType"}, "originalTitleText": {"text": "Passengers", "__typename": "TitleText"}, "primaryImage": {"id": "rm1547656192", "width": 2025, "height": 3000, "url": "https://m.media-amazon.com/images/M/MV5BYzRjNTFmMzQtM2JhZi00ZTI0LTlhMjMtNzQ4YWRhZGVmZWRmXkEyXkFqcGc@._V1_.jpg", "caption": {"plainText": "Chris Pratt and Jennifer Lawrence in Passengers (2016)", "__typename": "Markdown"}, "__typename": "Image"}, "releaseYear": {"year": 2016, "endYear": null, "__typename": "YearRange"}, "ratingsSummary": {"aggregateRating": 7, "voteCount": 462169, "__typename": "RatingsSummary"}, "runtime": {"seconds": 6960, "__typename": "Runtime"}, "certificate": {"rating": "UA", "__typename": "Certificate"}, "canRate": {"isRatable": true, "__typename": "CanRate"}, "titleGenres": {"genres": [{"genre": {"text": "Drama", "__typename": "GenreItem"}, "__typename": "TitleGenre"}, {"genre": {"text": "Romance", "__typename": "GenreItem"}, "__typename": "TitleGenre"}, {"genre": {"text": "Sci-Fi", "__typename": "GenreItem"}, "__typename": "TitleGenre"}], "__typename": "TitleGenres"}, "canHaveEpisodes": false, "__typename": "Title"}, "__typename": "MoreLikeThisEdge"}, {"node": {"id": "tt8934082", "titleText": {"text": "Dior: Joy", "__typename": "TitleText"}, "titleType": {"id": "video", "text": "Video", "canHaveEpisodes": false, "displayableProperty": {"value": {"plainText": "Video", "__typename": "Markdown"}, "__typename": "DisplayableTitleTypeProperty"}, "__typename": "TitleType"}, "originalTitleText": {"text": "Dior: Joy", "__typename": "TitleText"}, "primaryImage": {"id": "rm2894362880", "width": 1377, "height": 2000, "url": "https://m.media-amazon.com/images/M/MV5BOWQxZmZhY2ItNzZlNi00MWE2LWExM2YtZTUxMmNmYjdmZWE2XkEyXkFqcGc@._V1_.jpg", "caption": {"plainText": "Jennifer Lawrence in Dior: Joy (2018)", "__typename": "Markdown"}, "__typename": "Image"}, "releaseYear": {"year": 2018, "endYear": null, "__typename": "YearRange"}, "ratingsSummary": {"aggregateRating": 6.8, "voteCount": 933, "__typename": "RatingsSummary"}, "runtime": {"seconds": 120, "__typename": "Runtime"}, "certificate": null, "canRate": {"isRatable": true, "__typename": "CanRate"}, "titleGenres": {"genres": [{"genre": {"text": "Short", "__typename": "GenreItem"}, "__typename": "TitleGenre"}, {"genre": {"text": "Music", "__typename": "GenreItem"}, "__typename": "TitleGenre"}], "__typename": "TitleGenres"}, "canHaveEpisodes": false, "__typename": "Title"}, "__typename": "MoreLikeThisEdge"}, {"node": {"id": "tt8784956", "titleText": {"text": "Ava", "__typename": "TitleText"}, "titleType": {"id": "movie", "text": "Movie", "canHaveEpisodes": false, "displayableProperty": {"value": {"plainText": "", "__typename": "Markdown"}, "__typename": "DisplayableTitleTypeProperty"}, "__typename": "TitleType"}, "originalTitleText": {"text": "Ava", "__typename": "TitleText"}, "primaryImage": {"id": "rm3190795009", "width": 1382, "height": 2048, "url": "https://m.media-amazon.com/images/M/MV5BMjgxYjI0NzUtYTUzOC00ZDQwLThhMzItZThjMjU1YTBjM2MxXkEyXkFqcGc@._V1_.jpg", "caption": {"plainText": "Jessica Chastain in Ava (2020)", "__typename": "Markdown"}, "__typename": "Image"}, "releaseYear": {"year": 2020, "endYear": null, "__typename": "YearRange"}, "ratingsSummary": {"aggregateRating": 5.5, "voteCount": 64497, "__typename": "RatingsSummary"}, "runtime": {"seconds": 5760, "__typename": "Runtime"}, "certificate": {"rating": "16", "__typename": "Certificate"}, "canRate": {"isRatable": true, "__typename": "CanRate"}, "titleGenres": {"genres": [{"genre": {"text": "Action", "__typename": "GenreItem"}, "__typename": "TitleGenre"}, {"genre": {"text": "Crime", "__typename": "GenreItem"}, "__typename": "TitleGenre"}, {"genre": {"text": "Drama", "__typename": "GenreItem"}, "__typename": "TitleGenre"}], "__typename": "TitleGenres"}, "canHaveEpisodes": false, "__typename": "Title"}, "__typename": "MoreLikeThisEdge"}, {"node": {"id": "tt1800241", "titleText": {"text": "American Hustle", "__typename": "TitleText"}, "titleType": {"id": "movie", "text": "Movie", "canHaveEpisodes": false, "displayableProperty": {"value": {"plainText": "", "__typename": "Markdown"}, "__typename": "DisplayableTitleTypeProperty"}, "__typename": "TitleType"}, "originalTitleText": {"text": "American Hustle", "__typename": "TitleText"}, "primaryImage": {"id": "rm201284608", "width": 648, "height": 960, "url": "https://m.media-amazon.com/images/M/MV5BMGQ2NzEwZGEtYjk1MC00NWFmLTgyYTgtZmRhMTRmOTBlN2U5XkEyXkFqcGc@._V1_.jpg", "caption": {"plainText": "Christian Bale, Amy Adams, Bradley Cooper, Jeremy Renner, and Jennifer Lawrence in American Hustle (2013)", "__typename": "Markdown"}, "__typename": "Image"}, "releaseYear": {"year": 2013, "endYear": null, "__typename": "YearRange"}, "ratingsSummary": {"aggregateRating": 7.2, "voteCount": 505082, "__typename": "RatingsSummary"}, "runtime": {"seconds": 8280, "__typename": "Runtime"}, "certificate": {"rating": "A", "__typename": "Certificate"}, "canRate": {"isRatable": true, "__typename": "CanRate"}, "titleGenres": {"genres": [{"genre": {"text": "Crime", "__typename": "GenreItem"}, "__typename": "TitleGenre"}, {"genre": {"text": "Drama", "__typename": "GenreItem"}, "__typename": "TitleGenre"}], "__typename": "TitleGenres"}, "canHaveEpisodes": false, "__typename": "Title"}, "__typename": "MoreLikeThisEdge"}, {"node": {"id": "tt7556122", "titleText": {"text": "The Old Guard", "__typename": "TitleText"}, "titleType": {"id": "movie", "text": "Movie", "canHaveEpisodes": false, "displayableProperty": {"value": {"plainText": "", "__typename": "Markdown"}, "__typename": "DisplayableTitleTypeProperty"}, "__typename": "TitleType"}, "originalTitleText": {"text": "The Old Guard", "__typename": "TitleText"}, "primaryImage": {"id": "rm1029679361", "width": 675, "height": 1000, "url": "https://m.media-amazon.com/images/M/MV5BYzMwNjVjNTEtZDVhOC00NzQzLTg0MGYtMGI1Yzc0Nzg2MjNmXkEyXkFqcGc@._V1_.jpg", "caption": {"plainText": "Charlize Theron, Chiwetel Ejiofor, Matthias Schoenaerts, Luca Marinelli, Marwan Kenzari, and KiKi Layne in The Old Guard (2020)", "__typename": "Markdown"}, "__typename": "Image"}, "releaseYear": {"year": 2020, "endYear": null, "__typename": "YearRange"}, "ratingsSummary": {"aggregateRating": 6.7, "voteCount": 187935, "__typename": "RatingsSummary"}, "runtime": {"seconds": 7500, "__typename": "Runtime"}, "certificate": {"rating": "18", "__typename": "Certificate"}, "canRate": {"isRatable": true, "__typename": "CanRate"}, "titleGenres": {"genres": [{"genre": {"text": "Action", "__typename": "GenreItem"}, "__typename": "TitleGenre"}, {"genre": {"text": "Thriller", "__typename": "GenreItem"}, "__typename": "TitleGenre"}], "__typename": "TitleGenres"}, "canHaveEpisodes": false, "__typename": "Title"}, "__typename": "MoreLikeThisEdge"}, {"node": {"id": "tt26758317", "titleText": {"text": "The Red Sparrow", "__typename": "TitleText"}, "titleType": {"id": "movie", "text": "Movie", "canHaveEpisodes": false, "displayableProperty": {"value": {"plainText": "", "__typename": "Markdown"}, "__typename": "DisplayableTitleTypeProperty"}, "__typename": "TitleType"}, "originalTitleText": {"text": "The Red Sparrow", "__typename": "TitleText"}, "primaryImage": {"id": "rm623651841", "width": 600, "height": 900, "url": "https://m.media-amazon.com/images/M/MV5BYWRiMWQ2MmItMWViOC00NGU4LWFkYTUtYmIwYzYzZWQ2Nzg5XkEyXkFqcGc@._V1_.jpg", "caption": {"plainText": "The Red Sparrow (2022)", "__typename": "Markdown"}, "__typename": "Image"}, "releaseYear": {"year": 2022, "endYear": null, "__typename": "YearRange"}, "ratingsSummary": {"aggregateRating": 5.3, "voteCount": 15, "__typename": "RatingsSummary"}, "runtime": null, "certificate": null, "canRate": {"isRatable": true, "__typename": "CanRate"}, "titleGenres": {"genres": [{"genre": {"text": "Action", "__typename": "GenreItem"}, "__typename": "TitleGenre"}, {"genre": {"text": "Sci-Fi", "__typename": "GenreItem"}, "__typename": "TitleGenre"}], "__typename": "TitleGenres"}, "canHaveEpisodes": false, "__typename": "Title"}, "__typename": "MoreLikeThisEdge"}, {"node": {"id": "tt1045658", "titleText": {"text": "Silver Linings Playbook", "__typename": "TitleText"}, "titleType": {"id": "movie", "text": "Movie", "canHaveEpisodes": false, "displayableProperty": {"value": {"plainText": "", "__typename": "Markdown"}, "__typename": "DisplayableTitleTypeProperty"}, "__typename": "TitleType"}, "originalTitleText": {"text": "Silver Linings Playbook", "__typename": "TitleText"}, "primaryImage": {"id": "rm2321852672", "width": 1382, "height": 2048, "url": "https://m.media-amazon.com/images/M/MV5BMTM2MTI5NzA3MF5BMl5BanBnXkFtZTcwODExNTc0OA@@._V1_.jpg", "caption": {"plainText": "Bradley Cooper, Debbie Lay, and Jennifer Lawrence in Silver Linings Playbook (2012)", "__typename": "Markdown"}, "__typename": "Image"}, "releaseYear": {"year": 2012, "endYear": null, "__typename": "YearRange"}, "ratingsSummary": {"aggregateRating": 7.7, "voteCount": 750819, "__typename": "RatingsSummary"}, "runtime": {"seconds": 7320, "__typename": "Runtime"}, "certificate": {"rating": "A", "__typename": "Certificate"}, "canRate": {"isRatable": true, "__typename": "CanRate"}, "titleGenres": {"genres": [{"genre": {"text": "Comedy", "__typename": "GenreItem"}, "__typename": "TitleGenre"}, {"genre": {"text": "Drama", "__typename": "GenreItem"}, "__typename": "TitleGenre"}, {"genre": {"text": "Romance", "__typename": "GenreItem"}, "__typename": "TitleGenre"}], "__typename": "TitleGenres"}, "canHaveEpisodes": false, "__typename": "Title"}, "__typename": "MoreLikeThisEdge"}, {"node": {"id": "tt0993842", "titleText": {"text": "Hanna", "__typename": "TitleText"}, "titleType": {"id": "movie", "text": "Movie", "canHaveEpisodes": false, "displayableProperty": {"value": {"plainText": "", "__typename": "Markdown"}, "__typename": "DisplayableTitleTypeProperty"}, "__typename": "TitleType"}, "originalTitleText": {"text": "Hanna", "__typename": "TitleText"}, "primaryImage": {"id": "rm827753728", "width": 1382, "height": 2048, "url": "https://m.media-amazon.com/images/M/MV5BNTAzMTg1NjY0NF5BMl5BanBnXkFtZTcwODc3MTgzNA@@._V1_.jpg", "caption": {"plainText": "Saoirse Ronan in Hanna (2011)", "__typename": "Markdown"}, "__typename": "Image"}, "releaseYear": {"year": 2011, "endYear": null, "__typename": "YearRange"}, "ratingsSummary": {"aggregateRating": 6.7, "voteCount": 208677, "__typename": "RatingsSummary"}, "runtime": {"seconds": 6660, "__typename": "Runtime"}, "certificate": {"rating": "13", "__typename": "Certificate"}, "canRate": {"isRatable": true, "__typename": "CanRate"}, "titleGenres": {"genres": [{"genre": {"text": "Action", "__typename": "GenreItem"}, "__typename": "TitleGenre"}, {"genre": {"text": "Adventure", "__typename": "GenreItem"}, "__typename": "TitleGenre"}, {"genre": {"text": "Drama", "__typename": "GenreItem"}, "__typename": "TitleGenre"}], "__typename": "TitleGenres"}, "canHaveEpisodes": false, "__typename": "Title"}, "__typename": "MoreLikeThisEdge"}], "__typename": "MoreLikeThisConnection"}, "triviaTotal": {"total": 50, "__typename": "TriviaConnection"}, "trivia": {"edges": [{"node": {"text": {"plaidHtml": "Source novelist Jason Matthews may not have encountered a real-life Dominika in his work with the CIA, but &quot;honeypot&quot; school was indeed part of Soviet intelligence training. &quot;In the Soviet Union, they had a school that taught young women the art of entrapment, the art of seduction, for blackmailing intelligence targets,&quot; Matthews explained. &quot;They had a Sparrow School in the city of Kazan, on the banks of the Volga River, where young women were taught how to be courtesans. They were called &#39;Sparrows&#39;.&quot;", "__typename": "Markdown"}, "trademark": null, "relatedNames": null, "__typename": "TitleTrivia"}, "__typename": "TriviaEdge"}], "__typename": "TriviaConnection"}, "goofsTotal": {"total": 15, "__typename": "GoofConnection"}, "goofs": {"edges": [{"node": {"text": {"plaidHtml": "General Korlinoi&#39;s medals are US Army medals. They include the Silver Star, the Purple Heart and the Army Good Conduct Medal.", "__typename": "Markdown"}, "__typename": "Goof"}, "__typename": "GoofEdge"}], "__typename": "GoofConnection"}, "quotesTotal": {"total": 47, "__typename": "TitleQuoteConnection"}, "quotes": {"edges": [{"node": {"lines": [{"characters": [{"character": "Matron", "name": {"id": "nm0001648", "__typename": "Name"}, "__typename": "TitleQuoteCharacter"}], "text": "Every human being is a puzzle of need. You must become the missing piece, and they will tell you anything.", "stageDirection": null, "__typename": "TitleQuoteLine"}], "__typename": "TitleQuote"}, "__typename": "TitleQuoteEdge"}], "__typename": "TitleQuoteConnection"}, "crazyCredits": {"edges": [{"node": {"text": {"plaidHtml": "The title doesn&#39;t appear until the 10-minute mark.", "__typename": "Markdown"}, "__typename": "CrazyCredit"}, "__typename": "CrazyCreditEdge"}], "__typename": "CrazyCreditConnection"}, "alternateVersions": {"total": 3, "edges": [{"node": {"text": {"plaidHtml": "The UK version is cut for &quot;strong sadistic violence&quot; to earn a 15 certificate instead of an 18, which was done based on BBFC advice. As both countries make up the same distribution region, Ireland also received the same cut version (rated 16 for cinema and 18 on video).\nThe contentious scene shows Ustinov being strangled:\n<ul><li>In the UK version, we only see a brief establishing shot where his hands are covering his throat, cutting right to a close-up of Dominika struggling but completely clean. The censored footage shows the wire cutting into Ustinov&#39;s throat for much longer, in more graphic detail after his arms hang loose, and him bleeding on Dominika&#39;s chest.</li><li>Ustinov collapsing uses an alternate shot in the UK version, and the second close-up of Dominika is digitally bloodless as with the first, but there&#39;s still blood on her chest when putting on her clothes as per the uncut version (a continuity error).</li></ul>The uncut version is roughly 13 seconds longer.", "__typename": "Markdown"}, "__typename": "AlternateVersion"}, "__typename": "AlternateVersionEdge"}], "__typename": "AlternateVersionConnection"}, "connections": {"edges": [{"node": {"associatedTitle": {"id": "tt8037180", "releaseYear": {"year": 2018, "__typename": "YearRange"}, "titleText": {"text": "Red Sparrow", "__typename": "TitleText"}, "originalTitleText": {"text": "Red Sparrow", "__typename": "TitleText"}, "series": {"series": {"titleText": {"text": "Chris Stuckmann Movie Reviews", "__typename": "TitleText"}, "originalTitleText": {"text": "Chris Stuckmann Movie Reviews", "__typename": "TitleText"}, "__typename": "Title"}, "__typename": "Series"}, "__typename": "Title"}, "category": {"text": "Featured in", "__typename": "TitleConnectionCategory"}, "__typename": "TitleConnection"}, "__typename": "TitleConnectionEdge"}], "__typename": "TitleConnectionConnection"}, "soundtrack": {"edges": [{"node": {"text": "Opus 40, no. 6", "comments": [{"plaidHtml": "Written by <a class=\"ipc-md-link ipc-md-link--entity\" href=\"/name/nm0006318/?ref_=tt_dyk_snd\">Pyotr Ilyich Tchaikovsky</a>", "__typename": "Markdown"}], "__typename": "Track"}, "__typename": "SoundtrackEdge"}], "__typename": "SoundtrackConnection"}, "titleText": {"text": "Red Sparrow", "__typename": "TitleText"}, "originalTitleText": {"text": "Red Sparrow", "__typename": "TitleText"}, "releaseYear": {"year": 2018, "__typename": "YearRange"}, "reviews": {"total": 1072, "__typename": "ReviewsConnection"}, "featuredReviews": {"edges": [{"node": {"id": "rw4079450", "author": {"nickName": "socrates99", "userId": "ur1493052", "__typename": "UserProfile"}, "summary": {"originalText": "This is a badly conceived project with few redeeming aspects", "__typename": "ReviewSummary"}, "text": {"originalText": {"plaidHtml": "Though I&#39;m a fan of Ms Lawrence and wouldn&#39;t fault her performance all that much, this film&#39;s attempt to portray Russia as the home of overly cruel spymasters doesn&#39;t ring very true to me. It smells of over-the-top propaganda hoping to cast Russia as some soulless country without moral compass. If the US were given this treatment, we would all see through the overwrought bias. But as Russia is in the news, we tend to tolerate this kind of hyperbole.<br/><br/>At the start I really couldn&#39;t picture Ms Lawrence as a Russian for some reason. But she does a fairly good job of bringing her role to life, despite a lame accent. Quickly, however, I started to wish I had read the book first. There&#39;s a buildup and then a middle act that the director pretty much bungles. The problem is Red Sparrow&#39;s psyche is not well delineated during a crucial time in the story. All the plot elements are there but they&#39;re deliberately not gathered together. Why, I have no idea, as the story might have been much more compelling if played out under better direction. But then that might have been how the book does it.<br/><br/>Anyway, I was sorry to have missed Bruce Willis&#39; new movie by the time it was over. It was also opening this weekend. Red Sparrow didn&#39;t work for me on several levels but I doubt Ms Lawrence&#39;s career takes much of a hit.", "__typename": "Markdown"}, "__typename": "ReviewText"}, "authorRating": 5, "submissionDate": "2018-03-03", "helpfulness": {"upVotes": 265, "downVotes": 197, "__typename": "ReviewHelpfulness"}, "__typename": "Review"}, "__typename": "ReviewEdge"}], "__typename": "ReviewsConnection"}, "canRate": {"isRatable": true, "__typename": "CanRate"}, "iframeAddReviewLink": {"url": "https://contribute.imdb.com/review/tt2873282/add?bus=imdb&return_url=https%3A%2F%2Fwww.imdb.com%2Fclose_me&site=web", "__typename": "ContributionLink"}, "topQuestions": {"total": 20, "edges": [{"node": {"attributeId": "run-time", "question": {"plainText": "How long is Red Sparrow?", "__typename": "Markdown"}, "__typename": "AlexaQuestion"}, "__typename": "AlexaQuestionEdge"}], "__typename": "AlexaQuestionConnection"}, "faqs": {"total": 0, "edges": [], "__typename": "FaqConnection"}, "releaseDate": {"day": 2, "month": 3, "year": 2018, "country": {"id": "IN", "text": "India", "__typename": "LocalizedDisplayableCountry"}, "__typename": "ReleaseDate"}, "countriesOfOrigin": {"countries": [{"id": "US", "text": "United States", "__typename": "CountryOfOrigin"}, {"id": "HU", "text": "Hungary", "__typename": "CountryOfOrigin"}], "__typename": "CountriesOfOrigin"}, "detailsExternalLinks": {"edges": [{"node": {"url": "https://www.hotstar.com/in/movies/red-sparrow/1770019162", "label": "hotstar", "externalLinkRegion": null, "__typename": "ExternalLink"}, "__typename": "ExternalLinkEdge"}, {"node": {"url": "http://fb.com/RedSparrowMovie", "label": "Official Facebook", "externalLinkRegion": null, "__typename": "ExternalLink"}, "__typename": "ExternalLinkEdge"}], "total": 6, "__typename": "ExternalLinkConnection"}, "spokenLanguages": {"spokenLanguages": [{"id": "en", "text": "English", "__typename": "SpokenLanguage"}, {"id": "ru", "text": "Russian", "__typename": "SpokenLanguage"}, {"id": "hu", "text": "Hungarian", "__typename": "SpokenLanguage"}], "__typename": "SpokenLanguages"}, "akas": {"edges": [{"node": {"text": "Operaci\u00f3n Red Sparrow", "__typename": "Aka"}, "__typename": "AkaEdge"}], "__typename": "AkaConnection"}, "filmingLocations": {"edges": [{"node": {"text": "Slovensk\u00fd Rozhlas - M\u00fdtna 2826, Bratislava, Slovakia", "location": "Slovensk\u00fd Rozhlas - M\u00fdtna 2826, Bratislava, Slovakia", "attributes": [{"text": "Russian agency in Budapest", "__typename": "DisplayableAttribute"}], "__typename": "FilmingLocation"}, "__typename": "FilmingLocationEdge"}], "total": 28, "__typename": "FilmingLocationConnection"}, "production": {"edges": [{"node": {"company": {"id": "co0286257", "companyText": {"text": "Chernin Entertainment", "__typename": "CompanyText"}, "__typename": "Company"}, "__typename": "CompanyCredit"}, "__typename": "CompanyCreditEdge"}, {"node": {"company": {"id": "co0208135", "companyText": {"text": "Film Rites", "__typename": "CompanyText"}, "__typename": "Company"}, "__typename": "CompanyCredit"}, "__typename": "CompanyCreditEdge"}, {"node": {"company": {"id": "co0525017", "companyText": {"text": "Pioneer Stillking Films", "__typename": "CompanyText"}, "__typename": "Company"}, "__typename": "CompanyCredit"}, "__typename": "CompanyCreditEdge"}], "__typename": "CompanyCreditConnection"}, "companies": {"total": 80, "__typename": "CompanyCreditConnection"}, "productionBudget": {"budget": {"amount": 69000000, "currency": "USD", "__typename": "Money"}, "__typename": "ProductionBudget"}, "lifetimeGross": {"total": {"amount": 46874505, "currency": "USD", "__typename": "Money"}, "__typename": "BoxOfficeGross"}, "openingWeekendGross": {"gross": {"total": {"amount": 16853422, "currency": "USD", "__typename": "Money"}, "__typename": "BoxOfficeGross"}, "weekendEndDate": "2018-03-04", "__typename": "OpeningWeekendGross"}, "worldwideGross": {"total": {"amount": 151572634, "currency": "USD", "__typename": "Money"}, "__typename": "BoxOfficeGross"}, "technicalSpecifications": {"soundMixes": {"items": [{"id": "dolby_atmos", "text": "Dolby Atmos", "attributes": [], "__typename": "SoundMix"}], "__typename": "SoundMixes"}, "aspectRatios": {"items": [{"aspectRatio": "2.39 : 1", "attributes": [], "__typename": "AspectRatio"}], "__typename": "AspectRatios"}, "colorations": {"items": [{"conceptId": "color", "text": "Color", "attributes": [], "__typename": "Coloration"}], "__typename": "Colorations"}, "__typename": "TechnicalSpecifications"}, "runtime": {"seconds": 8400, "__typename": "Runtime"}, "series": null, "canHaveEpisodes": false, "contributionQuestions": {"contributionLink": {"url": "https://contribute.imdb.com/answers", "__typename": "ContributionQuestionsLink"}, "edges": [], "__typename": "QuestionConnection"}, "__typename": "Title"}}