{"ok": true, "error_code": 200, "description": "", "short": {"@context": "https://schema.org", "@type": "Movie", "url": "https://www.imdb.com/title/tt2948372/", "name": "Soul", "image": "https://m.media-amazon.com/images/M/MV5BZTZkYjA5MDEtMjY1ZC00ODk5LThjOTUtZDYxODEzYWNjMTU2XkEyXkFqcGc@._V1_.jpg", "description": "Joe is a middle-school band teacher whose life hasn&apos;t quite gone the way he expected. His true passion is jazz. But when he travels to another realm to help someone find their passion, he soon discovers what it means to have soul.", "review": {"@type": "Review", "itemReviewed": {"@type": "Movie", "url": "https://www.imdb.com/title/tt2948372/"}, "author": {"@type": "Person", "name": "Xstal"}, "dateCreated": "2020-12-25", "inLanguage": "English", "name": "Life Affirming, Every Minute of it...", "reviewBody": "There are times during the first quarter when you may believe someone&apos;s spiked your drink with an hallucinogenic as Disney&apos;s innovative way of capturing our entrance and exit to the world is developed but, as you will find, this is a film to get you thinking and, more importantly, thinking about yourself - reflecting so to speak. Delivered with the usual Pixar excellence, if this doesn&apos;t make you realise that tomorrow is the first day of the rest of your life then rewind, pause and start again, because the message is universally important to all - and that includes you!!!", "reviewRating": {"@type": "Rating", "worstRating": 1, "bestRating": 10, "ratingValue": 9}}, "aggregateRating": {"@type": "AggregateRating", "ratingCount": 394172, "bestRating": 10, "worstRating": 1, "ratingValue": 8}, "contentRating": "PG", "genre": ["Animation", "Adventure", "Comedy"], "datePublished": "2020-12-25", "keywords": "jazz,afterlife,meaning of life,purpose,cat", "trailer": {"@type": "VideoObject", "name": "Official Trailer 2", "embedUrl": "https://www.imdb.com/video/imdb/vi1257423129", "thumbnail": {"@type": "ImageObject", "contentUrl": "https://m.media-amazon.com/images/M/MV5BNTM1OWExMmYtZWFhNS00YWU1LTkxMTQtMTAzZDgyNzFmYTVmXkEyXkFqcGdeQWpnYW1i._V1_.jpg"}, "thumbnailUrl": "https://m.media-amazon.com/images/M/MV5BNTM1OWExMmYtZWFhNS00YWU1LTkxMTQtMTAzZDgyNzFmYTVmXkEyXkFqcGdeQWpnYW1i._V1_.jpg", "url": "https://www.imdb.com/video/vi1257423129/", "description": "Life is full of possibilities, you just have to know where to look. Watch the new trailer for Disney and Pixar&apos;s Soul, streaming this Christmas only on Disney+.", "duration": "PT2M24S", "uploadDate": "2020-10-15T00:07:12.957Z"}, "actor": [{"@type": "Person", "url": "https://www.imdb.com/name/nm0004937/", "name": "Jamie Foxx"}, {"@type": "Person", "url": "https://www.imdb.com/name/nm0275486/", "name": "Tina Fey"}, {"@type": "Person", "url": "https://www.imdb.com/name/nm0636218/", "name": "Graham Norton"}], "director": [{"@type": "Person", "url": "https://www.imdb.com/name/nm0230032/", "name": "Pete Docter"}, {"@type": "Person", "url": "https://www.imdb.com/name/nm5358492/", "name": "Kemp Powers"}], "creator": [{"@type": "Organization", "url": "https://www.imdb.com/company/co0008970/"}, {"@type": "Organization", "url": "https://www.imdb.com/company/co0017902/"}, {"@type": "Person", "url": "https://www.imdb.com/name/nm0230032/", "name": "Pete Docter"}, {"@type": "Person", "url": "https://www.imdb.com/name/nm0428873/", "name": "Mike Jones"}, {"@type": "Person", "url": "https://www.imdb.com/name/nm5358492/", "name": "Kemp Powers"}], "duration": "PT1H40M"}, "imdbId": "tt2948372", "top": {"id": "tt2948372", "productionStatus": {"currentProductionStage": {"id": "released", "text": "Released", "__typename": "ProductionStage"}, "productionStatusHistory": [{"status": {"id": "pitch", "text": "Pitch", "__typename": "ProductionStatus"}, "__typename": "ProductionStatusHistory"}, {"status": {"id": "pitch", "text": "Pitch", "__typename": "ProductionStatus"}, "__typename": "ProductionStatusHistory"}, {"status": {"id": "pitch", "text": "Pitch", "__typename": "ProductionStatus"}, "__typename": "ProductionStatusHistory"}, {"status": {"id": "treatment_outline", "text": "Treatment Outline", "__typename": "ProductionStatus"}, "__typename": "ProductionStatusHistory"}, {"status": {"id": "pre_production", "text": "Pre-production", "__typename": "ProductionStatus"}, "__typename": "ProductionStatusHistory"}, {"status": {"id": "post_production", "text": "Post-production", "__typename": "ProductionStatus"}, "__typename": "ProductionStatusHistory"}, {"status": {"id": "completed", "text": "Completed", "__typename": "ProductionStatus"}, "__typename": "ProductionStatusHistory"}, {"status": {"id": "released", "text": "Released", "__typename": "ProductionStatus"}, "__typename": "ProductionStatusHistory"}], "restriction": null, "__typename": "ProductionStatusDetails"}, "canHaveEpisodes": false, "series": null, "titleText": {"text": "Soul", "__typename": "TitleText"}, "titleType": {"displayableProperty": {"value": {"plainText": "", "__typename": "Markdown"}, "__typename": "DisplayableTitleTypeProperty"}, "text": "Movie", "id": "movie", "isSeries": false, "isEpisode": false, "categories": [{"value": "movie", "__typename": "TitleTypeCategory"}], "canHaveEpisodes": false, "__typename": "TitleType"}, "originalTitleText": {"text": "Soul", "__typename": "TitleText"}, "certificate": {"rating": "PG", "__typename": "Certificate"}, "releaseYear": {"year": 2020, "endYear": null, "__typename": "YearRange"}, "releaseDate": {"day": 25, "month": 12, "year": 2020, "__typename": "ReleaseDate"}, "runtime": {"seconds": 6000, "displayableProperty": {"value": {"plainText": "1h 40m", "__typename": "Markdown"}, "__typename": "DisplayableTitleRuntimeProperty"}, "__typename": "Runtime"}, "canRate": {"isRatable": true, "__typename": "CanRate"}, "ratingsSummary": {"aggregateRating": 8, "voteCount": 394172, "__typename": "RatingsSummary"}, "meterRanking": {"currentRank": 1736, "rankChange": {"changeDirection": "DOWN", "difference": 320, "__typename": "MeterRankChange"}, "__typename": "TitleMeterRanking"}, "primaryImage": {"id": "rm4113422337", "width": 1500, "height": 2222, "url": "https://m.media-amazon.com/images/M/MV5BZTZkYjA5MDEtMjY1ZC00ODk5LThjOTUtZDYxODEzYWNjMTU2XkEyXkFqcGc@._V1_.jpg", "caption": {"plainText": "Jamie Foxx and Tina Fey in Soul (2020)", "__typename": "Markdown"}, "__typename": "Image"}, "images": {"total": 998, "edges": [{"node": {"id": "rm38982145", "__typename": "Image"}, "__typename": "ImageEdge"}], "__typename": "ImageConnection"}, "videos": {"total": 46, "__typename": "TitleRelatedVideosConnection"}, "primaryVideos": {"edges": [{"node": {"id": "vi1257423129", "createdDate": "2020-10-15T00:07:12.957Z", "isMature": false, "runtime": {"value": 144, "__typename": "VideoRuntime"}, "name": {"value": "Official Trailer 2", "language": "en", "__typename": "LocalizedString"}, "description": {"value": "Life is full of possibilities, you just have to know where to look. Watch the new trailer for Disney and Pixar's Soul, streaming this Christmas only on Disney+.", "language": "en", "__typename": "LocalizedString"}, "timedTextTracks": [], "recommendedTimedTextTrack": null, "thumbnail": {"url": "https://m.media-amazon.com/images/M/MV5BNTM1OWExMmYtZWFhNS00YWU1LTkxMTQtMTAzZDgyNzFmYTVmXkEyXkFqcGdeQWpnYW1i._V1_.jpg", "height": 2058, "width": 3659, "__typename": "Thumbnail"}, "primaryTitle": {"id": "tt2948372", "titleText": {"text": "Soul", "__typename": "TitleText"}, "originalTitleText": {"text": "Soul", "__typename": "TitleText"}, "releaseYear": {"year": 2020, "__typename": "YearRange"}, "__typename": "Title"}, "playbackURLs": [{"displayName": {"value": "480p", "language": "en-US", "__typename": "LocalizedString"}, "videoMimeType": "MP4", "videoDefinition": "DEF_480p", "url": "https://imdb-video.media-imdb.com/vi1257423129/1434659607842-pgv4ql-1602720433663.mp4?Expires=1730927366&Signature=JttGtQ26FdQC4facCCBb~iMuM7JJ~e3Hl3myACFO4Mz6pJKRnVQ0kZ6BkStoKJsXKYSaT7hi38pHVKonzWBV3qs9jswa0Z1uF-lt23VUBkUa3AvFhuw-TfwS5z~rtGdU75NbenrCyEyIeLI6QRymea-jf~yt603zRPaZu4404daO0w6AXbp~bNTUp9w79H6TOASOVSTHDWWbWh-ntw4IIyzHaqvVuWIlTVopHVai1b27uIdLtyiO0Lf6k3U09jB8lO9OKT6Q2INHwuKvS6siO-zhyq~mISNQzC7fKWY54IAD3uQlYJihfklZ5o~T1bsMAC8tbnUSbLIFas18LHHgZQ__&Key-Pair-Id=APKAIFLZBVQZ24NQH3KA", "__typename": "PlaybackURL"}, {"displayName": {"value": "SD", "language": "en-US", "__typename": "LocalizedString"}, "videoMimeType": "MP4", "videoDefinition": "DEF_SD", "url": "https://imdb-video.media-imdb.com/vi1257423129/1434659454657-dx9ykf-1602720433663.mp4?Expires=1730927366&Signature=KdxgP899poHYs8zUUifRrSUa68xZ9-Hs-LL7qV27b3a~mDUfNyLXKb6yVMb6OX5~Ylj-cnaOtBx5TTaPCZYzNPYFG~PwzoW448n2v4HVRdXjxsQoTylZ5YKSHKQ4i13yYliIKZ246ByabbPaNS0ZD2lzAwpKgbnMP7lpQ8q04pFdODDNH1EUn0WKh0nfqFsGRWLfMmkGkdeEPZ7fW2zsOf~SCrOpsu58J8XxwObWyYhhbYmr3KHKMBx1PQX82Dk6lXJzNBSTmgVFZq6wH9HPBkvvMruL5yhjfbFpyz2Lht44Txf07ya2mDuH-~p1ilEkkuF3B9~QDmkTnqfOeU4Tvg__&Key-Pair-Id=APKAIFLZBVQZ24NQH3KA", "__typename": "PlaybackURL"}], "contentType": {"id": "amzn1.imdb.video.contenttype.trailer", "displayName": {"value": "Trailer", "__typename": "LocalizedString"}, "__typename": "VideoContentType"}, "previewURLs": [{"displayName": {"value": "AUTO", "language": "en-US", "__typename": "LocalizedString"}, "videoMimeType": "M3U8", "videoDefinition": "DEF_AUTO", "url": "https://imdb-video.media-imdb.com/vi1257423129/hls-preview-7024db0e-0ecf-4ca3-b8a9-7fced5ce59dc.m3u8?Expires=1730927366&Signature=f5NBexPd3vTzmYMZS34LYE~VmRiU0~7YKIocMGP-Yi4T~0CL~fhAYoiJ078dnA94FyjPyxy0aQx7XqUvZcZGfFFR0eENVndDI0a9bl3pCdjbiSTVwYQvK~026xLiV~NYeowIMC7yFpiaP3cAD7ZIvQjLpGceEoMqpTholcIq4W~oN~UwUhfGKJlgNipJtsi3Fl0MhHu7gmI~psKNOLix8j5RC~EUnVD9BxyVLrVooE7NacsETUkqIImNRHWSZXdu3-~cw4g~enOP~UGZpmPWYZQch5QZDDU9FsB40B8cog4bJEIhU90jMildWW3rAx0KL9pOIQYQ8GSYMsrJ~TxMNQ__&Key-Pair-Id=APKAIFLZBVQZ24NQH3KA", "__typename": "PlaybackURL"}], "__typename": "Video"}, "__typename": "VideoEdge"}, {"node": {"id": "vi1645723161", "createdDate": "2020-06-28T02:48:53.627Z", "isMature": false, "runtime": {"value": 61, "__typename": "VideoRuntime"}, "name": {"value": "Sneak Peek", "language": "en", "__typename": "LocalizedString"}, "description": {"value": "Watch a sneak peek from Disney and Pixar's Soul; a story about finding the real, the brilliant, the passionate you, featuring the song \"Parting Ways\" written, produced, & performed by Cody ChesnuTT.", "language": "en", "__typename": "LocalizedString"}, "timedTextTracks": [], "recommendedTimedTextTrack": null, "thumbnail": {"url": "https://m.media-amazon.com/images/M/MV5BYzNlOTRhY2MtNmE0Zi00ZGE3LTg0NGQtNzczNjBlMDNhYzcxXkEyXkFqcGdeQWFybm8@._V1_.jpg", "height": 2531, "width": 4986, "__typename": "Thumbnail"}, "primaryTitle": {"id": "tt2948372", "titleText": {"text": "Soul", "__typename": "TitleText"}, "originalTitleText": {"text": "Soul", "__typename": "TitleText"}, "releaseYear": {"year": 2020, "__typename": "YearRange"}, "__typename": "Title"}, "playbackURLs": [{"displayName": {"value": "480p", "language": "en-US", "__typename": "LocalizedString"}, "videoMimeType": "MP4", "videoDefinition": "DEF_480p", "url": "https://imdb-video.media-imdb.com/vi1645723161/1434659607842-pgv4ql-1593312534485.mp4?Expires=1730927366&Signature=V1LQdtw3RAdrDqfeRVoFOUvApgs0zpQgUB8sGeiub1NYA7kGlP~e1J5sFUcBbzli0N7zBbsMURdAZOTOcaomZklYUQz7IOvxa2c-9ZsuOqyLDKfNBWG0x8uBoioyDNKFTpbR5cP~icvM0Hd9AOqHeTxtD7bYDNfEUh5LiIRucW2vGVyeTWcx07ld~TIKQH3OF4YZqh9xgq-U0bLSo3LyBRJV7WKVk~CcHu5sy2J0V5kBIp4AXjbxT~nHbZvjQEkwEqoxbPcbCPxpCVSmZPZiN4DuLdyuk1rA8cks1Knvu2gg0gJz4F53Az3wHnWWM-TW2PQslG~8rNRyKfUZnT4Q2Q__&Key-Pair-Id=APKAIFLZBVQZ24NQH3KA", "__typename": "PlaybackURL"}, {"displayName": {"value": "SD", "language": "en-US", "__typename": "LocalizedString"}, "videoMimeType": "MP4", "videoDefinition": "DEF_SD", "url": "https://imdb-video.media-imdb.com/vi1645723161/1434659454657-dx9ykf-1593312534485.mp4?Expires=1730927366&Signature=sa2UWX0JZG7vL6QKUR8muKZFOS3dgHshQyf49-C4fUUbmZfUgLGVreXdlcfSbVzvrXrRQTw7rNhHGIknD9kYFvdoxoi3E~ADQZarYwgQDK8XdKIYZ~s4lJwb5Uz2VoAwiEAu4e72ebx62Wj1wJNgcc-GPcHoPvjhSjTXlk8ZlhWEEYoLHufWw7T4aLxL0beUvKcCtuhebq0o1CvQu-2641~g0uHt5r~7qwLg6pHexnslsOGQJfODGIUM3KJUE4F3gLLix4bBGyUDbHNFf0HgzbuyAGQHnXYWQexlAiez8KRFIYmZSAYzGBx3NLfxcrZL0yLySYf~GeZeC22esrYvEg__&Key-Pair-Id=APKAIFLZBVQZ24NQH3KA", "__typename": "PlaybackURL"}], "contentType": {"id": "amzn1.imdb.video.contenttype.trailer", "displayName": {"value": "Trailer", "__typename": "LocalizedString"}, "__typename": "VideoContentType"}, "previewURLs": [{"displayName": {"value": "AUTO", "language": "en-US", "__typename": "LocalizedString"}, "videoMimeType": "M3U8", "videoDefinition": "DEF_AUTO", "url": "https://imdb-video.media-imdb.com/vi1645723161/hls-preview-b47a6bc0-1029-403f-85d4-de3892bf06cb.m3u8?Expires=1730927366&Signature=qTI5VhP3t0wINSftzVh5STnMOYT0C5X64Z6AwpdIeqr~qKIfBoWDLep5zdyDwKubdEAUwnCdPb1QPmFOtE52~cYoAqhGA~G1Qvwx0nG3C7xFdL7C1aohq37sFnPh9P-0GaKFf8bk~hDgxptnj-A0dRJ3K35D9wt1JZRKcIJ-~-JJI9GfnltaN51Dpn2cg0q7pxysund0ImnNLN5l94NOWs0v9Lb9VpNq4JPTu2C3nqidvC2NBi0aNgpZHvD7RpkMsbHSOr9VK-Lnn~GL2AI6O~tGE5sEUlR1jbjLovfzjCCHXsI~sMKxnsuHh2WHc~AeNs5DXfBVaB7vWrADHdiAhg__&Key-Pair-Id=APKAIFLZBVQZ24NQH3KA", "__typename": "PlaybackURL"}], "__typename": "Video"}, "__typename": "VideoEdge"}], "__typename": "VideoConnection"}, "externalLinks": {"total": 53, "__typename": "ExternalLinkConnection"}, "metacritic": {"metascore": {"score": 83, "__typename": "Metascore"}, "__typename": "Metacritic"}, "keywords": {"total": 213, "edges": [{"node": {"text": "jazz", "__typename": "TitleKeyword"}, "__typename": "TitleKeywordEdge"}, {"node": {"text": "afterlife", "__typename": "TitleKeyword"}, "__typename": "TitleKeywordEdge"}, {"node": {"text": "meaning of life", "__typename": "TitleKeyword"}, "__typename": "TitleKeywordEdge"}, {"node": {"text": "purpose", "__typename": "TitleKeyword"}, "__typename": "TitleKeywordEdge"}, {"node": {"text": "cat", "__typename": "TitleKeyword"}, "__typename": "TitleKeywordEdge"}], "__typename": "TitleKeywordConnection"}, "isAdult": false, "genres": {"genres": [{"text": "Animation", "id": "Animation", "__typename": "Genre"}, {"text": "Adventure", "id": "Adventure", "__typename": "Genre"}, {"text": "Comedy", "id": "Comedy", "__typename": "Genre"}, {"text": "Drama", "id": "Drama", "__typename": "Genre"}, {"text": "Family", "id": "Family", "__typename": "Genre"}, {"text": "Fantasy", "id": "Fantasy", "__typename": "Genre"}, {"text": "Music", "id": "Music", "__typename": "Genre"}], "__typename": "Genres"}, "interests": {"edges": [{"node": {"id": "in0000028", "primaryText": {"text": "Computer Animation", "__typename": "InterestText"}, "__typename": "Interest"}, "__typename": "InterestEdge"}, {"node": {"id": "in0000012", "primaryText": {"text": "Adventure", "__typename": "InterestText"}, "__typename": "Interest"}, "__typename": "InterestEdge"}, {"node": {"id": "in0000026", "primaryText": {"text": "Animation", "__typename": "InterestText"}, "__typename": "Interest"}, "__typename": "InterestEdge"}, {"node": {"id": "in0000034", "primaryText": {"text": "Comedy", "__typename": "InterestText"}, "__typename": "Interest"}, "__typename": "InterestEdge"}, {"node": {"id": "in0000076", "primaryText": {"text": "Drama", "__typename": "InterestText"}, "__typename": "Interest"}, "__typename": "InterestEdge"}, {"node": {"id": "in0000093", "primaryText": {"text": "Family", "__typename": "InterestText"}, "__typename": "Interest"}, "__typename": "InterestEdge"}, {"node": {"id": "in0000098", "primaryText": {"text": "Fantasy", "__typename": "InterestText"}, "__typename": "Interest"}, "__typename": "InterestEdge"}, {"node": {"id": "in0000130", "primaryText": {"text": "Music", "__typename": "InterestText"}, "__typename": "Interest"}, "__typename": "InterestEdge"}], "__typename": "InterestConnection"}, "plot": {"plotText": {"plainText": "Joe is a middle-school band teacher whose life hasn't quite gone the way he expected. His true passion is jazz. But when he travels to another realm to help someone find their passion, he soon discovers what it means to have soul.", "__typename": "Markdown"}, "language": {"id": "en-US", "__typename": "DisplayableLanguage"}, "__typename": "Plot"}, "plotContributionLink": {"url": "https://contribute.imdb.com/updates?update=tt2948372:outlines.add.1.locale~en-US", "__typename": "ContributionLink"}, "credits": {"total": 1266, "__typename": "CreditConnection"}, "principalCredits": [{"totalCredits": 2, "category": {"text": "Directors", "id": "director", "__typename": "CreditCategory"}, "credits": [{"name": {"nameText": {"text": "Pete Docter", "__typename": "NameText"}, "id": "nm0230032", "__typename": "Name"}, "attributes": null, "__typename": "Crew"}, {"name": {"nameText": {"text": "Kemp Powers", "__typename": "NameText"}, "id": "nm5358492", "__typename": "Name"}, "attributes": null, "__typename": "Crew"}], "__typename": "PrincipalCreditsForCategory"}, {"totalCredits": 6, "category": {"text": "Writers", "id": "writer", "__typename": "CreditCategory"}, "credits": [{"name": {"nameText": {"text": "Pete Docter", "__typename": "NameText"}, "id": "nm0230032", "__typename": "Name"}, "attributes": null, "__typename": "Crew"}, {"name": {"nameText": {"text": "Mike Jones", "__typename": "NameText"}, "id": "nm0428873", "__typename": "Name"}, "attributes": null, "__typename": "Crew"}, {"name": {"nameText": {"text": "Kemp Powers", "__typename": "NameText"}, "id": "nm5358492", "__typename": "Name"}, "attributes": null, "__typename": "Crew"}], "__typename": "PrincipalCreditsForCategory"}, {"totalCredits": 39, "category": {"text": "Stars", "id": "cast", "__typename": "CreditCategory"}, "credits": [{"name": {"nameText": {"text": "Jamie Foxx", "__typename": "NameText"}, "id": "nm0004937", "__typename": "Name"}, "attributes": [{"text": "voice", "__typename": "MiscellaneousCreditAttribute"}], "__typename": "Cast"}, {"name": {"nameText": {"text": "Tina Fey", "__typename": "NameText"}, "id": "nm0275486", "__typename": "Name"}, "attributes": [{"text": "voice", "__typename": "MiscellaneousCreditAttribute"}], "__typename": "Cast"}, {"name": {"nameText": {"text": "Graham Norton", "__typename": "NameText"}, "id": "nm0636218", "__typename": "Name"}, "attributes": [{"text": "voice", "__typename": "MiscellaneousCreditAttribute"}], "__typename": "Cast"}], "__typename": "PrincipalCreditsForCategory"}], "reviews": {"total": 1849, "__typename": "ReviewsConnection"}, "criticReviewsTotal": {"total": 21, "__typename": "ExternalLinkConnection"}, "triviaTotal": {"total": 182, "__typename": "TriviaConnection"}, "engagementStatistics": {"watchlistStatistics": {"displayableCount": {"text": "Added by 312K users", "__typename": "LocalizedDisplayableCount"}, "__typename": "WatchlistStatistics"}, "__typename": "EngagementStatistics"}, "subNavCredits": {"total": 1266, "__typename": "CreditConnection"}, "subNavReviews": {"total": 1849, "__typename": "ReviewsConnection"}, "subNavTrivia": {"total": 182, "__typename": "TriviaConnection"}, "subNavFaqs": {"total": 9, "__typename": "FaqConnection"}, "subNavTopQuestions": {"total": 19, "__typename": "AlexaQuestionConnection"}, "titleGenres": {"genres": [{"genre": {"text": "Animation", "__typename": "GenreItem"}, "__typename": "TitleGenre"}, {"genre": {"text": "Adventure", "__typename": "GenreItem"}, "__typename": "TitleGenre"}, {"genre": {"text": "Comedy", "__typename": "GenreItem"}, "__typename": "TitleGenre"}], "__typename": "TitleGenres"}, "meta": {"canonicalId": "tt2948372", "publicationStatus": "PUBLISHED", "__typename": "TitleMeta"}, "castPageTitle": {"edges": [{"node": {"name": {"id": "nm0004937", "nameText": {"text": "Jamie Foxx", "__typename": "NameText"}, "__typename": "Name"}, "__typename": "Cast"}, "__typename": "CreditEdge"}, {"node": {"name": {"id": "nm0275486", "nameText": {"text": "Tina Fey", "__typename": "NameText"}, "__typename": "Name"}, "__typename": "Cast"}, "__typename": "CreditEdge"}, {"node": {"name": {"id": "nm0636218", "nameText": {"text": "Graham Norton", "__typename": "NameText"}, "__typename": "Name"}, "__typename": "Cast"}, "__typename": "CreditEdge"}, {"node": {"name": {"id": "nm1344302", "nameText": {"text": "Rachel House", "__typename": "NameText"}, "__typename": "Name"}, "__typename": "Cast"}, "__typename": "CreditEdge"}], "__typename": "CreditConnection"}, "creatorsPageTitle": [], "directorsPageTitle": [{"credits": [{"name": {"id": "nm0230032", "nameText": {"text": "Pete Docter", "__typename": "NameText"}, "__typename": "Name"}, "__typename": "Crew"}, {"name": {"id": "nm5358492", "nameText": {"text": "Kemp Powers", "__typename": "NameText"}, "__typename": "Name"}, "__typename": "Crew"}], "__typename": "PrincipalCreditsForCategory"}], "countriesOfOrigin": {"countries": [{"id": "US", "__typename": "CountryOfOrigin"}], "__typename": "CountriesOfOrigin"}, "production": {"edges": [{"node": {"company": {"id": "co0008970", "companyText": {"text": "Walt Disney Pictures", "__typename": "CompanyText"}, "__typename": "Company"}, "__typename": "CompanyCredit"}, "__typename": "CompanyCreditEdge"}, {"node": {"company": {"id": "co0017902", "companyText": {"text": "Pixar Animation Studios", "__typename": "CompanyText"}, "__typename": "Company"}, "__typename": "CompanyCredit"}, "__typename": "CompanyCreditEdge"}], "__typename": "CompanyCreditConnection"}, "featuredReviews": {"edges": [{"node": {"author": {"nickName": "Xstal", "__typename": "UserProfile"}, "summary": {"originalText": "Life Affirming, Every Minute of it...", "__typename": "ReviewSummary"}, "text": {"originalText": {"plainText": "There are times during the first quarter when you may believe someone's spiked your drink with an hallucinogenic as Disney's innovative way of capturing our entrance and exit to the world is developed but, as you will find, this is a film to get you thinking and, more importantly, thinking about yourself - reflecting so to speak. Delivered with the usual Pixar excellence, if this doesn't make you realise that tomorrow is the first day of the rest of your life then rewind, pause and start again, because the message is universally important to all - and that includes you!!!", "__typename": "Markdown"}, "__typename": "ReviewText"}, "authorRating": 9, "submissionDate": "2020-12-25", "__typename": "Review"}, "__typename": "ReviewEdge"}], "__typename": "ReviewsConnection"}, "__typename": "Title"}, "main": {"id": "tt2948372", "wins": {"total": 125, "__typename": "AwardNominationConnection"}, "nominationsExcludeWins": {"total": 94, "__typename": "AwardNominationConnection"}, "prestigiousAwardSummary": {"nominations": 1, "wins": 2, "award": {"text": "Oscar", "id": "aw0000016", "event": {"id": "ev0000003", "__typename": "AwardsEvent"}, "__typename": "AwardDetails"}, "__typename": "PrestigiousAwardSummary"}, "ratingsSummary": {"topRanking": {"id": "topRated:tt2948372:en_US", "text": {"value": "Top Rated", "__typename": "LocalizedString"}, "rank": 287, "__typename": "TopRanking"}, "__typename": "RatingsSummary"}, "episodes": null, "videos": {"total": 46, "__typename": "TitleRelatedVideosConnection"}, "videoStrip": {"edges": [{"node": {"id": "vi1257423129", "contentType": {"displayName": {"value": "Trailer", "__typename": "LocalizedString"}, "__typename": "VideoContentType"}, "name": {"value": "Official Trailer 2", "__typename": "LocalizedString"}, "runtime": {"value": 144, "__typename": "VideoRuntime"}, "thumbnail": {"height": 2058, "url": "https://m.media-amazon.com/images/M/MV5BNTM1OWExMmYtZWFhNS00YWU1LTkxMTQtMTAzZDgyNzFmYTVmXkEyXkFqcGdeQWpnYW1i._V1_.jpg", "width": 3659, "__typename": "Thumbnail"}, "__typename": "Video"}, "__typename": "VideoEdge"}, {"node": {"id": "vi1645723161", "contentType": {"displayName": {"value": "Trailer", "__typename": "LocalizedString"}, "__typename": "VideoContentType"}, "name": {"value": "Sneak Peek", "__typename": "LocalizedString"}, "runtime": {"value": 61, "__typename": "VideoRuntime"}, "thumbnail": {"height": 2531, "url": "https://m.media-amazon.com/images/M/MV5BYzNlOTRhY2MtNmE0Zi00ZGE3LTg0NGQtNzczNjBlMDNhYzcxXkEyXkFqcGdeQWFybm8@._V1_.jpg", "width": 4986, "__typename": "Thumbnail"}, "__typename": "Video"}, "__typename": "VideoEdge"}, {"node": {"id": "vi2544680473", "contentType": {"displayName": {"value": "Trailer", "__typename": "LocalizedString"}, "__typename": "VideoContentType"}, "name": {"value": "Official Trailer", "__typename": "LocalizedString"}, "runtime": {"value": 140, "__typename": "VideoRuntime"}, "thumbnail": {"height": 2335, "url": "https://m.media-amazon.com/images/M/MV5BN2Y1YTU1YTctNDVmNC00NzhiLWFmNjctYzkxNDliMDViYzVlXkEyXkFqcGdeQWpnYW1i._V1_.jpg", "width": 4151, "__typename": "Thumbnail"}, "__typename": "Video"}, "__typename": "VideoEdge"}, {"node": {"id": "vi651673369", "contentType": {"displayName": {"value": "Trailer", "__typename": "LocalizedString"}, "__typename": "VideoContentType"}, "name": {"value": "Teaser Trailer", "__typename": "LocalizedString"}, "runtime": {"value": 91, "__typename": "VideoRuntime"}, "thumbnail": {"height": 702, "url": "https://m.media-amazon.com/images/M/MV5BMDc2MzNjMmEtZTdlYy00YzM5LTk1ZDUtNmViYzYzODE3YTU0XkEyXkFqcGdeQWpnYW1i._V1_.jpg", "width": 1248, "__typename": "Thumbnail"}, "__typename": "Video"}, "__typename": "VideoEdge"}, {"node": {"id": "vi2905456921", "contentType": {"displayName": {"value": "Trailer", "__typename": "LocalizedString"}, "__typename": "VideoContentType"}, "name": {"value": "Soul", "__typename": "LocalizedString"}, "runtime": {"value": 122, "__typename": "VideoRuntime"}, "thumbnail": {"height": 1080, "url": "https://m.media-amazon.com/images/M/MV5BNDc1OTQ4MWEtNjc1Yy00ZjFiLWIzZGYtZjNmY2M5NDY4OTZhXkEyXkFqcGdeQVRoaXJkUGFydHlJbmdlc3Rpb25Xb3JrZmxvdw@@._V1_.jpg", "width": 1920, "__typename": "Thumbnail"}, "__typename": "Video"}, "__typename": "VideoEdge"}, {"node": {"id": "vi521780761", "contentType": {"displayName": {"value": "Trailer", "__typename": "LocalizedString"}, "__typename": "VideoContentType"}, "name": {"value": "Soul", "__typename": "LocalizedString"}, "runtime": {"value": 63, "__typename": "VideoRuntime"}, "thumbnail": {"height": 1080, "url": "https://m.media-amazon.com/images/M/MV5BMmQzMzFmZmMtNzg1Yy00ZGIxLWEzNGEtZGFjOTFhZTE2OGFiXkEyXkFqcGdeQVRoaXJkUGFydHlJbmdlc3Rpb25Xb3JrZmxvdw@@._V1_.jpg", "width": 1920, "__typename": "Thumbnail"}, "__typename": "Video"}, "__typename": "VideoEdge"}, {"node": {"id": "vi563330585", "contentType": {"displayName": {"value": "Trailer", "__typename": "LocalizedString"}, "__typename": "VideoContentType"}, "name": {"value": "Trailer #2", "__typename": "LocalizedString"}, "runtime": {"value": 140, "__typename": "VideoRuntime"}, "thumbnail": {"height": 1080, "url": "https://m.media-amazon.com/images/M/MV5BN2QyMDE4MWQtNWRjMi00MmQyLTg0YjMtMjZiYTdmMjJhNTU2XkEyXkFqcGdeQXRyYW5zY29kZS13b3JrZmxvdw@@._V1_.jpg", "width": 1920, "__typename": "Thumbnail"}, "__typename": "Video"}, "__typename": "VideoEdge"}, {"node": {"id": "vi546553369", "contentType": {"displayName": {"value": "Trailer", "__typename": "LocalizedString"}, "__typename": "VideoContentType"}, "name": {"value": "Soul", "__typename": "LocalizedString"}, "runtime": {"value": 95, "__typename": "VideoRuntime"}, "thumbnail": {"height": 1080, "url": "https://m.media-amazon.com/images/M/MV5BOTM0MGRmYzctMzljZS00MjFiLWE2MDktNTc4YWViNDM0MTE1XkEyXkFqcGdeQXRyYW5zY29kZS13b3JrZmxvdw@@._V1_.jpg", "width": 1920, "__typename": "Thumbnail"}, "__typename": "Video"}, "__typename": "VideoEdge"}, {"node": {"id": "vi497991193", "contentType": {"displayName": {"value": "Trailer", "__typename": "LocalizedString"}, "__typename": "VideoContentType"}, "name": {"value": "Soul", "__typename": "LocalizedString"}, "runtime": {"value": 141, "__typename": "VideoRuntime"}, "thumbnail": {"height": 1080, "url": "https://m.media-amazon.com/images/M/MV5BNDUxMTM3YmQtMjc3OS00ZDZhLTkzYzUtYzYxMTNkNGQxODVjXkEyXkFqcGdeQVRoaXJkUGFydHlJbmdlc3Rpb25Xb3JrZmxvdw@@._V1_.jpg", "width": 1920, "__typename": "Thumbnail"}, "__typename": "Video"}, "__typename": "VideoEdge"}, {"node": {"id": "vi3787505433", "contentType": {"displayName": {"value": "Trailer", "__typename": "LocalizedString"}, "__typename": "VideoContentType"}, "name": {"value": "Soul", "__typename": "LocalizedString"}, "runtime": {"value": 98, "__typename": "VideoRuntime"}, "thumbnail": {"height": 1080, "url": "https://m.media-amazon.com/images/M/MV5BYzY2NmE0NzMtYzFjYS00NmJlLTg2MzctMzU4NDVlZjg0N2E2XkEyXkFqcGdeQTNwaW5nZXN0._V1_.jpg", "width": 1920, "__typename": "Thumbnail"}, "__typename": "Video"}, "__typename": "VideoEdge"}, {"node": {"id": "vi3018375193", "contentType": {"displayName": {"value": "Clip", "__typename": "LocalizedString"}, "__typename": "VideoContentType"}, "name": {"value": "Best Moments From the 2021 Oscars Telecast", "__typename": "LocalizedString"}, "runtime": {"value": 174, "__typename": "VideoRuntime"}, "thumbnail": {"height": 1080, "url": "https://m.media-amazon.com/images/M/MV5BYzYzMTQ0MzctMmY5Ni00YzQ1LTg1ODEtZmE3YWYzNTE4YTg4XkEyXkFqcGdeQWxpenpp._V1_.jpg", "width": 1920, "__typename": "Thumbnail"}, "__typename": "Video"}, "__typename": "VideoEdge"}, {"node": {"id": "vi3186147353", "contentType": {"displayName": {"value": "Clip", "__typename": "LocalizedString"}, "__typename": "VideoContentType"}, "name": {"value": "The 2021 Oscar-Winning Films You Need to Watch", "__typename": "LocalizedString"}, "runtime": {"value": 185, "__typename": "VideoRuntime"}, "thumbnail": {"height": 1080, "url": "https://m.media-amazon.com/images/M/MV5BNGU0YzQwYjItYzA4Ny00MWNiLWE0NTYtYTY0OTVmZDZmNzMxXkEyXkFqcGdeQWplZmZscA@@._V1_.jpg", "width": 1920, "__typename": "Thumbnail"}, "__typename": "Video"}, "__typename": "VideoEdge"}], "__typename": "VideoConnection"}, "titleMainImages": {"total": 998, "edges": [{"node": {"id": "rm38982145", "url": "https://m.media-amazon.com/images/M/MV5BOTIzZWVjYzMtMTlmOC00ZTZlLTkyY2MtNzQ5ODQxZGI2YWE1XkEyXkFqcGc@._V1_.jpg", "caption": {"plainText": "Jamie Foxx and Tina Fey in Soul (2020)", "__typename": "Markdown"}, "height": 2574, "width": 6144, "__typename": "Image"}, "__typename": "ImageEdge"}, {"node": {"id": "rm72536577", "url": "https://m.media-amazon.com/images/M/MV5BNzE4NzM3OGEtMjFlZi00NzExLTk1ZTYtZGZiMjY0OWJkZWJhXkEyXkFqcGc@._V1_.jpg", "caption": {"plainText": "Jamie Foxx, Tina Fey, and Cody ChesnuTT in Soul (2020)", "__typename": "Markdown"}, "height": 2574, "width": 6144, "__typename": "Image"}, "__typename": "ImageEdge"}, {"node": {"id": "rm944951809", "url": "https://m.media-amazon.com/images/M/MV5BYTY1ZTFkYTItMGU3Mi00MzkzLWE4ZDYtMTExNDVmYmM3MTE3XkEyXkFqcGc@._V1_.jpg", "caption": {"plainText": "Jamie Foxx, Tina Fey, Donnell Rawlings, and Daveed Diggs in Soul (2020)", "__typename": "Markdown"}, "height": 2573, "width": 6144, "__typename": "Image"}, "__typename": "ImageEdge"}, {"node": {"id": "rm1028837889", "url": "https://m.media-amazon.com/images/M/MV5BODIwMDFjMzUtMDQwMC00ZTZhLWFhYWYtOGY3YzM4N2M5YWY0XkEyXkFqcGc@._V1_.jpg", "caption": {"plainText": "Jamie Foxx, Tina Fey, and Richard Ayoade in Soul (2020)", "__typename": "Markdown"}, "height": 2572, "width": 6144, "__typename": "Image"}, "__typename": "ImageEdge"}, {"node": {"id": "rm844288513", "url": "https://m.media-amazon.com/images/M/MV5BOGY4YmYxNmMtZjRlNy00MzE1LWE2MGYtMjU5NmYwM2NmNDk0XkEyXkFqcGc@._V1_.jpg", "caption": {"plainText": "Jamie Foxx and Tina Fey in Soul (2020)", "__typename": "Markdown"}, "height": 2574, "width": 6144, "__typename": "Image"}, "__typename": "ImageEdge"}, {"node": {"id": "rm3418741249", "url": "https://m.media-amazon.com/images/M/MV5BZjJkOGFlY2ItZDE2Yy00Mjg2LWI2NzItMTQzNzdkN2VhYjdlXkEyXkFqcGc@._V1_.jpg", "caption": {"plainText": "Jamie Foxx, Tina Fey, and Graham Norton in Soul (2020)", "__typename": "Markdown"}, "height": 2365, "width": 5644, "__typename": "Image"}, "__typename": "ImageEdge"}, {"node": {"id": "rm3401964033", "url": "https://m.media-amazon.com/images/M/MV5BYWI2OGNiZjItNjRmNS00NjgxLWE5MDgtNDJjNWRiOWExMWQ3XkEyXkFqcGc@._V1_.jpg", "caption": {"plainText": "Jamie Foxx in Soul (2020)", "__typename": "Markdown"}, "height": 2573, "width": 6144, "__typename": "Image"}, "__typename": "ImageEdge"}, {"node": {"id": "rm3452295681", "url": "https://m.media-amazon.com/images/M/MV5BY2M2OWQ2OTctZDljNy00NDE0LWExOGQtMjZlZTQ5OTMyMjk4XkEyXkFqcGc@._V1_.jpg", "caption": {"plainText": "Rachel House in Soul (2020)", "__typename": "Markdown"}, "height": 1819, "width": 4342, "__typename": "Image"}, "__typename": "ImageEdge"}, {"node": {"id": "rm3435518465", "url": "https://m.media-amazon.com/images/M/MV5BMjEyYjJiZDctM2M3YS00MTM5LWFmN2EtNjZjMjYyM2VjZWY1XkEyXkFqcGc@._V1_.jpg", "caption": {"plainText": "Jamie Foxx, Alice Braga, Tina Fey, and Rachel House in Soul (2020)", "__typename": "Markdown"}, "height": 858, "width": 2048, "__typename": "Image"}, "__typename": "ImageEdge"}, {"node": {"id": "rm3741236737", "url": "https://m.media-amazon.com/images/M/MV5BZjBmZWEzMjgtOWJkMC00YjJjLThhNWItYWYyMDJjNWU4ZWRhXkEyXkFqcGc@._V1_.jpg", "caption": {"plainText": "Angela Bassett and Jamie Foxx in Soul (2020)", "__typename": "Markdown"}, "height": 2574, "width": 6144, "__typename": "Image"}, "__typename": "ImageEdge"}, {"node": {"id": "rm3724459521", "url": "https://m.media-amazon.com/images/M/MV5BZTI0MTgzNjItZDY3ZS00YjIyLWI5NzEtNmY1MTA2MGY2MDgyXkEyXkFqcGc@._V1_.jpg", "caption": {"plainText": "Jamie Foxx, Joe Gardner, and Atticus Ross in Soul (2020)", "__typename": "Markdown"}, "height": 2574, "width": 6144, "__typename": "Image"}, "__typename": "ImageEdge"}, {"node": {"id": "rm3707682305", "url": "https://m.media-amazon.com/images/M/MV5BMmE4MDA3MzItMWQ4My00NzQ0LThhZDEtMDQ2MDExNjFkYjRmXkEyXkFqcGc@._V1_.jpg", "caption": {"plainText": "Jamie Foxx and Tina Fey in Soul (2020)", "__typename": "Markdown"}, "height": 2574, "width": 6144, "__typename": "Image"}, "__typename": "ImageEdge"}, {"node": {"id": "rm622890497", "url": "https://m.media-amazon.com/images/M/MV5BYWM1ODk3YWMtZjI4Yy00YzA3LTk4OGYtMzAzNjE4MTViZWM0XkEyXkFqcGc@._V1_.jpg", "caption": {"plainText": "Jamie Foxx in Soul (2020)", "__typename": "Markdown"}, "height": 2557, "width": 6030, "__typename": "Image"}, "__typename": "ImageEdge"}], "__typename": "ImageConnection"}, "productionStatus": {"currentProductionStage": {"id": "released", "text": "Released", "__typename": "ProductionStage"}, "productionStatusHistory": [{"status": {"id": "pitch", "text": "Pitch", "__typename": "ProductionStatus"}, "__typename": "ProductionStatusHistory"}, {"status": {"id": "pitch", "text": "Pitch", "__typename": "ProductionStatus"}, "__typename": "ProductionStatusHistory"}, {"status": {"id": "pitch", "text": "Pitch", "__typename": "ProductionStatus"}, "__typename": "ProductionStatusHistory"}, {"status": {"id": "treatment_outline", "text": "Treatment Outline", "__typename": "ProductionStatus"}, "__typename": "ProductionStatusHistory"}, {"status": {"id": "pre_production", "text": "Pre-production", "__typename": "ProductionStatus"}, "__typename": "ProductionStatusHistory"}, {"status": {"id": "post_production", "text": "Post-production", "__typename": "ProductionStatus"}, "__typename": "ProductionStatusHistory"}, {"status": {"id": "completed", "text": "Completed", "__typename": "ProductionStatus"}, "__typename": "ProductionStatusHistory"}, {"status": {"id": "released", "text": "Released", "__typename": "ProductionStatus"}, "__typename": "ProductionStatusHistory"}], "restriction": null, "__typename": "ProductionStatusDetails"}, "primaryImage": {"id": "rm4113422337", "__typename": "Image"}, "inIframeAddLink": {"url": "https://contribute.imdb.com/image/tt2948372/add?bus=imdb&return_url=https%3A%2F%2Fwww.imdb.com%2Fclose_me&site=web", "__typename": "ContributionLink"}, "notInIframeAddLink": {"url": "https://contribute.imdb.com/image/tt2948372/add?bus=imdb&return_url=https%3A%2F%2Fwww.imdb.com%2Ftitle%2Ftt2948372%2F&site=mobile", "__typename": "ContributionLink"}, "titleType": {"id": "movie", "canHaveEpisodes": false, "__typename": "TitleType"}, "cast": {"total": 39, "edges": [{"node": {"name": {"id": "nm0004937", "nameText": {"text": "Jamie Foxx", "__typename": "NameText"}, "primaryImage": {"url": "https://m.media-amazon.com/images/M/MV5BMTkyNjY1NDg3NF5BMl5BanBnXkFtZTgwNjA2MTg0MzE@._V1_.jpg", "width": 1545, "height": 2048, "__typename": "Image"}, "__typename": "Name"}, "attributes": [{"text": "voice", "__typename": "MiscellaneousCreditAttribute"}], "category": {"id": "actor", "__typename": "CreditCategory"}, "characters": [{"name": "Joe", "__typename": "Character"}], "episodeCredits": {"total": 0, "yearRange": null, "__typename": "EpisodeCastConnection"}, "__typename": "Cast"}, "__typename": "CreditEdge"}, {"node": {"name": {"id": "nm0275486", "nameText": {"text": "Tina Fey", "__typename": "NameText"}, "primaryImage": {"url": "https://m.media-amazon.com/images/M/MV5BZDQ3OWVkOGUtMjY1Yi00MjNjLThiMTYtYWMyN2ZhMmE4ZTA1XkEyXkFqcGc@._V1_.jpg", "width": 1200, "height": 1156, "__typename": "Image"}, "__typename": "Name"}, "attributes": [{"text": "voice", "__typename": "MiscellaneousCreditAttribute"}], "category": {"id": "actress", "__typename": "CreditCategory"}, "characters": [{"name": "22", "__typename": "Character"}], "episodeCredits": {"total": 0, "yearRange": null, "__typename": "EpisodeCastConnection"}, "__typename": "Cast"}, "__typename": "CreditEdge"}, {"node": {"name": {"id": "nm0636218", "nameText": {"text": "Graham Norton", "__typename": "NameText"}, "primaryImage": {"url": "https://m.media-amazon.com/images/M/MV5BOTI0MTkzMzgwMF5BMl5BanBnXkFtZTYwNTYyMTA1._V1_.jpg", "width": 291, "height": 400, "__typename": "Image"}, "__typename": "Name"}, "attributes": [{"text": "voice", "__typename": "MiscellaneousCreditAttribute"}], "category": {"id": "actor", "__typename": "CreditCategory"}, "characters": [{"name": "Moonwind", "__typename": "Character"}], "episodeCredits": {"total": 0, "yearRange": null, "__typename": "EpisodeCastConnection"}, "__typename": "Cast"}, "__typename": "CreditEdge"}, {"node": {"name": {"id": "nm1344302", "nameText": {"text": "Rachel House", "__typename": "NameText"}, "primaryImage": {"url": "https://m.media-amazon.com/images/M/MV5BZmI3NjBlMjYtMGE4ZS00NmY2LTlmMTktNGM4ZDg5MjIzNTY1XkEyXkFqcGc@._V1_.jpg", "width": 660, "height": 825, "__typename": "Image"}, "__typename": "Name"}, "attributes": [{"text": "voice", "__typename": "MiscellaneousCreditAttribute"}], "category": {"id": "actress", "__typename": "CreditCategory"}, "characters": [{"name": "Terry", "__typename": "Character"}], "episodeCredits": {"total": 0, "yearRange": null, "__typename": "EpisodeCastConnection"}, "__typename": "Cast"}, "__typename": "CreditEdge"}, {"node": {"name": {"id": "nm0103797", "nameText": {"text": "Alice Braga", "__typename": "NameText"}, "primaryImage": {"url": "https://m.media-amazon.com/images/M/MV5BMWUwZmQ2MDktNThkOS00YjI1LWJmZjktNDgyNzdiNWE3OWQxXkEyXkFqcGc@._V1_.jpg", "width": 3110, "height": 2968, "__typename": "Image"}, "__typename": "Name"}, "attributes": [{"text": "voice", "__typename": "MiscellaneousCreditAttribute"}], "category": {"id": "actress", "__typename": "CreditCategory"}, "characters": [{"name": "Counselor Jerry", "__typename": "Character"}], "episodeCredits": {"total": 0, "yearRange": null, "__typename": "EpisodeCastConnection"}, "__typename": "Cast"}, "__typename": "CreditEdge"}, {"node": {"name": {"id": "nm1547964", "nameText": {"text": "Richard Ayoade", "__typename": "NameText"}, "primaryImage": {"url": "https://m.media-amazon.com/images/M/MV5BMjE0MDIzMDM4Nl5BMl5BanBnXkFtZTcwODc4MzczNA@@._V1_.jpg", "width": 1369, "height": 2048, "__typename": "Image"}, "__typename": "Name"}, "attributes": [{"text": "voice", "__typename": "MiscellaneousCreditAttribute"}], "category": {"id": "actor", "__typename": "CreditCategory"}, "characters": [{"name": "Counselor Jerry", "__typename": "Character"}], "episodeCredits": {"total": 0, "yearRange": null, "__typename": "EpisodeCastConnection"}, "__typename": "Cast"}, "__typename": "CreditEdge"}, {"node": {"name": {"id": "nm0711118", "nameText": {"text": "Phylicia Rashad", "__typename": "NameText"}, "primaryImage": {"url": "https://m.media-amazon.com/images/M/MV5BMTczMzcxNzYyN15BMl5BanBnXkFtZTcwMTAyMDQ2NA@@._V1_.jpg", "width": 1363, "height": 2048, "__typename": "Image"}, "__typename": "Name"}, "attributes": [{"text": "voice", "__typename": "MiscellaneousCreditAttribute"}], "category": {"id": "actress", "__typename": "CreditCategory"}, "characters": [{"name": "Libba", "__typename": "Character"}], "episodeCredits": {"total": 0, "yearRange": null, "__typename": "EpisodeCastConnection"}, "__typename": "Cast"}, "__typename": "CreditEdge"}, {"node": {"name": {"id": "nm0712603", "nameText": {"text": "Donnell Rawlings", "__typename": "NameText"}, "primaryImage": {"url": "https://m.media-amazon.com/images/M/MV5BMTYwNDI3NzYzN15BMl5BanBnXkFtZTcwMjU1NzYxOA@@._V1_.jpg", "width": 1370, "height": 2048, "__typename": "Image"}, "__typename": "Name"}, "attributes": [{"text": "voice", "__typename": "MiscellaneousCreditAttribute"}], "category": {"id": "actor", "__typename": "CreditCategory"}, "characters": [{"name": "Dez", "__typename": "Character"}], "episodeCredits": {"total": 0, "yearRange": null, "__typename": "EpisodeCastConnection"}, "__typename": "Cast"}, "__typename": "CreditEdge"}, {"node": {"name": {"id": "nm0859821", "nameText": {"text": "Questlove", "__typename": "NameText"}, "primaryImage": {"url": "https://m.media-amazon.com/images/M/MV5BYThhODhkNTgtNGMzNC00ZjY1LThhMjItY2JkYjA3MDBmYWIxXkEyXkFqcGc@._V1_.jpg", "width": 2160, "height": 2700, "__typename": "Image"}, "__typename": "Name"}, "attributes": [{"text": "voice", "__typename": "MiscellaneousCreditAttribute"}, {"text": "as Ahmir-Khalib Thompson a.k.a. Questlove", "__typename": "CreditedAsCreditAttribute"}], "category": {"id": "actor", "__typename": "CreditCategory"}, "characters": [{"name": "Curley", "__typename": "Character"}], "episodeCredits": {"total": 0, "yearRange": null, "__typename": "EpisodeCastConnection"}, "__typename": "Cast"}, "__typename": "CreditEdge"}, {"node": {"name": {"id": "nm0000291", "nameText": {"text": "Angela Bassett", "__typename": "NameText"}, "primaryImage": {"url": "https://m.media-amazon.com/images/M/MV5BYWZkOTI1ZWQtMGY4NC00NTViLWI4NGMtMTEzY2JhNmIxYjk3XkEyXkFqcGc@._V1_.jpg", "width": 2424, "height": 3030, "__typename": "Image"}, "__typename": "Name"}, "attributes": [{"text": "voice", "__typename": "MiscellaneousCreditAttribute"}], "category": {"id": "actress", "__typename": "CreditCategory"}, "characters": [{"name": "Dorothea", "__typename": "Character"}], "episodeCredits": {"total": 0, "yearRange": null, "__typename": "EpisodeCastConnection"}, "__typename": "Cast"}, "__typename": "CreditEdge"}, {"node": {"name": {"id": "nm11973242", "nameText": {"text": "Cora Champommier", "__typename": "NameText"}, "primaryImage": null, "__typename": "Name"}, "attributes": [{"text": "voice", "__typename": "MiscellaneousCreditAttribute"}], "category": {"id": "actress", "__typename": "CreditCategory"}, "characters": [{"name": "Connie", "__typename": "Character"}], "episodeCredits": {"total": 0, "yearRange": null, "__typename": "EpisodeCastConnection"}, "__typename": "Cast"}, "__typename": "CreditEdge"}, {"node": {"name": {"id": "nm0355863", "nameText": {"text": "Margo Hall", "__typename": "NameText"}, "primaryImage": {"url": "https://m.media-amazon.com/images/M/MV5BZTg0OWFlYjktNzNjZS00N2FjLWJiNDItNDNlMmMzOGNkODIzXkEyXkFqcGc@._V1_.jpg", "width": 1787, "height": 1187, "__typename": "Image"}, "__typename": "Name"}, "attributes": [{"text": "voice", "__typename": "MiscellaneousCreditAttribute"}], "category": {"id": "actress", "__typename": "CreditCategory"}, "characters": [{"name": "Melba", "__typename": "Character"}], "episodeCredits": {"total": 0, "yearRange": null, "__typename": "EpisodeCastConnection"}, "__typename": "Cast"}, "__typename": "CreditEdge"}, {"node": {"name": {"id": "nm4377526", "nameText": {"text": "Daveed Diggs", "__typename": "NameText"}, "primaryImage": {"url": "https://m.media-amazon.com/images/M/MV5BMTY5NzA2ODI1MV5BMl5BanBnXkFtZTgwMzg1OTg4ODE@._V1_.jpg", "width": 625, "height": 596, "__typename": "Image"}, "__typename": "Name"}, "attributes": [{"text": "voice", "__typename": "MiscellaneousCreditAttribute"}], "category": {"id": "actor", "__typename": "CreditCategory"}, "characters": [{"name": "Paul", "__typename": "Character"}], "episodeCredits": {"total": 0, "yearRange": null, "__typename": "EpisodeCastConnection"}, "__typename": "Cast"}, "__typename": "CreditEdge"}, {"node": {"name": {"id": "nm1159336", "nameText": {"text": "Rhodessa Jones", "__typename": "NameText"}, "primaryImage": null, "__typename": "Name"}, "attributes": [{"text": "voice", "__typename": "MiscellaneousCreditAttribute"}], "category": {"id": "actress", "__typename": "CreditCategory"}, "characters": [{"name": "Lulu", "__typename": "Character"}], "episodeCredits": {"total": 0, "yearRange": null, "__typename": "EpisodeCastConnection"}, "__typename": "Cast"}, "__typename": "CreditEdge"}, {"node": {"name": {"id": "nm0836071", "nameText": {"text": "Wes Studi", "__typename": "NameText"}, "primaryImage": {"url": "https://m.media-amazon.com/images/M/MV5BMTkzMzcwMTA5N15BMl5BanBnXkFtZTYwMjYxODky._V1_.jpg", "width": 485, "height": 614, "__typename": "Image"}, "__typename": "Name"}, "attributes": [{"text": "voice", "__typename": "MiscellaneousCreditAttribute"}], "category": {"id": "actor", "__typename": "CreditCategory"}, "characters": [{"name": "Counselor Jerry", "__typename": "Character"}], "episodeCredits": {"total": 0, "yearRange": null, "__typename": "EpisodeCastConnection"}, "__typename": "Cast"}, "__typename": "CreditEdge"}, {"node": {"name": {"id": "nm0415529", "nameText": {"text": "Sakina Jaffrey", "__typename": "NameText"}, "primaryImage": {"url": "https://m.media-amazon.com/images/M/MV5BMTU4NjU4NjU5OV5BMl5BanBnXkFtZTYwNzExNTcy._V1_.jpg", "width": 360, "height": 553, "__typename": "Image"}, "__typename": "Name"}, "attributes": [{"text": "voice", "__typename": "MiscellaneousCreditAttribute"}], "category": {"id": "actress", "__typename": "CreditCategory"}, "characters": [{"name": "Doctor", "__typename": "Character"}], "episodeCredits": {"total": 0, "yearRange": null, "__typename": "EpisodeCastConnection"}, "__typename": "Cast"}, "__typename": "CreditEdge"}, {"node": {"name": {"id": "nm3833084", "nameText": {"text": "Fortune Feimster", "__typename": "NameText"}, "primaryImage": {"url": "https://m.media-amazon.com/images/M/MV5BOGYwZjBjY2EtNmJhYi00MGIwLWFkYzgtMjU5ZmY0MjI1NmYwXkEyXkFqcGc@._V1_.jpg", "width": 5616, "height": 3744, "__typename": "Image"}, "__typename": "Name"}, "attributes": [{"text": "voice", "__typename": "MiscellaneousCreditAttribute"}], "category": {"id": "actress", "__typename": "CreditCategory"}, "characters": [{"name": "Counselor Jerry", "__typename": "Character"}], "episodeCredits": {"total": 0, "yearRange": null, "__typename": "EpisodeCastConnection"}, "__typename": "Cast"}, "__typename": "CreditEdge"}, {"node": {"name": {"id": "nm0335291", "nameText": {"text": "Calum Grant", "__typename": "NameText"}, "primaryImage": null, "__typename": "Name"}, "attributes": [{"text": "voice", "__typename": "MiscellaneousCreditAttribute"}], "category": {"id": "actor", "__typename": "CreditCategory"}, "characters": [{"name": "Hedge Fund Manager", "__typename": "Character"}], "episodeCredits": {"total": 0, "yearRange": null, "__typename": "EpisodeCastConnection"}, "__typename": "Cast"}, "__typename": "CreditEdge"}], "__typename": "CreditConnection"}, "creators": [], "directors": [{"totalCredits": 2, "category": {"text": "Directors", "id": "director", "__typename": "CreditCategory"}, "credits": [{"name": {"id": "nm0230032", "nameText": {"text": "Pete Docter", "__typename": "NameText"}, "__typename": "Name"}, "__typename": "Crew"}, {"name": {"id": "nm5358492", "nameText": {"text": "Kemp Powers", "__typename": "NameText"}, "__typename": "Name"}, "__typename": "Crew"}], "__typename": "PrincipalCreditsForCategory"}], "writers": [{"totalCredits": 6, "category": {"text": "Writers", "id": "writer", "__typename": "CreditCategory"}, "credits": [{"name": {"id": "nm0230032", "nameText": {"text": "Pete Docter", "__typename": "NameText"}, "__typename": "Name"}, "__typename": "Crew"}, {"name": {"id": "nm0428873", "nameText": {"text": "Mike Jones", "__typename": "NameText"}, "__typename": "Name"}, "__typename": "Crew"}, {"name": {"id": "nm5358492", "nameText": {"text": "Kemp Powers", "__typename": "NameText"}, "__typename": "Name"}, "__typename": "Crew"}], "__typename": "PrincipalCreditsForCategory"}], "isAdult": false, "moreLikeThisTitles": {"edges": [{"node": {"id": "tt12801262", "titleText": {"text": "Luca", "__typename": "TitleText"}, "titleType": {"id": "movie", "text": "Movie", "canHaveEpisodes": false, "displayableProperty": {"value": {"plainText": "", "__typename": "Markdown"}, "__typename": "DisplayableTitleTypeProperty"}, "__typename": "TitleType"}, "originalTitleText": {"text": "Luca", "__typename": "TitleText"}, "primaryImage": {"id": "rm3522740225", "width": 2025, "height": 3000, "url": "https://m.media-amazon.com/images/M/MV5BMWMyNGNlZTktODVkNS00ZmMyLTk0NmUtNWVjOWU1MWMzZGMzXkEyXkFqcGc@._V1_.jpg", "caption": {"plainText": "Marco Barricelli, Jim Gaffigan, Maya Rudolph, Peter Sohn, Emma Berman, Jacob Tremblay, Jack Dylan Grazer, and Saverio Raimondo in Luca (2021)", "__typename": "Markdown"}, "__typename": "Image"}, "releaseYear": {"year": 2021, "endYear": null, "__typename": "YearRange"}, "ratingsSummary": {"aggregateRating": 7.4, "voteCount": 202565, "__typename": "RatingsSummary"}, "runtime": {"seconds": 5700, "__typename": "Runtime"}, "certificate": {"rating": "PG", "__typename": "Certificate"}, "canRate": {"isRatable": true, "__typename": "CanRate"}, "titleGenres": {"genres": [{"genre": {"text": "Animation", "__typename": "GenreItem"}, "__typename": "TitleGenre"}, {"genre": {"text": "Adventure", "__typename": "GenreItem"}, "__typename": "TitleGenre"}, {"genre": {"text": "Comedy", "__typename": "GenreItem"}, "__typename": "TitleGenre"}], "__typename": "TitleGenres"}, "canHaveEpisodes": false, "__typename": "Title"}, "__typename": "MoreLikeThisEdge"}, {"node": {"id": "tt2380307", "titleText": {"text": "Coco", "__typename": "TitleText"}, "titleType": {"id": "movie", "text": "Movie", "canHaveEpisodes": false, "displayableProperty": {"value": {"plainText": "", "__typename": "Markdown"}, "__typename": "DisplayableTitleTypeProperty"}, "__typename": "TitleType"}, "originalTitleText": {"text": "Coco", "__typename": "TitleText"}, "primaryImage": {"id": "rm585455872", "width": 1984, "height": 2835, "url": "https://m.media-amazon.com/images/M/MV5BMDIyM2E2NTAtMzlhNy00ZGUxLWI1NjgtZDY5MzhiMDc5NGU3XkEyXkFqcGc@._V1_.jpg", "caption": {"plainText": "Alfonso Arau, Benjamin Bratt, Alanna Ubach, Gael Garc\u00eda Bernal, Dyana Ortelli, Herbert Siguenza, and Anthony Gonzalez in Coco (2017)", "__typename": "Markdown"}, "__typename": "Image"}, "releaseYear": {"year": 2017, "endYear": null, "__typename": "YearRange"}, "ratingsSummary": {"aggregateRating": 8.4, "voteCount": 619198, "__typename": "RatingsSummary"}, "runtime": {"seconds": 6300, "__typename": "Runtime"}, "certificate": {"rating": "U", "__typename": "Certificate"}, "canRate": {"isRatable": true, "__typename": "CanRate"}, "titleGenres": {"genres": [{"genre": {"text": "Animation", "__typename": "GenreItem"}, "__typename": "TitleGenre"}, {"genre": {"text": "Adventure", "__typename": "GenreItem"}, "__typename": "TitleGenre"}, {"genre": {"text": "Drama", "__typename": "GenreItem"}, "__typename": "TitleGenre"}], "__typename": "TitleGenres"}, "canHaveEpisodes": false, "__typename": "Title"}, "__typename": "MoreLikeThisEdge"}, {"node": {"id": "tt2948356", "titleText": {"text": "Zootopia", "__typename": "TitleText"}, "titleType": {"id": "movie", "text": "Movie", "canHaveEpisodes": false, "displayableProperty": {"value": {"plainText": "", "__typename": "Markdown"}, "__typename": "DisplayableTitleTypeProperty"}, "__typename": "TitleType"}, "originalTitleText": {"text": "Zootopia", "__typename": "TitleText"}, "primaryImage": {"id": "rm3116491008", "width": 1080, "height": 1600, "url": "https://m.media-amazon.com/images/M/MV5BOTMyMjEyNzIzMV5BMl5BanBnXkFtZTgwNzIyNjU0NzE@._V1_.jpg", "caption": {"plainText": "Jason Bateman, Tommy Chong, Bonnie Hunt, Tom Lister Jr., Maurice LaMarche, Idris Elba, Ginnifer Goodwin, Don Lake, Raymond S. Persi, Shakira, J.K. Simmons, Octavia Spencer, Alan Tudyk, Nate Torrence, and Jenny Slate in Zootopia (2016)", "__typename": "Markdown"}, "__typename": "Image"}, "releaseYear": {"year": 2016, "endYear": null, "__typename": "YearRange"}, "ratingsSummary": {"aggregateRating": 8, "voteCount": 563021, "__typename": "RatingsSummary"}, "runtime": {"seconds": 6480, "__typename": "Runtime"}, "certificate": {"rating": "U", "__typename": "Certificate"}, "canRate": {"isRatable": true, "__typename": "CanRate"}, "titleGenres": {"genres": [{"genre": {"text": "Animation", "__typename": "GenreItem"}, "__typename": "TitleGenre"}, {"genre": {"text": "Action", "__typename": "GenreItem"}, "__typename": "TitleGenre"}, {"genre": {"text": "Adventure", "__typename": "GenreItem"}, "__typename": "TitleGenre"}], "__typename": "TitleGenres"}, "canHaveEpisodes": false, "__typename": "Title"}, "__typename": "MoreLikeThisEdge"}, {"node": {"id": "tt1049413", "titleText": {"text": "Up", "__typename": "TitleText"}, "titleType": {"id": "movie", "text": "Movie", "canHaveEpisodes": false, "displayableProperty": {"value": {"plainText": "", "__typename": "Markdown"}, "__typename": "DisplayableTitleTypeProperty"}, "__typename": "TitleType"}, "originalTitleText": {"text": "Up", "__typename": "TitleText"}, "primaryImage": {"id": "rm3826338560", "width": 509, "height": 755, "url": "https://m.media-amazon.com/images/M/MV5BNmI1ZTc5MWMtMDYyOS00ZDc2LTkzOTAtNjQ4NWIxNjYyNDgzXkEyXkFqcGc@._V1_.jpg", "caption": {"plainText": "Edward Asner, Bob Peterson, and Jordan Nagai in Up (2009)", "__typename": "Markdown"}, "__typename": "Image"}, "releaseYear": {"year": 2009, "endYear": null, "__typename": "YearRange"}, "ratingsSummary": {"aggregateRating": 8.3, "voteCount": 1152056, "__typename": "RatingsSummary"}, "runtime": {"seconds": 5760, "__typename": "Runtime"}, "certificate": {"rating": "U", "__typename": "Certificate"}, "canRate": {"isRatable": true, "__typename": "CanRate"}, "titleGenres": {"genres": [{"genre": {"text": "Animation", "__typename": "GenreItem"}, "__typename": "TitleGenre"}, {"genre": {"text": "Adventure", "__typename": "GenreItem"}, "__typename": "TitleGenre"}, {"genre": {"text": "Comedy", "__typename": "GenreItem"}, "__typename": "TitleGenre"}], "__typename": "TitleGenres"}, "canHaveEpisodes": false, "__typename": "Title"}, "__typename": "MoreLikeThisEdge"}, {"node": {"id": "tt8097030", "titleText": {"text": "Turning Red", "__typename": "TitleText"}, "titleType": {"id": "movie", "text": "Movie", "canHaveEpisodes": false, "displayableProperty": {"value": {"plainText": "", "__typename": "Markdown"}, "__typename": "DisplayableTitleTypeProperty"}, "__typename": "TitleType"}, "originalTitleText": {"text": "Turning Red", "__typename": "TitleText"}, "primaryImage": {"id": "rm1685446657", "width": 1350, "height": 2000, "url": "https://m.media-amazon.com/images/M/MV5BODY2NjExYmUtZTQ4NS00NzM2LWE2NWYtZWY2NGIyOTBmNzI3XkEyXkFqcGc@._V1_.jpg", "caption": {"plainText": "Maitreyi Ramakrishnan, Tristan Allerick Chen, Ava Morse, Hyein Park, and Rosalie Chiang in Turning Red (2022)", "__typename": "Markdown"}, "__typename": "Image"}, "releaseYear": {"year": 2022, "endYear": null, "__typename": "YearRange"}, "ratingsSummary": {"aggregateRating": 7, "voteCount": 159453, "__typename": "RatingsSummary"}, "runtime": {"seconds": 6000, "__typename": "Runtime"}, "certificate": {"rating": "UA 7+", "__typename": "Certificate"}, "canRate": {"isRatable": true, "__typename": "CanRate"}, "titleGenres": {"genres": [{"genre": {"text": "Animation", "__typename": "GenreItem"}, "__typename": "TitleGenre"}, {"genre": {"text": "Adventure", "__typename": "GenreItem"}, "__typename": "TitleGenre"}, {"genre": {"text": "Comedy", "__typename": "GenreItem"}, "__typename": "TitleGenre"}], "__typename": "TitleGenres"}, "canHaveEpisodes": false, "__typename": "Title"}, "__typename": "MoreLikeThisEdge"}, {"node": {"id": "tt0382932", "titleText": {"text": "Ratatouille", "__typename": "TitleText"}, "titleType": {"id": "movie", "text": "Movie", "canHaveEpisodes": false, "displayableProperty": {"value": {"plainText": "", "__typename": "Markdown"}, "__typename": "DisplayableTitleTypeProperty"}, "__typename": "TitleType"}, "originalTitleText": {"text": "Ratatouille", "__typename": "TitleText"}, "primaryImage": {"id": "rm937921792", "width": 1382, "height": 2048, "url": "https://m.media-amazon.com/images/M/MV5BMTMzODU0NTkxMF5BMl5BanBnXkFtZTcwMjQ4MzMzMw@@._V1_.jpg", "caption": {"plainText": "Janeane Garofalo, Ian Holm, Peter O'Toole, Brian Dennehy, John Ratzenberger, James Remar, Will Arnett, Brad Garrett, Kathy Griffin, Brad Bird, Lindsey Collins, Walt Dohrn, Tony Fucile, Michael Giacchino, Bradford Lewis, Danny Mann, Teddy Newton, Patton Oswalt, Lou Romano, Peter Sohn, Jake Steinfeld, St\u00e9phane Roux, Lori Richardson, Thomas Keller, Julius Callahan, Marco Boerries, Andrea Boerries, and Jack Bird in Ratatouille (2007)", "__typename": "Markdown"}, "__typename": "Image"}, "releaseYear": {"year": 2007, "endYear": null, "__typename": "YearRange"}, "ratingsSummary": {"aggregateRating": 8.1, "voteCount": 854288, "__typename": "RatingsSummary"}, "runtime": {"seconds": 6660, "__typename": "Runtime"}, "certificate": {"rating": "U", "__typename": "Certificate"}, "canRate": {"isRatable": true, "__typename": "CanRate"}, "titleGenres": {"genres": [{"genre": {"text": "Animation", "__typename": "GenreItem"}, "__typename": "TitleGenre"}, {"genre": {"text": "Adventure", "__typename": "GenreItem"}, "__typename": "TitleGenre"}, {"genre": {"text": "Comedy", "__typename": "GenreItem"}, "__typename": "TitleGenre"}], "__typename": "TitleGenres"}, "canHaveEpisodes": false, "__typename": "Title"}, "__typename": "MoreLikeThisEdge"}, {"node": {"id": "tt7146812", "titleText": {"text": "Onward", "__typename": "TitleText"}, "titleType": {"id": "movie", "text": "Movie", "canHaveEpisodes": false, "displayableProperty": {"value": {"plainText": "", "__typename": "Markdown"}, "__typename": "DisplayableTitleTypeProperty"}, "__typename": "TitleType"}, "originalTitleText": {"text": "Onward", "__typename": "TitleText"}, "primaryImage": {"id": "rm2806809345", "width": 1800, "height": 2667, "url": "https://m.media-amazon.com/images/M/MV5BODYyM2I0YTItODA2MC00NDc0LTgyZmEtODM1MWQwZmY4YzY4XkEyXkFqcGc@._V1_.jpg", "caption": {"plainText": "Julia Louis-Dreyfus, John Ratzenberger, Tracey Ullman, Mychael Danna, Jeff Danna, Wilmer Valderrama, Catherine Apple, Sharon Calahan, Grey Griffin, Chris Pratt, Kori Rae, Mel Rodriguez, Dan Scanlon, Octavia Spencer, Keith Bunin, Kyle Bornheimer, Noah Klocek, Lena Waithe, Adam Habib, Jason Headley, Tom Holland, Ali Wong, and George Psarras in Onward (2020)", "__typename": "Markdown"}, "__typename": "Image"}, "releaseYear": {"year": 2020, "endYear": null, "__typename": "YearRange"}, "ratingsSummary": {"aggregateRating": 7.4, "voteCount": 175036, "__typename": "RatingsSummary"}, "runtime": {"seconds": 6120, "__typename": "Runtime"}, "certificate": {"rating": "U", "__typename": "Certificate"}, "canRate": {"isRatable": true, "__typename": "CanRate"}, "titleGenres": {"genres": [{"genre": {"text": "Animation", "__typename": "GenreItem"}, "__typename": "TitleGenre"}, {"genre": {"text": "Adventure", "__typename": "GenreItem"}, "__typename": "TitleGenre"}, {"genre": {"text": "Comedy", "__typename": "GenreItem"}, "__typename": "TitleGenre"}], "__typename": "TitleGenres"}, "canHaveEpisodes": false, "__typename": "Title"}, "__typename": "MoreLikeThisEdge"}, {"node": {"id": "tt2096673", "titleText": {"text": "Inside Out", "__typename": "TitleText"}, "titleType": {"id": "movie", "text": "Movie", "canHaveEpisodes": false, "displayableProperty": {"value": {"plainText": "", "__typename": "Markdown"}, "__typename": "DisplayableTitleTypeProperty"}, "__typename": "TitleType"}, "originalTitleText": {"text": "Inside Out", "__typename": "TitleText"}, "primaryImage": {"id": "rm3662344960", "width": 1086, "height": 1609, "url": "https://m.media-amazon.com/images/M/MV5BOTgxMDQwMDk0OF5BMl5BanBnXkFtZTgwNjU5OTg2NDE@._V1_.jpg", "caption": {"plainText": "Lewis Black, Bill Hader, Amy Poehler, Phyllis Smith, and Mindy Kaling in Inside Out (2015)", "__typename": "Markdown"}, "__typename": "Image"}, "releaseYear": {"year": 2015, "endYear": null, "__typename": "YearRange"}, "ratingsSummary": {"aggregateRating": 8.1, "voteCount": 837958, "__typename": "RatingsSummary"}, "runtime": {"seconds": 5700, "__typename": "Runtime"}, "certificate": {"rating": "U", "__typename": "Certificate"}, "canRate": {"isRatable": true, "__typename": "CanRate"}, "titleGenres": {"genres": [{"genre": {"text": "Animation", "__typename": "GenreItem"}, "__typename": "TitleGenre"}, {"genre": {"text": "Adventure", "__typename": "GenreItem"}, "__typename": "TitleGenre"}, {"genre": {"text": "Comedy", "__typename": "GenreItem"}, "__typename": "TitleGenre"}], "__typename": "TitleGenres"}, "canHaveEpisodes": false, "__typename": "Title"}, "__typename": "MoreLikeThisEdge"}, {"node": {"id": "tt2245084", "titleText": {"text": "Baymax", "__typename": "TitleText"}, "titleType": {"id": "movie", "text": "Movie", "canHaveEpisodes": false, "displayableProperty": {"value": {"plainText": "", "__typename": "Markdown"}, "__typename": "DisplayableTitleTypeProperty"}, "__typename": "TitleType"}, "originalTitleText": {"text": "Big Hero 6", "__typename": "TitleText"}, "primaryImage": {"id": "rm2493768704", "width": 1984, "height": 2835, "url": "https://m.media-amazon.com/images/M/MV5BYjQ3YzUyOGQtNjdlYS00YmRhLWIyOWYtMGQ3YjkwMjJiYzRjXkEyXkFqcGc@._V1_.jpg", "caption": {"plainText": "James Cromwell, Kathy Griffin, Scott Adsit, Bridget Hoffman, Kirk Baily, Abraham Benrubi, June Christopher, Cam Clarke, Roy Conli, Dane Cook, David Cowgill, Terri Douglas, Daniel Gerson, Jackie Gonneau, Nicholas Guest, Stan Lee, Yuri Lowenthal, Danny Mann, Tim Mertens, Sundra Oakley, Lynwood Robinson, Maya Rudolph, David Shaughnessy, Shane Sweet, Alan Tudyk, Damon Wayans Jr., Billy Bush, Genesis Rodriguez, Yumi Mizui, James Taku Leung, Jamie Chung, Katie Lowes, Marcella Lentz-Pope, Cooper Cowgill, Kelly Hoover, Daniel Henney, Paul Briggs, Brian R. Norris, T.J. Miller, Reed Buck, Josie Trinidad, Charlotte Gulezian, Leah Latham, Ryan Potter, Kristen Phaneuf, Marlie Crisafulli, and Michael Powers in Baymax (2014)", "__typename": "Markdown"}, "__typename": "Image"}, "releaseYear": {"year": 2014, "endYear": null, "__typename": "YearRange"}, "ratingsSummary": {"aggregateRating": 7.8, "voteCount": 515389, "__typename": "RatingsSummary"}, "runtime": {"seconds": 6120, "__typename": "Runtime"}, "certificate": {"rating": "U", "__typename": "Certificate"}, "canRate": {"isRatable": true, "__typename": "CanRate"}, "titleGenres": {"genres": [{"genre": {"text": "Animation", "__typename": "GenreItem"}, "__typename": "TitleGenre"}, {"genre": {"text": "Action", "__typename": "GenreItem"}, "__typename": "TitleGenre"}, {"genre": {"text": "Adventure", "__typename": "GenreItem"}, "__typename": "TitleGenre"}], "__typename": "TitleGenres"}, "canHaveEpisodes": false, "__typename": "Title"}, "__typename": "MoreLikeThisEdge"}, {"node": {"id": "tt1217209", "titleText": {"text": "Brave", "__typename": "TitleText"}, "titleType": {"id": "movie", "text": "Movie", "canHaveEpisodes": false, "displayableProperty": {"value": {"plainText": "", "__typename": "Markdown"}, "__typename": "DisplayableTitleTypeProperty"}, "__typename": "TitleType"}, "originalTitleText": {"text": "Brave", "__typename": "TitleText"}, "primaryImage": {"id": "rm2980492800", "width": 1013, "height": 1500, "url": "https://m.media-amazon.com/images/M/MV5BMzgwODk3ODA1NF5BMl5BanBnXkFtZTcwNjU3NjQ0Nw@@._V1_.jpg", "caption": {"plainText": "Kelly Macdonald in Brave (2012)", "__typename": "Markdown"}, "__typename": "Image"}, "releaseYear": {"year": 2012, "endYear": null, "__typename": "YearRange"}, "ratingsSummary": {"aggregateRating": 7.1, "voteCount": 452293, "__typename": "RatingsSummary"}, "runtime": {"seconds": 5580, "__typename": "Runtime"}, "certificate": {"rating": "U", "__typename": "Certificate"}, "canRate": {"isRatable": true, "__typename": "CanRate"}, "titleGenres": {"genres": [{"genre": {"text": "Animation", "__typename": "GenreItem"}, "__typename": "TitleGenre"}, {"genre": {"text": "Action", "__typename": "GenreItem"}, "__typename": "TitleGenre"}, {"genre": {"text": "Adventure", "__typename": "GenreItem"}, "__typename": "TitleGenre"}], "__typename": "TitleGenres"}, "canHaveEpisodes": false, "__typename": "Title"}, "__typename": "MoreLikeThisEdge"}, {"node": {"id": "tt3521164", "titleText": {"text": "Moana", "__typename": "TitleText"}, "titleType": {"id": "movie", "text": "Movie", "canHaveEpisodes": false, "displayableProperty": {"value": {"plainText": "", "__typename": "Markdown"}, "__typename": "DisplayableTitleTypeProperty"}, "__typename": "TitleType"}, "originalTitleText": {"text": "Moana", "__typename": "TitleText"}, "primaryImage": {"id": "rm618728448", "width": 1086, "height": 1609, "url": "https://m.media-amazon.com/images/M/MV5BMjI4MzU5NTExNF5BMl5BanBnXkFtZTgwNzY1MTEwMDI@._V1_.jpg", "caption": {"plainText": "Dwayne Johnson, Stephen Kearin, Temuera Morrison, Alan Tudyk, Nicole Scherzinger, Any Gabrielly, and Auli'i Cravalho in Moana (2016)", "__typename": "Markdown"}, "__typename": "Image"}, "releaseYear": {"year": 2016, "endYear": null, "__typename": "YearRange"}, "ratingsSummary": {"aggregateRating": 7.6, "voteCount": 393047, "__typename": "RatingsSummary"}, "runtime": {"seconds": 6420, "__typename": "Runtime"}, "certificate": {"rating": "U", "__typename": "Certificate"}, "canRate": {"isRatable": true, "__typename": "CanRate"}, "titleGenres": {"genres": [{"genre": {"text": "Animation", "__typename": "GenreItem"}, "__typename": "TitleGenre"}, {"genre": {"text": "Adventure", "__typename": "GenreItem"}, "__typename": "TitleGenre"}, {"genre": {"text": "Comedy", "__typename": "GenreItem"}, "__typename": "TitleGenre"}], "__typename": "TitleGenres"}, "canHaveEpisodes": false, "__typename": "Title"}, "__typename": "MoreLikeThisEdge"}, {"node": {"id": "tt2953050", "titleText": {"text": "Encanto", "__typename": "TitleText"}, "titleType": {"id": "movie", "text": "Movie", "canHaveEpisodes": false, "displayableProperty": {"value": {"plainText": "", "__typename": "Markdown"}, "__typename": "DisplayableTitleTypeProperty"}, "__typename": "TitleType"}, "originalTitleText": {"text": "Encanto", "__typename": "TitleText"}, "primaryImage": {"id": "rm2541025281", "width": 2025, "height": 3000, "url": "https://m.media-amazon.com/images/M/MV5BOTY1YmU1ZTItMzNjZC00ZGU0LTk0MTEtZDgzN2QwOWVlNjZhXkEyXkFqcGc@._V1_.jpg", "caption": {"plainText": "Wilmer Valderrama, Angie Cepeda, Mar\u00eda Cecilia Botero, Carolina Gaitan, Stephanie Beatriz, Diane Guerrero, Adassa, Ravi Cabot-Conyers, Rhenzy Feliz, Jess Darrow, and Mauro Castillo in Encanto (2021)", "__typename": "Markdown"}, "__typename": "Image"}, "releaseYear": {"year": 2021, "endYear": null, "__typename": "YearRange"}, "ratingsSummary": {"aggregateRating": 7.2, "voteCount": 272314, "__typename": "RatingsSummary"}, "runtime": {"seconds": 6120, "__typename": "Runtime"}, "certificate": {"rating": "U", "__typename": "Certificate"}, "canRate": {"isRatable": true, "__typename": "CanRate"}, "titleGenres": {"genres": [{"genre": {"text": "Animation", "__typename": "GenreItem"}, "__typename": "TitleGenre"}, {"genre": {"text": "Comedy", "__typename": "GenreItem"}, "__typename": "TitleGenre"}, {"genre": {"text": "Family", "__typename": "GenreItem"}, "__typename": "TitleGenre"}], "__typename": "TitleGenres"}, "canHaveEpisodes": false, "__typename": "Title"}, "__typename": "MoreLikeThisEdge"}], "__typename": "MoreLikeThisConnection"}, "triviaTotal": {"total": 182, "__typename": "TriviaConnection"}, "trivia": {"edges": [{"node": {"text": {"plaidHtml": "Pixar chose to portray the film&#39;s main character as a musician, because they wanted a &quot;profession the audience could root for,&quot; and settled for a musician after trying for a scientist, which &quot;[didn&#39;t feel] so naturally pure as a musician&#39;s life.&quot; <a class=\"ipc-md-link ipc-md-link--entity\" href=\"/name/nm0230032/?ref_=tt_dyk_trv\">Pete Docter</a> described Soul as &quot;an exploration of: Where should your focus be? What are the things that, at the end of the day, are really going to be the important things that you look back on and go, &#39;I spent a worthy amount of my limited time on Earth worrying or focused on that&#39;?&quot;", "__typename": "Markdown"}, "trademark": null, "relatedNames": null, "__typename": "TitleTrivia"}, "__typename": "TriviaEdge"}], "__typename": "TriviaConnection"}, "goofsTotal": {"total": 17, "__typename": "GoofConnection"}, "goofs": {"edges": [{"node": {"text": {"plaidHtml": "(at around 37 mins) When Joe gets into the cat soul they wonder what happened to its actual soul. It is then showed that the cat&#39;s soul is on its way to the beyond, implying the cat died. When Joe gets his body back the cat is seen alive and well (at around 1h 12 mins), which makes no sense since the cat is dead. However, cats have nine lives.", "__typename": "Markdown"}, "__typename": "Goof"}, "__typename": "GoofEdge"}], "__typename": "GoofConnection"}, "quotesTotal": {"total": 51, "__typename": "TitleQuoteConnection"}, "quotes": {"edges": [{"node": {"lines": [{"characters": [{"character": "Dorothea", "name": {"id": "nm0000291", "__typename": "Name"}, "__typename": "TitleQuoteCharacter"}], "text": "What's wrong, Teach?", "stageDirection": null, "__typename": "TitleQuoteLine"}, {"characters": [{"character": "Joe", "name": {"id": "nm0004937", "__typename": "Name"}, "__typename": "TitleQuoteCharacter"}], "text": "It's just I've been waiting on this day for... my entire life. I thought I'd feel different.", "stageDirection": null, "__typename": "TitleQuoteLine"}, {"characters": [{"character": "Dorothea", "name": {"id": "nm0000291", "__typename": "Name"}, "__typename": "TitleQuoteCharacter"}], "text": "I heard this story about a fish. He swims up to this older fish and says, \"I'm trying to find this thing they call the ocean.\" \"The ocean?\" says the older fish. \"That's what you're in right now.\" \"This?\" says the young fish. \"This is water. What I want is the ocean.\"", "stageDirection": "beat", "__typename": "TitleQuoteLine"}, {"characters": null, "text": null, "stageDirection": "Joe just stares, bewildered", "__typename": "TitleQuoteLine"}, {"characters": [{"character": "Dorothea", "name": {"id": "nm0000291", "__typename": "Name"}, "__typename": "TitleQuoteCharacter"}], "text": "See you tomorrow.", "stageDirection": null, "__typename": "TitleQuoteLine"}], "__typename": "TitleQuote"}, "__typename": "TitleQuoteEdge"}], "__typename": "TitleQuoteConnection"}, "crazyCredits": {"edges": [{"node": {"text": {"plaidHtml": "There is a dedication in the closing credits: &quot;Dedicated to all the mentors in our lives.&quot;", "__typename": "Markdown"}, "__typename": "CrazyCredit"}, "__typename": "CrazyCreditEdge"}], "__typename": "CrazyCreditConnection"}, "alternateVersions": {"total": 1, "edges": [{"node": {"text": {"plaidHtml": "The movie&#39;s Disney+ release adds the Disney+ Original logo at the beginning.", "__typename": "Markdown"}, "__typename": "AlternateVersion"}, "__typename": "AlternateVersionEdge"}], "__typename": "AlternateVersionConnection"}, "connections": {"edges": [{"node": {"associatedTitle": {"id": "tt10538760", "releaseYear": {"year": 2019, "__typename": "YearRange"}, "titleText": {"text": "Trolls: Infinity Strings", "__typename": "TitleText"}, "originalTitleText": {"text": "Trolls: Infinity Strings", "__typename": "TitleText"}, "series": {"series": {"titleText": {"text": "AniMat's Crazy Cartoon Cast", "__typename": "TitleText"}, "originalTitleText": {"text": "AniMat's Crazy Cartoon Cast", "__typename": "TitleText"}, "__typename": "Title"}, "__typename": "Series"}, "__typename": "Title"}, "category": {"text": "Featured in", "__typename": "TitleConnectionCategory"}, "__typename": "TitleConnection"}, "__typename": "TitleConnectionEdge"}], "__typename": "TitleConnectionConnection"}, "soundtrack": {"edges": [{"node": {"text": "Things Ain't What They Used to Be", "comments": [{"plaidHtml": "(Instrumental)", "__typename": "Markdown"}, {"plaidHtml": "Written by <a class=\"ipc-md-link ipc-md-link--entity\" href=\"/name/nm0254160/?ref_=tt_dyk_snd\">Mercer Ellington</a>", "__typename": "Markdown"}], "__typename": "Track"}, "__typename": "SoundtrackEdge"}], "__typename": "SoundtrackConnection"}, "titleText": {"text": "Soul", "__typename": "TitleText"}, "originalTitleText": {"text": "Soul", "__typename": "TitleText"}, "releaseYear": {"year": 2020, "__typename": "YearRange"}, "reviews": {"total": 1849, "__typename": "ReviewsConnection"}, "featuredReviews": {"edges": [{"node": {"id": "rw6399179", "author": {"nickName": "Xstal", "userId": "ur4103165", "__typename": "UserProfile"}, "summary": {"originalText": "Life Affirming, Every Minute of it...", "__typename": "ReviewSummary"}, "text": {"originalText": {"plaidHtml": "There are times during the first quarter when you may believe someone&#39;s spiked your drink with an hallucinogenic as Disney&#39;s innovative way of capturing our entrance and exit to the world is developed but, as you will find, this is a film to get you thinking and, more importantly, thinking about yourself - reflecting so to speak. Delivered with the usual Pixar excellence, if this doesn&#39;t make you realise that tomorrow is the first day of the rest of your life then rewind, pause and start again, because the message is universally important to all - and that includes you!!!", "__typename": "Markdown"}, "__typename": "ReviewText"}, "authorRating": 9, "submissionDate": "2020-12-25", "helpfulness": {"upVotes": 376, "downVotes": 86, "__typename": "ReviewHelpfulness"}, "__typename": "Review"}, "__typename": "ReviewEdge"}], "__typename": "ReviewsConnection"}, "canRate": {"isRatable": true, "__typename": "CanRate"}, "iframeAddReviewLink": {"url": "https://contribute.imdb.com/review/tt2948372/add?bus=imdb&return_url=https%3A%2F%2Fwww.imdb.com%2Fclose_me&site=web", "__typename": "ContributionLink"}, "topQuestions": {"total": 19, "edges": [{"node": {"attributeId": "run-time", "question": {"plainText": "How long is Soul?", "__typename": "Markdown"}, "__typename": "AlexaQuestion"}, "__typename": "AlexaQuestionEdge"}], "__typename": "AlexaQuestionConnection"}, "faqs": {"total": 5, "edges": [{"node": {"id": "fq0118255", "question": {"plainText": "When will they release this film on DVD?", "__typename": "Markdown"}, "__typename": "Faq"}, "__typename": "FaqEdge"}, {"node": {"id": "fq0121055", "question": {"plainText": "Is Joe really the first person to ever reject being dead?", "__typename": "Markdown"}, "__typename": "Faq"}, "__typename": "FaqEdge"}, {"node": {"id": "fq0121540", "question": {"plainText": "What do the lost souls mean by \"Make a trade\", which they spookily repeat over and over again?", "__typename": "Markdown"}, "__typename": "Faq"}, "__typename": "FaqEdge"}], "__typename": "FaqConnection"}, "releaseDate": {"day": 25, "month": 12, "year": 2020, "country": {"id": "IN", "text": "India", "__typename": "LocalizedDisplayableCountry"}, "__typename": "ReleaseDate"}, "countriesOfOrigin": {"countries": [{"id": "US", "text": "United States", "__typename": "CountryOfOrigin"}], "__typename": "CountriesOfOrigin"}, "detailsExternalLinks": {"edges": [{"node": {"url": "https://www.facebook.com/pixarsoul/", "label": "Facebook", "externalLinkRegion": null, "__typename": "ExternalLink"}, "__typename": "ExternalLinkEdge"}, {"node": {"url": "https://www.instagram.com/pixarsoul/", "label": "Instagram", "externalLinkRegion": null, "__typename": "ExternalLink"}, "__typename": "ExternalLinkEdge"}], "total": 5, "__typename": "ExternalLinkConnection"}, "spokenLanguages": {"spokenLanguages": [{"id": "en", "text": "English", "__typename": "SpokenLanguage"}, {"id": "ko", "text": "Korean", "__typename": "SpokenLanguage"}, {"id": "iu", "text": "Inuktitut", "__typename": "SpokenLanguage"}], "__typename": "SpokenLanguages"}, "akas": {"edges": [{"node": {"text": "\u0414\u0443\u0448\u0435\u0432\u043d\u0438 \u0441\u0432\u0435\u0442", "__typename": "Aka"}, "__typename": "AkaEdge"}], "__typename": "AkaConnection"}, "filmingLocations": {"edges": [{"node": {"text": "Walt Disney Feature Animation - 500 S. Buena Vista Street, Burbank, California, USA", "location": "Walt Disney Feature Animation - 500 S. Buena Vista Street, Burbank, California, USA", "attributes": [{"text": "Studio", "__typename": "DisplayableAttribute"}], "__typename": "FilmingLocation"}, "__typename": "FilmingLocationEdge"}], "total": 4, "__typename": "FilmingLocationConnection"}, "production": {"edges": [{"node": {"company": {"id": "co0008970", "companyText": {"text": "Walt Disney Pictures", "__typename": "CompanyText"}, "__typename": "Company"}, "__typename": "CompanyCredit"}, "__typename": "CompanyCreditEdge"}, {"node": {"company": {"id": "co0017902", "companyText": {"text": "Pixar Animation Studios", "__typename": "CompanyText"}, "__typename": "Company"}, "__typename": "CompanyCredit"}, "__typename": "CompanyCreditEdge"}], "__typename": "CompanyCreditConnection"}, "companies": {"total": 36, "__typename": "CompanyCreditConnection"}, "productionBudget": null, "lifetimeGross": {"total": {"amount": 946154, "currency": "USD", "__typename": "Money"}, "__typename": "BoxOfficeGross"}, "openingWeekendGross": {"gross": {"total": {"amount": 431840, "currency": "USD", "__typename": "Money"}, "__typename": "BoxOfficeGross"}, "weekendEndDate": "2024-01-14", "__typename": "OpeningWeekendGross"}, "worldwideGross": {"total": {"amount": 121977511, "currency": "USD", "__typename": "Money"}, "__typename": "BoxOfficeGross"}, "technicalSpecifications": {"soundMixes": {"items": [{"id": "dolby_atmos", "text": "Dolby Atmos", "attributes": [], "__typename": "SoundMix"}, {"id": "dolby_surround 7.1", "text": "Dolby Surround 7.1", "attributes": [], "__typename": "SoundMix"}, {"id": "12_track_digital sound", "text": "12-Track Digital Sound", "attributes": [], "__typename": "SoundMix"}, {"id": "dolby_digital", "text": "Dolby Digital", "attributes": [], "__typename": "SoundMix"}], "__typename": "SoundMixes"}, "aspectRatios": {"items": [{"aspectRatio": "2.39 : 1", "attributes": [], "__typename": "AspectRatio"}], "__typename": "AspectRatios"}, "colorations": {"items": [{"conceptId": "color", "text": "Color", "attributes": [], "__typename": "Coloration"}], "__typename": "Colorations"}, "__typename": "TechnicalSpecifications"}, "runtime": {"seconds": 6000, "__typename": "Runtime"}, "series": null, "canHaveEpisodes": false, "contributionQuestions": {"contributionLink": {"url": "https://contribute.imdb.com/answers", "__typename": "ContributionQuestionsLink"}, "edges": [], "__typename": "QuestionConnection"}, "__typename": "Title"}}