{"ok": true, "error_code": 200, "description": "", "short": {"@context": "https://schema.org", "@type": "Movie", "url": "https://www.imdb.com/title/tt3262342/", "name": "Loving Vincent", "image": "https://m.media-amazon.com/images/M/MV5BMTU3NjE2NjgwN15BMl5BanBnXkFtZTgwNDYzMzEwMzI@._V1_.jpg", "description": "In a story depicted in oil painted animation, a young man comes to the last hometown of painter Vincent van Gogh to deliver the troubled artist&apos;s final letter and ends up investigating his final days there.", "review": {"@type": "Review", "itemReviewed": {"@type": "Movie", "url": "https://www.imdb.com/title/tt3262342/"}, "author": {"@type": "Person", "name": "CynthiaMargaretWebb"}, "dateCreated": "2017-09-20", "inLanguage": "English", "name": "Van Gogh&apos;s art comes alive", "reviewBody": "This beautiful work has made history in the genre of Animation cinema - a precious gift from devoted film-makers. The story is well known - a matter of history. Vincent painted the portrait of Joseph Roulin, Postmaster of Arles. The film tells us the story of Vincent&apos;s life and last months before his death on 29 July, 1890 (aged 37) from a self-inflicted gun-shot wound, via the device of the postmaster&apos;s son being sent on a mission to deliver a letter from Vincent to his brother, which has been returned. Vincent and his brother Theo were very close, and Theo supported Vincent with regular gifts of money, and painting canvas and tubes of paint. The postmaster Roulin knew and loved Vincent, because these two loving brothers kept up a very frequent correspondence. These letters have been published elsewhere and make very moving reading. The son of Roulin goes to Paris, and to Auvers-sur-Oise where Vincent had been in care after he had an emotional breakdown, and talks to people who knew him. He is at first unwilling, but becomes interested, then passionate to find out the truth of the man whom he is now starting to fully appreciate. The remarkable aspect of this film is that the entire story, 95 minutes of it, is told in hand-painted oil paintings, done in the style of Vincent&apos;s own work. Scenes begin with an image that Vincent himself painted and if viewers are familiar with all his works, they will recognize the people and the places. But now they are moving, they are speaking, they are telling their stories, and their impressions of Vincent, the man. Some were fond of him, some ridiculed him. There are various points of view.\n\nTechnically the film &quot;Loving Vincent&quot; is a wonder of animation. One hundred artists in two countries, (Poland and Greece) working in Vincent&apos;s own style contributed full colour paintings for &quot;the present&quot; and black and white paintings for &quot;the past&quot; as the story is being told by the people who knew Vincent.\n\nThe film is made up of 853 &apos;shots&apos;, and each one began with a first frame of a full painting on canvas board. As the animation photography was done in 12 frames per second, the first painting, would then be photographed, then painted over, with each gradual change to certain details or all of it, until the last frame of the shot. (This is in place of the use of animation cels, which could not be applied in this style of work.) At the end of the &apos;shot&apos; the film-makers were left with an oil-painting on canvas board, of the last frame. So at the end of filming 853 paintings remained, and 200 are being auctioned off, and many have already sold, (as can be seen from the films own website) although at the time of writing the film has not yet premiered in the USA. The size of the works was usually 67cm by 49cm. Bear in mind that for one hour of film, 43,200 paintings were required, and you will begin to see the extraordinary ambition of this project. Additionally 90 design paintings were created in the planning stages during the year before shooting started. The purpose of these was to define the style in which the artists would all re-create Vincent&apos;s style of painting and make it move, live and breathe. 65,000 painted frames in oils were made for the whole film. The story moves along briskly and is full of wonderful characters (the people in Vincent&apos;s life). The dialogue of the characters is full of expression, as are the faces, and the characters have been created to really &quot;live&quot; for us. This was done by casting well known and excellent actors in the main roles, and filming them in live-action, then using those &apos;normal&apos; cinematic images for a basis of the key paintings for each &apos;shot&apos;. As the film went on, I recognized (from other films) certain of the painted faces of the real actors, who are also giving voice to the painted characters on the soundtrack. This type of animation has never been done before, and as it took seven years to make the film, it might never be done again. The ingenious planning of how to actually do it is brilliant and has been a great success.\n\nVincent, who suffered, from what we now call bi-polar disease, was an intelligent, deeply sensitive man, who had a sad childhood in a strict bourgeouis family, and was something of a misfit. He showed immense natural art talent. This can be seen clearly and unmistakably by looking at his early drawing. Later he used brush techniques that imitated the &apos;signature marks&apos; in his pen and ink works. He was understood and saw visual texture.\n\nFrom Paris Vincent went to Provence, and lived in Arles. He begged his friend Gaugin to come and join him. Vincent was over-joyed but after a few months, things went wrong between them, and Vincent seemed to become very distressed. When Gaugin departed, he was inconsolable. After the famous incident of cutting of his own ear in his distress, he went into care of Dr Gachet in Auvers, where he found a kindred spirit in Gachet, who loved art, and recovered. There he did quite a few more strong drawings and paintings. Vincent saw the world in a kind of almost violent motion and most of his works, drawings and paintings show this. It&apos;s as if the wind was visible to him in the air itself, not only in the resulting movements of trees, and fields of grain, or the moving sea.\n\nHe never sold a painting in his own lifetime, but gave away some, and sent many to his brother Theo who attempted to sell them in his Paris art gallery. And yet now his works hold the record as being the most expensive ever sold \u2013 which happened in modern times.", "reviewRating": {"@type": "Rating", "worstRating": 1, "bestRating": 10, "ratingValue": 9}}, "aggregateRating": {"@type": "AggregateRating", "ratingCount": 64931, "bestRating": 10, "worstRating": 1, "ratingValue": 7.8}, "contentRating": "UA", "genre": ["Animation", "Drama", "Mystery"], "datePublished": "2017-10-27", "keywords": "painting,artist,death,doctor,suicide", "trailer": {"@type": "VideoObject", "name": "Official Trailer", "embedUrl": "https://www.imdb.com/video/imdb/vi1862449433", "thumbnail": {"@type": "ImageObject", "contentUrl": "https://m.media-amazon.com/images/M/MV5BY2JjZTIyYmQtNmQ0Yy00YTM2LTliNTgtYjRlMDcxN2ZjYmFlXkEyXkFqcGdeQXVyMTkxNjUyNQ@@._V1_.jpg"}, "thumbnailUrl": "https://m.media-amazon.com/images/M/MV5BY2JjZTIyYmQtNmQ0Yy00YTM2LTliNTgtYjRlMDcxN2ZjYmFlXkEyXkFqcGdeQXVyMTkxNjUyNQ@@._V1_.jpg", "url": "https://www.imdb.com/video/vi1862449433/", "description": "On 27th July 1890 a gaunt figure stumbled down a drowsy high street at twilight in the small French country town of Auvers. The man was carrying nothing; his hands clasped to a fresh bullet wound leaking blood from his belly. This was Vincent van Gogh, then a little known artist; now the most famous artist in the world. His tragic death has long been known, what has remained a mystery is how and why he came to be shot. &apos;Loving Vincent&apos; tells that story.", "duration": "PT1M44S", "uploadDate": "2017-09-01T07:21:01Z"}, "actor": [{"@type": "Person", "url": "https://www.imdb.com/name/nm3150488/", "name": "Douglas Booth"}, {"@type": "Person", "url": "https://www.imdb.com/name/nm0283492/", "name": "Jerome Flynn"}, {"@type": "Person", "url": "https://www.imdb.com/name/nm7956813/", "name": "Robert Gulaczyk"}], "director": [{"@type": "Person", "url": "https://www.imdb.com/name/nm3699790/", "name": "DK Welchman"}, {"@type": "Person", "url": "https://www.imdb.com/name/nm1364790/", "name": "Hugh Welchman"}], "creator": [{"@type": "Organization", "url": "https://www.imdb.com/company/co0451431/"}, {"@type": "Organization", "url": "https://www.imdb.com/company/co0230546/"}, {"@type": "Organization", "url": "https://www.imdb.com/company/co0296441/"}, {"@type": "Person", "url": "https://www.imdb.com/name/nm3699790/", "name": "DK Welchman"}, {"@type": "Person", "url": "https://www.imdb.com/name/nm1364790/", "name": "Hugh Welchman"}, {"@type": "Person", "url": "https://www.imdb.com/name/nm7974908/", "name": "Jacek Dehnel"}], "duration": "PT1H34M"}, "imdbId": "tt3262342", "top": {"id": "tt3262342", "productionStatus": {"currentProductionStage": {"id": "released", "text": "Released", "__typename": "ProductionStage"}, "productionStatusHistory": [{"status": {"id": "pre_production", "text": "Pre-production", "__typename": "ProductionStatus"}, "__typename": "ProductionStatusHistory"}, {"status": {"id": "development_unknown", "text": "Development Unknown", "__typename": "ProductionStatus"}, "__typename": "ProductionStatusHistory"}, {"status": {"id": "development_unknown", "text": "Development Unknown", "__typename": "ProductionStatus"}, "__typename": "ProductionStatusHistory"}, {"status": {"id": "filming", "text": "Filming", "__typename": "ProductionStatus"}, "__typename": "ProductionStatusHistory"}, {"status": {"id": "post_production", "text": "Post-production", "__typename": "ProductionStatus"}, "__typename": "ProductionStatusHistory"}, {"status": {"id": "released", "text": "Released", "__typename": "ProductionStatus"}, "__typename": "ProductionStatusHistory"}], "restriction": null, "__typename": "ProductionStatusDetails"}, "canHaveEpisodes": false, "series": null, "titleText": {"text": "Loving Vincent", "__typename": "TitleText"}, "titleType": {"displayableProperty": {"value": {"plainText": "", "__typename": "Markdown"}, "__typename": "DisplayableTitleTypeProperty"}, "text": "Movie", "id": "movie", "isSeries": false, "isEpisode": false, "categories": [{"value": "movie", "__typename": "TitleTypeCategory"}], "canHaveEpisodes": false, "__typename": "TitleType"}, "originalTitleText": {"text": "Loving Vincent", "__typename": "TitleText"}, "certificate": {"rating": "UA", "__typename": "Certificate"}, "releaseYear": {"year": 2017, "endYear": null, "__typename": "YearRange"}, "releaseDate": {"day": 27, "month": 10, "year": 2017, "__typename": "ReleaseDate"}, "runtime": {"seconds": 5640, "displayableProperty": {"value": {"plainText": "1h 34m", "__typename": "Markdown"}, "__typename": "DisplayableTitleRuntimeProperty"}, "__typename": "Runtime"}, "canRate": {"isRatable": true, "__typename": "CanRate"}, "ratingsSummary": {"aggregateRating": 7.8, "voteCount": 64931, "__typename": "RatingsSummary"}, "meterRanking": null, "primaryImage": {"id": "rm2265132032", "width": 1000, "height": 1464, "url": "https://m.media-amazon.com/images/M/MV5BMTU3NjE2NjgwN15BMl5BanBnXkFtZTgwNDYzMzEwMzI@._V1_.jpg", "caption": {"plainText": "Robert Gulaczyk in Loving Vincent (2017)", "__typename": "Markdown"}, "__typename": "Image"}, "images": {"total": 452, "edges": [{"node": {"id": "rm2677973761", "__typename": "Image"}, "__typename": "ImageEdge"}], "__typename": "ImageConnection"}, "videos": {"total": 1, "__typename": "TitleRelatedVideosConnection"}, "primaryVideos": {"edges": [{"node": {"id": "vi1862449433", "createdDate": "2017-09-01T07:21:01Z", "isMature": false, "runtime": {"value": 104, "__typename": "VideoRuntime"}, "name": {"value": "Official Trailer", "language": "en", "__typename": "LocalizedString"}, "description": {"value": "On 27th July 1890 a gaunt figure stumbled down a drowsy high street at twilight in the small French country town of Auvers. The man was carrying nothing; his hands clasped to a fresh bullet wound leaking blood from his belly. This was Vincent van Gogh, then a little known artist; now the most famous artist in the world. His tragic death has long been known, what has remained a mystery is how and why he came to be shot. 'Loving Vincent' tells that story.", "language": "en", "__typename": "LocalizedString"}, "timedTextTracks": [], "recommendedTimedTextTrack": null, "thumbnail": {"url": "https://m.media-amazon.com/images/M/MV5BY2JjZTIyYmQtNmQ0Yy00YTM2LTliNTgtYjRlMDcxN2ZjYmFlXkEyXkFqcGdeQXVyMTkxNjUyNQ@@._V1_.jpg", "height": 720, "width": 1280, "__typename": "Thumbnail"}, "primaryTitle": {"id": "tt3262342", "titleText": {"text": "Loving Vincent", "__typename": "TitleText"}, "originalTitleText": {"text": "Loving Vincent", "__typename": "TitleText"}, "releaseYear": {"year": 2017, "__typename": "YearRange"}, "__typename": "Title"}, "playbackURLs": [{"displayName": {"value": "480p", "language": "en-US", "__typename": "LocalizedString"}, "videoMimeType": "MP4", "videoDefinition": "DEF_480p", "url": "https://imdb-video.media-imdb.com/vi1862449433/1434659607842-pgv4ql-1504250462859.mp4?Expires=1730927255&Signature=IGrNJ8Z8wlWDgGc9otUgGhwTonrccb6YZS-mT6a-K6uPNTjy5P7o4LbufMtkAxOTeKmsTm3yxcsZ64-dRpIotoLhrtIzltu0g2ih124fN~RFA~4fNGNuxO2KTIg1vMv-5gvUhcNYvMgeAf6Pgu5DaMA0sUiVBGVMD4~DbNpBIxCuefUzmswAY47Dy9~40uVpxfyoiqtKVdvxT0pByfVVFaAXRbqX7HkG4TD2klLCRJZb6KtwZRLS1xEm1SIrMWukN5XVc-dyKiUXdg7c0sCw1ing8O-8W~uL-isb1aZpkvlW9trwPBIspjTen6uJ5A0H9ayPJSPihbbECYaGHDH0KQ__&Key-Pair-Id=APKAIFLZBVQZ24NQH3KA", "__typename": "PlaybackURL"}, {"displayName": {"value": "SD", "language": "en-US", "__typename": "LocalizedString"}, "videoMimeType": "MP4", "videoDefinition": "DEF_SD", "url": "https://imdb-video.media-imdb.com/vi1862449433/1434659454657-dx9ykf-1504250462859.mp4?Expires=1730927255&Signature=KdZNrYFSxUc4LnyXqQzv2S76ehHu54aZDLBip4EFUERAK8rvx2N-YaVj~NmQiIaF8WXbODsI7uZ5w4cSC7Z41d1TTo8ykg9xl1RflC132EXudy4a4ikhaRaxxr8VnPWVDxylHujpsTk6~Q8x8bCTZFcZM0oQoFkMk5YgtyNaoSkww5ObIMRdY7xYiVwJw4afcnXgSYapOqSgMBeWQuy66ohEBsCHxaGLyd6ed8sLSAlQJ0dvB6dl8OV~ik3HL50cM3wqHh16qTZvGpdpBNKIlwyBhT-qibt5r2ie-nz~mcOzqX64nA7OZnrFlhYNBlgcPnzL4wt2Ti~buEHIAK-CNQ__&Key-Pair-Id=APKAIFLZBVQZ24NQH3KA", "__typename": "PlaybackURL"}], "contentType": {"id": "amzn1.imdb.video.contenttype.trailer", "displayName": {"value": "Trailer", "__typename": "LocalizedString"}, "__typename": "VideoContentType"}, "previewURLs": [{"displayName": {"value": "AUTO", "language": "en-US", "__typename": "LocalizedString"}, "videoMimeType": "M3U8", "videoDefinition": "DEF_AUTO", "url": "https://imdb-video.media-imdb.com/vi1862449433/hls-preview-12270021-aeca-48c3-8eb9-f2b1ac6c30c8.m3u8?Expires=1730927255&Signature=HtsaXHNZptYJv0~EsHMglWRf3rId8V4lLz70gPg1T9HSEoqcUfclyIjnrrdrh6svZU5M0N~eF5xyEnpavRfM64ZrpdB~~i-QR~nwy7cQFzPJWUdmFETUSHk-gi-cmJMs7tF0NGho93d2mf9Z86mvOoEUbvQs9K1mRxq8kV-XVoC6p3NIz6NK0iIHdXsviI51xVm3K0cTEc77fBm6pVoz32s0XmwdV4KvjWA99CbZfm1Ru-xg~Z~YPP4lzofxMX37ITF~yf6QUKqX~UWI0RqJuWHiqIroKPai0-RDzDLrlV6CEQqnVWWge465gRJE9TJJjzkigMNSwDPqkTymOfST5A__&Key-Pair-Id=APKAIFLZBVQZ24NQH3KA", "__typename": "PlaybackURL"}], "__typename": "Video"}, "__typename": "VideoEdge"}], "__typename": "VideoConnection"}, "externalLinks": {"total": 261, "__typename": "ExternalLinkConnection"}, "metacritic": {"metascore": {"score": 62, "__typename": "Metascore"}, "__typename": "Metacritic"}, "keywords": {"total": 256, "edges": [{"node": {"text": "painting", "__typename": "TitleKeyword"}, "__typename": "TitleKeywordEdge"}, {"node": {"text": "artist", "__typename": "TitleKeyword"}, "__typename": "TitleKeywordEdge"}, {"node": {"text": "death", "__typename": "TitleKeyword"}, "__typename": "TitleKeywordEdge"}, {"node": {"text": "doctor", "__typename": "TitleKeyword"}, "__typename": "TitleKeywordEdge"}, {"node": {"text": "suicide", "__typename": "TitleKeyword"}, "__typename": "TitleKeywordEdge"}], "__typename": "TitleKeywordConnection"}, "isAdult": false, "genres": {"genres": [{"text": "Animation", "id": "Animation", "__typename": "Genre"}, {"text": "Drama", "id": "Drama", "__typename": "Genre"}, {"text": "Mystery", "id": "Mystery", "__typename": "Genre"}], "__typename": "Genres"}, "interests": {"edges": [{"node": {"id": "in0000025", "primaryText": {"text": "Adult Animation", "__typename": "InterestText"}, "__typename": "Interest"}, "__typename": "InterestEdge"}, {"node": {"id": "in0000026", "primaryText": {"text": "Animation", "__typename": "InterestText"}, "__typename": "Interest"}, "__typename": "InterestEdge"}, {"node": {"id": "in0000076", "primaryText": {"text": "Drama", "__typename": "InterestText"}, "__typename": "Interest"}, "__typename": "InterestEdge"}, {"node": {"id": "in0000139", "primaryText": {"text": "Mystery", "__typename": "InterestText"}, "__typename": "Interest"}, "__typename": "InterestEdge"}], "__typename": "InterestConnection"}, "plot": {"plotText": {"plainText": "In a story depicted in oil painted animation, a young man comes to the last hometown of painter Vincent van Gogh to deliver the troubled artist's final letter and ends up investigating his final days there.", "__typename": "Markdown"}, "language": {"id": "en-US", "__typename": "DisplayableLanguage"}, "__typename": "Plot"}, "plotContributionLink": {"url": "https://contribute.imdb.com/updates?update=tt3262342:outlines.add.1.locale~en-US", "__typename": "ContributionLink"}, "credits": {"total": 429, "__typename": "CreditConnection"}, "principalCredits": [{"totalCredits": 2, "category": {"text": "Directors", "id": "director", "__typename": "CreditCategory"}, "credits": [{"name": {"nameText": {"text": "DK Welchman", "__typename": "NameText"}, "id": "nm3699790", "__typename": "Name"}, "attributes": null, "__typename": "Crew"}, {"name": {"nameText": {"text": "Hugh Welchman", "__typename": "NameText"}, "id": "nm1364790", "__typename": "Name"}, "attributes": null, "__typename": "Crew"}], "__typename": "PrincipalCreditsForCategory"}, {"totalCredits": 3, "category": {"text": "Writers", "id": "writer", "__typename": "CreditCategory"}, "credits": [{"name": {"nameText": {"text": "DK Welchman", "__typename": "NameText"}, "id": "nm3699790", "__typename": "Name"}, "attributes": null, "__typename": "Crew"}, {"name": {"nameText": {"text": "Hugh Welchman", "__typename": "NameText"}, "id": "nm1364790", "__typename": "Name"}, "attributes": null, "__typename": "Crew"}, {"name": {"nameText": {"text": "Jacek Dehnel", "__typename": "NameText"}, "id": "nm7974908", "__typename": "Name"}, "attributes": null, "__typename": "Crew"}], "__typename": "PrincipalCreditsForCategory"}, {"totalCredits": 33, "category": {"text": "Stars", "id": "cast", "__typename": "CreditCategory"}, "credits": [{"name": {"nameText": {"text": "Douglas Booth", "__typename": "NameText"}, "id": "nm3150488", "__typename": "Name"}, "attributes": [{"text": "voice", "__typename": "MiscellaneousCreditAttribute"}], "__typename": "Cast"}, {"name": {"nameText": {"text": "Jerome Flynn", "__typename": "NameText"}, "id": "nm0283492", "__typename": "Name"}, "attributes": [{"text": "voice", "__typename": "MiscellaneousCreditAttribute"}], "__typename": "Cast"}, {"name": {"nameText": {"text": "Robert Gulaczyk", "__typename": "NameText"}, "id": "nm7956813", "__typename": "Name"}, "attributes": [{"text": "voice", "__typename": "MiscellaneousCreditAttribute"}], "__typename": "Cast"}], "__typename": "PrincipalCreditsForCategory"}], "reviews": {"total": 251, "__typename": "ReviewsConnection"}, "criticReviewsTotal": {"total": 191, "__typename": "ExternalLinkConnection"}, "triviaTotal": {"total": 11, "__typename": "TriviaConnection"}, "engagementStatistics": {"watchlistStatistics": {"displayableCount": {"text": "Added by 134K users", "__typename": "LocalizedDisplayableCount"}, "__typename": "WatchlistStatistics"}, "__typename": "EngagementStatistics"}, "subNavCredits": {"total": 429, "__typename": "CreditConnection"}, "subNavReviews": {"total": 251, "__typename": "ReviewsConnection"}, "subNavTrivia": {"total": 11, "__typename": "TriviaConnection"}, "subNavFaqs": {"total": 3, "__typename": "FaqConnection"}, "subNavTopQuestions": {"total": 18, "__typename": "AlexaQuestionConnection"}, "titleGenres": {"genres": [{"genre": {"text": "Animation", "__typename": "GenreItem"}, "__typename": "TitleGenre"}, {"genre": {"text": "Drama", "__typename": "GenreItem"}, "__typename": "TitleGenre"}, {"genre": {"text": "Mystery", "__typename": "GenreItem"}, "__typename": "TitleGenre"}], "__typename": "TitleGenres"}, "meta": {"canonicalId": "tt3262342", "publicationStatus": "PUBLISHED", "__typename": "TitleMeta"}, "castPageTitle": {"edges": [{"node": {"name": {"id": "nm3150488", "nameText": {"text": "Douglas Booth", "__typename": "NameText"}, "__typename": "Name"}, "__typename": "Cast"}, "__typename": "CreditEdge"}, {"node": {"name": {"id": "nm3917744", "nameText": {"text": "Josh Burdett", "__typename": "NameText"}, "__typename": "Name"}, "__typename": "Cast"}, "__typename": "CreditEdge"}, {"node": {"name": {"id": "nm0247237", "nameText": {"text": "Holly Earl", "__typename": "NameText"}, "__typename": "Name"}, "__typename": "Cast"}, "__typename": "CreditEdge"}, {"node": {"name": {"id": "nm4531192", "nameText": {"text": "Robin Hodges", "__typename": "NameText"}, "__typename": "Name"}, "__typename": "Cast"}, "__typename": "CreditEdge"}], "__typename": "CreditConnection"}, "creatorsPageTitle": [], "directorsPageTitle": [{"credits": [{"name": {"id": "nm3699790", "nameText": {"text": "DK Welchman", "__typename": "NameText"}, "__typename": "Name"}, "__typename": "Crew"}, {"name": {"id": "nm1364790", "nameText": {"text": "Hugh Welchman", "__typename": "NameText"}, "__typename": "Name"}, "__typename": "Crew"}], "__typename": "PrincipalCreditsForCategory"}], "countriesOfOrigin": {"countries": [{"id": "PL", "__typename": "CountryOfOrigin"}], "__typename": "CountriesOfOrigin"}, "production": {"edges": [{"node": {"company": {"id": "co0451431", "companyText": {"text": "BreakThru Productions", "__typename": "CompanyText"}, "__typename": "Company"}, "__typename": "CompanyCredit"}, "__typename": "CompanyCreditEdge"}, {"node": {"company": {"id": "co0230546", "companyText": {"text": "Trademark Films", "__typename": "CompanyText"}, "__typename": "Company"}, "__typename": "CompanyCredit"}, "__typename": "CompanyCreditEdge"}, {"node": {"company": {"id": "co0296441", "companyText": {"text": "Silver Reel", "__typename": "CompanyText"}, "__typename": "Company"}, "__typename": "CompanyCredit"}, "__typename": "CompanyCreditEdge"}], "__typename": "CompanyCreditConnection"}, "featuredReviews": {"edges": [{"node": {"author": {"nickName": "CynthiaMargaretWebb", "__typename": "UserProfile"}, "summary": {"originalText": "Van Gogh's art comes alive", "__typename": "ReviewSummary"}, "text": {"originalText": {"plainText": "This beautiful work has made history in the genre of Animation cinema - a precious gift from devoted film-makers. The story is well known - a matter of history. Vincent painted the portrait of Joseph Roulin, Postmaster of Arles. The film tells us the story of Vincent's life and last months before his death on 29 July, 1890 (aged 37) from a self-inflicted gun-shot wound, via the device of the postmaster's son being sent on a mission to deliver a letter from Vincent to his brother, which has been returned. Vincent and his brother Theo were very close, and Theo supported Vincent with regular gifts of money, and painting canvas and tubes of paint. The postmaster Roulin knew and loved Vincent, because these two loving brothers kept up a very frequent correspondence. These letters have been published elsewhere and make very moving reading. The son of Roulin goes to Paris, and to Auvers-sur-Oise where Vincent had been in care after he had an emotional breakdown, and talks to people who knew him. He is at first unwilling, but becomes interested, then passionate to find out the truth of the man whom he is now starting to fully appreciate. The remarkable aspect of this film is that the entire story, 95 minutes of it, is told in hand-painted oil paintings, done in the style of Vincent's own work. Scenes begin with an image that Vincent himself painted and if viewers are familiar with all his works, they will recognize the people and the places. But now they are moving, they are speaking, they are telling their stories, and their impressions of Vincent, the man. Some were fond of him, some ridiculed him. There are various points of view.\n\nTechnically the film \"Loving Vincent\" is a wonder of animation. One hundred artists in two countries, (Poland and Greece) working in Vincent's own style contributed full colour paintings for \"the present\" and black and white paintings for \"the past\" as the story is being told by the people who knew Vincent.\n\nThe film is made up of 853 'shots', and each one began with a first frame of a full painting on canvas board. As the animation photography was done in 12 frames per second, the first painting, would then be photographed, then painted over, with each gradual change to certain details or all of it, until the last frame of the shot. (This is in place of the use of animation cels, which could not be applied in this style of work.) At the end of the 'shot' the film-makers were left with an oil-painting on canvas board, of the last frame. So at the end of filming 853 paintings remained, and 200 are being auctioned off, and many have already sold, (as can be seen from the films own website) although at the time of writing the film has not yet premiered in the USA. The size of the works was usually 67cm by 49cm. Bear in mind that for one hour of film, 43,200 paintings were required, and you will begin to see the extraordinary ambition of this project. Additionally 90 design paintings were created in the planning stages during the year before shooting started. The purpose of these was to define the style in which the artists would all re-create Vincent's style of painting and make it move, live and breathe. 65,000 painted frames in oils were made for the whole film. The story moves along briskly and is full of wonderful characters (the people in Vincent's life). The dialogue of the characters is full of expression, as are the faces, and the characters have been created to really \"live\" for us. This was done by casting well known and excellent actors in the main roles, and filming them in live-action, then using those 'normal' cinematic images for a basis of the key paintings for each 'shot'. As the film went on, I recognized (from other films) certain of the painted faces of the real actors, who are also giving voice to the painted characters on the soundtrack. This type of animation has never been done before, and as it took seven years to make the film, it might never be done again. The ingenious planning of how to actually do it is brilliant and has been a great success.\n\nVincent, who suffered, from what we now call bi-polar disease, was an intelligent, deeply sensitive man, who had a sad childhood in a strict bourgeouis family, and was something of a misfit. He showed immense natural art talent. This can be seen clearly and unmistakably by looking at his early drawing. Later he used brush techniques that imitated the 'signature marks' in his pen and ink works. He was understood and saw visual texture.\n\nFrom Paris Vincent went to Provence, and lived in Arles. He begged his friend Gaugin to come and join him. Vincent was over-joyed but after a few months, things went wrong between them, and Vincent seemed to become very distressed. When Gaugin departed, he was inconsolable. After the famous incident of cutting of his own ear in his distress, he went into care of Dr Gachet in Auvers, where he found a kindred spirit in Gachet, who loved art, and recovered. There he did quite a few more strong drawings and paintings. Vincent saw the world in a kind of almost violent motion and most of his works, drawings and paintings show this. It's as if the wind was visible to him in the air itself, not only in the resulting movements of trees, and fields of grain, or the moving sea.\n\nHe never sold a painting in his own lifetime, but gave away some, and sent many to his brother Theo who attempted to sell them in his Paris art gallery. And yet now his works hold the record as being the most expensive ever sold \u2013 which happened in modern times.", "__typename": "Markdown"}, "__typename": "ReviewText"}, "authorRating": 9, "submissionDate": "2017-09-20", "__typename": "Review"}, "__typename": "ReviewEdge"}], "__typename": "ReviewsConnection"}, "__typename": "Title"}, "main": {"id": "tt3262342", "wins": {"total": 23, "__typename": "AwardNominationConnection"}, "nominationsExcludeWins": {"total": 54, "__typename": "AwardNominationConnection"}, "prestigiousAwardSummary": {"nominations": 1, "wins": 0, "award": {"text": "Oscar", "id": "aw0000016", "event": {"id": "ev0000003", "__typename": "AwardsEvent"}, "__typename": "AwardDetails"}, "__typename": "PrestigiousAwardSummary"}, "ratingsSummary": {"topRanking": {"id": "topRated:tt3262342:en_US", "text": {"value": "Top Rated", "__typename": "LocalizedString"}, "rank": 728, "__typename": "TopRanking"}, "__typename": "RatingsSummary"}, "episodes": null, "videos": {"total": 1, "__typename": "TitleRelatedVideosConnection"}, "videoStrip": {"edges": [{"node": {"id": "vi1862449433", "contentType": {"displayName": {"value": "Trailer", "__typename": "LocalizedString"}, "__typename": "VideoContentType"}, "name": {"value": "Official Trailer", "__typename": "LocalizedString"}, "runtime": {"value": 104, "__typename": "VideoRuntime"}, "thumbnail": {"height": 720, "url": "https://m.media-amazon.com/images/M/MV5BY2JjZTIyYmQtNmQ0Yy00YTM2LTliNTgtYjRlMDcxN2ZjYmFlXkEyXkFqcGdeQXVyMTkxNjUyNQ@@._V1_.jpg", "width": 1280, "__typename": "Thumbnail"}, "__typename": "Video"}, "__typename": "VideoEdge"}], "__typename": "VideoConnection"}, "titleMainImages": {"total": 452, "edges": [{"node": {"id": "rm2677973761", "url": "https://m.media-amazon.com/images/M/MV5BNzI1ZGExNjctMGEyNi00NDk4LTkyZjYtMDA3ODhiNWRmYThiXkEyXkFqcGc@._V1_.jpg", "caption": {"plainText": "Loving Vincent (2017)", "__typename": "Markdown"}, "height": 452, "width": 320, "__typename": "Image"}, "__typename": "ImageEdge"}, {"node": {"id": "rm3268518657", "url": "https://m.media-amazon.com/images/M/MV5BMjJlZTI2YmQtZTQ5Ny00NWNlLTlkMTEtNGU3YWQ4ZThkN2UxXkEyXkFqcGc@._V1_.jpg", "caption": {"plainText": "Loving Vincent (2017)", "__typename": "Markdown"}, "height": 428, "width": 300, "__typename": "Image"}, "__typename": "ImageEdge"}, {"node": {"id": "rm2900271873", "url": "https://m.media-amazon.com/images/M/MV5BNmY4MmYzOGEtMjIzOC00NGFmLWFjYjAtNWJkMmM2OTFlMzdhXkEyXkFqcGc@._V1_.jpg", "caption": {"plainText": "Loving Vincent (2017)", "__typename": "Markdown"}, "height": 500, "width": 350, "__typename": "Image"}, "__typename": "ImageEdge"}, {"node": {"id": "rm3865944577", "url": "https://m.media-amazon.com/images/M/MV5BNDg3NTgzNjEtODg1Ny00YWIzLTk4ODItNDZiNjU5ZDYzZjk1XkEyXkFqcGc@._V1_.jpg", "caption": {"plainText": "Loving Vincent (2017)", "__typename": "Markdown"}, "height": 999, "width": 666, "__typename": "Image"}, "__typename": "ImageEdge"}, {"node": {"id": "rm3046613505", "url": "https://m.media-amazon.com/images/M/MV5BNTVkYmFkNzgtMjhmMC00NTlmLTg3NWYtOTIzN2YyZDM3NDI2XkEyXkFqcGc@._V1_.jpg", "caption": {"plainText": "Loving Vincent (2017)", "__typename": "Markdown"}, "height": 1080, "width": 792, "__typename": "Image"}, "__typename": "ImageEdge"}, {"node": {"id": "rm882352641", "url": "https://m.media-amazon.com/images/M/MV5BMmYyZDhhZGItOWJhNC00MWU2LTlmMWQtNGEzNDY5NDYwMjkzXkEyXkFqcGc@._V1_.jpg", "caption": {"plainText": "Loving Vincent (2017)", "__typename": "Markdown"}, "height": 3508, "width": 2480, "__typename": "Image"}, "__typename": "ImageEdge"}, {"node": {"id": "rm2576720385", "url": "https://m.media-amazon.com/images/M/MV5BYjQ1YmM5NGYtMmUyYi00YjEyLThmZTMtYzkyMWZlMzFmYjlmXkEyXkFqcGc@._V1_.jpg", "caption": {"plainText": "Loving Vincent (2017)", "__typename": "Markdown"}, "height": 1600, "width": 1131, "__typename": "Image"}, "__typename": "ImageEdge"}, {"node": {"id": "rm2509138688", "url": "https://m.media-amazon.com/images/M/MV5BM2UzN2E1MTQtODAwMi00OTExLWFkNjUtMjg4YWRmODM1OGE2XkEyXkFqcGc@._V1_.jpg", "caption": {"plainText": "Loving Vincent (2017)", "__typename": "Markdown"}, "height": 597, "width": 420, "__typename": "Image"}, "__typename": "ImageEdge"}, {"node": {"id": "rm2265132032", "url": "https://m.media-amazon.com/images/M/MV5BMTU3NjE2NjgwN15BMl5BanBnXkFtZTgwNDYzMzEwMzI@._V1_.jpg", "caption": {"plainText": "Robert Gulaczyk in Loving Vincent (2017)", "__typename": "Markdown"}, "height": 1464, "width": 1000, "__typename": "Image"}, "__typename": "ImageEdge"}, {"node": {"id": "rm338878976", "url": "https://m.media-amazon.com/images/M/MV5BMjE0Nzk2NTIyNl5BMl5BanBnXkFtZTgwMzU2ODcxNzE@._V1_.jpg", "caption": {"plainText": "Jerome Flynn, Eleanor Tomlinson, Douglas Booth, and Robert Gulaczyk in Loving Vincent (2017)", "__typename": "Markdown"}, "height": 1035, "width": 700, "__typename": "Image"}, "__typename": "ImageEdge"}, {"node": {"id": "rm2014016513", "url": "https://m.media-amazon.com/images/M/MV5BN2NjY2MyOTgtMjZhZi00NThhLWI0ZmQtNTFmYzdkN2UxN2VhXkEyXkFqcGc@._V1_.jpg", "caption": {"plainText": "Loving Vincent (2017)", "__typename": "Markdown"}, "height": 587, "width": 800, "__typename": "Image"}, "__typename": "ImageEdge"}, {"node": {"id": "rm1705650689", "url": "https://m.media-amazon.com/images/M/MV5BMjNhMzgxMDYtYmI5NS00NmQyLWFkOTUtMzg1MmQ4NTQ1NGRkXkEyXkFqcGc@._V1_.jpg", "caption": {"plainText": "Loving Vincent (2017)", "__typename": "Markdown"}, "height": 1080, "width": 1480, "__typename": "Image"}, "__typename": "ImageEdge"}, {"node": {"id": "rm1739205121", "url": "https://m.media-amazon.com/images/M/MV5BYzMwNmY5MGItYTdhYy00NDM5LThlODMtYzY1ZmFmOTgxYjc4XkEyXkFqcGc@._V1_.jpg", "caption": {"plainText": "Loving Vincent (2017)", "__typename": "Markdown"}, "height": 1080, "width": 1480, "__typename": "Image"}, "__typename": "ImageEdge"}], "__typename": "ImageConnection"}, "productionStatus": {"currentProductionStage": {"id": "released", "text": "Released", "__typename": "ProductionStage"}, "productionStatusHistory": [{"status": {"id": "pre_production", "text": "Pre-production", "__typename": "ProductionStatus"}, "__typename": "ProductionStatusHistory"}, {"status": {"id": "development_unknown", "text": "Development Unknown", "__typename": "ProductionStatus"}, "__typename": "ProductionStatusHistory"}, {"status": {"id": "development_unknown", "text": "Development Unknown", "__typename": "ProductionStatus"}, "__typename": "ProductionStatusHistory"}, {"status": {"id": "filming", "text": "Filming", "__typename": "ProductionStatus"}, "__typename": "ProductionStatusHistory"}, {"status": {"id": "post_production", "text": "Post-production", "__typename": "ProductionStatus"}, "__typename": "ProductionStatusHistory"}, {"status": {"id": "released", "text": "Released", "__typename": "ProductionStatus"}, "__typename": "ProductionStatusHistory"}], "restriction": null, "__typename": "ProductionStatusDetails"}, "primaryImage": {"id": "rm2265132032", "__typename": "Image"}, "inIframeAddLink": {"url": "https://contribute.imdb.com/image/tt3262342/add?bus=imdb&return_url=https%3A%2F%2Fwww.imdb.com%2Fclose_me&site=web", "__typename": "ContributionLink"}, "notInIframeAddLink": {"url": "https://contribute.imdb.com/image/tt3262342/add?bus=imdb&return_url=https%3A%2F%2Fwww.imdb.com%2Ftitle%2Ftt3262342%2F&site=mobile", "__typename": "ContributionLink"}, "titleType": {"id": "movie", "canHaveEpisodes": false, "__typename": "TitleType"}, "cast": {"total": 33, "edges": [{"node": {"name": {"id": "nm3150488", "nameText": {"text": "Douglas Booth", "__typename": "NameText"}, "primaryImage": {"url": "https://m.media-amazon.com/images/M/MV5BMjJiN2JiNzktYWZmZC00NDJjLWI2MTgtMjI3YjMzNDJkMGNjXkEyXkFqcGc@._V1_.jpg", "width": 1113, "height": 1435, "__typename": "Image"}, "__typename": "Name"}, "attributes": [{"text": "voice", "__typename": "MiscellaneousCreditAttribute"}], "category": {"id": "actor", "__typename": "CreditCategory"}, "characters": [{"name": "Armand Roulin", "__typename": "Character"}], "episodeCredits": {"total": 0, "yearRange": null, "__typename": "EpisodeCastConnection"}, "__typename": "Cast"}, "__typename": "CreditEdge"}, {"node": {"name": {"id": "nm0283492", "nameText": {"text": "Jerome Flynn", "__typename": "NameText"}, "primaryImage": {"url": "https://m.media-amazon.com/images/M/MV5BMjMxMTE3Nzg1N15BMl5BanBnXkFtZTgwNTc2MTk4MjI@._V1_.jpg", "width": 1365, "height": 2048, "__typename": "Image"}, "__typename": "Name"}, "attributes": [{"text": "voice", "__typename": "MiscellaneousCreditAttribute"}], "category": {"id": "actor", "__typename": "CreditCategory"}, "characters": [{"name": "Doctor Gachet", "__typename": "Character"}], "episodeCredits": {"total": 0, "yearRange": null, "__typename": "EpisodeCastConnection"}, "__typename": "Cast"}, "__typename": "CreditEdge"}, {"node": {"name": {"id": "nm7956813", "nameText": {"text": "Robert Gulaczyk", "__typename": "NameText"}, "primaryImage": {"url": "https://m.media-amazon.com/images/M/MV5BNjE5NjU3NTgtYzhiNS00NWZlLWE0ZDctNWRlZDBiMTlkZGVlXkEyXkFqcGc@._V1_.jpg", "width": 1825, "height": 2738, "__typename": "Image"}, "__typename": "Name"}, "attributes": [{"text": "voice", "__typename": "MiscellaneousCreditAttribute"}], "category": {"id": "actor", "__typename": "CreditCategory"}, "characters": [{"name": "Vincent van Gogh", "__typename": "Character"}], "episodeCredits": {"total": 0, "yearRange": null, "__typename": "EpisodeCastConnection"}, "__typename": "Cast"}, "__typename": "CreditEdge"}, {"node": {"name": {"id": "nm0567031", "nameText": {"text": "Helen McCrory", "__typename": "NameText"}, "primaryImage": {"url": "https://m.media-amazon.com/images/M/MV5BMTQ2MDM2OTU0MV5BMl5BanBnXkFtZTgwMDk2MTIzNTE@._V1_.jpg", "width": 2048, "height": 1373, "__typename": "Image"}, "__typename": "Name"}, "attributes": [{"text": "voice", "__typename": "MiscellaneousCreditAttribute"}], "category": {"id": "actress", "__typename": "CreditCategory"}, "characters": [{"name": "Louise Chevalier", "__typename": "Character"}], "episodeCredits": {"total": 0, "yearRange": null, "__typename": "EpisodeCastConnection"}, "__typename": "Cast"}, "__typename": "CreditEdge"}, {"node": {"name": {"id": "nm3917744", "nameText": {"text": "Josh Burdett", "__typename": "NameText"}, "primaryImage": {"url": "https://m.media-amazon.com/images/M/MV5BZjY2Zjg1MjMtMTk3Zi00NDk5LTlkNDYtOTM3NDkxMTJlMTZiXkEyXkFqcGc@._V1_CR299,250,3333,5000_.jpg", "width": 3333, "height": 5000, "__typename": "Image"}, "__typename": "Name"}, "attributes": [{"text": "voice", "__typename": "MiscellaneousCreditAttribute"}], "category": {"id": "actor", "__typename": "CreditCategory"}, "characters": [{"name": "The Zouave", "__typename": "Character"}], "episodeCredits": {"total": 0, "yearRange": null, "__typename": "EpisodeCastConnection"}, "__typename": "Cast"}, "__typename": "CreditEdge"}, {"node": {"name": {"id": "nm0247237", "nameText": {"text": "Holly Earl", "__typename": "NameText"}, "primaryImage": {"url": "https://m.media-amazon.com/images/M/MV5BMjBkZGYzNTYtNjcyNy00N2E5LTg1ZjgtMDA4NmIzNDc0ZmM3XkEyXkFqcGc@._V1_.jpg", "width": 4227, "height": 5284, "__typename": "Image"}, "__typename": "Name"}, "attributes": [{"text": "voice", "__typename": "MiscellaneousCreditAttribute"}], "category": {"id": "actress", "__typename": "CreditCategory"}, "characters": [{"name": "La Mousme", "__typename": "Character"}], "episodeCredits": {"total": 0, "yearRange": null, "__typename": "EpisodeCastConnection"}, "__typename": "Cast"}, "__typename": "CreditEdge"}, {"node": {"name": {"id": "nm4531192", "nameText": {"text": "Robin Hodges", "__typename": "NameText"}, "primaryImage": null, "__typename": "Name"}, "attributes": [{"text": "voice", "__typename": "MiscellaneousCreditAttribute"}], "category": {"id": "actor", "__typename": "CreditCategory"}, "characters": [{"name": "Lieutenant Milliet", "__typename": "Character"}], "episodeCredits": {"total": 0, "yearRange": null, "__typename": "EpisodeCastConnection"}, "__typename": "Cast"}, "__typename": "CreditEdge"}, {"node": {"name": {"id": "nm1483369", "nameText": {"text": "Chris O'Dowd", "__typename": "NameText"}, "primaryImage": {"url": "https://m.media-amazon.com/images/M/MV5BMTQ4MTQwNzk5NF5BMl5BanBnXkFtZTgwOTgzMDEwMTE@._V1_.jpg", "width": 1362, "height": 2048, "__typename": "Image"}, "__typename": "Name"}, "attributes": [{"text": "voice", "__typename": "MiscellaneousCreditAttribute"}], "category": {"id": "actor", "__typename": "CreditCategory"}, "characters": [{"name": "Postman Joseph Roulin", "__typename": "Character"}], "episodeCredits": {"total": 0, "yearRange": null, "__typename": "EpisodeCastConnection"}, "__typename": "Cast"}, "__typename": "CreditEdge"}, {"node": {"name": {"id": "nm0785938", "nameText": {"text": "John Sessions", "__typename": "NameText"}, "primaryImage": {"url": "https://m.media-amazon.com/images/M/MV5BMTQwOTgxOTU3Nl5BMl5BanBnXkFtZTcwNDI1MzkxOA@@._V1_.jpg", "width": 1423, "height": 2048, "__typename": "Image"}, "__typename": "Name"}, "attributes": [{"text": "voice", "__typename": "MiscellaneousCreditAttribute"}], "category": {"id": "actor", "__typename": "CreditCategory"}, "characters": [{"name": "Pere Tanguy", "__typename": "Character"}], "episodeCredits": {"total": 0, "yearRange": null, "__typename": "EpisodeCastConnection"}, "__typename": "Cast"}, "__typename": "CreditEdge"}, {"node": {"name": {"id": "nm1870434", "nameText": {"text": "Eleanor Tomlinson", "__typename": "NameText"}, "primaryImage": {"url": "https://m.media-amazon.com/images/M/MV5BODVjZmY3NWYtMGZiMS00ZjU3LWI1ZGUtZDUyZjQwYmFkOTUwXkEyXkFqcGc@._V1_.jpg", "width": 3712, "height": 5568, "__typename": "Image"}, "__typename": "Name"}, "attributes": [{"text": "voice", "__typename": "MiscellaneousCreditAttribute"}], "category": {"id": "actress", "__typename": "CreditCategory"}, "characters": [{"name": "Adeline Ravoux", "__typename": "Character"}], "episodeCredits": {"total": 0, "yearRange": null, "__typename": "EpisodeCastConnection"}, "__typename": "Cast"}, "__typename": "CreditEdge"}, {"node": {"name": {"id": "nm2636108", "nameText": {"text": "Aidan Turner", "__typename": "NameText"}, "primaryImage": {"url": "https://m.media-amazon.com/images/M/MV5BM2IwZTRlZWQtYzZkZi00MzMxLThlZGEtMTA3NGNjNmI0MjRhXkEyXkFqcGc@._V1_.jpg", "width": 2004, "height": 2690, "__typename": "Image"}, "__typename": "Name"}, "attributes": [{"text": "voice", "__typename": "MiscellaneousCreditAttribute"}], "category": {"id": "actor", "__typename": "CreditCategory"}, "characters": [{"name": "The Boatman", "__typename": "Character"}], "episodeCredits": {"total": 0, "yearRange": null, "__typename": "EpisodeCastConnection"}, "__typename": "Cast"}, "__typename": "CreditEdge"}, {"node": {"name": {"id": "nm1519680", "nameText": {"text": "Saoirse Ronan", "__typename": "NameText"}, "primaryImage": {"url": "https://m.media-amazon.com/images/M/MV5BMjExNTM5NDE4NV5BMl5BanBnXkFtZTcwNzczMzEzOQ@@._V1_.jpg", "width": 1361, "height": 2048, "__typename": "Image"}, "__typename": "Name"}, "attributes": [{"text": "voice", "__typename": "MiscellaneousCreditAttribute"}], "category": {"id": "actress", "__typename": "CreditCategory"}, "characters": [{"name": "Marguerite Gachet", "__typename": "Character"}], "episodeCredits": {"total": 0, "yearRange": null, "__typename": "EpisodeCastConnection"}, "__typename": "Cast"}, "__typename": "CreditEdge"}, {"node": {"name": {"id": "nm7778431", "nameText": {"text": "Joe Stuckey", "__typename": "NameText"}, "primaryImage": null, "__typename": "Name"}, "attributes": [{"text": "voice", "__typename": "MiscellaneousCreditAttribute"}], "category": {"id": "actor", "__typename": "CreditCategory"}, "characters": [{"name": "Young Man with a Cornflower", "__typename": "Character"}], "episodeCredits": {"total": 0, "yearRange": null, "__typename": "EpisodeCastConnection"}, "__typename": "Cast"}, "__typename": "CreditEdge"}, {"node": {"name": {"id": "nm0338785", "nameText": {"text": "James Greene", "__typename": "NameText"}, "primaryImage": {"url": "https://m.media-amazon.com/images/M/MV5BMjE0NjA5NDIxMV5BMl5BanBnXkFtZTcwNzE5NDAxOA@@._V1_.jpg", "width": 346, "height": 419, "__typename": "Image"}, "__typename": "Name"}, "attributes": [{"text": "voice", "__typename": "MiscellaneousCreditAttribute"}], "category": {"id": "actor", "__typename": "CreditCategory"}, "characters": [{"name": "Old Peasant", "__typename": "Character"}], "episodeCredits": {"total": 0, "yearRange": null, "__typename": "EpisodeCastConnection"}, "__typename": "Cast"}, "__typename": "CreditEdge"}, {"node": {"name": {"id": "nm0378832", "nameText": {"text": "Martin Herdman", "__typename": "NameText"}, "primaryImage": {"url": "https://m.media-amazon.com/images/M/MV5BMTc0MzNjNzEtZWZkNS00YThiLWI2ZDQtYTdhZDcxMzRkZjMwXkEyXkFqcGc@._V1_.jpg", "width": 2532, "height": 1170, "__typename": "Image"}, "__typename": "Name"}, "attributes": [{"text": "voice", "__typename": "MiscellaneousCreditAttribute"}], "category": {"id": "actor", "__typename": "CreditCategory"}, "characters": [{"name": "Gendarme Rigaumon", "__typename": "Character"}], "episodeCredits": {"total": 0, "yearRange": null, "__typename": "EpisodeCastConnection"}, "__typename": "Cast"}, "__typename": "CreditEdge"}, {"node": {"name": {"id": "nm0858530", "nameText": {"text": "Bill Thomas", "__typename": "NameText"}, "primaryImage": null, "__typename": "Name"}, "attributes": [{"text": "voice", "__typename": "MiscellaneousCreditAttribute"}], "category": {"id": "actor", "__typename": "CreditCategory"}, "characters": [{"name": "Doctor Mazery", "__typename": "Character"}], "episodeCredits": {"total": 0, "yearRange": null, "__typename": "EpisodeCastConnection"}, "__typename": "Cast"}, "__typename": "CreditEdge"}, {"node": {"name": {"id": "nm3292529", "nameText": {"text": "Piotr Pamula", "__typename": "NameText"}, "primaryImage": null, "__typename": "Name"}, "attributes": [{"text": "voice", "__typename": "MiscellaneousCreditAttribute"}], "category": {"id": "actor", "__typename": "CreditCategory"}, "characters": [{"name": "Paul Gaugin", "__typename": "Character"}], "episodeCredits": {"total": 0, "yearRange": null, "__typename": "EpisodeCastConnection"}, "__typename": "Cast"}, "__typename": "CreditEdge"}, {"node": {"name": {"id": "nm2021835", "nameText": {"text": "Cezary Lukaszewicz", "__typename": "NameText"}, "primaryImage": {"url": "https://m.media-amazon.com/images/M/MV5BZDlhY2M5YjItYTY4ZC00MzM0LTgzNGYtZjc2NTA5MGViY2E4XkEyXkFqcGc@._V1_.jpg", "width": 625, "height": 932, "__typename": "Image"}, "__typename": "Name"}, "attributes": [{"text": "voice", "__typename": "MiscellaneousCreditAttribute"}], "category": {"id": "actor", "__typename": "CreditCategory"}, "characters": [{"name": "Theo van Gogh", "__typename": "Character"}], "episodeCredits": {"total": 0, "yearRange": null, "__typename": "EpisodeCastConnection"}, "__typename": "Cast"}, "__typename": "CreditEdge"}], "__typename": "CreditConnection"}, "creators": [], "directors": [{"totalCredits": 2, "category": {"text": "Directors", "id": "director", "__typename": "CreditCategory"}, "credits": [{"name": {"id": "nm3699790", "nameText": {"text": "DK Welchman", "__typename": "NameText"}, "__typename": "Name"}, "__typename": "Crew"}, {"name": {"id": "nm1364790", "nameText": {"text": "Hugh Welchman", "__typename": "NameText"}, "__typename": "Name"}, "__typename": "Crew"}], "__typename": "PrincipalCreditsForCategory"}], "writers": [{"totalCredits": 3, "category": {"text": "Writers", "id": "writer", "__typename": "CreditCategory"}, "credits": [{"name": {"id": "nm3699790", "nameText": {"text": "DK Welchman", "__typename": "NameText"}, "__typename": "Name"}, "__typename": "Crew"}, {"name": {"id": "nm1364790", "nameText": {"text": "Hugh Welchman", "__typename": "NameText"}, "__typename": "Name"}, "__typename": "Crew"}, {"name": {"id": "nm7974908", "nameText": {"text": "Jacek Dehnel", "__typename": "NameText"}, "__typename": "Name"}, "__typename": "Crew"}], "__typename": "PrincipalCreditsForCategory"}], "isAdult": false, "moreLikeThisTitles": {"edges": [{"node": {"id": "tt10651230", "titleText": {"text": "The Peasants", "__typename": "TitleText"}, "titleType": {"id": "movie", "text": "Movie", "canHaveEpisodes": false, "displayableProperty": {"value": {"plainText": "", "__typename": "Markdown"}, "__typename": "DisplayableTitleTypeProperty"}, "__typename": "TitleType"}, "originalTitleText": {"text": "Chlopi", "__typename": "TitleText"}, "primaryImage": {"id": "rm2529910785", "width": 1382, "height": 2048, "url": "https://m.media-amazon.com/images/M/MV5BYjM4N2VhZDgtMjU2MC00MjllLWI3MjctZmZjODFiNzMyNzJhXkEyXkFqcGc@._V1_.jpg", "caption": {"plainText": "Kamila Urzedowska in The Peasants (2023)", "__typename": "Markdown"}, "__typename": "Image"}, "releaseYear": {"year": 2023, "endYear": null, "__typename": "YearRange"}, "ratingsSummary": {"aggregateRating": 7.6, "voteCount": 6836, "__typename": "RatingsSummary"}, "runtime": {"seconds": 6840, "__typename": "Runtime"}, "certificate": {"rating": "R", "__typename": "Certificate"}, "canRate": {"isRatable": true, "__typename": "CanRate"}, "titleGenres": {"genres": [{"genre": {"text": "Animation", "__typename": "GenreItem"}, "__typename": "TitleGenre"}, {"genre": {"text": "Drama", "__typename": "GenreItem"}, "__typename": "TitleGenre"}, {"genre": {"text": "History", "__typename": "GenreItem"}, "__typename": "TitleGenre"}], "__typename": "TitleGenres"}, "canHaveEpisodes": false, "__typename": "Title"}, "__typename": "MoreLikeThisEdge"}, {"node": {"id": "tt6938828", "titleText": {"text": "At Eternity's Gate", "__typename": "TitleText"}, "titleType": {"id": "movie", "text": "Movie", "canHaveEpisodes": false, "displayableProperty": {"value": {"plainText": "", "__typename": "Markdown"}, "__typename": "DisplayableTitleTypeProperty"}, "__typename": "TitleType"}, "originalTitleText": {"text": "At Eternity's Gate", "__typename": "TitleText"}, "primaryImage": {"id": "rm2859170816", "width": 4050, "height": 6000, "url": "https://m.media-amazon.com/images/M/MV5BZWJkOWMyNTUtNTFmZi00ZmUyLWExZGQtMjYwOGRlNTQ1YTkwXkEyXkFqcGc@._V1_.jpg", "caption": {"plainText": "Willem Dafoe in At Eternity's Gate (2018)", "__typename": "Markdown"}, "__typename": "Image"}, "releaseYear": {"year": 2018, "endYear": null, "__typename": "YearRange"}, "ratingsSummary": {"aggregateRating": 6.9, "voteCount": 41254, "__typename": "RatingsSummary"}, "runtime": {"seconds": 6660, "__typename": "Runtime"}, "certificate": {"rating": "PG-13", "__typename": "Certificate"}, "canRate": {"isRatable": true, "__typename": "CanRate"}, "titleGenres": {"genres": [{"genre": {"text": "Biography", "__typename": "GenreItem"}, "__typename": "TitleGenre"}, {"genre": {"text": "Drama", "__typename": "GenreItem"}, "__typename": "TitleGenre"}, {"genre": {"text": "History", "__typename": "GenreItem"}, "__typename": "TitleGenre"}], "__typename": "TitleGenres"}, "canHaveEpisodes": false, "__typename": "Title"}, "__typename": "MoreLikeThisEdge"}, {"node": {"id": "tt1632679", "titleText": {"text": "Van Gogh: Painted with Words", "__typename": "TitleText"}, "titleType": {"id": "tvMovie", "text": "TV Movie", "canHaveEpisodes": false, "displayableProperty": {"value": {"plainText": "TV Movie", "__typename": "Markdown"}, "__typename": "DisplayableTitleTypeProperty"}, "__typename": "TitleType"}, "originalTitleText": {"text": "Van Gogh: Painted with Words", "__typename": "TitleText"}, "primaryImage": {"id": "rm2264663553", "width": 1000, "height": 1500, "url": "https://m.media-amazon.com/images/M/MV5BMTBiMWE3ZWEtY2E5Mi00ZjU3LTk0NmEtMWE2ZWUzMTJkYWVlXkEyXkFqcGc@._V1_.jpg", "caption": {"plainText": "Van Gogh: Painted with Words (2010)", "__typename": "Markdown"}, "__typename": "Image"}, "releaseYear": {"year": 2010, "endYear": null, "__typename": "YearRange"}, "ratingsSummary": {"aggregateRating": 7.9, "voteCount": 2758, "__typename": "RatingsSummary"}, "runtime": {"seconds": 4800, "__typename": "Runtime"}, "certificate": null, "canRate": {"isRatable": true, "__typename": "CanRate"}, "titleGenres": {"genres": [{"genre": {"text": "Documentary", "__typename": "GenreItem"}, "__typename": "TitleGenre"}, {"genre": {"text": "Biography", "__typename": "GenreItem"}, "__typename": "TitleGenre"}], "__typename": "TitleGenres"}, "canHaveEpisodes": false, "__typename": "Title"}, "__typename": "MoreLikeThisEdge"}, {"node": {"id": "tt9244638", "titleText": {"text": "Loving Vincent: The Impossible Dream", "__typename": "TitleText"}, "titleType": {"id": "tvMovie", "text": "TV Movie", "canHaveEpisodes": false, "displayableProperty": {"value": {"plainText": "TV Movie", "__typename": "Markdown"}, "__typename": "DisplayableTitleTypeProperty"}, "__typename": "TitleType"}, "originalTitleText": {"text": "Loving Vincent: The Impossible Dream", "__typename": "TitleText"}, "primaryImage": {"id": "rm346255360", "width": 1772, "height": 2500, "url": "https://m.media-amazon.com/images/M/MV5BODRiNGFhM2YtOTkwOC00MjYyLWJjYTctOWNmOWJiYjJiYjUwXkEyXkFqcGc@._V1_.jpg", "caption": {"plainText": "Robert Gulaczyk in Loving Vincent: The Impossible Dream (2019)", "__typename": "Markdown"}, "__typename": "Image"}, "releaseYear": {"year": 2019, "endYear": null, "__typename": "YearRange"}, "ratingsSummary": {"aggregateRating": 7.9, "voteCount": 336, "__typename": "RatingsSummary"}, "runtime": {"seconds": 3600, "__typename": "Runtime"}, "certificate": null, "canRate": {"isRatable": true, "__typename": "CanRate"}, "titleGenres": {"genres": [{"genre": {"text": "Documentary", "__typename": "GenreItem"}, "__typename": "TitleGenre"}, {"genre": {"text": "History", "__typename": "GenreItem"}, "__typename": "TitleGenre"}], "__typename": "TitleGenres"}, "canHaveEpisodes": false, "__typename": "Title"}, "__typename": "MoreLikeThisEdge"}, {"node": {"id": "tt0808417", "titleText": {"text": "Persepolis", "__typename": "TitleText"}, "titleType": {"id": "movie", "text": "Movie", "canHaveEpisodes": false, "displayableProperty": {"value": {"plainText": "", "__typename": "Markdown"}, "__typename": "DisplayableTitleTypeProperty"}, "__typename": "TitleType"}, "originalTitleText": {"text": "Persepolis", "__typename": "TitleText"}, "primaryImage": {"id": "rm3487646208", "width": 973, "height": 1443, "url": "https://m.media-amazon.com/images/M/MV5BNzk3NTI2NGUtNmM1Yy00YTRmLWE2YTItZTYyNGM0ZjdjOTliXkEyXkFqcGc@._V1_.jpg", "caption": {"plainText": "Persepolis (2007)", "__typename": "Markdown"}, "__typename": "Image"}, "releaseYear": {"year": 2007, "endYear": null, "__typename": "YearRange"}, "ratingsSummary": {"aggregateRating": 8, "voteCount": 101430, "__typename": "RatingsSummary"}, "runtime": {"seconds": 5760, "__typename": "Runtime"}, "certificate": {"rating": "12+", "__typename": "Certificate"}, "canRate": {"isRatable": true, "__typename": "CanRate"}, "titleGenres": {"genres": [{"genre": {"text": "Animation", "__typename": "GenreItem"}, "__typename": "TitleGenre"}, {"genre": {"text": "Biography", "__typename": "GenreItem"}, "__typename": "TitleGenre"}, {"genre": {"text": "Drama", "__typename": "GenreItem"}, "__typename": "TitleGenre"}], "__typename": "TitleGenres"}, "canHaveEpisodes": false, "__typename": "Title"}, "__typename": "MoreLikeThisEdge"}, {"node": {"id": "tt9806192", "titleText": {"text": "J'ai Perdu Mon Corps", "__typename": "TitleText"}, "titleType": {"id": "movie", "text": "Movie", "canHaveEpisodes": false, "displayableProperty": {"value": {"plainText": "", "__typename": "Markdown"}, "__typename": "DisplayableTitleTypeProperty"}, "__typename": "TitleType"}, "originalTitleText": {"text": "J'ai perdu mon corps", "__typename": "TitleText"}, "primaryImage": {"id": "rm2450033409", "width": 8500, "height": 11455, "url": "https://m.media-amazon.com/images/M/MV5BMzI5ZmNmMmUtYTc2NS00OTNjLThiNGQtYjRjMDJjYzk3ZWQyXkEyXkFqcGc@._V1_.jpg", "caption": {"plainText": "Patrick d'Assum\u00e7ao, Victoire Du Bois, and Hakim Faris in J'ai Perdu Mon Corps (2019)", "__typename": "Markdown"}, "__typename": "Image"}, "releaseYear": {"year": 2019, "endYear": null, "__typename": "YearRange"}, "ratingsSummary": {"aggregateRating": 7.5, "voteCount": 37229, "__typename": "RatingsSummary"}, "runtime": {"seconds": 4860, "__typename": "Runtime"}, "certificate": {"rating": "TV-MA", "__typename": "Certificate"}, "canRate": {"isRatable": true, "__typename": "CanRate"}, "titleGenres": {"genres": [{"genre": {"text": "Animation", "__typename": "GenreItem"}, "__typename": "TitleGenre"}, {"genre": {"text": "Drama", "__typename": "GenreItem"}, "__typename": "TitleGenre"}, {"genre": {"text": "Fantasy", "__typename": "GenreItem"}, "__typename": "TitleGenre"}], "__typename": "TitleGenres"}, "canHaveEpisodes": false, "__typename": "Title"}, "__typename": "MoreLikeThisEdge"}, {"node": {"id": "tt2321405", "titleText": {"text": "My Name Is Zucchini", "__typename": "TitleText"}, "titleType": {"id": "movie", "text": "Movie", "canHaveEpisodes": false, "displayableProperty": {"value": {"plainText": "", "__typename": "Markdown"}, "__typename": "DisplayableTitleTypeProperty"}, "__typename": "TitleType"}, "originalTitleText": {"text": "Ma vie de Courgette", "__typename": "TitleText"}, "primaryImage": {"id": "rm430825985", "width": 1284, "height": 1872, "url": "https://m.media-amazon.com/images/M/MV5BZmMyMTBmZmMtZjNiNS00OTBiLThjZjUtNDQwZTE4MGVjYTFiXkEyXkFqcGc@._V1_.jpg", "caption": {"plainText": "My Name Is Zucchini (2016)", "__typename": "Markdown"}, "__typename": "Image"}, "releaseYear": {"year": 2016, "endYear": null, "__typename": "YearRange"}, "ratingsSummary": {"aggregateRating": 7.8, "voteCount": 30130, "__typename": "RatingsSummary"}, "runtime": {"seconds": 3960, "__typename": "Runtime"}, "certificate": {"rating": "PG-13", "__typename": "Certificate"}, "canRate": {"isRatable": true, "__typename": "CanRate"}, "titleGenres": {"genres": [{"genre": {"text": "Animation", "__typename": "GenreItem"}, "__typename": "TitleGenre"}, {"genre": {"text": "Comedy", "__typename": "GenreItem"}, "__typename": "TitleGenre"}, {"genre": {"text": "Drama", "__typename": "GenreItem"}, "__typename": "TitleGenre"}], "__typename": "TitleGenres"}, "canHaveEpisodes": false, "__typename": "Title"}, "__typename": "MoreLikeThisEdge"}, {"node": {"id": "tt0775489", "titleText": {"text": "L'illusionniste", "__typename": "TitleText"}, "titleType": {"id": "movie", "text": "Movie", "canHaveEpisodes": false, "displayableProperty": {"value": {"plainText": "", "__typename": "Markdown"}, "__typename": "DisplayableTitleTypeProperty"}, "__typename": "TitleType"}, "originalTitleText": {"text": "L'illusionniste", "__typename": "TitleText"}, "primaryImage": {"id": "rm784238336", "width": 890, "height": 1322, "url": "https://m.media-amazon.com/images/M/MV5BMTg0MjI4MTcxMF5BMl5BanBnXkFtZTcwNTQ1ODUwNA@@._V1_.jpg", "caption": {"plainText": "L'illusionniste (2010)", "__typename": "Markdown"}, "__typename": "Image"}, "releaseYear": {"year": 2010, "endYear": null, "__typename": "YearRange"}, "ratingsSummary": {"aggregateRating": 7.5, "voteCount": 36797, "__typename": "RatingsSummary"}, "runtime": {"seconds": 4800, "__typename": "Runtime"}, "certificate": {"rating": "PG", "__typename": "Certificate"}, "canRate": {"isRatable": true, "__typename": "CanRate"}, "titleGenres": {"genres": [{"genre": {"text": "Animation", "__typename": "GenreItem"}, "__typename": "TitleGenre"}, {"genre": {"text": "Drama", "__typename": "GenreItem"}, "__typename": "TitleGenre"}, {"genre": {"text": "Fantasy", "__typename": "GenreItem"}, "__typename": "TitleGenre"}], "__typename": "TitleGenres"}, "canHaveEpisodes": false, "__typename": "Title"}, "__typename": "MoreLikeThisEdge"}, {"node": {"id": "tt5104604", "titleText": {"text": "Isle of Dogs", "__typename": "TitleText"}, "titleType": {"id": "movie", "text": "Movie", "canHaveEpisodes": false, "displayableProperty": {"value": {"plainText": "", "__typename": "Markdown"}, "__typename": "DisplayableTitleTypeProperty"}, "__typename": "TitleType"}, "originalTitleText": {"text": "Isle of Dogs", "__typename": "TitleText"}, "primaryImage": {"id": "rm1483320321", "width": 2000, "height": 3000, "url": "https://m.media-amazon.com/images/M/MV5BZTVmZWFmYWYtZTY1NC00Yjg5LTkxZGItZjhiYTExNTExNjA3XkEyXkFqcGc@._V1_.jpg", "caption": {"plainText": "Jeff Goldblum, Bill Murray, Bob Balaban, Edward Norton, Bryan Cranston, and Koyu Rankin in Isle of Dogs (2018)", "__typename": "Markdown"}, "__typename": "Image"}, "releaseYear": {"year": 2018, "endYear": null, "__typename": "YearRange"}, "ratingsSummary": {"aggregateRating": 7.8, "voteCount": 195256, "__typename": "RatingsSummary"}, "runtime": {"seconds": 6060, "__typename": "Runtime"}, "certificate": {"rating": "U", "__typename": "Certificate"}, "canRate": {"isRatable": true, "__typename": "CanRate"}, "titleGenres": {"genres": [{"genre": {"text": "Animation", "__typename": "GenreItem"}, "__typename": "TitleGenre"}, {"genre": {"text": "Adventure", "__typename": "GenreItem"}, "__typename": "TitleGenre"}, {"genre": {"text": "Comedy", "__typename": "GenreItem"}, "__typename": "TitleGenre"}], "__typename": "TitleGenres"}, "canHaveEpisodes": false, "__typename": "Title"}, "__typename": "MoreLikeThisEdge"}, {"node": {"id": "tt0286244", "titleText": {"text": "Les triplettes de Belleville", "__typename": "TitleText"}, "titleType": {"id": "movie", "text": "Movie", "canHaveEpisodes": false, "displayableProperty": {"value": {"plainText": "", "__typename": "Markdown"}, "__typename": "DisplayableTitleTypeProperty"}, "__typename": "TitleType"}, "originalTitleText": {"text": "Les triplettes de Belleville", "__typename": "TitleText"}, "primaryImage": {"id": "rm743123201", "width": 1521, "height": 2260, "url": "https://m.media-amazon.com/images/M/MV5BNGJhNjk2NjctZDdlOC00ZjUxLTljNGItMjI5MTBlZDc1NjViXkEyXkFqcGc@._V1_.jpg", "caption": {"plainText": "Les triplettes de Belleville (2003)", "__typename": "Markdown"}, "__typename": "Image"}, "releaseYear": {"year": 2003, "endYear": null, "__typename": "YearRange"}, "ratingsSummary": {"aggregateRating": 7.7, "voteCount": 57678, "__typename": "RatingsSummary"}, "runtime": {"seconds": 4800, "__typename": "Runtime"}, "certificate": {"rating": "PG-13", "__typename": "Certificate"}, "canRate": {"isRatable": true, "__typename": "CanRate"}, "titleGenres": {"genres": [{"genre": {"text": "Animation", "__typename": "GenreItem"}, "__typename": "TitleGenre"}, {"genre": {"text": "Adventure", "__typename": "GenreItem"}, "__typename": "TitleGenre"}, {"genre": {"text": "Comedy", "__typename": "GenreItem"}, "__typename": "TitleGenre"}], "__typename": "TitleGenres"}, "canHaveEpisodes": false, "__typename": "Title"}, "__typename": "MoreLikeThisEdge"}, {"node": {"id": "tt1605783", "titleText": {"text": "Midnight in Paris", "__typename": "TitleText"}, "titleType": {"id": "movie", "text": "Movie", "canHaveEpisodes": false, "displayableProperty": {"value": {"plainText": "", "__typename": "Markdown"}, "__typename": "DisplayableTitleTypeProperty"}, "__typename": "TitleType"}, "originalTitleText": {"text": "Midnight in Paris", "__typename": "TitleText"}, "primaryImage": {"id": "rm2452601600", "width": 890, "height": 1313, "url": "https://m.media-amazon.com/images/M/MV5BMTM4NjY1MDQwMl5BMl5BanBnXkFtZTcwNTI3Njg3NA@@._V1_.jpg", "caption": {"plainText": "Owen Wilson in Midnight in Paris (2011)", "__typename": "Markdown"}, "__typename": "Image"}, "releaseYear": {"year": 2011, "endYear": null, "__typename": "YearRange"}, "ratingsSummary": {"aggregateRating": 7.6, "voteCount": 455344, "__typename": "RatingsSummary"}, "runtime": {"seconds": 5640, "__typename": "Runtime"}, "certificate": {"rating": "PG-13", "__typename": "Certificate"}, "canRate": {"isRatable": true, "__typename": "CanRate"}, "titleGenres": {"genres": [{"genre": {"text": "Comedy", "__typename": "GenreItem"}, "__typename": "TitleGenre"}, {"genre": {"text": "Fantasy", "__typename": "GenreItem"}, "__typename": "TitleGenre"}, {"genre": {"text": "Romance", "__typename": "GenreItem"}, "__typename": "TitleGenre"}], "__typename": "TitleGenres"}, "canHaveEpisodes": false, "__typename": "Title"}, "__typename": "MoreLikeThisEdge"}, {"node": {"id": "tt4925292", "titleText": {"text": "Lady Bird", "__typename": "TitleText"}, "titleType": {"id": "movie", "text": "Movie", "canHaveEpisodes": false, "displayableProperty": {"value": {"plainText": "", "__typename": "Markdown"}, "__typename": "DisplayableTitleTypeProperty"}, "__typename": "TitleType"}, "originalTitleText": {"text": "Lady Bird", "__typename": "TitleText"}, "primaryImage": {"id": "rm98587392", "width": 2031, "height": 3000, "url": "https://m.media-amazon.com/images/M/MV5BNjk5MzcyOWQtNzE1Mi00NzdmLTlkM2QtOTdjZThhMDc2Y2NjXkEyXkFqcGc@._V1_.jpg", "caption": {"plainText": "Saoirse Ronan in Lady Bird (2017)", "__typename": "Markdown"}, "__typename": "Image"}, "releaseYear": {"year": 2017, "endYear": null, "__typename": "YearRange"}, "ratingsSummary": {"aggregateRating": 7.4, "voteCount": 342361, "__typename": "RatingsSummary"}, "runtime": {"seconds": 5640, "__typename": "Runtime"}, "certificate": {"rating": "A", "__typename": "Certificate"}, "canRate": {"isRatable": true, "__typename": "CanRate"}, "titleGenres": {"genres": [{"genre": {"text": "Comedy", "__typename": "GenreItem"}, "__typename": "TitleGenre"}, {"genre": {"text": "Drama", "__typename": "GenreItem"}, "__typename": "TitleGenre"}], "__typename": "TitleGenres"}, "canHaveEpisodes": false, "__typename": "Title"}, "__typename": "MoreLikeThisEdge"}], "__typename": "MoreLikeThisConnection"}, "triviaTotal": {"total": 11, "__typename": "TriviaConnection"}, "trivia": {"edges": [{"node": {"text": {"plaidHtml": "Each of this movie&#39;s 65,000 frames is an oil painting on canvas, using the same technique as Vincent van Gogh, created by a team of one hundred painters.", "__typename": "Markdown"}, "trademark": null, "relatedNames": null, "__typename": "TitleTrivia"}, "__typename": "TriviaEdge"}], "__typename": "TriviaConnection"}, "goofsTotal": {"total": 1, "__typename": "GoofConnection"}, "goofs": {"edges": [{"node": {"text": {"plaidHtml": "A fly can be seen for a frame, with it being stuck to the real life painting of the frame.", "__typename": "Markdown"}, "__typename": "Goof"}, "__typename": "GoofEdge"}], "__typename": "GoofConnection"}, "quotesTotal": {"total": 18, "__typename": "TitleQuoteConnection"}, "quotes": {"edges": [{"node": {"lines": [{"characters": [{"character": "Vincent van Gogh", "name": {"id": "nm7956813", "__typename": "Name"}, "__typename": "TitleQuoteCharacter"}], "text": "Who am I in the eyes of most people? A nobody, a non entity, an unpleasant person. Someone who has not, and never will have any position in society. In short, the lowest of the low. Well then even if that were all absolutely true, then one day I will have to show by my work what this nobody, this non entity has in his heart.", "stageDirection": null, "__typename": "TitleQuoteLine"}], "__typename": "TitleQuote"}, "__typename": "TitleQuoteEdge"}], "__typename": "TitleQuoteConnection"}, "crazyCredits": {"edges": [{"node": {"text": {"plaidHtml": "SPOILER: In the closing credits, the tableau for Dr. Gachet discusses the difficulty that experts had in distinguishing the genuine works painted by van Gogh from those painted by Dr. Gachet in the style of van Gogh.", "__typename": "Markdown"}, "__typename": "CrazyCredit"}, "__typename": "CrazyCreditEdge"}], "__typename": "CrazyCreditConnection"}, "alternateVersions": {"total": 0, "edges": [], "__typename": "AlternateVersionConnection"}, "connections": {"edges": [{"node": {"associatedTitle": {"id": "tt6635044", "releaseYear": {"year": 2018, "__typename": "YearRange"}, "titleText": {"text": "The 75th Annual Golden Globe Awards", "__typename": "TitleText"}, "originalTitleText": {"text": "The 75th Annual Golden Globe Awards", "__typename": "TitleText"}, "series": null, "__typename": "Title"}, "category": {"text": "Featured in", "__typename": "TitleConnectionCategory"}, "__typename": "TitleConnection"}, "__typename": "TitleConnectionEdge"}], "__typename": "TitleConnectionConnection"}, "soundtrack": {"edges": [{"node": {"text": "Vincent (Starry, Starry Night)", "comments": [{"plaidHtml": "Composed by <a class=\"ipc-md-link ipc-md-link--entity\" href=\"/name/nm0572534/?ref_=tt_dyk_snd\">Don McLean</a>", "__typename": "Markdown"}, {"plaidHtml": "Performed by <a class=\"ipc-md-link ipc-md-link--entity\" href=\"/name/nm5163434/?ref_=tt_dyk_snd\">Lianne La Havas</a>", "__typename": "Markdown"}], "__typename": "Track"}, "__typename": "SoundtrackEdge"}], "__typename": "SoundtrackConnection"}, "titleText": {"text": "Loving Vincent", "__typename": "TitleText"}, "originalTitleText": {"text": "Loving Vincent", "__typename": "TitleText"}, "releaseYear": {"year": 2017, "__typename": "YearRange"}, "reviews": {"total": 251, "__typename": "ReviewsConnection"}, "featuredReviews": {"edges": [{"node": {"id": "rw3810287", "author": {"nickName": "CynthiaMargaretWebb", "userId": "ur1027255", "__typename": "UserProfile"}, "summary": {"originalText": "Van Gogh's art comes alive", "__typename": "ReviewSummary"}, "text": {"originalText": {"plaidHtml": "This beautiful work has made history in the genre of Animation cinema - a precious gift from devoted film-makers. The story is well known - a matter of history. Vincent painted the portrait of Joseph Roulin, Postmaster of Arles. The film tells us the story of Vincent&#39;s life and last months before his death on 29 July, 1890 (aged 37) from a self-inflicted gun-shot wound, via the device of the postmaster&#39;s son being sent on a mission to deliver a letter from Vincent to his brother, which has been returned. Vincent and his brother Theo were very close, and Theo supported Vincent with regular gifts of money, and painting canvas and tubes of paint. The postmaster Roulin knew and loved Vincent, because these two loving brothers kept up a very frequent correspondence. These letters have been published elsewhere and make very moving reading. The son of Roulin goes to Paris, and to Auvers-sur-Oise where Vincent had been in care after he had an emotional breakdown, and talks to people who knew him. He is at first unwilling, but becomes interested, then passionate to find out the truth of the man whom he is now starting to fully appreciate. The remarkable aspect of this film is that the entire story, 95 minutes of it, is told in hand-painted oil paintings, done in the style of Vincent&#39;s own work. Scenes begin with an image that Vincent himself painted and if viewers are familiar with all his works, they will recognize the people and the places. But now they are moving, they are speaking, they are telling their stories, and their impressions of Vincent, the man. Some were fond of him, some ridiculed him. There are various points of view.<br/><br/>Technically the film &quot;Loving Vincent&quot; is a wonder of animation. One hundred artists in two countries, (Poland and Greece) working in Vincent&#39;s own style contributed full colour paintings for &quot;the present&quot; and black and white paintings for &quot;the past&quot; as the story is being told by the people who knew Vincent.<br/><br/>The film is made up of 853 &#39;shots&#39;, and each one began with a first frame of a full painting on canvas board. As the animation photography was done in 12 frames per second, the first painting, would then be photographed, then painted over, with each gradual change to certain details or all of it, until the last frame of the shot. (This is in place of the use of animation cels, which could not be applied in this style of work.) At the end of the &#39;shot&#39; the film-makers were left with an oil-painting on canvas board, of the last frame. So at the end of filming 853 paintings remained, and 200 are being auctioned off, and many have already sold, (as can be seen from the films own website) although at the time of writing the film has not yet premiered in the USA. The size of the works was usually 67cm by 49cm. Bear in mind that for one hour of film, 43,200 paintings were required, and you will begin to see the extraordinary ambition of this project. Additionally 90 design paintings were created in the planning stages during the year before shooting started. The purpose of these was to define the style in which the artists would all re-create Vincent&#39;s style of painting and make it move, live and breathe. 65,000 painted frames in oils were made for the whole film. The story moves along briskly and is full of wonderful characters (the people in Vincent&#39;s life). The dialogue of the characters is full of expression, as are the faces, and the characters have been created to really &quot;live&quot; for us. This was done by casting well known and excellent actors in the main roles, and filming them in live-action, then using those &#39;normal&#39; cinematic images for a basis of the key paintings for each &#39;shot&#39;. As the film went on, I recognized (from other films) certain of the painted faces of the real actors, who are also giving voice to the painted characters on the soundtrack. This type of animation has never been done before, and as it took seven years to make the film, it might never be done again. The ingenious planning of how to actually do it is brilliant and has been a great success.<br/><br/>Vincent, who suffered, from what we now call bi-polar disease, was an intelligent, deeply sensitive man, who had a sad childhood in a strict bourgeouis family, and was something of a misfit. He showed immense natural art talent. This can be seen clearly and unmistakably by looking at his early drawing. Later he used brush techniques that imitated the &#39;signature marks&#39; in his pen and ink works. He was understood and saw visual texture.<br/><br/>From Paris Vincent went to Provence, and lived in Arles. He begged his friend Gaugin to come and join him. Vincent was over-joyed but after a few months, things went wrong between them, and Vincent seemed to become very distressed. When Gaugin departed, he was inconsolable. After the famous incident of cutting of his own ear in his distress, he went into care of Dr Gachet in Auvers, where he found a kindred spirit in Gachet, who loved art, and recovered. There he did quite a few more strong drawings and paintings. Vincent saw the world in a kind of almost violent motion and most of his works, drawings and paintings show this. It&#39;s as if the wind was visible to him in the air itself, not only in the resulting movements of trees, and fields of grain, or the moving sea.<br/><br/>He never sold a painting in his own lifetime, but gave away some, and sent many to his brother Theo who attempted to sell them in his Paris art gallery. And yet now his works hold the record as being the most expensive ever sold \u2013 which happened in modern times.", "__typename": "Markdown"}, "__typename": "ReviewText"}, "authorRating": 9, "submissionDate": "2017-09-20", "helpfulness": {"upVotes": 155, "downVotes": 7, "__typename": "ReviewHelpfulness"}, "__typename": "Review"}, "__typename": "ReviewEdge"}], "__typename": "ReviewsConnection"}, "canRate": {"isRatable": true, "__typename": "CanRate"}, "iframeAddReviewLink": {"url": "https://contribute.imdb.com/review/tt3262342/add?bus=imdb&return_url=https%3A%2F%2Fwww.imdb.com%2Fclose_me&site=web", "__typename": "ContributionLink"}, "topQuestions": {"total": 18, "edges": [{"node": {"attributeId": "run-time", "question": {"plainText": "How long is Loving Vincent?", "__typename": "Markdown"}, "__typename": "AlexaQuestion"}, "__typename": "AlexaQuestionEdge"}], "__typename": "AlexaQuestionConnection"}, "faqs": {"total": 0, "edges": [], "__typename": "FaqConnection"}, "releaseDate": {"day": 27, "month": 10, "year": 2017, "country": {"id": "IN", "text": "India", "__typename": "LocalizedDisplayableCountry"}, "__typename": "ReleaseDate"}, "countriesOfOrigin": {"countries": [{"id": "PL", "text": "Poland", "__typename": "CountryOfOrigin"}, {"id": "GB", "text": "United Kingdom", "__typename": "CountryOfOrigin"}, {"id": "US", "text": "United States", "__typename": "CountryOfOrigin"}, {"id": "CH", "text": "Switzerland", "__typename": "CountryOfOrigin"}, {"id": "NL", "text": "Netherlands", "__typename": "CountryOfOrigin"}], "__typename": "CountriesOfOrigin"}, "detailsExternalLinks": {"edges": [{"node": {"url": "https://www.facebook.com/lovingvincentmovie", "label": "Official Facebook", "externalLinkRegion": null, "__typename": "ExternalLink"}, "__typename": "ExternalLinkEdge"}, {"node": {"url": "http://www.lovingvincent.com/", "label": "Official Site", "externalLinkRegion": null, "__typename": "ExternalLink"}, "__typename": "ExternalLinkEdge"}], "total": 4, "__typename": "ExternalLinkConnection"}, "spokenLanguages": {"spokenLanguages": [{"id": "en", "text": "English", "__typename": "SpokenLanguage"}], "__typename": "SpokenLanguages"}, "akas": {"edges": [{"node": {"text": "Vincent Th\u01b0\u01a1ng M\u1ebfn", "__typename": "Aka"}, "__typename": "AkaEdge"}], "__typename": "AkaConnection"}, "filmingLocations": {"edges": [{"node": {"text": "Wroclaw, Dolnoslaskie, Poland", "location": "Wroclaw, Dolnoslaskie, Poland", "attributes": [{"text": "Centrum Technologii Audiowizualnych", "__typename": "DisplayableAttribute"}], "__typename": "FilmingLocation"}, "__typename": "FilmingLocationEdge"}], "total": 2, "__typename": "FilmingLocationConnection"}, "production": {"edges": [{"node": {"company": {"id": "co0451431", "companyText": {"text": "BreakThru Productions", "__typename": "CompanyText"}, "__typename": "Company"}, "__typename": "CompanyCredit"}, "__typename": "CompanyCreditEdge"}, {"node": {"company": {"id": "co0230546", "companyText": {"text": "Trademark Films", "__typename": "CompanyText"}, "__typename": "Company"}, "__typename": "CompanyCredit"}, "__typename": "CompanyCreditEdge"}, {"node": {"company": {"id": "co0296441", "companyText": {"text": "Silver Reel", "__typename": "CompanyText"}, "__typename": "Company"}, "__typename": "CompanyCredit"}, "__typename": "CompanyCreditEdge"}], "__typename": "CompanyCreditConnection"}, "companies": {"total": 94, "__typename": "CompanyCreditConnection"}, "productionBudget": {"budget": {"amount": 5000000, "currency": "EUR", "__typename": "Money"}, "__typename": "ProductionBudget"}, "lifetimeGross": {"total": {"amount": 6735118, "currency": "USD", "__typename": "Money"}, "__typename": "BoxOfficeGross"}, "openingWeekendGross": {"gross": {"total": {"amount": 23180, "currency": "USD", "__typename": "Money"}, "__typename": "BoxOfficeGross"}, "weekendEndDate": "2017-09-24", "__typename": "OpeningWeekendGross"}, "worldwideGross": {"total": {"amount": 42187665, "currency": "USD", "__typename": "Money"}, "__typename": "BoxOfficeGross"}, "technicalSpecifications": {"soundMixes": {"items": [{"id": "dolby_digital", "text": "Dolby Digital", "attributes": [], "__typename": "SoundMix"}], "__typename": "SoundMixes"}, "aspectRatios": {"items": [{"aspectRatio": "1.33 : 1", "attributes": [], "__typename": "AspectRatio"}], "__typename": "AspectRatios"}, "colorations": {"items": [{"conceptId": "color", "text": "Color", "attributes": [], "__typename": "Coloration"}], "__typename": "Colorations"}, "__typename": "TechnicalSpecifications"}, "runtime": {"seconds": 5640, "__typename": "Runtime"}, "series": null, "canHaveEpisodes": false, "contributionQuestions": {"contributionLink": {"url": "https://contribute.imdb.com/answers", "__typename": "ContributionQuestionsLink"}, "edges": [{"node": {"entity": {"primaryImage": {"url": "https://m.media-amazon.com/images/M/MV5BMTU3NjE2NjgwN15BMl5BanBnXkFtZTgwNDYzMzEwMzI@._V1_.jpg", "width": 1000, "height": 1464, "caption": {"plainText": "Robert Gulaczyk in Loving Vincent (2017)", "__typename": "Markdown"}, "__typename": "Image"}, "__typename": "Title"}, "questionId": "tt3262342.release_date:streaming.CA", "questionText": {"plainText": "What is the streaming release date of Loving Vincent (2017) in Canada?", "__typename": "Markdown"}, "contributionLink": {"url": "https://contribute.imdb.com/answers?pinnedQuestion=tt3262342.release_date:streaming.CA", "__typename": "ContributionQuestionsLink"}, "__typename": "Question"}, "__typename": "QuestionEdge"}], "__typename": "QuestionConnection"}, "__typename": "Title"}}