{"ok": true, "error_code": 200, "description": "", "short": {"@context": "https://schema.org", "@type": "Movie", "url": "https://www.imdb.com/title/tt3450958/", "name": "War for the Planet of the Apes", "image": "https://m.media-amazon.com/images/M/MV5BZmVjYzEzZmQtMDMxYy00YWUwLWFiYTQtNzE5MzA5ZWVkYWI3XkEyXkFqcGc@._V1_.jpg", "description": "After the apes suffer unimaginable losses, Caesar wrestles with his darker instincts and begins his own mythic quest to avenge his kind.", "review": {"@type": "Review", "itemReviewed": {"@type": "Movie", "url": "https://www.imdb.com/title/tt3450958/"}, "author": {"@type": "Person", "name": "nicerep"}, "dateCreated": "2019-10-21", "inLanguage": "English", "name": "Someone has it in for the movie makers", "reviewBody": "A quick look at the bad reviews shows that most of them were written around the same time, mid July 2017 and most all of them are 1 star ratings, an obvious attack on the movie makers and nothing to do with the quality of the film. I urge you to ignore these fake reviews and read instead those written after the summer of 2017!", "reviewRating": {"@type": "Rating", "worstRating": 1, "bestRating": 10, "ratingValue": 10}}, "aggregateRating": {"@type": "AggregateRating", "ratingCount": 308785, "bestRating": 10, "worstRating": 1, "ratingValue": 7.4}, "contentRating": "UA", "genre": ["Action", "Adventure", "Drama"], "datePublished": "2017-07-14", "keywords": "ape,planet of the apes,slave labour,battle,journey", "trailer": {"@type": "VideoObject", "name": "So Emotional", "embedUrl": "https://www.imdb.com/video/imdb/vi4291213593", "thumbnail": {"@type": "ImageObject", "contentUrl": "https://m.media-amazon.com/images/M/MV5BMTc0OTc5ODY2MF5BMl5BanBnXkFtZTgwNzY4MDA5MjI@._V1_.jpg"}, "thumbnailUrl": "https://m.media-amazon.com/images/M/MV5BMTc0OTc5ODY2MF5BMl5BanBnXkFtZTgwNzY4MDA5MjI@._V1_.jpg", "url": "https://www.imdb.com/video/vi4291213593/", "description": "After the apes suffer unimaginable losses, Caesar wrestles with his darker instincts and begins his own mythic quest to avenge his kind.", "duration": "PT16S", "uploadDate": "2017-07-14T00:21:13Z"}, "actor": [{"@type": "Person", "url": "https://www.imdb.com/name/nm0785227/", "name": "Andy Serkis"}, {"@type": "Person", "url": "https://www.imdb.com/name/nm0000437/", "name": "Woody Harrelson"}, {"@type": "Person", "url": "https://www.imdb.com/name/nm0001872/", "name": "Steve Zahn"}], "director": [{"@type": "Person", "url": "https://www.imdb.com/name/nm0716257/", "name": "Matt Reeves"}], "creator": [{"@type": "Organization", "url": "https://www.imdb.com/company/co0000756/"}, {"@type": "Organization", "url": "https://www.imdb.com/company/co0286257/"}, {"@type": "Organization", "url": "https://www.imdb.com/company/co0420822/"}, {"@type": "Person", "url": "https://www.imdb.com/name/nm0093560/", "name": "Mark Bomback"}, {"@type": "Person", "url": "https://www.imdb.com/name/nm0716257/", "name": "Matt Reeves"}, {"@type": "Person", "url": "https://www.imdb.com/name/nm0415425/", "name": "Rick Jaffa"}], "duration": "PT2H20M"}, "imdbId": "tt3450958", "top": {"id": "tt3450958", "productionStatus": {"currentProductionStage": {"id": "released", "text": "Released", "__typename": "ProductionStage"}, "productionStatusHistory": [{"status": {"id": "treatment_outline", "text": "Treatment Outline", "__typename": "ProductionStatus"}, "__typename": "ProductionStatusHistory"}, {"status": {"id": "script", "text": "Script", "__typename": "ProductionStatus"}, "__typename": "ProductionStatusHistory"}, {"status": {"id": "pre_production", "text": "Pre-production", "__typename": "ProductionStatus"}, "__typename": "ProductionStatusHistory"}, {"status": {"id": "pre_production", "text": "Pre-production", "__typename": "ProductionStatus"}, "__typename": "ProductionStatusHistory"}, {"status": {"id": "filming", "text": "Filming", "__typename": "ProductionStatus"}, "__typename": "ProductionStatusHistory"}, {"status": {"id": "post_production", "text": "Post-production", "__typename": "ProductionStatus"}, "__typename": "ProductionStatusHistory"}, {"status": {"id": "post_production", "text": "Post-production", "__typename": "ProductionStatus"}, "__typename": "ProductionStatusHistory"}, {"status": {"id": "post_production", "text": "Post-production", "__typename": "ProductionStatus"}, "__typename": "ProductionStatusHistory"}, {"status": {"id": "completed", "text": "Completed", "__typename": "ProductionStatus"}, "__typename": "ProductionStatusHistory"}, {"status": {"id": "released", "text": "Released", "__typename": "ProductionStatus"}, "__typename": "ProductionStatusHistory"}], "restriction": null, "__typename": "ProductionStatusDetails"}, "canHaveEpisodes": false, "series": null, "titleText": {"text": "War for the Planet of the Apes", "__typename": "TitleText"}, "titleType": {"displayableProperty": {"value": {"plainText": "", "__typename": "Markdown"}, "__typename": "DisplayableTitleTypeProperty"}, "text": "Movie", "id": "movie", "isSeries": false, "isEpisode": false, "categories": [{"value": "movie", "__typename": "TitleTypeCategory"}], "canHaveEpisodes": false, "__typename": "TitleType"}, "originalTitleText": {"text": "War for the Planet of the Apes", "__typename": "TitleText"}, "certificate": {"rating": "UA", "__typename": "Certificate"}, "releaseYear": {"year": 2017, "endYear": null, "__typename": "YearRange"}, "releaseDate": {"day": 14, "month": 7, "year": 2017, "__typename": "ReleaseDate"}, "runtime": {"seconds": 8400, "displayableProperty": {"value": {"plainText": "2h 20m", "__typename": "Markdown"}, "__typename": "DisplayableTitleRuntimeProperty"}, "__typename": "Runtime"}, "canRate": {"isRatable": true, "__typename": "CanRate"}, "ratingsSummary": {"aggregateRating": 7.4, "voteCount": 308785, "__typename": "RatingsSummary"}, "meterRanking": {"currentRank": 2947, "rankChange": {"changeDirection": "DOWN", "difference": 393, "__typename": "MeterRankChange"}, "__typename": "TitleMeterRanking"}, "primaryImage": {"id": "rm242005761", "width": 1000, "height": 1426, "url": "https://m.media-amazon.com/images/M/MV5BZmVjYzEzZmQtMDMxYy00YWUwLWFiYTQtNzE5MzA5ZWVkYWI3XkEyXkFqcGc@._V1_.jpg", "caption": {"plainText": "Andy Serkis and Amiah Miller in War for the Planet of the Apes (2017)", "__typename": "Markdown"}, "__typename": "Image"}, "images": {"total": 251, "edges": [{"node": {"id": "rm1365451008", "__typename": "Image"}, "__typename": "ImageEdge"}], "__typename": "ImageConnection"}, "videos": {"total": 76, "__typename": "TitleRelatedVideosConnection"}, "primaryVideos": {"edges": [{"node": {"id": "vi4291213593", "createdDate": "2017-07-14T00:21:13Z", "isMature": false, "runtime": {"value": 16, "__typename": "VideoRuntime"}, "name": {"value": "So Emotional", "language": "en", "__typename": "LocalizedString"}, "description": {"value": "After the apes suffer unimaginable losses, Caesar wrestles with his darker instincts and begins his own mythic quest to avenge his kind.", "language": "en", "__typename": "LocalizedString"}, "timedTextTracks": [], "recommendedTimedTextTrack": null, "thumbnail": {"url": "https://m.media-amazon.com/images/M/MV5BMTc0OTc5ODY2MF5BMl5BanBnXkFtZTgwNzY4MDA5MjI@._V1_.jpg", "height": 480, "width": 640, "__typename": "Thumbnail"}, "primaryTitle": {"id": "tt3450958", "titleText": {"text": "War for the Planet of the Apes", "__typename": "TitleText"}, "originalTitleText": {"text": "War for the Planet of the Apes", "__typename": "TitleText"}, "releaseYear": {"year": 2017, "__typename": "YearRange"}, "__typename": "Title"}, "playbackURLs": [{"displayName": {"value": "480p", "language": "en-US", "__typename": "LocalizedString"}, "videoMimeType": "MP4", "videoDefinition": "DEF_480p", "url": "https://imdb-video.media-imdb.com/vi4291213593/1434659607842-pgv4ql-1499991674567.mp4?Expires=1730927497&Signature=P7JXwx6vBQ9Fb315ilO0uSrK5imw-QBVWplVmVXmBOr0vqA5Oqm1-ecNsO1WMp~VlxxhMs-ZzrFhXziDGtUVugVW4ExaHcT~PEYqrchb3RRVwmhHMQyDo2c8fCmMx6qC4NpJ4MTW5Upzezgb~hZddB9IX9bkyw-V2~skRjrvPLq73WkR-pqy4~7GAWeSgVE2RSzMy95y4Ux7eVVRuq9ilMJGplPf6i9vxJonUYZYNv-n42TBWMTsQkDpZzY7iGdJE3MpPkUMqcybG-FY2HRzSYFP3CqOHW5ViqKTBfJkYNaRWfJLhwFX-GfR9QsFEjUgtDFGxUwBLReVTdll8sL3JA__&Key-Pair-Id=APKAIFLZBVQZ24NQH3KA", "__typename": "PlaybackURL"}, {"displayName": {"value": "SD", "language": "en-US", "__typename": "LocalizedString"}, "videoMimeType": "MP4", "videoDefinition": "DEF_SD", "url": "https://imdb-video.media-imdb.com/vi4291213593/1434659454657-dx9ykf-1499991674567.mp4?Expires=1730927497&Signature=YiTWeWIU6LqRC2YRqvic2KJK3unv46XX9vvhWZKeeiMYB0K8GA5YA3~q-rb6jK9-pLTt6qf059jSahR5jyFjLmN~mB-mQM-CVTq4RusGmAdopPEsmc8y6qaCsJ3OiUS2EJx7zO9cp10rDaUBRfMWe3A9gVanECWrnECgUcyqmpnDciLpYdEzj7uZXjnRGeZzXSnXzXy7~A7WtYeoawBb62qAvk9YIUGS9a9fEz2V4ECMt~CuUo4b2kJ6uBcr9NwkAXPj3YkWIFp8uMAj44Evfs16id4V2hZaEYQCcjRRpoSka2BHxR7z0mGulyw3U1nTiQZ29usddXwkX7aFWGNaHA__&Key-Pair-Id=APKAIFLZBVQZ24NQH3KA", "__typename": "PlaybackURL"}], "contentType": {"id": "amzn1.imdb.video.contenttype.trailer", "displayName": {"value": "Trailer", "__typename": "LocalizedString"}, "__typename": "VideoContentType"}, "previewURLs": [{"displayName": {"value": "AUTO", "language": "en-US", "__typename": "LocalizedString"}, "videoMimeType": "M3U8", "videoDefinition": "DEF_AUTO", "url": "https://imdb-video.media-imdb.com/vi4291213593/hls-preview-3c888787-3ae9-4e53-9e97-aaf74c612433.m3u8?Expires=1730927497&Signature=QmBg6lk9NVg05wGygIthp4jAXyI05ZGmzNSREx-s71O4HkIp~i29E1D--IQKCwvvzMayoFEWfC1xY02XN2DCTyKYZNBsrjA7mAlaifEcveOZyOByvDXWLzSI7YLoiO3dlQL~7B8aCBIyAI0vGG~6vNsrmJEk85dDh23Ii4RnjA90yznOvlv-OcG68R0F5RofLJPj~sSk9-8keV-skshM9S7otc5hNIhmWd0IrXlOYxZLuWq-3o7vTuDPH6C4nIoXwcPxDi2N9~83Iaebdg9OclUWrLdeNxLQSWVITiWSYMKY1WH2Dpws60jaVsBKNiRabWv7AT5YL4bI8D4SvsEJHA__&Key-Pair-Id=APKAIFLZBVQZ24NQH3KA", "__typename": "PlaybackURL"}], "__typename": "Video"}, "__typename": "VideoEdge"}, {"node": {"id": "vi1406384409", "createdDate": "2017-06-27T14:45:47Z", "isMature": false, "runtime": {"value": 155, "__typename": "VideoRuntime"}, "name": {"value": "New International Trailer", "language": "en", "__typename": "LocalizedString"}, "description": {"value": "Caesar and his apes are forced into a deadly conflict with an army of humans led by a ruthless Colonel.  After the apes suffer unimaginable losses, Caesar wrestles with his darker instincts and begins his own mythic quest to avenge his kind.  As the journey finally brings them face to face, Caesar and the Colonel are pitted against each other in an epic battle that will determine the fate of both their species and the future of the planet.", "language": "en", "__typename": "LocalizedString"}, "timedTextTracks": [], "recommendedTimedTextTrack": null, "thumbnail": {"url": "https://m.media-amazon.com/images/M/MV5BNTRlNTI1NzUtNjc3YS00NGVkLTg1OGQtZTk2NDQ5ZmJjZDljXkEyXkFqcGdeQXVyMTkxNjUyNQ@@._V1_.jpg", "height": 720, "width": 1280, "__typename": "Thumbnail"}, "primaryTitle": {"id": "tt3450958", "titleText": {"text": "War for the Planet of the Apes", "__typename": "TitleText"}, "originalTitleText": {"text": "War for the Planet of the Apes", "__typename": "TitleText"}, "releaseYear": {"year": 2017, "__typename": "YearRange"}, "__typename": "Title"}, "playbackURLs": [{"displayName": {"value": "480p", "language": "en-US", "__typename": "LocalizedString"}, "videoMimeType": "MP4", "videoDefinition": "DEF_480p", "url": "https://imdb-video.media-imdb.com/vi1406384409/1434659607842-pgv4ql-1498574747857.mp4?Expires=1730927497&Signature=ekUCwAsgu5lu-05mIcbla8XjRbBHmupXQLhaooKSb39l8cEbe6NSlKIuer-WLrriC9Gf2~5SwOy6LZvOSKXOwozijdWAL-BKNkObKG6yViPHtHb7RZZBLMhAxVaGLjRRfd0C~fbpmZH-DOvZo7RKguTnsVwDU2P7LWdTNWaNAXBQM2kGvuqPoVv8CNg1eIEA2ICCiQSoKD5nxR0RN97bT55YKE8H9to5nfvLXrVrkJGgUZwN2DL9HcYDgl0qIf8GtSeAu-Jt6dqeZ98-8kPfbgShsSPImag3mZKSlOol5iLHZqo8PXin8~6IRCP-Rz6ddXWUJQ9Hawq6y3zppRl6gw__&Key-Pair-Id=APKAIFLZBVQZ24NQH3KA", "__typename": "PlaybackURL"}, {"displayName": {"value": "SD", "language": "en-US", "__typename": "LocalizedString"}, "videoMimeType": "MP4", "videoDefinition": "DEF_SD", "url": "https://imdb-video.media-imdb.com/vi1406384409/1434659454657-dx9ykf-1498574747857.mp4?Expires=1730927497&Signature=gGjhsyXVBcoUFnc8f5WrMaAxFSV~X5pTK6bfzwvLBuxTtJ1DdRsRKTkiHC7h7vo~EaNkOp4MpML6wGCo5mDbsIgjrtiqKP483nvbSA4nRP683qSaVi3iX9-ZNVD2V-lFLd8XSYN6FGIgyc~ith0g1Ahsxggdr3xmMR3dG6c7RLH8HZHox4cdYiqQqaHGJkxU93J5X~wecWczjMkOeAGlxwKs1hvlZw349x35xZK~4VsgBPG8Hn9fgrNTy86uD4zBqKFV3NwbbVM4B7ZrJTw5jdvopnOgFSXm33-tGgF1fi4Jg37lThZMKEeV5CE0j3V-JlyvzG7wVSxhBwxZqtFhvQ__&Key-Pair-Id=APKAIFLZBVQZ24NQH3KA", "__typename": "PlaybackURL"}], "contentType": {"id": "amzn1.imdb.video.contenttype.trailer", "displayName": {"value": "Trailer", "__typename": "LocalizedString"}, "__typename": "VideoContentType"}, "previewURLs": [{"displayName": {"value": "AUTO", "language": "en-US", "__typename": "LocalizedString"}, "videoMimeType": "M3U8", "videoDefinition": "DEF_AUTO", "url": "https://imdb-video.media-imdb.com/vi1406384409/hls-preview-b9d03c7c-f124-442e-a79c-0001e8999e22.m3u8?Expires=1730927497&Signature=clzFCBunJCxeLNzk~-nmo8~h03CMssls9qRttwxcjPr3hVd6i7-7fJRVkuixm1DrjTDjoITwrs5oneFEA8XDhW~CiiCamnFBPluoVO8GuwcXgpyPBM3LZgsyue2oDJeVHXw02lxUdCr2RQhKCsOGi8p72RR~f~2slMg2naVAA3kGViyFN9t~KOPwkM5mqCh120K70c7G2tS6~03YEqQg58xwXlyDXfjV1NmVjGmPRltyS7qMoL2OHtT6jz5NacZDhCO6ep3v3Dn1sFGRX8XPR7LbuJ0tJTOtxBb-NX8chE~gMOc6P753hWeLfvjlDv-xyJeCFb410At~~9zAm0Qrzw__&Key-Pair-Id=APKAIFLZBVQZ24NQH3KA", "__typename": "PlaybackURL"}], "__typename": "Video"}, "__typename": "VideoEdge"}], "__typename": "VideoConnection"}, "externalLinks": {"total": 575, "__typename": "ExternalLinkConnection"}, "metacritic": {"metascore": {"score": 82, "__typename": "Metascore"}, "__typename": "Metacritic"}, "keywords": {"total": 336, "edges": [{"node": {"text": "ape", "__typename": "TitleKeyword"}, "__typename": "TitleKeywordEdge"}, {"node": {"text": "planet of the apes", "__typename": "TitleKeyword"}, "__typename": "TitleKeywordEdge"}, {"node": {"text": "slave labour", "__typename": "TitleKeyword"}, "__typename": "TitleKeywordEdge"}, {"node": {"text": "battle", "__typename": "TitleKeyword"}, "__typename": "TitleKeywordEdge"}, {"node": {"text": "journey", "__typename": "TitleKeyword"}, "__typename": "TitleKeywordEdge"}], "__typename": "TitleKeywordConnection"}, "isAdult": false, "genres": {"genres": [{"text": "Action", "id": "Action", "__typename": "Genre"}, {"text": "Adventure", "id": "Adventure", "__typename": "Genre"}, {"text": "Drama", "id": "Drama", "__typename": "Genre"}, {"text": "Sci-Fi", "id": "Sci-Fi", "__typename": "Genre"}, {"text": "Thriller", "id": "Thriller", "__typename": "Genre"}], "__typename": "Genres"}, "interests": {"edges": [{"node": {"id": "in0000002", "primaryText": {"text": "Action Epic", "__typename": "InterestText"}, "__typename": "Interest"}, "__typename": "InterestEdge"}, {"node": {"id": "in0000015", "primaryText": {"text": "Adventure Epic", "__typename": "InterestText"}, "__typename": "Interest"}, "__typename": "InterestEdge"}, {"node": {"id": "in0000160", "primaryText": {"text": "Dystopian Sci-Fi", "__typename": "InterestText"}, "__typename": "Interest"}, "__typename": "InterestEdge"}, {"node": {"id": "in0000163", "primaryText": {"text": "Sci-Fi Epic", "__typename": "InterestText"}, "__typename": "Interest"}, "__typename": "InterestEdge"}, {"node": {"id": "in0000001", "primaryText": {"text": "Action", "__typename": "InterestText"}, "__typename": "Interest"}, "__typename": "InterestEdge"}, {"node": {"id": "in0000012", "primaryText": {"text": "Adventure", "__typename": "InterestText"}, "__typename": "Interest"}, "__typename": "InterestEdge"}, {"node": {"id": "in0000076", "primaryText": {"text": "Drama", "__typename": "InterestText"}, "__typename": "Interest"}, "__typename": "InterestEdge"}, {"node": {"id": "in0000162", "primaryText": {"text": "Sci-Fi", "__typename": "InterestText"}, "__typename": "Interest"}, "__typename": "InterestEdge"}, {"node": {"id": "in0000186", "primaryText": {"text": "Thriller", "__typename": "InterestText"}, "__typename": "Interest"}, "__typename": "InterestEdge"}], "__typename": "InterestConnection"}, "plot": {"plotText": {"plainText": "After the apes suffer unimaginable losses, Caesar wrestles with his darker instincts and begins his own mythic quest to avenge his kind.", "__typename": "Markdown"}, "language": {"id": "en-US", "__typename": "DisplayableLanguage"}, "__typename": "Plot"}, "plotContributionLink": {"url": "https://contribute.imdb.com/updates?update=tt3450958:outlines.add.1.locale~en-US", "__typename": "ContributionLink"}, "credits": {"total": 1911, "__typename": "CreditConnection"}, "principalCredits": [{"totalCredits": 1, "category": {"text": "Director", "id": "director", "__typename": "CreditCategory"}, "credits": [{"name": {"nameText": {"text": "Matt Reeves", "__typename": "NameText"}, "id": "nm0716257", "__typename": "Name"}, "attributes": null, "__typename": "Crew"}], "__typename": "PrincipalCreditsForCategory"}, {"totalCredits": 5, "category": {"text": "Writers", "id": "writer", "__typename": "CreditCategory"}, "credits": [{"name": {"nameText": {"text": "Mark Bomback", "__typename": "NameText"}, "id": "nm0093560", "__typename": "Name"}, "attributes": null, "__typename": "Crew"}, {"name": {"nameText": {"text": "Matt Reeves", "__typename": "NameText"}, "id": "nm0716257", "__typename": "Name"}, "attributes": null, "__typename": "Crew"}, {"name": {"nameText": {"text": "Rick Jaffa", "__typename": "NameText"}, "id": "nm0415425", "__typename": "Name"}, "attributes": null, "__typename": "Crew"}], "__typename": "PrincipalCreditsForCategory"}, {"totalCredits": 52, "category": {"text": "Stars", "id": "cast", "__typename": "CreditCategory"}, "credits": [{"name": {"nameText": {"text": "Andy Serkis", "__typename": "NameText"}, "id": "nm0785227", "__typename": "Name"}, "attributes": null, "__typename": "Cast"}, {"name": {"nameText": {"text": "Woody Harrelson", "__typename": "NameText"}, "id": "nm0000437", "__typename": "Name"}, "attributes": null, "__typename": "Cast"}, {"name": {"nameText": {"text": "Steve Zahn", "__typename": "NameText"}, "id": "nm0001872", "__typename": "Name"}, "attributes": null, "__typename": "Cast"}], "__typename": "PrincipalCreditsForCategory"}], "reviews": {"total": 1022, "__typename": "ReviewsConnection"}, "criticReviewsTotal": {"total": 495, "__typename": "ExternalLinkConnection"}, "triviaTotal": {"total": 156, "__typename": "TriviaConnection"}, "engagementStatistics": {"watchlistStatistics": {"displayableCount": {"text": "Added by 326K users", "__typename": "LocalizedDisplayableCount"}, "__typename": "WatchlistStatistics"}, "__typename": "EngagementStatistics"}, "subNavCredits": {"total": 1911, "__typename": "CreditConnection"}, "subNavReviews": {"total": 1022, "__typename": "ReviewsConnection"}, "subNavTrivia": {"total": 156, "__typename": "TriviaConnection"}, "subNavFaqs": {"total": 2, "__typename": "FaqConnection"}, "subNavTopQuestions": {"total": 20, "__typename": "AlexaQuestionConnection"}, "titleGenres": {"genres": [{"genre": {"text": "Action", "__typename": "GenreItem"}, "__typename": "TitleGenre"}, {"genre": {"text": "Adventure", "__typename": "GenreItem"}, "__typename": "TitleGenre"}, {"genre": {"text": "Drama", "__typename": "GenreItem"}, "__typename": "TitleGenre"}], "__typename": "TitleGenres"}, "meta": {"canonicalId": "tt3450958", "publicationStatus": "PUBLISHED", "__typename": "TitleMeta"}, "castPageTitle": {"edges": [{"node": {"name": {"id": "nm0785227", "nameText": {"text": "Andy Serkis", "__typename": "NameText"}, "__typename": "Name"}, "__typename": "Cast"}, "__typename": "CreditEdge"}, {"node": {"name": {"id": "nm0000437", "nameText": {"text": "Woody Harrelson", "__typename": "NameText"}, "__typename": "Name"}, "__typename": "Cast"}, "__typename": "CreditEdge"}, {"node": {"name": {"id": "nm0001872", "nameText": {"text": "Steve Zahn", "__typename": "NameText"}, "__typename": "Name"}, "__typename": "Cast"}, "__typename": "CreditEdge"}, {"node": {"name": {"id": "nm0465269", "nameText": {"text": "Karin Konoval", "__typename": "NameText"}, "__typename": "Name"}, "__typename": "Cast"}, "__typename": "CreditEdge"}], "__typename": "CreditConnection"}, "creatorsPageTitle": [], "directorsPageTitle": [{"credits": [{"name": {"id": "nm0716257", "nameText": {"text": "Matt Reeves", "__typename": "NameText"}, "__typename": "Name"}, "__typename": "Crew"}], "__typename": "PrincipalCreditsForCategory"}], "countriesOfOrigin": {"countries": [{"id": "US", "__typename": "CountryOfOrigin"}], "__typename": "CountriesOfOrigin"}, "production": {"edges": [{"node": {"company": {"id": "co0000756", "companyText": {"text": "Twentieth Century Fox", "__typename": "CompanyText"}, "__typename": "Company"}, "__typename": "CompanyCredit"}, "__typename": "CompanyCreditEdge"}, {"node": {"company": {"id": "co0286257", "companyText": {"text": "Chernin Entertainment", "__typename": "CompanyText"}, "__typename": "Company"}, "__typename": "CompanyCredit"}, "__typename": "CompanyCreditEdge"}, {"node": {"company": {"id": "co0420822", "companyText": {"text": "TSG Entertainment", "__typename": "CompanyText"}, "__typename": "Company"}, "__typename": "CompanyCredit"}, "__typename": "CompanyCreditEdge"}], "__typename": "CompanyCreditConnection"}, "featuredReviews": {"edges": [{"node": {"author": {"nickName": "nicerep", "__typename": "UserProfile"}, "summary": {"originalText": "Someone has it in for the movie makers", "__typename": "ReviewSummary"}, "text": {"originalText": {"plainText": "A quick look at the bad reviews shows that most of them were written around the same time, mid July 2017 and most all of them are 1 star ratings, an obvious attack on the movie makers and nothing to do with the quality of the film. I urge you to ignore these fake reviews and read instead those written after the summer of 2017!", "__typename": "Markdown"}, "__typename": "ReviewText"}, "authorRating": 10, "submissionDate": "2019-10-21", "__typename": "Review"}, "__typename": "ReviewEdge"}], "__typename": "ReviewsConnection"}, "__typename": "Title"}, "main": {"id": "tt3450958", "wins": {"total": 28, "__typename": "AwardNominationConnection"}, "nominationsExcludeWins": {"total": 65, "__typename": "AwardNominationConnection"}, "prestigiousAwardSummary": {"nominations": 1, "wins": 0, "award": {"text": "Oscar", "id": "aw0000016", "event": {"id": "ev0000003", "__typename": "AwardsEvent"}, "__typename": "AwardDetails"}, "__typename": "PrestigiousAwardSummary"}, "ratingsSummary": {"topRanking": {"id": "topRated:tt3450958:en_US", "text": {"value": "Top Rated", "__typename": "LocalizedString"}, "rank": 1374, "__typename": "TopRanking"}, "__typename": "RatingsSummary"}, "episodes": null, "videos": {"total": 76, "__typename": "TitleRelatedVideosConnection"}, "videoStrip": {"edges": [{"node": {"id": "vi4291213593", "contentType": {"displayName": {"value": "Trailer", "__typename": "LocalizedString"}, "__typename": "VideoContentType"}, "name": {"value": "So Emotional", "__typename": "LocalizedString"}, "runtime": {"value": 16, "__typename": "VideoRuntime"}, "thumbnail": {"height": 480, "url": "https://m.media-amazon.com/images/M/MV5BMTc0OTc5ODY2MF5BMl5BanBnXkFtZTgwNzY4MDA5MjI@._V1_.jpg", "width": 640, "__typename": "Thumbnail"}, "__typename": "Video"}, "__typename": "VideoEdge"}, {"node": {"id": "vi1406384409", "contentType": {"displayName": {"value": "Trailer", "__typename": "LocalizedString"}, "__typename": "VideoContentType"}, "name": {"value": "New International Trailer", "__typename": "LocalizedString"}, "runtime": {"value": 155, "__typename": "VideoRuntime"}, "thumbnail": {"height": 720, "url": "https://m.media-amazon.com/images/M/MV5BNTRlNTI1NzUtNjc3YS00NGVkLTg1OGQtZTk2NDQ5ZmJjZDljXkEyXkFqcGdeQXVyMTkxNjUyNQ@@._V1_.jpg", "width": 1280, "__typename": "Thumbnail"}, "__typename": "Video"}, "__typename": "VideoEdge"}, {"node": {"id": "vi1870706969", "contentType": {"displayName": {"value": "Trailer", "__typename": "LocalizedString"}, "__typename": "VideoContentType"}, "name": {"value": "Final Trailer", "__typename": "LocalizedString"}, "runtime": {"value": 156, "__typename": "VideoRuntime"}, "thumbnail": {"height": 478, "url": "https://m.media-amazon.com/images/M/MV5BMTAxNjIxNDEwNzFeQTJeQWpwZ15BbWU4MDg0NjEwNzIy._V1_.jpg", "width": 640, "__typename": "Thumbnail"}, "__typename": "Video"}, "__typename": "VideoEdge"}, {"node": {"id": "vi1749661209", "contentType": {"displayName": {"value": "Trailer", "__typename": "LocalizedString"}, "__typename": "VideoContentType"}, "name": {"value": "Trailer #2", "__typename": "LocalizedString"}, "runtime": {"value": 146, "__typename": "VideoRuntime"}, "thumbnail": {"height": 1080, "url": "https://m.media-amazon.com/images/M/MV5BYmY0OTIzN2ItN2YxZC00ODBkLTk5YzUtYmY0MGNkYzdmNmY5XkEyXkFqcGdeQXVyNjMwMzc3MjE@._V1_.jpg", "width": 1920, "__typename": "Thumbnail"}, "__typename": "Video"}, "__typename": "VideoEdge"}, {"node": {"id": "vi3402085913", "contentType": {"displayName": {"value": "Trailer", "__typename": "LocalizedString"}, "__typename": "VideoContentType"}, "name": {"value": "Official Trailer", "__typename": "LocalizedString"}, "runtime": {"value": 124, "__typename": "VideoRuntime"}, "thumbnail": {"height": 1080, "url": "https://m.media-amazon.com/images/M/MV5BNjc4Njc1MTI0OV5BMl5BanBnXkFtZTgwNzc2NjE4MDI@._V1_.jpg", "width": 1920, "__typename": "Thumbnail"}, "__typename": "Video"}, "__typename": "VideoEdge"}, {"node": {"id": "vi310818329", "contentType": {"displayName": {"value": "Trailer", "__typename": "LocalizedString"}, "__typename": "VideoContentType"}, "name": {"value": "Official Teaser #1", "__typename": "LocalizedString"}, "runtime": {"value": 37, "__typename": "VideoRuntime"}, "thumbnail": {"height": 1080, "url": "https://m.media-amazon.com/images/M/MV5BMjQ1NTQ1MjIzMl5BMl5BanBnXkFtZTgwOTk2ODQyMDI@._V1_.jpg", "width": 1920, "__typename": "Thumbnail"}, "__typename": "Video"}, "__typename": "VideoEdge"}, {"node": {"id": "vi4020486169", "contentType": {"displayName": {"value": "Trailer", "__typename": "LocalizedString"}, "__typename": "VideoContentType"}, "name": {"value": "War for the Planet of the Apes", "__typename": "LocalizedString"}, "runtime": {"value": 125, "__typename": "VideoRuntime"}, "thumbnail": {"height": 1080, "url": "https://m.media-amazon.com/images/M/MV5BZTkyMmI2ZmYtZmRmNC00NWVlLWE2OTAtZTQxZjcyNzM4MDg2XkEyXkFqcGdeQVRoaXJkUGFydHlJbmdlc3Rpb25Xb3JrZmxvdw@@._V1_.jpg", "width": 1920, "__typename": "Thumbnail"}, "__typename": "Video"}, "__typename": "VideoEdge"}, {"node": {"id": "vi2108539673", "contentType": {"displayName": {"value": "Clip", "__typename": "LocalizedString"}, "__typename": "VideoContentType"}, "name": {"value": "Does Andy Serkis Know How Many Times He's Played Gollum?", "__typename": "LocalizedString"}, "runtime": {"value": 181, "__typename": "VideoRuntime"}, "thumbnail": {"height": 1080, "url": "https://m.media-amazon.com/images/M/MV5BNzkzYzNmOTYtMTE1Yi00Yzg0LWE4OTgtY2QxOGZkNWQ2ODdiXkEyXkFqcGdeQWxpenpp._V1_.jpg", "width": 1920, "__typename": "Thumbnail"}, "__typename": "Video"}, "__typename": "VideoEdge"}, {"node": {"id": "vi3016014105", "contentType": {"displayName": {"value": "Clip", "__typename": "LocalizedString"}, "__typename": "VideoContentType"}, "name": {"value": "Bad Ape And Maurice", "__typename": "LocalizedString"}, "runtime": {"value": 49, "__typename": "VideoRuntime"}, "thumbnail": {"height": 720, "url": "https://m.media-amazon.com/images/M/MV5BMTFmNWJkOTEtNjBjYi00MGQwLWExNjEtMDY1OTUyYjMzNGY4XkEyXkFqcGdeQXVyNDg2MjUxNjM@._V1_.jpg", "width": 1280, "__typename": "Thumbnail"}, "__typename": "Video"}, "__typename": "VideoEdge"}, {"node": {"id": "vi3453925657", "contentType": {"displayName": {"value": "Clip", "__typename": "LocalizedString"}, "__typename": "VideoContentType"}, "name": {"value": "I Came For You", "__typename": "LocalizedString"}, "runtime": {"value": 80, "__typename": "VideoRuntime"}, "thumbnail": {"height": 720, "url": "https://m.media-amazon.com/images/M/MV5BMDMwMjlhNzktOWJlMS00YjY3LWE0MTYtY2QyZTFiN2QyZmM3XkEyXkFqcGdeQXVyNDg2MjUxNjM@._V1_.jpg", "width": 1280, "__typename": "Thumbnail"}, "__typename": "Video"}, "__typename": "VideoEdge"}, {"node": {"id": "vi2851977497", "contentType": {"displayName": {"value": "Clip", "__typename": "LocalizedString"}, "__typename": "VideoContentType"}, "name": {"value": "Clip \"Meeting Nova\"", "__typename": "LocalizedString"}, "runtime": {"value": 154, "__typename": "VideoRuntime"}, "thumbnail": {"height": 720, "url": "https://m.media-amazon.com/images/M/MV5BZjU3MzdlNTEtMzBkMS00NWI1LThhMjMtMmRhMDI2MmI4MGY4XkEyXkFqcGdeQXVyNjg2NjQwMDQ@._V1_.jpg", "width": 1280, "__typename": "Thumbnail"}, "__typename": "Video"}, "__typename": "VideoEdge"}, {"node": {"id": "vi4246390041", "contentType": {"displayName": {"value": "Clip", "__typename": "LocalizedString"}, "__typename": "VideoContentType"}, "name": {"value": "War For The Planet Of The Apes: Bad Ape And Maurice", "__typename": "LocalizedString"}, "runtime": {"value": 45, "__typename": "VideoRuntime"}, "thumbnail": {"height": 720, "url": "https://m.media-amazon.com/images/M/MV5BMWZjMGQwYWItZGJiNS00YzE1LTkxNjctZmRkOWJiMTEwNjg3XkEyXkFqcGdeQVRoaXJkUGFydHlJbmdlc3Rpb25Xb3JrZmxvdw@@._V1_.jpg", "width": 1280, "__typename": "Thumbnail"}, "__typename": "Video"}, "__typename": "VideoEdge"}], "__typename": "VideoConnection"}, "titleMainImages": {"total": 251, "edges": [{"node": {"id": "rm1365451008", "url": "https://m.media-amazon.com/images/M/MV5BMjM1OTI3NTgtMWYyOC00NzZhLTgzNjMtNjg2NGU1ODVjMGMwXkEyXkFqcGc@._V1_.jpg", "caption": {"plainText": "Karin Konoval, Andy Serkis, Terry Notary, and Michael Adamthwaite in War for the Planet of the Apes (2017)", "__typename": "Markdown"}, "height": 3102, "width": 6558, "__typename": "Image"}, "__typename": "ImageEdge"}, {"node": {"id": "rm1231233280", "url": "https://m.media-amazon.com/images/M/MV5BNTNhODVlZDMtYWUzMC00MjA3LWJhZDQtOGExMDE3Nzg4ZDUyXkEyXkFqcGc@._V1_.jpg", "caption": {"plainText": "Aleks Paunovic, Karin Konoval, Ty Olsson, Andy Serkis, Terry Notary, and Michael Adamthwaite in War for the Planet of the Apes (2017)", "__typename": "Markdown"}, "height": 1752, "width": 3600, "__typename": "Image"}, "__typename": "ImageEdge"}, {"node": {"id": "rm1214456064", "url": "https://m.media-amazon.com/images/M/MV5BZWZlYjJhNDMtNjEzNi00MTI0LTlmNzgtMGEwYTJhMzQxMTkwXkEyXkFqcGc@._V1_.jpg", "caption": {"plainText": "Karin Konoval, Andy Serkis, Terry Notary, Michael Adamthwaite, and Amiah Miller in War for the Planet of the Apes (2017)", "__typename": "Markdown"}, "height": 1931, "width": 4096, "__typename": "Image"}, "__typename": "ImageEdge"}, {"node": {"id": "rm1466114304", "url": "https://m.media-amazon.com/images/M/MV5BMGIzYmE4OTYtNjBhYS00ZGU1LWIxNTctMzMwYWQzYjcwMTI5XkEyXkFqcGc@._V1_.jpg", "caption": {"plainText": "War for the Planet of the Apes (2017)", "__typename": "Markdown"}, "height": 1703, "width": 3600, "__typename": "Image"}, "__typename": "ImageEdge"}, {"node": {"id": "rm1449337088", "url": "https://m.media-amazon.com/images/M/MV5BMzY5NjFjMzItODQ3Mi00YzU0LWE2NDgtMjQwMGE3Y2Y4YTBmXkEyXkFqcGc@._V1_.jpg", "caption": {"plainText": "Andy Serkis in War for the Planet of the Apes (2017)", "__typename": "Markdown"}, "height": 1034, "width": 4372, "__typename": "Image"}, "__typename": "ImageEdge"}, {"node": {"id": "rm1432559872", "url": "https://m.media-amazon.com/images/M/MV5BNGUwMmUzMzQtNjM4Zi00MWE2LTg2MzItMTlhZDViODQ5Mzg5XkEyXkFqcGc@._V1_.jpg", "caption": {"plainText": "Karin Konoval, Andy Serkis, Terry Notary, and Michael Adamthwaite in War for the Planet of the Apes (2017)", "__typename": "Markdown"}, "height": 1034, "width": 4372, "__typename": "Image"}, "__typename": "ImageEdge"}, {"node": {"id": "rm1315119360", "url": "https://m.media-amazon.com/images/M/MV5BZTAyYzIxNDItOGY0OS00MzA2LTk3NzctMzM2NzQyZDM2ZjBkXkEyXkFqcGc@._V1_.jpg", "caption": {"plainText": "Steve Zahn and Andy Serkis in War for the Planet of the Apes (2017)", "__typename": "Markdown"}, "height": 1703, "width": 3600, "__typename": "Image"}, "__typename": "ImageEdge"}, {"node": {"id": "rm1264787712", "url": "https://m.media-amazon.com/images/M/MV5BYmQwNWUxZDItNjQxZC00OGYwLWIyZWQtZGY0ODIxNzE2OTg1XkEyXkFqcGc@._V1_.jpg", "caption": {"plainText": "Andy Serkis in War for the Planet of the Apes (2017)", "__typename": "Markdown"}, "height": 1812, "width": 3840, "__typename": "Image"}, "__typename": "ImageEdge"}, {"node": {"id": "rm1113792768", "url": "https://m.media-amazon.com/images/M/MV5BOTFiZGIwZDAtZDliNC00NTg3LThkYzAtYjdmNDcwNTUzYmVlXkEyXkFqcGc@._V1_.jpg", "caption": {"plainText": "Karin Konoval, Andy Serkis, Terry Notary, and Michael Adamthwaite in War for the Planet of the Apes (2017)", "__typename": "Markdown"}, "height": 1931, "width": 2548, "__typename": "Image"}, "__typename": "ImageEdge"}, {"node": {"id": "rm2982293248", "url": "https://m.media-amazon.com/images/M/MV5BMjQ4NjY5MzM4N15BMl5BanBnXkFtZTgwMDUwODM4MjI@._V1_.jpg", "caption": {"plainText": "Woody Harrelson in War for the Planet of the Apes (2017)", "__typename": "Markdown"}, "height": 1365, "width": 2048, "__typename": "Image"}, "__typename": "ImageEdge"}, {"node": {"id": "rm2774214912", "url": "https://m.media-amazon.com/images/M/MV5BYmQzNjM5YjktMTliOS00ZTI2LWExNTUtNzMxMjRlZjUwMTkyXkEyXkFqcGc@._V1_.jpg", "caption": {"plainText": "Karin Konoval in War for the Planet of the Apes (2017)", "__typename": "Markdown"}, "height": 1034, "width": 4372, "__typename": "Image"}, "__typename": "ImageEdge"}, {"node": {"id": "rm1499146496", "url": "https://m.media-amazon.com/images/M/MV5BMGQ3N2EyNGEtMDBhNy00ZmYyLTkyM2EtNGVhZTI1YjU3NDlkXkEyXkFqcGc@._V1_.jpg", "caption": {"plainText": "Steve Zahn and Andy Serkis in War for the Planet of the Apes (2017)", "__typename": "Markdown"}, "height": 1034, "width": 4372, "__typename": "Image"}, "__typename": "ImageEdge"}, {"node": {"id": "rm293221632", "url": "https://m.media-amazon.com/images/M/MV5BNDMyNzc1OTctNmNjMy00OTI5LThiMDktYzU3ZjBkN2JiYzY5XkEyXkFqcGc@._V1_.jpg", "caption": {"plainText": "Woody Harrelson, Ty Olsson, and Sandy Robson in War for the Planet of the Apes (2017)", "__typename": "Markdown"}, "height": 1801, "width": 3840, "__typename": "Image"}, "__typename": "ImageEdge"}], "__typename": "ImageConnection"}, "productionStatus": {"currentProductionStage": {"id": "released", "text": "Released", "__typename": "ProductionStage"}, "productionStatusHistory": [{"status": {"id": "treatment_outline", "text": "Treatment Outline", "__typename": "ProductionStatus"}, "__typename": "ProductionStatusHistory"}, {"status": {"id": "script", "text": "Script", "__typename": "ProductionStatus"}, "__typename": "ProductionStatusHistory"}, {"status": {"id": "pre_production", "text": "Pre-production", "__typename": "ProductionStatus"}, "__typename": "ProductionStatusHistory"}, {"status": {"id": "pre_production", "text": "Pre-production", "__typename": "ProductionStatus"}, "__typename": "ProductionStatusHistory"}, {"status": {"id": "filming", "text": "Filming", "__typename": "ProductionStatus"}, "__typename": "ProductionStatusHistory"}, {"status": {"id": "post_production", "text": "Post-production", "__typename": "ProductionStatus"}, "__typename": "ProductionStatusHistory"}, {"status": {"id": "post_production", "text": "Post-production", "__typename": "ProductionStatus"}, "__typename": "ProductionStatusHistory"}, {"status": {"id": "post_production", "text": "Post-production", "__typename": "ProductionStatus"}, "__typename": "ProductionStatusHistory"}, {"status": {"id": "completed", "text": "Completed", "__typename": "ProductionStatus"}, "__typename": "ProductionStatusHistory"}, {"status": {"id": "released", "text": "Released", "__typename": "ProductionStatus"}, "__typename": "ProductionStatusHistory"}], "restriction": null, "__typename": "ProductionStatusDetails"}, "primaryImage": {"id": "rm242005761", "__typename": "Image"}, "inIframeAddLink": {"url": "https://contribute.imdb.com/image/tt3450958/add?bus=imdb&return_url=https%3A%2F%2Fwww.imdb.com%2Fclose_me&site=web", "__typename": "ContributionLink"}, "notInIframeAddLink": {"url": "https://contribute.imdb.com/image/tt3450958/add?bus=imdb&return_url=https%3A%2F%2Fwww.imdb.com%2Ftitle%2Ftt3450958%2F&site=mobile", "__typename": "ContributionLink"}, "titleType": {"id": "movie", "canHaveEpisodes": false, "__typename": "TitleType"}, "cast": {"total": 52, "edges": [{"node": {"name": {"id": "nm0785227", "nameText": {"text": "Andy Serkis", "__typename": "NameText"}, "primaryImage": {"url": "https://m.media-amazon.com/images/M/MV5BMDU0MTUyMzktMDA3Yy00ZDhkLTkwMWEtOWQ3MzQwYmY3ZWI0XkEyXkFqcGc@._V1_.jpg", "width": 3648, "height": 5472, "__typename": "Image"}, "__typename": "Name"}, "attributes": null, "category": {"id": "actor", "__typename": "CreditCategory"}, "characters": [{"name": "Caesar", "__typename": "Character"}], "episodeCredits": {"total": 0, "yearRange": null, "__typename": "EpisodeCastConnection"}, "__typename": "Cast"}, "__typename": "CreditEdge"}, {"node": {"name": {"id": "nm0000437", "nameText": {"text": "Woody Harrelson", "__typename": "NameText"}, "primaryImage": {"url": "https://m.media-amazon.com/images/M/MV5BMTU3NDc2ODc4MF5BMl5BanBnXkFtZTcwODk2MzAyMg@@._V1_.jpg", "width": 272, "height": 400, "__typename": "Image"}, "__typename": "Name"}, "attributes": null, "category": {"id": "actor", "__typename": "CreditCategory"}, "characters": [{"name": "The Colonel", "__typename": "Character"}], "episodeCredits": {"total": 0, "yearRange": null, "__typename": "EpisodeCastConnection"}, "__typename": "Cast"}, "__typename": "CreditEdge"}, {"node": {"name": {"id": "nm0001872", "nameText": {"text": "Steve Zahn", "__typename": "NameText"}, "primaryImage": {"url": "https://m.media-amazon.com/images/M/MV5BNjNkOTc4ZWYtM2Q2Yi00NDQzLThlMzEtMTBiYzUzN2NlZDBmXkEyXkFqcGc@._V1_.jpg", "width": 684, "height": 908, "__typename": "Image"}, "__typename": "Name"}, "attributes": null, "category": {"id": "actor", "__typename": "CreditCategory"}, "characters": [{"name": "Bad Ape", "__typename": "Character"}], "episodeCredits": {"total": 0, "yearRange": null, "__typename": "EpisodeCastConnection"}, "__typename": "Cast"}, "__typename": "CreditEdge"}, {"node": {"name": {"id": "nm0465269", "nameText": {"text": "Karin Konoval", "__typename": "NameText"}, "primaryImage": {"url": "https://m.media-amazon.com/images/M/MV5BMDM2OTNhYTctYjk1ZC00NjQ4LTg1NTgtOTY5MWZmMjY4MGI1XkEyXkFqcGc@._V1_.jpg", "width": 1187, "height": 1280, "__typename": "Image"}, "__typename": "Name"}, "attributes": null, "category": {"id": "actress", "__typename": "CreditCategory"}, "characters": [{"name": "Maurice", "__typename": "Character"}], "episodeCredits": {"total": 0, "yearRange": null, "__typename": "EpisodeCastConnection"}, "__typename": "Cast"}, "__typename": "CreditEdge"}, {"node": {"name": {"id": "nm6403233", "nameText": {"text": "Amiah Miller", "__typename": "NameText"}, "primaryImage": {"url": "https://m.media-amazon.com/images/M/MV5BZGRhMjljMzAtOGI2OS00NGUzLWEwZTktOWQxZjVhZWRlYWExXkEyXkFqcGc@._V1_.jpg", "width": 1970, "height": 2274, "__typename": "Image"}, "__typename": "Name"}, "attributes": null, "category": {"id": "actress", "__typename": "CreditCategory"}, "characters": [{"name": "Nova", "__typename": "Character"}], "episodeCredits": {"total": 0, "yearRange": null, "__typename": "EpisodeCastConnection"}, "__typename": "Cast"}, "__typename": "CreditEdge"}, {"node": {"name": {"id": "nm1024953", "nameText": {"text": "Terry Notary", "__typename": "NameText"}, "primaryImage": {"url": "https://m.media-amazon.com/images/M/MV5BMTk1NDc5NTM5NV5BMl5BanBnXkFtZTgwOTM4MTAzMjI@._V1_.jpg", "width": 2048, "height": 1309, "__typename": "Image"}, "__typename": "Name"}, "attributes": null, "category": {"id": "actor", "__typename": "CreditCategory"}, "characters": [{"name": "Rocket", "__typename": "Character"}], "episodeCredits": {"total": 0, "yearRange": null, "__typename": "EpisodeCastConnection"}, "__typename": "Cast"}, "__typename": "CreditEdge"}, {"node": {"name": {"id": "nm0648153", "nameText": {"text": "Ty Olsson", "__typename": "NameText"}, "primaryImage": {"url": "https://m.media-amazon.com/images/M/MV5BOTM5NDQ3OTExM15BMl5BanBnXkFtZTgwMDI5NjYyNzM@._V1_.jpg", "width": 1477, "height": 2048, "__typename": "Image"}, "__typename": "Name"}, "attributes": null, "category": {"id": "actor", "__typename": "CreditCategory"}, "characters": [{"name": "Red Donkey", "__typename": "Character"}], "episodeCredits": {"total": 0, "yearRange": null, "__typename": "EpisodeCastConnection"}, "__typename": "Cast"}, "__typename": "CreditEdge"}, {"node": {"name": {"id": "nm1027678", "nameText": {"text": "Michael Adamthwaite", "__typename": "NameText"}, "primaryImage": {"url": "https://m.media-amazon.com/images/M/MV5BMTgwMTYzNTI5MV5BMl5BanBnXkFtZTYwNjE0Mjgy._V1_.jpg", "width": 450, "height": 676, "__typename": "Image"}, "__typename": "Name"}, "attributes": null, "category": {"id": "actor", "__typename": "CreditCategory"}, "characters": [{"name": "Luca", "__typename": "Character"}], "episodeCredits": {"total": 0, "yearRange": null, "__typename": "EpisodeCastConnection"}, "__typename": "Cast"}, "__typename": "CreditEdge"}, {"node": {"name": {"id": "nm1527905", "nameText": {"text": "Toby Kebbell", "__typename": "NameText"}, "primaryImage": {"url": "https://m.media-amazon.com/images/M/MV5BMWMyNzU5ZjgtOGRkMS00MTA3LWI2ZmItZTIwZjc5ZmMxMzZkXkEyXkFqcGc@._V1_.jpg", "width": 750, "height": 943, "__typename": "Image"}, "__typename": "Name"}, "attributes": null, "category": {"id": "actor", "__typename": "CreditCategory"}, "characters": [{"name": "Koba", "__typename": "Character"}], "episodeCredits": {"total": 0, "yearRange": null, "__typename": "EpisodeCastConnection"}, "__typename": "Cast"}, "__typename": "CreditEdge"}, {"node": {"name": {"id": "nm2474632", "nameText": {"text": "Gabriel Chavarria", "__typename": "NameText"}, "primaryImage": {"url": "https://m.media-amazon.com/images/M/MV5BM2IxNTc4YmYtMjBmYy00ZjE5LTk3NTAtZDZmNjE1NGE0YjQ2XkEyXkFqcGc@._V1_.jpg", "width": 3508, "height": 5286, "__typename": "Image"}, "__typename": "Name"}, "attributes": null, "category": {"id": "actor", "__typename": "CreditCategory"}, "characters": [{"name": "Preacher", "__typename": "Character"}], "episodeCredits": {"total": 0, "yearRange": null, "__typename": "EpisodeCastConnection"}, "__typename": "Cast"}, "__typename": "CreditEdge"}, {"node": {"name": {"id": "nm0339460", "nameText": {"text": "Judy Greer", "__typename": "NameText"}, "primaryImage": {"url": "https://m.media-amazon.com/images/M/MV5BMTg5MTAyMzMzMl5BMl5BanBnXkFtZTcwMDY2Mzc2NQ@@._V1_.jpg", "width": 1387, "height": 2048, "__typename": "Image"}, "__typename": "Name"}, "attributes": null, "category": {"id": "actress", "__typename": "CreditCategory"}, "characters": [{"name": "Cornelia", "__typename": "Character"}], "episodeCredits": {"total": 0, "yearRange": null, "__typename": "EpisodeCastConnection"}, "__typename": "Cast"}, "__typename": "CreditEdge"}, {"node": {"name": {"id": "nm3048050", "nameText": {"text": "Sara Canning", "__typename": "NameText"}, "primaryImage": {"url": "https://m.media-amazon.com/images/M/MV5BNDkwOGJhYWItOWZjNi00NDhmLTk2MzAtZTk5NjgxNzUwYmI1XkEyXkFqcGc@._V1_.jpg", "width": 800, "height": 1205, "__typename": "Image"}, "__typename": "Name"}, "attributes": null, "category": {"id": "actress", "__typename": "CreditCategory"}, "characters": [{"name": "Lake", "__typename": "Character"}], "episodeCredits": {"total": 0, "yearRange": null, "__typename": "EpisodeCastConnection"}, "__typename": "Cast"}, "__typename": "CreditEdge"}, {"node": {"name": {"id": "nm1981476", "nameText": {"text": "Devyn Dalton", "__typename": "NameText"}, "primaryImage": {"url": "https://m.media-amazon.com/images/M/MV5BNDg1ZDJmZDUtYWM3Ny00ODIxLWI5MTItODkwMzQ5Y2Y5MmQ1XkEyXkFqcGc@._V1_CR1,1,1992,2988_.jpg", "width": 1992, "height": 2988, "__typename": "Image"}, "__typename": "Name"}, "attributes": null, "category": {"id": "actress", "__typename": "CreditCategory"}, "characters": [{"name": "Cornelius", "__typename": "Character"}], "episodeCredits": {"total": 0, "yearRange": null, "__typename": "EpisodeCastConnection"}, "__typename": "Cast"}, "__typename": "CreditEdge"}, {"node": {"name": {"id": "nm0006820", "nameText": {"text": "Aleks Paunovic", "__typename": "NameText"}, "primaryImage": {"url": "https://m.media-amazon.com/images/M/MV5BOTExNjYxZTUtMDVmNC00MmMwLWJjOTQtM2I3ZDg5N2MxYmY0XkEyXkFqcGc@._V1_.jpg", "width": 1290, "height": 1940, "__typename": "Image"}, "__typename": "Name"}, "attributes": null, "category": {"id": "actor", "__typename": "CreditCategory"}, "characters": [{"name": "Winter", "__typename": "Character"}], "episodeCredits": {"total": 0, "yearRange": null, "__typename": "EpisodeCastConnection"}, "__typename": "Cast"}, "__typename": "CreditEdge"}, {"node": {"name": {"id": "nm0432228", "nameText": {"text": "Alessandro Juliani", "__typename": "NameText"}, "primaryImage": {"url": "https://m.media-amazon.com/images/M/MV5BZjVjNzBiZjctNGRiNy00YTk3LWJlY2QtNGQ2M2Q3OTAxMDM3XkEyXkFqcGc@._V1_.jpg", "width": 2640, "height": 1100, "__typename": "Image"}, "__typename": "Name"}, "attributes": null, "category": {"id": "actor", "__typename": "CreditCategory"}, "characters": [{"name": "Spear", "__typename": "Character"}], "episodeCredits": {"total": 0, "yearRange": null, "__typename": "EpisodeCastConnection"}, "__typename": "Cast"}, "__typename": "CreditEdge"}, {"node": {"name": {"id": "nm1682827", "nameText": {"text": "Max Lloyd-Jones", "__typename": "NameText"}, "primaryImage": {"url": "https://m.media-amazon.com/images/M/MV5BODFiMjNmYmYtZGQ3NC00MjA1LWI3N2MtOGNlMzljOTg4ZWUyXkEyXkFqcGc@._V1_.jpg", "width": 1200, "height": 1800, "__typename": "Image"}, "__typename": "Name"}, "attributes": null, "category": {"id": "actor", "__typename": "CreditCategory"}, "characters": [{"name": "Blue Eyes", "__typename": "Character"}], "episodeCredits": {"total": 0, "yearRange": null, "__typename": "EpisodeCastConnection"}, "__typename": "Cast"}, "__typename": "CreditEdge"}, {"node": {"name": {"id": "nm0916448", "nameText": {"text": "Timothy Webber", "__typename": "NameText"}, "primaryImage": {"url": "https://m.media-amazon.com/images/M/MV5BMTAzMjA0NDMwNjleQTJeQWpwZ15BbWU3MDAxNzcyMzE@._V1_.jpg", "width": 450, "height": 300, "__typename": "Image"}, "__typename": "Name"}, "attributes": null, "category": {"id": "actor", "__typename": "CreditCategory"}, "characters": [{"name": "Ape Elder", "__typename": "Character"}], "episodeCredits": {"total": 0, "yearRange": null, "__typename": "EpisodeCastConnection"}, "__typename": "Cast"}, "__typename": "CreditEdge"}, {"node": {"name": {"id": "nm0153610", "nameText": {"text": "Lauro David Chartrand-Del Valle", "__typename": "NameText"}, "primaryImage": {"url": "https://m.media-amazon.com/images/M/MV5BNjUwZWFmY2YtNThlZC00MGJhLTkyYjMtZmViOTViN2QyMDIzXkEyXkFqcGc@._V1_.jpg", "width": 1134, "height": 702, "__typename": "Image"}, "__typename": "Name"}, "attributes": [{"text": "as Lauro Chartrand", "__typename": "CreditedAsCreditAttribute"}], "category": {"id": "actor", "__typename": "CreditCategory"}, "characters": [{"name": "Look Out Ape", "__typename": "Character"}], "episodeCredits": {"total": 0, "yearRange": null, "__typename": "EpisodeCastConnection"}, "__typename": "Cast"}, "__typename": "CreditEdge"}], "__typename": "CreditConnection"}, "creators": [], "directors": [{"totalCredits": 1, "category": {"text": "Director", "id": "director", "__typename": "CreditCategory"}, "credits": [{"name": {"id": "nm0716257", "nameText": {"text": "Matt Reeves", "__typename": "NameText"}, "__typename": "Name"}, "__typename": "Crew"}], "__typename": "PrincipalCreditsForCategory"}], "writers": [{"totalCredits": 5, "category": {"text": "Writers", "id": "writer", "__typename": "CreditCategory"}, "credits": [{"name": {"id": "nm0093560", "nameText": {"text": "Mark Bomback", "__typename": "NameText"}, "__typename": "Name"}, "__typename": "Crew"}, {"name": {"id": "nm0716257", "nameText": {"text": "Matt Reeves", "__typename": "NameText"}, "__typename": "Name"}, "__typename": "Crew"}, {"name": {"id": "nm0415425", "nameText": {"text": "Rick Jaffa", "__typename": "NameText"}, "__typename": "Name"}, "__typename": "Crew"}], "__typename": "PrincipalCreditsForCategory"}], "isAdult": false, "moreLikeThisTitles": {"edges": [{"node": {"id": "tt2103281", "titleText": {"text": "Dawn of the Planet of the Apes", "__typename": "TitleText"}, "titleType": {"id": "movie", "text": "Movie", "canHaveEpisodes": false, "displayableProperty": {"value": {"plainText": "", "__typename": "Markdown"}, "__typename": "DisplayableTitleTypeProperty"}, "__typename": "TitleType"}, "originalTitleText": {"text": "Dawn of the Planet of the Apes", "__typename": "TitleText"}, "primaryImage": {"id": "rm2587690240", "width": 1353, "height": 2000, "url": "https://m.media-amazon.com/images/M/MV5BZDQ2NzlkYjQtMGZiYS00Mzk4LTk4MzUtOTgwNjA2YTJmMzFlXkEyXkFqcGc@._V1_.jpg", "caption": {"plainText": "Andy Serkis in Dawn of the Planet of the Apes (2014)", "__typename": "Markdown"}, "__typename": "Image"}, "releaseYear": {"year": 2014, "endYear": null, "__typename": "YearRange"}, "ratingsSummary": {"aggregateRating": 7.6, "voteCount": 492865, "__typename": "RatingsSummary"}, "runtime": {"seconds": 7800, "__typename": "Runtime"}, "certificate": {"rating": "UA", "__typename": "Certificate"}, "canRate": {"isRatable": true, "__typename": "CanRate"}, "titleGenres": {"genres": [{"genre": {"text": "Action", "__typename": "GenreItem"}, "__typename": "TitleGenre"}, {"genre": {"text": "Adventure", "__typename": "GenreItem"}, "__typename": "TitleGenre"}, {"genre": {"text": "Drama", "__typename": "GenreItem"}, "__typename": "TitleGenre"}], "__typename": "TitleGenres"}, "canHaveEpisodes": false, "__typename": "Title"}, "__typename": "MoreLikeThisEdge"}, {"node": {"id": "tt1318514", "titleText": {"text": "Rise of the Planet of the Apes", "__typename": "TitleText"}, "titleType": {"id": "movie", "text": "Movie", "canHaveEpisodes": false, "displayableProperty": {"value": {"plainText": "", "__typename": "Markdown"}, "__typename": "DisplayableTitleTypeProperty"}, "__typename": "TitleType"}, "originalTitleText": {"text": "Rise of the Planet of the Apes", "__typename": "TitleText"}, "primaryImage": {"id": "rm499462912", "width": 2028, "height": 3000, "url": "https://m.media-amazon.com/images/M/MV5BMjllODU1NDItODU1Ni00N2Y2LTg4Y2ItOTJjMTczZDliN2FhXkEyXkFqcGc@._V1_.jpg", "caption": {"plainText": "Rise of the Planet of the Apes (2011)", "__typename": "Markdown"}, "__typename": "Image"}, "releaseYear": {"year": 2011, "endYear": null, "__typename": "YearRange"}, "ratingsSummary": {"aggregateRating": 7.6, "voteCount": 585271, "__typename": "RatingsSummary"}, "runtime": {"seconds": 6300, "__typename": "Runtime"}, "certificate": {"rating": "UA", "__typename": "Certificate"}, "canRate": {"isRatable": true, "__typename": "CanRate"}, "titleGenres": {"genres": [{"genre": {"text": "Action", "__typename": "GenreItem"}, "__typename": "TitleGenre"}, {"genre": {"text": "Drama", "__typename": "GenreItem"}, "__typename": "TitleGenre"}, {"genre": {"text": "Sci-Fi", "__typename": "GenreItem"}, "__typename": "TitleGenre"}], "__typename": "TitleGenres"}, "canHaveEpisodes": false, "__typename": "Title"}, "__typename": "MoreLikeThisEdge"}, {"node": {"id": "tt11389872", "titleText": {"text": "Kingdom of the Planet of the Apes", "__typename": "TitleText"}, "titleType": {"id": "movie", "text": "Movie", "canHaveEpisodes": false, "displayableProperty": {"value": {"plainText": "", "__typename": "Markdown"}, "__typename": "DisplayableTitleTypeProperty"}, "__typename": "TitleType"}, "originalTitleText": {"text": "Kingdom of the Planet of the Apes", "__typename": "TitleText"}, "primaryImage": {"id": "rm803820801", "width": 1080, "height": 1350, "url": "https://m.media-amazon.com/images/M/MV5BMjU3ODNhNzAtOTU0OC00ODRiLWEyNjAtODhhMjJjNmM5OTAxXkEyXkFqcGc@._V1_.jpg", "caption": {"plainText": "Owen Teague in Kingdom of the Planet of the Apes (2024)", "__typename": "Markdown"}, "__typename": "Image"}, "releaseYear": {"year": 2024, "endYear": null, "__typename": "YearRange"}, "ratingsSummary": {"aggregateRating": 6.9, "voteCount": 132308, "__typename": "RatingsSummary"}, "runtime": {"seconds": 8700, "__typename": "Runtime"}, "certificate": {"rating": "PG-13", "__typename": "Certificate"}, "canRate": {"isRatable": true, "__typename": "CanRate"}, "titleGenres": {"genres": [{"genre": {"text": "Action", "__typename": "GenreItem"}, "__typename": "TitleGenre"}, {"genre": {"text": "Adventure", "__typename": "GenreItem"}, "__typename": "TitleGenre"}, {"genre": {"text": "Drama", "__typename": "GenreItem"}, "__typename": "TitleGenre"}], "__typename": "TitleGenres"}, "canHaveEpisodes": false, "__typename": "Title"}, "__typename": "MoreLikeThisEdge"}, {"node": {"id": "tt0133152", "titleText": {"text": "Planet of the Apes", "__typename": "TitleText"}, "titleType": {"id": "movie", "text": "Movie", "canHaveEpisodes": false, "displayableProperty": {"value": {"plainText": "", "__typename": "Markdown"}, "__typename": "DisplayableTitleTypeProperty"}, "__typename": "TitleType"}, "originalTitleText": {"text": "Planet of the Apes", "__typename": "TitleText"}, "primaryImage": {"id": "rm3468297984", "width": 1000, "height": 1500, "url": "https://m.media-amazon.com/images/M/MV5BYjczODRhOTQtZjdkYi00MmM2LTg1ZmEtZDQ3YjA5MDJhODNhXkEyXkFqcGc@._V1_.jpg", "caption": {"plainText": "Planet of the Apes (2001)", "__typename": "Markdown"}, "__typename": "Image"}, "releaseYear": {"year": 2001, "endYear": null, "__typename": "YearRange"}, "ratingsSummary": {"aggregateRating": 5.7, "voteCount": 235894, "__typename": "RatingsSummary"}, "runtime": {"seconds": 7200, "__typename": "Runtime"}, "certificate": {"rating": "UA", "__typename": "Certificate"}, "canRate": {"isRatable": true, "__typename": "CanRate"}, "titleGenres": {"genres": [{"genre": {"text": "Action", "__typename": "GenreItem"}, "__typename": "TitleGenre"}, {"genre": {"text": "Adventure", "__typename": "GenreItem"}, "__typename": "TitleGenre"}, {"genre": {"text": "Sci-Fi", "__typename": "GenreItem"}, "__typename": "TitleGenre"}], "__typename": "TitleGenres"}, "canHaveEpisodes": false, "__typename": "Title"}, "__typename": "MoreLikeThisEdge"}, {"node": {"id": "tt0063442", "titleText": {"text": "Planet of the Apes", "__typename": "TitleText"}, "titleType": {"id": "movie", "text": "Movie", "canHaveEpisodes": false, "displayableProperty": {"value": {"plainText": "", "__typename": "Markdown"}, "__typename": "DisplayableTitleTypeProperty"}, "__typename": "TitleType"}, "originalTitleText": {"text": "Planet of the Apes", "__typename": "TitleText"}, "primaryImage": {"id": "rm1739084801", "width": 1944, "height": 2916, "url": "https://m.media-amazon.com/images/M/MV5BMjI2NzRkNmQtNTIwZi00ZWMxLThlOGQtMjQ1NjI3MzI5YmIzXkEyXkFqcGc@._V1_.jpg", "caption": {"plainText": "Maurice Evans in Planet of the Apes (1968)", "__typename": "Markdown"}, "__typename": "Image"}, "releaseYear": {"year": 1968, "endYear": null, "__typename": "YearRange"}, "ratingsSummary": {"aggregateRating": 8, "voteCount": 201572, "__typename": "RatingsSummary"}, "runtime": {"seconds": 6720, "__typename": "Runtime"}, "certificate": {"rating": "U", "__typename": "Certificate"}, "canRate": {"isRatable": true, "__typename": "CanRate"}, "titleGenres": {"genres": [{"genre": {"text": "Adventure", "__typename": "GenreItem"}, "__typename": "TitleGenre"}, {"genre": {"text": "Sci-Fi", "__typename": "GenreItem"}, "__typename": "TitleGenre"}], "__typename": "TitleGenres"}, "canHaveEpisodes": false, "__typename": "Title"}, "__typename": "MoreLikeThisEdge"}, {"node": {"id": "tt3731562", "titleText": {"text": "Kong: Skull Island", "__typename": "TitleText"}, "titleType": {"id": "movie", "text": "Movie", "canHaveEpisodes": false, "displayableProperty": {"value": {"plainText": "", "__typename": "Markdown"}, "__typename": "DisplayableTitleTypeProperty"}, "__typename": "TitleType"}, "originalTitleText": {"text": "Kong: Skull Island", "__typename": "TitleText"}, "primaryImage": {"id": "rm3538268673", "width": 1000, "height": 1426, "url": "https://m.media-amazon.com/images/M/MV5BY2NjMWY5MzQtNDUxMy00YWM0LWExOTAtZDkxNGZlN2I4YmE0XkEyXkFqcGc@._V1_.jpg", "caption": {"plainText": "Kong: Skull Island (2017)", "__typename": "Markdown"}, "__typename": "Image"}, "releaseYear": {"year": 2017, "endYear": null, "__typename": "YearRange"}, "ratingsSummary": {"aggregateRating": 6.7, "voteCount": 356853, "__typename": "RatingsSummary"}, "runtime": {"seconds": 7080, "__typename": "Runtime"}, "certificate": {"rating": "UA", "__typename": "Certificate"}, "canRate": {"isRatable": true, "__typename": "CanRate"}, "titleGenres": {"genres": [{"genre": {"text": "Action", "__typename": "GenreItem"}, "__typename": "TitleGenre"}, {"genre": {"text": "Adventure", "__typename": "GenreItem"}, "__typename": "TitleGenre"}, {"genre": {"text": "Fantasy", "__typename": "GenreItem"}, "__typename": "TitleGenre"}], "__typename": "TitleGenres"}, "canHaveEpisodes": false, "__typename": "Title"}, "__typename": "MoreLikeThisEdge"}, {"node": {"id": "tt0067065", "titleText": {"text": "Escape from the Planet of the Apes", "__typename": "TitleText"}, "titleType": {"id": "movie", "text": "Movie", "canHaveEpisodes": false, "displayableProperty": {"value": {"plainText": "", "__typename": "Markdown"}, "__typename": "DisplayableTitleTypeProperty"}, "__typename": "TitleType"}, "originalTitleText": {"text": "Escape from the Planet of the Apes", "__typename": "TitleText"}, "primaryImage": {"id": "rm4121954048", "width": 988, "height": 1500, "url": "https://m.media-amazon.com/images/M/MV5BY2NjNzVlMDgtMzEyYS00N2M4LWI2YjMtNGQ1NGRlZDk5MDU5XkEyXkFqcGc@._V1_.jpg", "caption": {"plainText": "Escape from the Planet of the Apes (1971)", "__typename": "Markdown"}, "__typename": "Image"}, "releaseYear": {"year": 1971, "endYear": null, "__typename": "YearRange"}, "ratingsSummary": {"aggregateRating": 6.3, "voteCount": 42163, "__typename": "RatingsSummary"}, "runtime": {"seconds": 5880, "__typename": "Runtime"}, "certificate": {"rating": "U", "__typename": "Certificate"}, "canRate": {"isRatable": true, "__typename": "CanRate"}, "titleGenres": {"genres": [{"genre": {"text": "Action", "__typename": "GenreItem"}, "__typename": "TitleGenre"}, {"genre": {"text": "Sci-Fi", "__typename": "GenreItem"}, "__typename": "TitleGenre"}], "__typename": "TitleGenres"}, "canHaveEpisodes": false, "__typename": "Title"}, "__typename": "MoreLikeThisEdge"}, {"node": {"id": "tt0065462", "titleText": {"text": "Beneath the Planet of the Apes", "__typename": "TitleText"}, "titleType": {"id": "movie", "text": "Movie", "canHaveEpisodes": false, "displayableProperty": {"value": {"plainText": "", "__typename": "Markdown"}, "__typename": "DisplayableTitleTypeProperty"}, "__typename": "TitleType"}, "originalTitleText": {"text": "Beneath the Planet of the Apes", "__typename": "TitleText"}, "primaryImage": {"id": "rm2896692736", "width": 990, "height": 1500, "url": "https://m.media-amazon.com/images/M/MV5BNzY5ODkwMGUtYTNkZi00NDJmLWJhZjktNzE0NmM0ZDcyMTM0XkEyXkFqcGc@._V1_.jpg", "caption": {"plainText": "Beneath the Planet of the Apes (1970)", "__typename": "Markdown"}, "__typename": "Image"}, "releaseYear": {"year": 1970, "endYear": null, "__typename": "YearRange"}, "ratingsSummary": {"aggregateRating": 6, "voteCount": 54835, "__typename": "RatingsSummary"}, "runtime": {"seconds": 5700, "__typename": "Runtime"}, "certificate": {"rating": "U", "__typename": "Certificate"}, "canRate": {"isRatable": true, "__typename": "CanRate"}, "titleGenres": {"genres": [{"genre": {"text": "Action", "__typename": "GenreItem"}, "__typename": "TitleGenre"}, {"genre": {"text": "Adventure", "__typename": "GenreItem"}, "__typename": "TitleGenre"}, {"genre": {"text": "Sci-Fi", "__typename": "GenreItem"}, "__typename": "TitleGenre"}], "__typename": "TitleGenres"}, "canHaveEpisodes": false, "__typename": "Title"}, "__typename": "MoreLikeThisEdge"}, {"node": {"id": "tt0068408", "titleText": {"text": "Conquest of the Planet of the Apes", "__typename": "TitleText"}, "titleType": {"id": "movie", "text": "Movie", "canHaveEpisodes": false, "displayableProperty": {"value": {"plainText": "", "__typename": "Markdown"}, "__typename": "DisplayableTitleTypeProperty"}, "__typename": "TitleType"}, "originalTitleText": {"text": "Conquest of the Planet of the Apes", "__typename": "TitleText"}, "primaryImage": {"id": "rm3339590912", "width": 800, "height": 1209, "url": "https://m.media-amazon.com/images/M/MV5BZjQ5Y2EwMDEtMjAzMS00YWY3LThkOTEtNzFjNDQ4NGRiNDIzXkEyXkFqcGc@._V1_.jpg", "caption": {"plainText": "Conquest of the Planet of the Apes (1972)", "__typename": "Markdown"}, "__typename": "Image"}, "releaseYear": {"year": 1972, "endYear": null, "__typename": "YearRange"}, "ratingsSummary": {"aggregateRating": 6.1, "voteCount": 38392, "__typename": "RatingsSummary"}, "runtime": {"seconds": 5280, "__typename": "Runtime"}, "certificate": {"rating": "U", "__typename": "Certificate"}, "canRate": {"isRatable": true, "__typename": "CanRate"}, "titleGenres": {"genres": [{"genre": {"text": "Action", "__typename": "GenreItem"}, "__typename": "TitleGenre"}, {"genre": {"text": "Sci-Fi", "__typename": "GenreItem"}, "__typename": "TitleGenre"}], "__typename": "TitleGenres"}, "canHaveEpisodes": false, "__typename": "Title"}, "__typename": "MoreLikeThisEdge"}, {"node": {"id": "tt5034838", "titleText": {"text": "Godzilla vs. Kong", "__typename": "TitleText"}, "titleType": {"id": "movie", "text": "Movie", "canHaveEpisodes": false, "displayableProperty": {"value": {"plainText": "", "__typename": "Markdown"}, "__typename": "DisplayableTitleTypeProperty"}, "__typename": "TitleType"}, "originalTitleText": {"text": "Godzilla vs. Kong", "__typename": "TitleText"}, "primaryImage": {"id": "rm4202155521", "width": 500, "height": 741, "url": "https://m.media-amazon.com/images/M/MV5BYjNmOWI4ZjgtMWFiZS00YTBkLWE2YjUtM2RmNzJkMDhkY2E3XkEyXkFqcGc@._V1_.jpg", "caption": {"plainText": "Godzilla vs. Kong (2021)", "__typename": "Markdown"}, "__typename": "Image"}, "releaseYear": {"year": 2021, "endYear": null, "__typename": "YearRange"}, "ratingsSummary": {"aggregateRating": 6.3, "voteCount": 250982, "__typename": "RatingsSummary"}, "runtime": {"seconds": 6780, "__typename": "Runtime"}, "certificate": {"rating": "UA", "__typename": "Certificate"}, "canRate": {"isRatable": true, "__typename": "CanRate"}, "titleGenres": {"genres": [{"genre": {"text": "Action", "__typename": "GenreItem"}, "__typename": "TitleGenre"}, {"genre": {"text": "Sci-Fi", "__typename": "GenreItem"}, "__typename": "TitleGenre"}, {"genre": {"text": "Thriller", "__typename": "GenreItem"}, "__typename": "TitleGenre"}], "__typename": "TitleGenres"}, "canHaveEpisodes": false, "__typename": "Title"}, "__typename": "MoreLikeThisEdge"}, {"node": {"id": "tt3741700", "titleText": {"text": "Godzilla: King of the Monsters", "__typename": "TitleText"}, "titleType": {"id": "movie", "text": "Movie", "canHaveEpisodes": false, "displayableProperty": {"value": {"plainText": "", "__typename": "Markdown"}, "__typename": "DisplayableTitleTypeProperty"}, "__typename": "TitleType"}, "originalTitleText": {"text": "Godzilla: King of the Monsters", "__typename": "TitleText"}, "primaryImage": {"id": "rm2842392320", "width": 1382, "height": 2048, "url": "https://m.media-amazon.com/images/M/MV5BMjkwNjMwMjEwNF5BMl5BanBnXkFtZTgwMzg5NjI5NjM@._V1_.jpg", "caption": {"plainText": "Millie Bobby Brown in Godzilla: King of the Monsters (2019)", "__typename": "Markdown"}, "__typename": "Image"}, "releaseYear": {"year": 2019, "endYear": null, "__typename": "YearRange"}, "ratingsSummary": {"aggregateRating": 6, "voteCount": 214644, "__typename": "RatingsSummary"}, "runtime": {"seconds": 7920, "__typename": "Runtime"}, "certificate": {"rating": "UA", "__typename": "Certificate"}, "canRate": {"isRatable": true, "__typename": "CanRate"}, "titleGenres": {"genres": [{"genre": {"text": "Action", "__typename": "GenreItem"}, "__typename": "TitleGenre"}, {"genre": {"text": "Adventure", "__typename": "GenreItem"}, "__typename": "TitleGenre"}, {"genre": {"text": "Fantasy", "__typename": "GenreItem"}, "__typename": "TitleGenre"}], "__typename": "TitleGenres"}, "canHaveEpisodes": false, "__typename": "Title"}, "__typename": "MoreLikeThisEdge"}, {"node": {"id": "tt0071033", "titleText": {"text": "Planet of the Apes", "__typename": "TitleText"}, "titleType": {"id": "tvSeries", "text": "TV Series", "canHaveEpisodes": true, "displayableProperty": {"value": {"plainText": "TV Series", "__typename": "Markdown"}, "__typename": "DisplayableTitleTypeProperty"}, "__typename": "TitleType"}, "originalTitleText": {"text": "Planet of the Apes", "__typename": "TitleText"}, "primaryImage": {"id": "rm893817344", "width": 351, "height": 500, "url": "https://m.media-amazon.com/images/M/MV5BMTY1MzQ4ODc1M15BMl5BanBnXkFtZTcwMTU2NDkzMQ@@._V1_.jpg", "caption": {"plainText": "Planet of the Apes (1974)", "__typename": "Markdown"}, "__typename": "Image"}, "releaseYear": {"year": 1974, "endYear": 1974, "__typename": "YearRange"}, "ratingsSummary": {"aggregateRating": 7, "voteCount": 5737, "__typename": "RatingsSummary"}, "runtime": {"seconds": 2820, "__typename": "Runtime"}, "certificate": {"rating": "TV-PG", "__typename": "Certificate"}, "canRate": {"isRatable": true, "__typename": "CanRate"}, "titleGenres": {"genres": [{"genre": {"text": "Adventure", "__typename": "GenreItem"}, "__typename": "TitleGenre"}, {"genre": {"text": "Sci-Fi", "__typename": "GenreItem"}, "__typename": "TitleGenre"}, {"genre": {"text": "Thriller", "__typename": "GenreItem"}, "__typename": "TitleGenre"}], "__typename": "TitleGenres"}, "canHaveEpisodes": true, "__typename": "Title"}, "__typename": "MoreLikeThisEdge"}], "__typename": "MoreLikeThisConnection"}, "triviaTotal": {"total": 156, "__typename": "TriviaConnection"}, "trivia": {"edges": [{"node": {"text": {"plaidHtml": "The water dumped on Caesar around 1:27:00 was supposed to be warm, but the crew forgot to heat it up. Caesar&#39;s shocked reaction is authentic. They were all apologetic afterward, but <a class=\"ipc-md-link ipc-md-link--entity\" href=\"/name/nm0785227/?ref_=tt_dyk_trv\">Andy Serkis</a> said that it worked for the scene.", "__typename": "Markdown"}, "trademark": null, "relatedNames": null, "__typename": "TitleTrivia"}, "__typename": "TriviaEdge"}], "__typename": "TriviaConnection"}, "goofsTotal": {"total": 17, "__typename": "GoofConnection"}, "goofs": {"edges": [{"node": {"text": {"plaidHtml": "When Caesar scans the camp with the binoculars, Luca asks in sign language if he&#39;s spotted the Colonel. Caesar responds despite the fact that he is looking through binoculars and couldn&#39;t have seen Luca signing.", "__typename": "Markdown"}, "__typename": "Goof"}, "__typename": "GoofEdge"}], "__typename": "GoofConnection"}, "quotesTotal": {"total": 50, "__typename": "TitleQuoteConnection"}, "quotes": {"edges": [{"node": {"lines": [{"characters": [{"character": "Caesar", "name": {"id": "nm0785227", "__typename": "Name"}, "__typename": "TitleQuoteCharacter"}], "text": "I did not start this war. I offered you peace. I showed you mercy. But now you're here. To finish us off... for good.", "stageDirection": null, "__typename": "TitleQuoteLine"}], "__typename": "TitleQuote"}, "__typename": "TitleQuoteEdge"}], "__typename": "TitleQuoteConnection"}, "crazyCredits": {"edges": [{"node": {"text": {"plaidHtml": "The 20th Century Fox fanfare is played through the use of Congo drums instead of the traditional percussion instruments.", "__typename": "Markdown"}, "__typename": "CrazyCredit"}, "__typename": "CrazyCreditEdge"}], "__typename": "CrazyCreditConnection"}, "alternateVersions": {"total": 0, "edges": [], "__typename": "AlternateVersionConnection"}, "connections": {"edges": [{"node": {"associatedTitle": {"id": "tt6854866", "releaseYear": {"year": 2017, "__typename": "YearRange"}, "titleText": {"text": "Episode #46.7", "__typename": "TitleText"}, "originalTitleText": {"text": "Episode #46.7", "__typename": "TitleText"}, "series": {"series": {"titleText": {"text": "Film '72", "__typename": "TitleText"}, "originalTitleText": {"text": "Film '72", "__typename": "TitleText"}, "__typename": "Title"}, "__typename": "Series"}, "__typename": "Title"}, "category": {"text": "Featured in", "__typename": "TitleConnectionCategory"}, "__typename": "TitleConnection"}, "__typename": "TitleConnectionEdge"}], "__typename": "TitleConnectionConnection"}, "soundtrack": {"edges": [{"node": {"text": "Apes's Past Is Prologue", "comments": [{"plaidHtml": "Written by <a class=\"ipc-md-link ipc-md-link--entity\" href=\"/name/nm7795806/?ref_=tt_dyk_snd\">Griffy Giacchino</a> (as Griffith Giacchino)", "__typename": "Markdown"}], "__typename": "Track"}, "__typename": "SoundtrackEdge"}], "__typename": "SoundtrackConnection"}, "titleText": {"text": "War for the Planet of the Apes", "__typename": "TitleText"}, "originalTitleText": {"text": "War for the Planet of the Apes", "__typename": "TitleText"}, "releaseYear": {"year": 2017, "__typename": "YearRange"}, "reviews": {"total": 1022, "__typename": "ReviewsConnection"}, "featuredReviews": {"edges": [{"node": {"id": "rw5202610", "author": {"nickName": "nicerep", "userId": "ur22368886", "__typename": "UserProfile"}, "summary": {"originalText": "Someone has it in for the movie makers", "__typename": "ReviewSummary"}, "text": {"originalText": {"plaidHtml": "A quick look at the bad reviews shows that most of them were written around the same time, mid July 2017 and most all of them are 1 star ratings, an obvious attack on the movie makers and nothing to do with the quality of the film. I urge you to ignore these fake reviews and read instead those written after the summer of 2017!", "__typename": "Markdown"}, "__typename": "ReviewText"}, "authorRating": 10, "submissionDate": "2019-10-21", "helpfulness": {"upVotes": 127, "downVotes": 38, "__typename": "ReviewHelpfulness"}, "__typename": "Review"}, "__typename": "ReviewEdge"}], "__typename": "ReviewsConnection"}, "canRate": {"isRatable": true, "__typename": "CanRate"}, "iframeAddReviewLink": {"url": "https://contribute.imdb.com/review/tt3450958/add?bus=imdb&return_url=https%3A%2F%2Fwww.imdb.com%2Fclose_me&site=web", "__typename": "ContributionLink"}, "topQuestions": {"total": 20, "edges": [{"node": {"attributeId": "run-time", "question": {"plainText": "How long is War for the Planet of the Apes?", "__typename": "Markdown"}, "__typename": "AlexaQuestion"}, "__typename": "AlexaQuestionEdge"}], "__typename": "AlexaQuestionConnection"}, "faqs": {"total": 0, "edges": [], "__typename": "FaqConnection"}, "releaseDate": {"day": 14, "month": 7, "year": 2017, "country": {"id": "IN", "text": "India", "__typename": "LocalizedDisplayableCountry"}, "__typename": "ReleaseDate"}, "countriesOfOrigin": {"countries": [{"id": "US", "text": "United States", "__typename": "CountryOfOrigin"}], "__typename": "CountriesOfOrigin"}, "detailsExternalLinks": {"edges": [{"node": {"url": "https://www.facebook.com/ApesMovies", "label": "Official Facebook", "externalLinkRegion": null, "__typename": "ExternalLink"}, "__typename": "ExternalLinkEdge"}, {"node": {"url": "https://www.Instagram.com/ApesMovies", "label": "Official Instagram", "externalLinkRegion": null, "__typename": "ExternalLink"}, "__typename": "ExternalLinkEdge"}], "total": 3, "__typename": "ExternalLinkConnection"}, "spokenLanguages": {"spokenLanguages": [{"id": "en", "text": "English", "__typename": "SpokenLanguage"}, {"id": "ase", "text": "American Sign Language", "__typename": "SpokenLanguage"}], "__typename": "SpokenLanguages"}, "akas": {"edges": [{"node": {"text": "\u0935\u0949\u0930 \u092b\u0949\u0930 \u0926 \u092a\u094d\u0932\u0945\u0928\u0947\u091f \u0911\u092b \u0926 \u090f\u092a\u094d\u0938", "__typename": "Aka"}, "__typename": "AkaEdge"}], "__typename": "AkaConnection"}, "filmingLocations": {"edges": [{"node": {"text": "Vancouver, British Columbia, Canada", "location": "Vancouver, British Columbia, Canada", "attributes": [], "__typename": "FilmingLocation"}, "__typename": "FilmingLocationEdge"}], "total": 5, "__typename": "FilmingLocationConnection"}, "production": {"edges": [{"node": {"company": {"id": "co0000756", "companyText": {"text": "Twentieth Century Fox", "__typename": "CompanyText"}, "__typename": "Company"}, "__typename": "CompanyCredit"}, "__typename": "CompanyCreditEdge"}, {"node": {"company": {"id": "co0286257", "companyText": {"text": "Chernin Entertainment", "__typename": "CompanyText"}, "__typename": "Company"}, "__typename": "CompanyCredit"}, "__typename": "CompanyCreditEdge"}, {"node": {"company": {"id": "co0420822", "companyText": {"text": "TSG Entertainment", "__typename": "CompanyText"}, "__typename": "Company"}, "__typename": "CompanyCredit"}, "__typename": "CompanyCreditEdge"}], "__typename": "CompanyCreditConnection"}, "companies": {"total": 90, "__typename": "CompanyCreditConnection"}, "productionBudget": {"budget": {"amount": 150000000, "currency": "USD", "__typename": "Money"}, "__typename": "ProductionBudget"}, "lifetimeGross": {"total": {"amount": 146880162, "currency": "USD", "__typename": "Money"}, "__typename": "BoxOfficeGross"}, "openingWeekendGross": {"gross": {"total": {"amount": 56262929, "currency": "USD", "__typename": "Money"}, "__typename": "BoxOfficeGross"}, "weekendEndDate": "2017-07-16", "__typename": "OpeningWeekendGross"}, "worldwideGross": {"total": {"amount": 490719763, "currency": "USD", "__typename": "Money"}, "__typename": "BoxOfficeGross"}, "technicalSpecifications": {"soundMixes": {"items": [{"id": "dolby_atmos", "text": "Dolby Atmos", "attributes": [], "__typename": "SoundMix"}, {"id": "dolby_digital", "text": "Dolby Digital", "attributes": [], "__typename": "SoundMix"}, {"id": "auro_11.1", "text": "Auro 11.1", "attributes": [], "__typename": "SoundMix"}, {"id": "imax_6_track", "text": "IMAX 6-Track", "attributes": [], "__typename": "SoundMix"}, {"id": "dolby_surround 7.1", "text": "Dolby Surround 7.1", "attributes": [], "__typename": "SoundMix"}], "__typename": "SoundMixes"}, "aspectRatios": {"items": [{"aspectRatio": "2.39 : 1", "attributes": [], "__typename": "AspectRatio"}], "__typename": "AspectRatios"}, "colorations": {"items": [{"conceptId": "color", "text": "Color", "attributes": [], "__typename": "Coloration"}], "__typename": "Colorations"}, "__typename": "TechnicalSpecifications"}, "runtime": {"seconds": 8400, "__typename": "Runtime"}, "series": null, "canHaveEpisodes": false, "contributionQuestions": {"contributionLink": {"url": "https://contribute.imdb.com/answers", "__typename": "ContributionQuestionsLink"}, "edges": [], "__typename": "QuestionConnection"}, "__typename": "Title"}}