{"ok": true, "error_code": 200, "description": "", "short": {"@context": "https://schema.org", "@type": "Movie", "url": "https://www.imdb.com/title/tt3741700/", "name": "Godzilla: King of the Monsters", "image": "https://m.media-amazon.com/images/M/MV5BMjkwNjMwMjEwNF5BMl5BanBnXkFtZTgwMzg5NjI5NjM@._V1_.jpg", "description": "The crypto-zoological agency Monarch faces off against a battery of god-sized monsters, including the mighty Godzilla, who collides with Mothra, Rodan, and his ultimate nemesis, the three-headed King Ghidorah.", "review": {"@type": "Review", "itemReviewed": {"@type": "Movie", "url": "https://www.imdb.com/title/tt3741700/"}, "author": {"@type": "Person", "name": "King_MG"}, "dateCreated": "2019-05-29", "inLanguage": "English", "name": "Monsters awesome, rest meh", "reviewBody": "The whole dramatic family story wasn&apos;t able to catch me. It isn&apos;t annoying, but allways kind of irrelevant. Every scene including monsters on the other hand is stuning. In General the monster design, the CGI, the fights and the whole cinematography aswell are beyond beautiful. I recommand the movie because of those monster scenes. Everything what happens around that is more like a 3/10", "reviewRating": {"@type": "Rating", "worstRating": 1, "bestRating": 10, "ratingValue": 6}}, "aggregateRating": {"@type": "AggregateRating", "ratingCount": 214644, "bestRating": 10, "worstRating": 1, "ratingValue": 6}, "contentRating": "UA", "genre": ["Action", "Adventure", "Fantasy"], "datePublished": "2019-05-30", "keywords": "monster,terrorism,destruction,showdown,kidnapping", "trailer": {"@type": "VideoObject", "name": "Final Trailer", "embedUrl": "https://www.imdb.com/video/imdb/vi1619573785", "thumbnail": {"@type": "ImageObject", "contentUrl": "https://m.media-amazon.com/images/M/MV5BY2QwNWM0Y2EtYzBiYi00YWFjLWJjYWItNTQ2Y2QwMDY2YmZmXkEyXkFqcGdeQW1yb3NzZXI@._V1_.jpg"}, "thumbnailUrl": "https://m.media-amazon.com/images/M/MV5BY2QwNWM0Y2EtYzBiYi00YWFjLWJjYWItNTQ2Y2QwMDY2YmZmXkEyXkFqcGdeQW1yb3NzZXI@._V1_.jpg", "url": "https://www.imdb.com/video/vi1619573785/", "description": "Crypto-zoological agency Monarch faces off against god-sized monsters including the mighty Godzilla, who collides with Mothra, Rodan, and his ultimate nemesis, the three-headed King Ghidorah.", "duration": "PT2M14S", "uploadDate": "2019-04-23T13:18:05.399Z"}, "actor": [{"@type": "Person", "url": "https://www.imdb.com/name/nm0151419/", "name": "Kyle Chandler"}, {"@type": "Person", "url": "https://www.imdb.com/name/nm0267812/", "name": "Vera Farmiga"}, {"@type": "Person", "url": "https://www.imdb.com/name/nm5611121/", "name": "Millie Bobby Brown"}], "director": [{"@type": "Person", "url": "https://www.imdb.com/name/nm1002424/", "name": "Michael Dougherty"}], "creator": [{"@type": "Organization", "url": "https://www.imdb.com/company/co0002663/"}, {"@type": "Organization", "url": "https://www.imdb.com/company/co0159111/"}, {"@type": "Organization", "url": "https://www.imdb.com/company/co0002219/"}, {"@type": "Person", "url": "https://www.imdb.com/name/nm1002424/", "name": "Michael Dougherty"}, {"@type": "Person", "url": "https://www.imdb.com/name/nm1296461/", "name": "Zach Shields"}, {"@type": "Person", "url": "https://www.imdb.com/name/nm1440919/", "name": "Max Borenstein"}], "duration": "PT2H12M"}, "imdbId": "tt3741700", "top": {"id": "tt3741700", "productionStatus": {"currentProductionStage": {"id": "released", "text": "Released", "__typename": "ProductionStage"}, "productionStatusHistory": [{"status": {"id": "treatment_outline", "text": "Treatment Outline", "__typename": "ProductionStatus"}, "__typename": "ProductionStatusHistory"}, {"status": {"id": "script", "text": "Script", "__typename": "ProductionStatus"}, "__typename": "ProductionStatusHistory"}, {"status": {"id": "script", "text": "Script", "__typename": "ProductionStatus"}, "__typename": "ProductionStatusHistory"}, {"status": {"id": "script", "text": "Script", "__typename": "ProductionStatus"}, "__typename": "ProductionStatusHistory"}, {"status": {"id": "pre_production", "text": "Pre-production", "__typename": "ProductionStatus"}, "__typename": "ProductionStatusHistory"}, {"status": {"id": "pre_production", "text": "Pre-production", "__typename": "ProductionStatus"}, "__typename": "ProductionStatusHistory"}, {"status": {"id": "filming", "text": "Filming", "__typename": "ProductionStatus"}, "__typename": "ProductionStatusHistory"}, {"status": {"id": "post_production", "text": "Post-production", "__typename": "ProductionStatus"}, "__typename": "ProductionStatusHistory"}, {"status": {"id": "completed", "text": "Completed", "__typename": "ProductionStatus"}, "__typename": "ProductionStatusHistory"}, {"status": {"id": "released", "text": "Released", "__typename": "ProductionStatus"}, "__typename": "ProductionStatusHistory"}], "restriction": null, "__typename": "ProductionStatusDetails"}, "canHaveEpisodes": false, "series": null, "titleText": {"text": "Godzilla: King of the Monsters", "__typename": "TitleText"}, "titleType": {"displayableProperty": {"value": {"plainText": "", "__typename": "Markdown"}, "__typename": "DisplayableTitleTypeProperty"}, "text": "Movie", "id": "movie", "isSeries": false, "isEpisode": false, "categories": [{"value": "movie", "__typename": "TitleTypeCategory"}], "canHaveEpisodes": false, "__typename": "TitleType"}, "originalTitleText": {"text": "Godzilla: King of the Monsters", "__typename": "TitleText"}, "certificate": {"rating": "UA", "__typename": "Certificate"}, "releaseYear": {"year": 2019, "endYear": null, "__typename": "YearRange"}, "releaseDate": {"day": 30, "month": 5, "year": 2019, "__typename": "ReleaseDate"}, "runtime": {"seconds": 7920, "displayableProperty": {"value": {"plainText": "2h 12m", "__typename": "Markdown"}, "__typename": "DisplayableTitleRuntimeProperty"}, "__typename": "Runtime"}, "canRate": {"isRatable": true, "__typename": "CanRate"}, "ratingsSummary": {"aggregateRating": 6, "voteCount": 214644, "__typename": "RatingsSummary"}, "meterRanking": {"currentRank": 2797, "rankChange": {"changeDirection": "UP", "difference": 614, "__typename": "MeterRankChange"}, "__typename": "TitleMeterRanking"}, "primaryImage": {"id": "rm2842392320", "width": 1382, "height": 2048, "url": "https://m.media-amazon.com/images/M/MV5BMjkwNjMwMjEwNF5BMl5BanBnXkFtZTgwMzg5NjI5NjM@._V1_.jpg", "caption": {"plainText": "Millie Bobby Brown in Godzilla: King of the Monsters (2019)", "__typename": "Markdown"}, "__typename": "Image"}, "images": {"total": 411, "edges": [{"node": {"id": "rm814442240", "__typename": "Image"}, "__typename": "ImageEdge"}], "__typename": "ImageConnection"}, "videos": {"total": 23, "__typename": "TitleRelatedVideosConnection"}, "primaryVideos": {"edges": [{"node": {"id": "vi1619573785", "createdDate": "2019-04-23T13:18:05.399Z", "isMature": false, "runtime": {"value": 134, "__typename": "VideoRuntime"}, "name": {"value": "Final Trailer", "language": "en", "__typename": "LocalizedString"}, "description": {"value": "Crypto-zoological agency Monarch faces off against god-sized monsters including the mighty Godzilla, who collides with Mothra, Rodan, and his ultimate nemesis, the three-headed King Ghidorah.", "language": "en", "__typename": "LocalizedString"}, "timedTextTracks": [], "recommendedTimedTextTrack": null, "thumbnail": {"url": "https://m.media-amazon.com/images/M/MV5BY2QwNWM0Y2EtYzBiYi00YWFjLWJjYWItNTQ2Y2QwMDY2YmZmXkEyXkFqcGdeQW1yb3NzZXI@._V1_.jpg", "height": 1080, "width": 1920, "__typename": "Thumbnail"}, "primaryTitle": {"id": "tt3741700", "titleText": {"text": "Godzilla: King of the Monsters", "__typename": "TitleText"}, "originalTitleText": {"text": "Godzilla: King of the Monsters", "__typename": "TitleText"}, "releaseYear": {"year": 2019, "__typename": "YearRange"}, "__typename": "Title"}, "playbackURLs": [{"displayName": {"value": "480p", "language": "en-US", "__typename": "LocalizedString"}, "videoMimeType": "MP4", "videoDefinition": "DEF_480p", "url": "https://imdb-video.media-imdb.com/vi1619573785/1434659607842-pgv4ql-1556025486476.mp4?Expires=1730927626&Signature=j5tAaR1300qUf2exLCPYNT~6E6Q4~~KLNpnW9N8fwARorqLgjbwAVZ506r~-JBiLdEpuKGidZdQ5V7uvzqUhO6DGE-vzKp9-oIqj1hwxRpHFwTo5V9nQAsBBXSkFOGmq1OstwSnHHluc7LzwpYz6lYtEBh9-ZSNMdJp5~vILjikCNyumdSSmiizjqncP8HBS4brU~X~rbolyspmLk4u9IEItDLkAuJB4wGDOyolQsKQL2Oa~RvEuRUd~o-mj-mqDMUcU~qlR5Vz31pSr7dLCWinLNSZsjN9ZqHUjAnlOARhJHfVod5khz-kCUOqGnlElrPcun7UT0Itkrzg3quJT7g__&Key-Pair-Id=APKAIFLZBVQZ24NQH3KA", "__typename": "PlaybackURL"}, {"displayName": {"value": "SD", "language": "en-US", "__typename": "LocalizedString"}, "videoMimeType": "MP4", "videoDefinition": "DEF_SD", "url": "https://imdb-video.media-imdb.com/vi1619573785/1434659454657-dx9ykf-1556025486476.mp4?Expires=1730927626&Signature=urypu3hwJReucsHhLZr9G~Qgs2XAgUZ7biwCC01EikVLn~q126tWW-131WOp~Fc7NNHY18Lnzs8GpR18f~d3GC4-iLpu2n13kEyjG2-C6OjV~Aw39F2T-dorvx4oc3t-9vrzQWcgPH6-RZadTKuJIqu5LVssebmPJIH7XflrmIZIJUdUwZAugRhdLwDodM9-V~azolIv~Hb9lBaozPBta2sIKnpdU5Wm31sEwr~ABkeOXhZyUDrkmRzG1mGHMj-R9LUOk6qzno7vLKYCy5PCZeGE1Sz5SR0Oy3i0vq4aFhetjFgPNpQsnbloVIw8lrXNGUUZit~980mLMB56Q3gAvw__&Key-Pair-Id=APKAIFLZBVQZ24NQH3KA", "__typename": "PlaybackURL"}], "contentType": {"id": "amzn1.imdb.video.contenttype.trailer", "displayName": {"value": "Trailer", "__typename": "LocalizedString"}, "__typename": "VideoContentType"}, "previewURLs": [{"displayName": {"value": "AUTO", "language": "en-US", "__typename": "LocalizedString"}, "videoMimeType": "M3U8", "videoDefinition": "DEF_AUTO", "url": "https://imdb-video.media-imdb.com/vi1619573785/hls-preview-641fa6c9-6534-4ce8-8bdb-9b10c6532a59.m3u8?Expires=1730927626&Signature=RQMR~VrYtkLV-pDjL33bI6Mhc9ALJux6~~OaweT94qrZFVGvI~3YM9xKl-H1fTRpGO~QKfY0sYEicehHYg7JF50R7R2FshAJ5U18zJurF3AouNnhtE~av3CxfLMRUrs8gi~2PzpQx06m7BGf3wv8f4c-RF0JZSoZXbKZq6h8PbkzqPlVYAWUvH9dGij3PdblDQE0DrP0v-9ER91op9TfR6meyhqa~AGy4P-OOp4~dYTvs6ouV0DUwwXqrIyX8Bf1CX8wRznQGXG2ufqUYDxbSVSIR0oBAhDpioEtHUaiebJFTevkb1BFi5ofVmhSVjnKNnstoxjf0dkbgCNThJlGOg__&Key-Pair-Id=APKAIFLZBVQZ24NQH3KA", "__typename": "PlaybackURL"}], "__typename": "Video"}, "__typename": "VideoEdge"}, {"node": {"id": "vi1852815897", "createdDate": "2019-02-20T09:31:37.847Z", "isMature": false, "runtime": {"value": 31, "__typename": "VideoRuntime"}, "name": {"value": "\"Titans\" TV Spot", "language": "en", "__typename": "LocalizedString"}, "description": {"value": "Crypto-zoological agency Monarch faces off against god-sized monsters including the mighty Godzilla, who collides with Mothra, Rodan, and his ultimate nemesis, the three-headed King Ghidorah.", "language": "en", "__typename": "LocalizedString"}, "timedTextTracks": [], "recommendedTimedTextTrack": null, "thumbnail": {"url": "https://m.media-amazon.com/images/M/MV5BM2YyY2JjNTgtMTU2OC00MzQzLTk1MjMtNDAyMjY1YzIzN2I4XkEyXkFqcGdeQXRzdGFzaWVr._V1_.jpg", "height": 802, "width": 1520, "__typename": "Thumbnail"}, "primaryTitle": {"id": "tt3741700", "titleText": {"text": "Godzilla: King of the Monsters", "__typename": "TitleText"}, "originalTitleText": {"text": "Godzilla: King of the Monsters", "__typename": "TitleText"}, "releaseYear": {"year": 2019, "__typename": "YearRange"}, "__typename": "Title"}, "playbackURLs": [{"displayName": {"value": "480p", "language": "en-US", "__typename": "LocalizedString"}, "videoMimeType": "MP4", "videoDefinition": "DEF_480p", "url": "https://imdb-video.media-imdb.com/vi1852815897/1434659607842-pgv4ql-1550655098559.mp4?Expires=1730927626&Signature=eWSjo-xOxXA6c~y~CeqNrOhSzezgM~PDXVo3e2eZaMI5NzSnmbxwUUyRKWR6B6fljLVJ7x2IWRvxjT2BKfmVh6XiFg~kU2acXApzvm5Sg3cv4Q2sUPJjq1ukh4R42y4sdRpq1aNpyuMYkC1EyN~4Goxja4G3-lsY~PhPq0i7zbeoY14vCwZyRYcXuy77KhAEOu9cLVh-wVc2V5Tl69mwe~N0NDwsTsNcQ4z50jPjjkizbLuVX7BlJCQ5PoMUEWz~84MvmP093EyZaiB7i2VTbaJ227eUjIC19ynprT2qtXXtvLM9HfSRsCyZhWtZKT2CgEIDg6svPF3Q1f91IGtjrg__&Key-Pair-Id=APKAIFLZBVQZ24NQH3KA", "__typename": "PlaybackURL"}, {"displayName": {"value": "SD", "language": "en-US", "__typename": "LocalizedString"}, "videoMimeType": "MP4", "videoDefinition": "DEF_SD", "url": "https://imdb-video.media-imdb.com/vi1852815897/1434659454657-dx9ykf-1550655098559.mp4?Expires=1730927626&Signature=YeDEV9-hBtwKRmEZNVAWAh7SFIOINAdpeFLrCU7Ie8YJoTGSEYgIpQCUCBf3cNfTiKMEt8FCaKN5JbvoMSQaCl43q0WOrFbyzHSm6nYYcXiVJoxY7iIiTs0fL9DUpHg~GdHpKnyZBFBxPDxXg9CI~UPmI7Ftzkfi3BOcA6E3Wio8I3QztyvI-Dz37niMfNBm2U1WulofIXiVCGIHDOyyxQyronUqwFK3Z6rh-~GuoMLOllxksbBy7Puc7pK7sG3St2L3U7T83cIPPSGVRERiAXWtJbQ9LYW01HoDqJGMufr1ZPBF5jr4vcUsgO-N3ciyasObrUKzylh~rh0IYeaZLQ__&Key-Pair-Id=APKAIFLZBVQZ24NQH3KA", "__typename": "PlaybackURL"}], "contentType": {"id": "amzn1.imdb.video.contenttype.trailer", "displayName": {"value": "Trailer", "__typename": "LocalizedString"}, "__typename": "VideoContentType"}, "previewURLs": [{"displayName": {"value": "AUTO", "language": "en-US", "__typename": "LocalizedString"}, "videoMimeType": "M3U8", "videoDefinition": "DEF_AUTO", "url": "https://imdb-video.media-imdb.com/vi1852815897/hls-preview-82519c79-6876-46f7-9442-8587402aa160.m3u8?Expires=1730927626&Signature=JQXFUJP5wicDWacspkFJNqijeB2S3nRFK0rmyOVDX3rvC8g68rJ0Y7W1d31MFao4jGYFUSbm8TuFgUtTbi8MZmFY3TSc7BRRPj2yo0oJyyLnF7B8y-BEaFT62CHOGpRtsXQWW-LVD73jSElOu0y4au0NqyAk~6TghSp5lQ3XXMc-GxwTADPx-Km8fZMF~YIYKrLgkzh9uAHikVlBjto31bu4IeD6T2hJHR00fwkeL9ZRN8bipRTjYDc5HuoeFrDO4jF8jF3mU5Ns-xWLPNRGleAbdG6cKltTeeS8U4ZoEcoX4Ff6Ta6r3oybbG9PX1HIuMnEyIhdwj~D~5cymuYzcg__&Key-Pair-Id=APKAIFLZBVQZ24NQH3KA", "__typename": "PlaybackURL"}], "__typename": "Video"}, "__typename": "VideoEdge"}], "__typename": "VideoConnection"}, "externalLinks": {"total": 470, "__typename": "ExternalLinkConnection"}, "metacritic": {"metascore": {"score": 48, "__typename": "Metascore"}, "__typename": "Metacritic"}, "keywords": {"total": 559, "edges": [{"node": {"text": "monster", "__typename": "TitleKeyword"}, "__typename": "TitleKeywordEdge"}, {"node": {"text": "terrorism", "__typename": "TitleKeyword"}, "__typename": "TitleKeywordEdge"}, {"node": {"text": "destruction", "__typename": "TitleKeyword"}, "__typename": "TitleKeywordEdge"}, {"node": {"text": "showdown", "__typename": "TitleKeyword"}, "__typename": "TitleKeywordEdge"}, {"node": {"text": "kidnapping", "__typename": "TitleKeyword"}, "__typename": "TitleKeywordEdge"}], "__typename": "TitleKeywordConnection"}, "isAdult": false, "genres": {"genres": [{"text": "Action", "id": "Action", "__typename": "Genre"}, {"text": "Adventure", "id": "Adventure", "__typename": "Genre"}, {"text": "Fantasy", "id": "Fantasy", "__typename": "Genre"}, {"text": "Sci-Fi", "id": "Sci-Fi", "__typename": "Genre"}], "__typename": "Genres"}, "interests": {"edges": [{"node": {"id": "in0000002", "primaryText": {"text": "Action Epic", "__typename": "InterestText"}, "__typename": "Interest"}, "__typename": "InterestEdge"}, {"node": {"id": "in0000095", "primaryText": {"text": "Dark Fantasy", "__typename": "InterestText"}, "__typename": "Interest"}, "__typename": "InterestEdge"}, {"node": {"id": "in0000005", "primaryText": {"text": "Disaster", "__typename": "InterestText"}, "__typename": "Interest"}, "__typename": "InterestEdge"}, {"node": {"id": "in0000161", "primaryText": {"text": "Kaiju", "__typename": "InterestText"}, "__typename": "Interest"}, "__typename": "InterestEdge"}, {"node": {"id": "in0000099", "primaryText": {"text": "Supernatural Fantasy", "__typename": "InterestText"}, "__typename": "Interest"}, "__typename": "InterestEdge"}, {"node": {"id": "in0000024", "primaryText": {"text": "Urban Adventure", "__typename": "InterestText"}, "__typename": "Interest"}, "__typename": "InterestEdge"}, {"node": {"id": "in0000001", "primaryText": {"text": "Action", "__typename": "InterestText"}, "__typename": "Interest"}, "__typename": "InterestEdge"}, {"node": {"id": "in0000012", "primaryText": {"text": "Adventure", "__typename": "InterestText"}, "__typename": "Interest"}, "__typename": "InterestEdge"}, {"node": {"id": "in0000098", "primaryText": {"text": "Fantasy", "__typename": "InterestText"}, "__typename": "Interest"}, "__typename": "InterestEdge"}, {"node": {"id": "in0000162", "primaryText": {"text": "Sci-Fi", "__typename": "InterestText"}, "__typename": "Interest"}, "__typename": "InterestEdge"}], "__typename": "InterestConnection"}, "plot": {"plotText": {"plainText": "The crypto-zoological agency Monarch faces off against a battery of god-sized monsters, including the mighty Godzilla, who collides with Mothra, Rodan, and his ultimate nemesis, the three-headed King Ghidorah.", "__typename": "Markdown"}, "language": {"id": "en-US", "__typename": "DisplayableLanguage"}, "__typename": "Plot"}, "plotContributionLink": {"url": "https://contribute.imdb.com/updates?update=tt3741700:outlines.add.1.locale~en-US", "__typename": "ContributionLink"}, "credits": {"total": 2727, "__typename": "CreditConnection"}, "principalCredits": [{"totalCredits": 1, "category": {"text": "Director", "id": "director", "__typename": "CreditCategory"}, "credits": [{"name": {"nameText": {"text": "Michael Dougherty", "__typename": "NameText"}, "id": "nm1002424", "__typename": "Name"}, "attributes": null, "__typename": "Crew"}], "__typename": "PrincipalCreditsForCategory"}, {"totalCredits": 5, "category": {"text": "Writers", "id": "writer", "__typename": "CreditCategory"}, "credits": [{"name": {"nameText": {"text": "Michael Dougherty", "__typename": "NameText"}, "id": "nm1002424", "__typename": "Name"}, "attributes": null, "__typename": "Crew"}, {"name": {"nameText": {"text": "Zach Shields", "__typename": "NameText"}, "id": "nm1296461", "__typename": "Name"}, "attributes": null, "__typename": "Crew"}, {"name": {"nameText": {"text": "Max Borenstein", "__typename": "NameText"}, "id": "nm1440919", "__typename": "Name"}, "attributes": null, "__typename": "Crew"}], "__typename": "PrincipalCreditsForCategory"}, {"totalCredits": 125, "category": {"text": "Stars", "id": "cast", "__typename": "CreditCategory"}, "credits": [{"name": {"nameText": {"text": "Kyle Chandler", "__typename": "NameText"}, "id": "nm0151419", "__typename": "Name"}, "attributes": null, "__typename": "Cast"}, {"name": {"nameText": {"text": "Vera Farmiga", "__typename": "NameText"}, "id": "nm0267812", "__typename": "Name"}, "attributes": null, "__typename": "Cast"}, {"name": {"nameText": {"text": "Millie Bobby Brown", "__typename": "NameText"}, "id": "nm5611121", "__typename": "Name"}, "attributes": null, "__typename": "Cast"}], "__typename": "PrincipalCreditsForCategory"}], "reviews": {"total": 2363, "__typename": "ReviewsConnection"}, "criticReviewsTotal": {"total": 385, "__typename": "ExternalLinkConnection"}, "triviaTotal": {"total": 585, "__typename": "TriviaConnection"}, "engagementStatistics": {"watchlistStatistics": {"displayableCount": {"text": "Added by 249K users", "__typename": "LocalizedDisplayableCount"}, "__typename": "WatchlistStatistics"}, "__typename": "EngagementStatistics"}, "subNavCredits": {"total": 2727, "__typename": "CreditConnection"}, "subNavReviews": {"total": 2363, "__typename": "ReviewsConnection"}, "subNavTrivia": {"total": 585, "__typename": "TriviaConnection"}, "subNavFaqs": {"total": 18, "__typename": "FaqConnection"}, "subNavTopQuestions": {"total": 20, "__typename": "AlexaQuestionConnection"}, "titleGenres": {"genres": [{"genre": {"text": "Action", "__typename": "GenreItem"}, "__typename": "TitleGenre"}, {"genre": {"text": "Adventure", "__typename": "GenreItem"}, "__typename": "TitleGenre"}, {"genre": {"text": "Fantasy", "__typename": "GenreItem"}, "__typename": "TitleGenre"}], "__typename": "TitleGenres"}, "meta": {"canonicalId": "tt3741700", "publicationStatus": "PUBLISHED", "__typename": "TitleMeta"}, "castPageTitle": {"edges": [{"node": {"name": {"id": "nm0151419", "nameText": {"text": "Kyle Chandler", "__typename": "NameText"}, "__typename": "Name"}, "__typename": "Cast"}, "__typename": "CreditEdge"}, {"node": {"name": {"id": "nm0267812", "nameText": {"text": "Vera Farmiga", "__typename": "NameText"}, "__typename": "Name"}, "__typename": "Cast"}, "__typename": "CreditEdge"}, {"node": {"name": {"id": "nm5611121", "nameText": {"text": "Millie Bobby Brown", "__typename": "NameText"}, "__typename": "Name"}, "__typename": "Cast"}, "__typename": "CreditEdge"}, {"node": {"name": {"id": "nm0913822", "nameText": {"text": "Ken Watanabe", "__typename": "NameText"}, "__typename": "Name"}, "__typename": "Cast"}, "__typename": "CreditEdge"}], "__typename": "CreditConnection"}, "creatorsPageTitle": [], "directorsPageTitle": [{"credits": [{"name": {"id": "nm1002424", "nameText": {"text": "Michael Dougherty", "__typename": "NameText"}, "__typename": "Name"}, "__typename": "Crew"}], "__typename": "PrincipalCreditsForCategory"}], "countriesOfOrigin": {"countries": [{"id": "US", "__typename": "CountryOfOrigin"}], "__typename": "CountriesOfOrigin"}, "production": {"edges": [{"node": {"company": {"id": "co0002663", "companyText": {"text": "Warner Bros.", "__typename": "CompanyText"}, "__typename": "Company"}, "__typename": "CompanyCredit"}, "__typename": "CompanyCreditEdge"}, {"node": {"company": {"id": "co0159111", "companyText": {"text": "Legendary Entertainment", "__typename": "CompanyText"}, "__typename": "Company"}, "__typename": "CompanyCredit"}, "__typename": "CompanyCreditEdge"}, {"node": {"company": {"id": "co0002219", "companyText": {"text": "Toho", "__typename": "CompanyText"}, "__typename": "Company"}, "__typename": "CompanyCredit"}, "__typename": "CompanyCreditEdge"}], "__typename": "CompanyCreditConnection"}, "featuredReviews": {"edges": [{"node": {"author": {"nickName": "King_MG", "__typename": "UserProfile"}, "summary": {"originalText": "Monsters awesome, rest meh", "__typename": "ReviewSummary"}, "text": {"originalText": {"plainText": "The whole dramatic family story wasn't able to catch me. It isn't annoying, but allways kind of irrelevant. Every scene including monsters on the other hand is stuning. In General the monster design, the CGI, the fights and the whole cinematography aswell are beyond beautiful. I recommand the movie because of those monster scenes. Everything what happens around that is more like a 3/10", "__typename": "Markdown"}, "__typename": "ReviewText"}, "authorRating": 6, "submissionDate": "2019-05-29", "__typename": "Review"}, "__typename": "ReviewEdge"}], "__typename": "ReviewsConnection"}, "__typename": "Title"}, "main": {"id": "tt3741700", "wins": {"total": 5, "__typename": "AwardNominationConnection"}, "nominationsExcludeWins": {"total": 14, "__typename": "AwardNominationConnection"}, "prestigiousAwardSummary": null, "ratingsSummary": {"topRanking": {"id": "topRated:tt3741700:en_US", "text": {"value": "Top Rated", "__typename": "LocalizedString"}, "rank": 5203, "__typename": "TopRanking"}, "__typename": "RatingsSummary"}, "episodes": null, "videos": {"total": 23, "__typename": "TitleRelatedVideosConnection"}, "videoStrip": {"edges": [{"node": {"id": "vi1619573785", "contentType": {"displayName": {"value": "Trailer", "__typename": "LocalizedString"}, "__typename": "VideoContentType"}, "name": {"value": "Final Trailer", "__typename": "LocalizedString"}, "runtime": {"value": 134, "__typename": "VideoRuntime"}, "thumbnail": {"height": 1080, "url": "https://m.media-amazon.com/images/M/MV5BY2QwNWM0Y2EtYzBiYi00YWFjLWJjYWItNTQ2Y2QwMDY2YmZmXkEyXkFqcGdeQW1yb3NzZXI@._V1_.jpg", "width": 1920, "__typename": "Thumbnail"}, "__typename": "Video"}, "__typename": "VideoEdge"}, {"node": {"id": "vi1852815897", "contentType": {"displayName": {"value": "Trailer", "__typename": "LocalizedString"}, "__typename": "VideoContentType"}, "name": {"value": "\"Titans\" TV Spot", "__typename": "LocalizedString"}, "runtime": {"value": 31, "__typename": "VideoRuntime"}, "thumbnail": {"height": 802, "url": "https://m.media-amazon.com/images/M/MV5BM2YyY2JjNTgtMTU2OC00MzQzLTk1MjMtNDAyMjY1YzIzN2I4XkEyXkFqcGdeQXRzdGFzaWVr._V1_.jpg", "width": 1520, "__typename": "Thumbnail"}, "__typename": "Video"}, "__typename": "VideoEdge"}, {"node": {"id": "vi2831661593", "contentType": {"displayName": {"value": "Trailer", "__typename": "LocalizedString"}, "__typename": "VideoContentType"}, "name": {"value": "Official Trailer #2", "__typename": "LocalizedString"}, "runtime": {"value": 144, "__typename": "VideoRuntime"}, "thumbnail": {"height": 795, "url": "https://m.media-amazon.com/images/M/MV5BZWQ1ZTYzYTUtNGJmYS00ODI2LTk2ZDgtZDZhNTQzZGRjMjFmXkEyXkFqcGdeQXRzdGFzaWVr._V1_.jpg", "width": 1512, "__typename": "Thumbnail"}, "__typename": "Video"}, "__typename": "VideoEdge"}, {"node": {"id": "vi2143795993", "contentType": {"displayName": {"value": "Trailer", "__typename": "LocalizedString"}, "__typename": "VideoContentType"}, "name": {"value": "Official Trailer", "__typename": "LocalizedString"}, "runtime": {"value": 146, "__typename": "VideoRuntime"}, "thumbnail": {"height": 803, "url": "https://m.media-amazon.com/images/M/MV5BNWY1MjJkNmYtYzI5MS00MjIzLWJjZjQtZTQ4NjdmNjM1YzRkXkEyXkFqcGdeQXRzdGFzaWVr._V1_.jpg", "width": 1469, "__typename": "Thumbnail"}, "__typename": "Video"}, "__typename": "VideoEdge"}, {"node": {"id": "vi1254406937", "contentType": {"displayName": {"value": "Trailer", "__typename": "LocalizedString"}, "__typename": "VideoContentType"}, "name": {"value": "Official Trailer TEASER", "__typename": "LocalizedString"}, "runtime": {"value": 44, "__typename": "VideoRuntime"}, "thumbnail": {"height": 720, "url": "https://m.media-amazon.com/images/M/MV5BNTA2NGY2NTItMDQ2Yy00ZmUxLTk3MGEtMTJkZjNkMGYyM2FhXkEyXkFqcGdeQXRodW1ibmFpbC1pbml0aWFsaXplcg@@._V1_.jpg", "width": 1280, "__typename": "Thumbnail"}, "__typename": "Video"}, "__typename": "VideoEdge"}, {"node": {"id": "vi3729440281", "contentType": {"displayName": {"value": "Trailer", "__typename": "LocalizedString"}, "__typename": "VideoContentType"}, "name": {"value": "Godzilla: King of the Monsters", "__typename": "LocalizedString"}, "runtime": {"value": 146, "__typename": "VideoRuntime"}, "thumbnail": {"height": 1080, "url": "https://m.media-amazon.com/images/M/MV5BZDUyMTJlOWItNDlmMC00YjAwLWJlMmItNDdlMDY0NTZhZTllXkEyXkFqcGdeQVRoaXJkUGFydHlJbmdlc3Rpb25Xb3JrZmxvdw@@._V1_.jpg", "width": 1920, "__typename": "Thumbnail"}, "__typename": "Video"}, "__typename": "VideoEdge"}, {"node": {"id": "vi2890447897", "contentType": {"displayName": {"value": "Trailer", "__typename": "LocalizedString"}, "__typename": "VideoContentType"}, "name": {"value": "Godzilla: King of the Monsters", "__typename": "LocalizedString"}, "runtime": {"value": 152, "__typename": "VideoRuntime"}, "thumbnail": {"height": 1080, "url": "https://m.media-amazon.com/images/M/MV5BNWYwMTY4NDktMDdhNC00NWI0LWI3ZjktN2RhYzBlNjZlMTA4XkEyXkFqcGdeQTNwaW5nZXN0._V1_.jpg", "width": 1920, "__typename": "Thumbnail"}, "__typename": "Video"}, "__typename": "VideoEdge"}, {"node": {"id": "vi2174664729", "contentType": {"displayName": {"value": "Clip", "__typename": "LocalizedString"}, "__typename": "VideoContentType"}, "name": {"value": "How the 'Godzilla vs. Kong' Cast & Director Made Epic Battles Feel Real", "__typename": "LocalizedString"}, "runtime": {"value": 200, "__typename": "VideoRuntime"}, "thumbnail": {"height": 1080, "url": "https://m.media-amazon.com/images/M/MV5BZjE3NzFhZDktOWZmNC00NDhiLWE5MmMtNTY2ZmFiOTM5NGFlXkEyXkFqcGdeQWFsZWxvZw@@._V1_.jpg", "width": 1920, "__typename": "Thumbnail"}, "__typename": "Video"}, "__typename": "VideoEdge"}, {"node": {"id": "vi2141110297", "contentType": {"displayName": {"value": "Clip", "__typename": "LocalizedString"}, "__typename": "VideoContentType"}, "name": {"value": "Team Godzilla or Team Kong? The Cast Chooses a Top Titan", "__typename": "LocalizedString"}, "runtime": {"value": 245, "__typename": "VideoRuntime"}, "thumbnail": {"height": 667, "url": "https://m.media-amazon.com/images/M/MV5BNjFiMTU5NDEtMGM5Mi00MzNhLTk2MjYtYTJmOTcxZjI2MjdiXkEyXkFqcGdeQWFsZWxvZw@@._V1_.jpg", "width": 1200, "__typename": "Thumbnail"}, "__typename": "Video"}, "__typename": "VideoEdge"}, {"node": {"id": "vi2721168409", "contentType": {"displayName": {"value": "Clip", "__typename": "LocalizedString"}, "__typename": "VideoContentType"}, "name": {"value": "Weekend Box Office: June 7 to 9", "__typename": "LocalizedString"}, "runtime": {"value": 54, "__typename": "VideoRuntime"}, "thumbnail": {"height": 1080, "url": "https://m.media-amazon.com/images/M/MV5BZDQyY2E5ZTMtMDEyZC00MGJjLWFhODEtNjZmODI0MmZjYTNhXkEyXkFqcGdeQW1pYnJ5YW50._V1_.jpg", "width": 1920, "__typename": "Thumbnail"}, "__typename": "Video"}, "__typename": "VideoEdge"}, {"node": {"id": "vi14335001", "contentType": {"displayName": {"value": "Clip", "__typename": "LocalizedString"}, "__typename": "VideoContentType"}, "name": {"value": "Godzilla Vs. the MonsterVerse", "__typename": "LocalizedString"}, "runtime": {"value": 202, "__typename": "VideoRuntime"}, "thumbnail": {"height": 1080, "url": "https://m.media-amazon.com/images/M/MV5BODcwNGFhOTEtMjBlNS00YmU3LTlhZmEtMzQ3YzI4Mzk1YzZlXkEyXkFqcGdeQWFsZWxvZw@@._V1_.jpg", "width": 1920, "__typename": "Thumbnail"}, "__typename": "Video"}, "__typename": "VideoEdge"}, {"node": {"id": "vi1072675865", "contentType": {"displayName": {"value": "Clip", "__typename": "LocalizedString"}, "__typename": "VideoContentType"}, "name": {"value": "Thomas Middleditch Loves These Sketch Shows and a Darkly Funny Villain", "__typename": "LocalizedString"}, "runtime": {"value": 68, "__typename": "VideoRuntime"}, "thumbnail": {"height": 1080, "url": "https://m.media-amazon.com/images/M/MV5BYTg0NDk1YTQtYzBjNy00ZDlkLTlkNWUtZGRlM2U2MmYwOTM5XkEyXkFqcGdeQWtlbGFyc2Vu._V1_.jpg", "width": 1920, "__typename": "Thumbnail"}, "__typename": "Video"}, "__typename": "VideoEdge"}], "__typename": "VideoConnection"}, "titleMainImages": {"total": 411, "edges": [{"node": {"id": "rm814442240", "url": "https://m.media-amazon.com/images/M/MV5BZGY3MjE1N2MtYTcyOC00NTBlLWFlM2ItNWUxYThhNTk4NzQxXkEyXkFqcGc@._V1_.jpg", "caption": {"plainText": "King Ghidorah in Godzilla: King of the Monsters (2019)", "__typename": "Markdown"}, "height": 1200, "width": 2752, "__typename": "Image"}, "__typename": "ImageEdge"}, {"node": {"id": "rm1066100480", "url": "https://m.media-amazon.com/images/M/MV5BZmM1ZDNmNmYtZWY0NS00MmU5LTliZWMtMDMzYjIxZmQxMTlmXkEyXkFqcGc@._V1_.jpg", "caption": {"plainText": "Godzilla and King Ghidorah in Godzilla: King of the Monsters (2019)", "__typename": "Markdown"}, "height": 1200, "width": 2746, "__typename": "Image"}, "__typename": "ImageEdge"}, {"node": {"id": "rm831219456", "url": "https://m.media-amazon.com/images/M/MV5BMzE3OTcxNmYtMDljZS00OTQxLTg2MDgtZmVlNWQ2Y2Y3YmZkXkEyXkFqcGc@._V1_.jpg", "caption": {"plainText": "Rodan in Godzilla: King of the Monsters (2019)", "__typename": "Markdown"}, "height": 1200, "width": 2758, "__typename": "Image"}, "__typename": "ImageEdge"}, {"node": {"id": "rm992043776", "url": "https://m.media-amazon.com/images/M/MV5BMTgwMjg2NDMwN15BMl5BanBnXkFtZTgwMTA1MTM3NzM@._V1_.jpg", "caption": {"plainText": "Godzilla and King Ghidorah in Godzilla: King of the Monsters (2019)", "__typename": "Markdown"}, "height": 858, "width": 2048, "__typename": "Image"}, "__typename": "ImageEdge"}, {"node": {"id": "rm975266560", "url": "https://m.media-amazon.com/images/M/MV5BMjUyNjcxNTM1N15BMl5BanBnXkFtZTgwMjA1MTM3NzM@._V1_.jpg", "caption": {"plainText": "King Ghidorah in Godzilla: King of the Monsters (2019)", "__typename": "Markdown"}, "height": 858, "width": 2048, "__typename": "Image"}, "__typename": "ImageEdge"}, {"node": {"id": "rm958489344", "url": "https://m.media-amazon.com/images/M/MV5BMTYzMTMxMzA1Nl5BMl5BanBnXkFtZTgwMzA1MTM3NzM@._V1_.jpg", "caption": {"plainText": "Charles Dance, Vera Farmiga, Zac Zedalis, Jonathan Howard, Joshua Leary, Millie Bobby Brown, and Tracie Garrison in Godzilla: King of the Monsters (2019)", "__typename": "Markdown"}, "height": 1365, "width": 2048, "__typename": "Image"}, "__typename": "ImageEdge"}, {"node": {"id": "rm3011668224", "url": "https://m.media-amazon.com/images/M/MV5BODExOTgxNjY1OV5BMl5BanBnXkFtZTgwMjE5MzEzNzM@._V1_.jpg", "caption": {"plainText": "Charles Dance and Vera Farmiga in Godzilla: King of the Monsters (2019)", "__typename": "Markdown"}, "height": 974, "width": 2048, "__typename": "Image"}, "__typename": "ImageEdge"}, {"node": {"id": "rm3061999872", "url": "https://m.media-amazon.com/images/M/MV5BMjA0NTY5NDMzNF5BMl5BanBnXkFtZTgwOTA5MzEzNzM@._V1_.jpg", "caption": {"plainText": "Kyle Chandler in Godzilla: King of the Monsters (2019)", "__typename": "Markdown"}, "height": 1965, "width": 2048, "__typename": "Image"}, "__typename": "ImageEdge"}, {"node": {"id": "rm2877450496", "url": "https://m.media-amazon.com/images/M/MV5BMjA4MzU1OTU2NF5BMl5BanBnXkFtZTgwNDA5MzEzNzM@._V1_.jpg", "caption": {"plainText": "Godzilla in Godzilla: King of the Monsters (2019)", "__typename": "Markdown"}, "height": 858, "width": 2048, "__typename": "Image"}, "__typename": "ImageEdge"}, {"node": {"id": "rm2084193280", "url": "https://m.media-amazon.com/images/M/MV5BMTAyODU5NjA0MTJeQTJeQWpwZ15BbWU4MDA2OTM2OTUz._V1_.jpg", "caption": {"plainText": "Godzilla in Godzilla: King of the Monsters (2019)", "__typename": "Markdown"}, "height": 814, "width": 1800, "__typename": "Image"}, "__typename": "ImageEdge"}, {"node": {"id": "rm2067416064", "url": "https://m.media-amazon.com/images/M/MV5BMTA2NzgxMjYwMzNeQTJeQWpwZ15BbWU4MDE2OTM2OTUz._V1_.jpg", "caption": {"plainText": "Vera Farmiga and Millie Bobby Brown in Godzilla: King of the Monsters (2019)", "__typename": "Markdown"}, "height": 1540, "width": 2048, "__typename": "Image"}, "__typename": "ImageEdge"}, {"node": {"id": "rm504641025", "url": "https://m.media-amazon.com/images/M/MV5BZTdkN2Q0ZTctZDJkOS00MDdiLWI4NGMtY2UzZTc4MzY0MmU4XkEyXkFqcGc@._V1_.jpg", "caption": {"plainText": "Madison Iseman at an event for Godzilla: King of the Monsters (2019)", "__typename": "Markdown"}, "height": 3367, "width": 2115, "__typename": "Image"}, "__typename": "ImageEdge"}, {"node": {"id": "rm185873921", "url": "https://m.media-amazon.com/images/M/MV5BMGE1OTFhMjEtYTk2ZS00NjE1LWE5MDctNDRkNWI2YmRkOTI0XkEyXkFqcGc@._V1_.jpg", "caption": {"plainText": "Madison Iseman at an event for Godzilla: King of the Monsters (2019)", "__typename": "Markdown"}, "height": 4128, "width": 2752, "__typename": "Image"}, "__typename": "ImageEdge"}], "__typename": "ImageConnection"}, "productionStatus": {"currentProductionStage": {"id": "released", "text": "Released", "__typename": "ProductionStage"}, "productionStatusHistory": [{"status": {"id": "treatment_outline", "text": "Treatment Outline", "__typename": "ProductionStatus"}, "__typename": "ProductionStatusHistory"}, {"status": {"id": "script", "text": "Script", "__typename": "ProductionStatus"}, "__typename": "ProductionStatusHistory"}, {"status": {"id": "script", "text": "Script", "__typename": "ProductionStatus"}, "__typename": "ProductionStatusHistory"}, {"status": {"id": "script", "text": "Script", "__typename": "ProductionStatus"}, "__typename": "ProductionStatusHistory"}, {"status": {"id": "pre_production", "text": "Pre-production", "__typename": "ProductionStatus"}, "__typename": "ProductionStatusHistory"}, {"status": {"id": "pre_production", "text": "Pre-production", "__typename": "ProductionStatus"}, "__typename": "ProductionStatusHistory"}, {"status": {"id": "filming", "text": "Filming", "__typename": "ProductionStatus"}, "__typename": "ProductionStatusHistory"}, {"status": {"id": "post_production", "text": "Post-production", "__typename": "ProductionStatus"}, "__typename": "ProductionStatusHistory"}, {"status": {"id": "completed", "text": "Completed", "__typename": "ProductionStatus"}, "__typename": "ProductionStatusHistory"}, {"status": {"id": "released", "text": "Released", "__typename": "ProductionStatus"}, "__typename": "ProductionStatusHistory"}], "restriction": null, "__typename": "ProductionStatusDetails"}, "primaryImage": {"id": "rm2842392320", "__typename": "Image"}, "inIframeAddLink": {"url": "https://contribute.imdb.com/image/tt3741700/add?bus=imdb&return_url=https%3A%2F%2Fwww.imdb.com%2Fclose_me&site=web", "__typename": "ContributionLink"}, "notInIframeAddLink": {"url": "https://contribute.imdb.com/image/tt3741700/add?bus=imdb&return_url=https%3A%2F%2Fwww.imdb.com%2Ftitle%2Ftt3741700%2F&site=mobile", "__typename": "ContributionLink"}, "titleType": {"id": "movie", "canHaveEpisodes": false, "__typename": "TitleType"}, "cast": {"total": 125, "edges": [{"node": {"name": {"id": "nm0151419", "nameText": {"text": "Kyle Chandler", "__typename": "NameText"}, "primaryImage": {"url": "https://m.media-amazon.com/images/M/MV5BNTM5NDM4ODg3MV5BMl5BanBnXkFtZTcwNTA3MTk3Mw@@._V1_.jpg", "width": 1391, "height": 2048, "__typename": "Image"}, "__typename": "Name"}, "attributes": null, "category": {"id": "actor", "__typename": "CreditCategory"}, "characters": [{"name": "Dr. Mark Russell", "__typename": "Character"}], "episodeCredits": {"total": 0, "yearRange": null, "__typename": "EpisodeCastConnection"}, "__typename": "Cast"}, "__typename": "CreditEdge"}, {"node": {"name": {"id": "nm0267812", "nameText": {"text": "Vera Farmiga", "__typename": "NameText"}, "primaryImage": {"url": "https://m.media-amazon.com/images/M/MV5BMjIwNTU3NDUyMl5BMl5BanBnXkFtZTgwODEwODg5NDE@._V1_.jpg", "width": 5184, "height": 3456, "__typename": "Image"}, "__typename": "Name"}, "attributes": null, "category": {"id": "actress", "__typename": "CreditCategory"}, "characters": [{"name": "Dr. Emma Russell", "__typename": "Character"}], "episodeCredits": {"total": 0, "yearRange": null, "__typename": "EpisodeCastConnection"}, "__typename": "Cast"}, "__typename": "CreditEdge"}, {"node": {"name": {"id": "nm5611121", "nameText": {"text": "Millie Bobby Brown", "__typename": "NameText"}, "primaryImage": {"url": "https://m.media-amazon.com/images/M/MV5BMjA5NzA0NzQzMF5BMl5BanBnXkFtZTgwMTQxNjUzNjM@._V1_.jpg", "width": 1365, "height": 2048, "__typename": "Image"}, "__typename": "Name"}, "attributes": null, "category": {"id": "actress", "__typename": "CreditCategory"}, "characters": [{"name": "Madison Russell", "__typename": "Character"}], "episodeCredits": {"total": 0, "yearRange": null, "__typename": "EpisodeCastConnection"}, "__typename": "Cast"}, "__typename": "CreditEdge"}, {"node": {"name": {"id": "nm0913822", "nameText": {"text": "Ken Watanabe", "__typename": "NameText"}, "primaryImage": {"url": "https://m.media-amazon.com/images/M/MV5BMTQzMTUzNjc4Nl5BMl5BanBnXkFtZTcwMTUyODU2Mw@@._V1_.jpg", "width": 277, "height": 400, "__typename": "Image"}, "__typename": "Name"}, "attributes": null, "category": {"id": "actor", "__typename": "CreditCategory"}, "characters": [{"name": "Dr. Ishiro Serizawa", "__typename": "Character"}], "episodeCredits": {"total": 0, "yearRange": null, "__typename": "EpisodeCastConnection"}, "__typename": "Cast"}, "__typename": "CreditEdge"}, {"node": {"name": {"id": "nm0955471", "nameText": {"text": "Ziyi Zhang", "__typename": "NameText"}, "primaryImage": {"url": "https://m.media-amazon.com/images/M/MV5BNjk1NzY2ODAyOF5BMl5BanBnXkFtZTgwNTE2NjExMDI@._V1_.jpg", "width": 713, "height": 1000, "__typename": "Image"}, "__typename": "Name"}, "attributes": null, "category": {"id": "actress", "__typename": "CreditCategory"}, "characters": [{"name": "Dr. Ilene Chen", "__typename": "Character"}, {"name": "Dr. Ling", "__typename": "Character"}], "episodeCredits": {"total": 0, "yearRange": null, "__typename": "EpisodeCastConnection"}, "__typename": "Cast"}, "__typename": "CreditEdge"}, {"node": {"name": {"id": "nm0925966", "nameText": {"text": "Bradley Whitford", "__typename": "NameText"}, "primaryImage": {"url": "https://m.media-amazon.com/images/M/MV5BMjQwMzg3ODUxNF5BMl5BanBnXkFtZTgwMzc5MDcxNDM@._V1_.jpg", "width": 1591, "height": 2048, "__typename": "Image"}, "__typename": "Name"}, "attributes": null, "category": {"id": "actor", "__typename": "CreditCategory"}, "characters": [{"name": "Dr. Rick Stanton", "__typename": "Character"}], "episodeCredits": {"total": 0, "yearRange": null, "__typename": "EpisodeCastConnection"}, "__typename": "Cast"}, "__typename": "CreditEdge"}, {"node": {"name": {"id": "nm1020089", "nameText": {"text": "Sally Hawkins", "__typename": "NameText"}, "primaryImage": {"url": "https://m.media-amazon.com/images/M/MV5BODE4MDE0MDEzMl5BMl5BanBnXkFtZTgwNjI1NTU5MDE@._V1_.jpg", "width": 1567, "height": 2048, "__typename": "Image"}, "__typename": "Name"}, "attributes": null, "category": {"id": "actress", "__typename": "CreditCategory"}, "characters": [{"name": "Dr. Vivienne Graham", "__typename": "Character"}], "episodeCredits": {"total": 0, "yearRange": null, "__typename": "EpisodeCastConnection"}, "__typename": "Cast"}, "__typename": "CreditEdge"}, {"node": {"name": {"id": "nm0001097", "nameText": {"text": "Charles Dance", "__typename": "NameText"}, "primaryImage": {"url": "https://m.media-amazon.com/images/M/MV5BMzY0Mjg4MzM0Ml5BMl5BanBnXkFtZTcwODc4NTIxNw@@._V1_.jpg", "width": 1529, "height": 2048, "__typename": "Image"}, "__typename": "Name"}, "attributes": null, "category": {"id": "actor", "__typename": "CreditCategory"}, "characters": [{"name": "Alan Jonah", "__typename": "Character"}], "episodeCredits": {"total": 0, "yearRange": null, "__typename": "EpisodeCastConnection"}, "__typename": "Cast"}, "__typename": "CreditEdge"}, {"node": {"name": {"id": "nm3042755", "nameText": {"text": "Thomas Middleditch", "__typename": "NameText"}, "primaryImage": {"url": "https://m.media-amazon.com/images/M/MV5BMTkwNjMwMDAzN15BMl5BanBnXkFtZTgwOTU3NjMwMTE@._V1_.jpg", "width": 432, "height": 594, "__typename": "Image"}, "__typename": "Name"}, "attributes": null, "category": {"id": "actor", "__typename": "CreditCategory"}, "characters": [{"name": "Sam Coleman", "__typename": "Character"}], "episodeCredits": {"total": 0, "yearRange": null, "__typename": "EpisodeCastConnection"}, "__typename": "Cast"}, "__typename": "CreditEdge"}, {"node": {"name": {"id": "nm1490300", "nameText": {"text": "Aisha Hinds", "__typename": "NameText"}, "primaryImage": {"url": "https://m.media-amazon.com/images/M/MV5BMTQzMjU0NTA3OF5BMl5BanBnXkFtZTgwNjIyNjM2NDE@._V1_.jpg", "width": 1960, "height": 1960, "__typename": "Image"}, "__typename": "Name"}, "attributes": null, "category": {"id": "actress", "__typename": "CreditCategory"}, "characters": [{"name": "Colonel Diane Foster", "__typename": "Character"}], "episodeCredits": {"total": 0, "yearRange": null, "__typename": "EpisodeCastConnection"}, "__typename": "Cast"}, "__typename": "CreditEdge"}, {"node": {"name": {"id": "nm6578009", "nameText": {"text": "O'Shea Jackson Jr.", "__typename": "NameText"}, "primaryImage": {"url": "https://m.media-amazon.com/images/M/MV5BMzExMTU2NTQ2OF5BMl5BanBnXkFtZTgwMjQ0MzEzNzE@._V1_.jpg", "width": 1618, "height": 2048, "__typename": "Image"}, "__typename": "Name"}, "attributes": null, "category": {"id": "actor", "__typename": "CreditCategory"}, "characters": [{"name": "Chief Warrant Officer Barnes", "__typename": "Character"}], "episodeCredits": {"total": 0, "yearRange": null, "__typename": "EpisodeCastConnection"}, "__typename": "Cast"}, "__typename": "CreditEdge"}, {"node": {"name": {"id": "nm0000657", "nameText": {"text": "David Strathairn", "__typename": "NameText"}, "primaryImage": {"url": "https://m.media-amazon.com/images/M/MV5BMTg3NDQ5NjMyMF5BMl5BanBnXkFtZTcwMzczMTM5OA@@._V1_.jpg", "width": 1536, "height": 2048, "__typename": "Image"}, "__typename": "Name"}, "attributes": null, "category": {"id": "actor", "__typename": "CreditCategory"}, "characters": [{"name": "Admiral William Stenz", "__typename": "Character"}], "episodeCredits": {"total": 0, "yearRange": null, "__typename": "EpisodeCastConnection"}, "__typename": "Cast"}, "__typename": "CreditEdge"}, {"node": {"name": {"id": "nm6588867", "nameText": {"text": "Anthony Ramos", "__typename": "NameText"}, "primaryImage": {"url": "https://m.media-amazon.com/images/M/MV5BMjEzYzU3YmQtMzExYy00Y2YwLTk1NDYtNzc3NTcyNDkxMDRjXkEyXkFqcGc@._V1_.jpg", "width": 730, "height": 1104, "__typename": "Image"}, "__typename": "Name"}, "attributes": null, "category": {"id": "actor", "__typename": "CreditCategory"}, "characters": [{"name": "Staff Sergeant Martinez", "__typename": "Character"}], "episodeCredits": {"total": 0, "yearRange": null, "__typename": "EpisodeCastConnection"}, "__typename": "Cast"}, "__typename": "CreditEdge"}, {"node": {"name": {"id": "nm6018082", "nameText": {"text": "Elizabeth Faith Ludlow", "__typename": "NameText"}, "primaryImage": {"url": "https://m.media-amazon.com/images/M/MV5BOWJjMGRjZjItMGNkMi00NzY5LWFmODAtNDg3NjFhNWJjMTNjXkEyXkFqcGc@._V1_.jpg", "width": 6200, "height": 8272, "__typename": "Image"}, "__typename": "Name"}, "attributes": [{"text": "as Elizabeth Ludlow", "__typename": "CreditedAsCreditAttribute"}], "category": {"id": "actress", "__typename": "CreditCategory"}, "characters": [{"name": "First Lieutenant Griffin", "__typename": "Character"}], "episodeCredits": {"total": 0, "yearRange": null, "__typename": "EpisodeCastConnection"}, "__typename": "Cast"}, "__typename": "CreditEdge"}, {"node": {"name": {"id": "nm1401022", "nameText": {"text": "Jonathan Howard", "__typename": "NameText"}, "primaryImage": {"url": "https://m.media-amazon.com/images/M/MV5BNDUwNjA0NTc2N15BMl5BanBnXkFtZTgwMDY0MzM0NTM@._V1_.jpg", "width": 576, "height": 720, "__typename": "Image"}, "__typename": "Name"}, "attributes": null, "category": {"id": "actor", "__typename": "CreditCategory"}, "characters": [{"name": "Asher Jonah", "__typename": "Character"}], "episodeCredits": {"total": 0, "yearRange": null, "__typename": "EpisodeCastConnection"}, "__typename": "Cast"}, "__typename": "CreditEdge"}, {"node": {"name": {"id": "nm0001634", "nameText": {"text": "CCH Pounder", "__typename": "NameText"}, "primaryImage": {"url": "https://m.media-amazon.com/images/M/MV5BMTM4MTI0NzkzN15BMl5BanBnXkFtZTYwNzExNzgz._V1_.jpg", "width": 272, "height": 400, "__typename": "Image"}, "__typename": "Name"}, "attributes": null, "category": {"id": "actress", "__typename": "CreditCategory"}, "characters": [{"name": "Senator Williams", "__typename": "Character"}], "episodeCredits": {"total": 0, "yearRange": null, "__typename": "EpisodeCastConnection"}, "__typename": "Cast"}, "__typename": "CreditEdge"}, {"node": {"name": {"id": "nm0608012", "nameText": {"text": "Joe Morton", "__typename": "NameText"}, "primaryImage": {"url": "https://m.media-amazon.com/images/M/MV5BMTQ1MjYwMTQ2MF5BMl5BanBnXkFtZTgwNzI4MTA0NDE@._V1_.jpg", "width": 1629, "height": 2048, "__typename": "Image"}, "__typename": "Name"}, "attributes": null, "category": {"id": "actor", "__typename": "CreditCategory"}, "characters": [{"name": "Dr. Houston Brooks", "__typename": "Character"}], "episodeCredits": {"total": 0, "yearRange": null, "__typename": "EpisodeCastConnection"}, "__typename": "Cast"}, "__typename": "CreditEdge"}, {"node": {"name": {"id": "nm1670129", "nameText": {"text": "Randy Havens", "__typename": "NameText"}, "primaryImage": {"url": "https://m.media-amazon.com/images/M/MV5BZTFjM2Q0OTQtMWYyZi00Njk2LWIzMDYtODg4MmJmOWUyYWQ2XkEyXkFqcGc@._V1_.jpg", "width": 4000, "height": 2000, "__typename": "Image"}, "__typename": "Name"}, "attributes": [{"text": "as Randall P. Havens", "__typename": "CreditedAsCreditAttribute"}], "category": {"id": "actor", "__typename": "CreditCategory"}, "characters": [{"name": "Dr. Tim Mancini", "__typename": "Character"}], "episodeCredits": {"total": 0, "yearRange": null, "__typename": "EpisodeCastConnection"}, "__typename": "Cast"}, "__typename": "CreditEdge"}], "__typename": "CreditConnection"}, "creators": [], "directors": [{"totalCredits": 1, "category": {"text": "Director", "id": "director", "__typename": "CreditCategory"}, "credits": [{"name": {"id": "nm1002424", "nameText": {"text": "Michael Dougherty", "__typename": "NameText"}, "__typename": "Name"}, "__typename": "Crew"}], "__typename": "PrincipalCreditsForCategory"}], "writers": [{"totalCredits": 5, "category": {"text": "Writers", "id": "writer", "__typename": "CreditCategory"}, "credits": [{"name": {"id": "nm1002424", "nameText": {"text": "Michael Dougherty", "__typename": "NameText"}, "__typename": "Name"}, "__typename": "Crew"}, {"name": {"id": "nm1296461", "nameText": {"text": "Zach Shields", "__typename": "NameText"}, "__typename": "Name"}, "__typename": "Crew"}, {"name": {"id": "nm1440919", "nameText": {"text": "Max Borenstein", "__typename": "NameText"}, "__typename": "Name"}, "__typename": "Crew"}], "__typename": "PrincipalCreditsForCategory"}], "isAdult": false, "moreLikeThisTitles": {"edges": [{"node": {"id": "tt0831387", "titleText": {"text": "Godzilla", "__typename": "TitleText"}, "titleType": {"id": "movie", "text": "Movie", "canHaveEpisodes": false, "displayableProperty": {"value": {"plainText": "", "__typename": "Markdown"}, "__typename": "DisplayableTitleTypeProperty"}, "__typename": "TitleType"}, "originalTitleText": {"text": "Godzilla", "__typename": "TitleText"}, "primaryImage": {"id": "rm1075028481", "width": 1000, "height": 1500, "url": "https://m.media-amazon.com/images/M/MV5BODE2NTdmMmYtY2U1OS00MjExLWIwNjQtYjQ5NTA0ZDZmZjZiXkEyXkFqcGc@._V1_.jpg", "caption": {"plainText": "Godzilla (2014)", "__typename": "Markdown"}, "__typename": "Image"}, "releaseYear": {"year": 2014, "endYear": null, "__typename": "YearRange"}, "ratingsSummary": {"aggregateRating": 6.4, "voteCount": 448700, "__typename": "RatingsSummary"}, "runtime": {"seconds": 7380, "__typename": "Runtime"}, "certificate": {"rating": "UA", "__typename": "Certificate"}, "canRate": {"isRatable": true, "__typename": "CanRate"}, "titleGenres": {"genres": [{"genre": {"text": "Action", "__typename": "GenreItem"}, "__typename": "TitleGenre"}, {"genre": {"text": "Adventure", "__typename": "GenreItem"}, "__typename": "TitleGenre"}, {"genre": {"text": "Sci-Fi", "__typename": "GenreItem"}, "__typename": "TitleGenre"}], "__typename": "TitleGenres"}, "canHaveEpisodes": false, "__typename": "Title"}, "__typename": "MoreLikeThisEdge"}, {"node": {"id": "tt5034838", "titleText": {"text": "Godzilla vs. Kong", "__typename": "TitleText"}, "titleType": {"id": "movie", "text": "Movie", "canHaveEpisodes": false, "displayableProperty": {"value": {"plainText": "", "__typename": "Markdown"}, "__typename": "DisplayableTitleTypeProperty"}, "__typename": "TitleType"}, "originalTitleText": {"text": "Godzilla vs. Kong", "__typename": "TitleText"}, "primaryImage": {"id": "rm4202155521", "width": 500, "height": 741, "url": "https://m.media-amazon.com/images/M/MV5BYjNmOWI4ZjgtMWFiZS00YTBkLWE2YjUtM2RmNzJkMDhkY2E3XkEyXkFqcGc@._V1_.jpg", "caption": {"plainText": "Godzilla vs. Kong (2021)", "__typename": "Markdown"}, "__typename": "Image"}, "releaseYear": {"year": 2021, "endYear": null, "__typename": "YearRange"}, "ratingsSummary": {"aggregateRating": 6.3, "voteCount": 250982, "__typename": "RatingsSummary"}, "runtime": {"seconds": 6780, "__typename": "Runtime"}, "certificate": {"rating": "UA", "__typename": "Certificate"}, "canRate": {"isRatable": true, "__typename": "CanRate"}, "titleGenres": {"genres": [{"genre": {"text": "Action", "__typename": "GenreItem"}, "__typename": "TitleGenre"}, {"genre": {"text": "Sci-Fi", "__typename": "GenreItem"}, "__typename": "TitleGenre"}, {"genre": {"text": "Thriller", "__typename": "GenreItem"}, "__typename": "TitleGenre"}], "__typename": "TitleGenres"}, "canHaveEpisodes": false, "__typename": "Title"}, "__typename": "MoreLikeThisEdge"}, {"node": {"id": "tt3731562", "titleText": {"text": "Kong: Skull Island", "__typename": "TitleText"}, "titleType": {"id": "movie", "text": "Movie", "canHaveEpisodes": false, "displayableProperty": {"value": {"plainText": "", "__typename": "Markdown"}, "__typename": "DisplayableTitleTypeProperty"}, "__typename": "TitleType"}, "originalTitleText": {"text": "Kong: Skull Island", "__typename": "TitleText"}, "primaryImage": {"id": "rm3538268673", "width": 1000, "height": 1426, "url": "https://m.media-amazon.com/images/M/MV5BY2NjMWY5MzQtNDUxMy00YWM0LWExOTAtZDkxNGZlN2I4YmE0XkEyXkFqcGc@._V1_.jpg", "caption": {"plainText": "Kong: Skull Island (2017)", "__typename": "Markdown"}, "__typename": "Image"}, "releaseYear": {"year": 2017, "endYear": null, "__typename": "YearRange"}, "ratingsSummary": {"aggregateRating": 6.7, "voteCount": 356853, "__typename": "RatingsSummary"}, "runtime": {"seconds": 7080, "__typename": "Runtime"}, "certificate": {"rating": "UA", "__typename": "Certificate"}, "canRate": {"isRatable": true, "__typename": "CanRate"}, "titleGenres": {"genres": [{"genre": {"text": "Action", "__typename": "GenreItem"}, "__typename": "TitleGenre"}, {"genre": {"text": "Adventure", "__typename": "GenreItem"}, "__typename": "TitleGenre"}, {"genre": {"text": "Fantasy", "__typename": "GenreItem"}, "__typename": "TitleGenre"}], "__typename": "TitleGenres"}, "canHaveEpisodes": false, "__typename": "Title"}, "__typename": "MoreLikeThisEdge"}, {"node": {"id": "tt14539740", "titleText": {"text": "Godzilla X Kong: The New Empire", "__typename": "TitleText"}, "titleType": {"id": "movie", "text": "Movie", "canHaveEpisodes": false, "displayableProperty": {"value": {"plainText": "", "__typename": "Markdown"}, "__typename": "DisplayableTitleTypeProperty"}, "__typename": "TitleType"}, "originalTitleText": {"text": "Godzilla x Kong: The New Empire", "__typename": "TitleText"}, "primaryImage": {"id": "rm2814919937", "width": 1418, "height": 2048, "url": "https://m.media-amazon.com/images/M/MV5BZjVmYTc5ZTItZGVlMS00OTM1LTg2YTItZTc3M2EzMTQ4ZGNlXkEyXkFqcGc@._V1_.jpg", "caption": {"plainText": "Godzilla X Kong: The New Empire (2024)", "__typename": "Markdown"}, "__typename": "Image"}, "releaseYear": {"year": 2024, "endYear": null, "__typename": "YearRange"}, "ratingsSummary": {"aggregateRating": 6.1, "voteCount": 107870, "__typename": "RatingsSummary"}, "runtime": {"seconds": 6900, "__typename": "Runtime"}, "certificate": {"rating": "PG-13", "__typename": "Certificate"}, "canRate": {"isRatable": true, "__typename": "CanRate"}, "titleGenres": {"genres": [{"genre": {"text": "Action", "__typename": "GenreItem"}, "__typename": "TitleGenre"}, {"genre": {"text": "Adventure", "__typename": "GenreItem"}, "__typename": "TitleGenre"}, {"genre": {"text": "Fantasy", "__typename": "GenreItem"}, "__typename": "TitleGenre"}], "__typename": "TitleGenres"}, "canHaveEpisodes": false, "__typename": "Title"}, "__typename": "MoreLikeThisEdge"}, {"node": {"id": "tt0360717", "titleText": {"text": "King Kong", "__typename": "TitleText"}, "titleType": {"id": "movie", "text": "Movie", "canHaveEpisodes": false, "displayableProperty": {"value": {"plainText": "", "__typename": "Markdown"}, "__typename": "DisplayableTitleTypeProperty"}, "__typename": "TitleType"}, "originalTitleText": {"text": "King Kong", "__typename": "TitleText"}, "primaryImage": {"id": "rm2524386304", "width": 2689, "height": 3981, "url": "https://m.media-amazon.com/images/M/MV5BMWY0NWE0ZjUtNjRlOS00ZDViLTgxNTQtMGMwN2FhNDY1YTg2XkEyXkFqcGc@._V1_.jpg", "caption": {"plainText": "Andy Serkis and Naomi Watts in King Kong (2005)", "__typename": "Markdown"}, "__typename": "Image"}, "releaseYear": {"year": 2005, "endYear": null, "__typename": "YearRange"}, "ratingsSummary": {"aggregateRating": 7.2, "voteCount": 453375, "__typename": "RatingsSummary"}, "runtime": {"seconds": 11220, "__typename": "Runtime"}, "certificate": {"rating": "UA", "__typename": "Certificate"}, "canRate": {"isRatable": true, "__typename": "CanRate"}, "titleGenres": {"genres": [{"genre": {"text": "Action", "__typename": "GenreItem"}, "__typename": "TitleGenre"}, {"genre": {"text": "Adventure", "__typename": "GenreItem"}, "__typename": "TitleGenre"}, {"genre": {"text": "Romance", "__typename": "GenreItem"}, "__typename": "TitleGenre"}], "__typename": "TitleGenres"}, "canHaveEpisodes": false, "__typename": "Title"}, "__typename": "MoreLikeThisEdge"}, {"node": {"id": "tt0120685", "titleText": {"text": "Godzilla", "__typename": "TitleText"}, "titleType": {"id": "movie", "text": "Movie", "canHaveEpisodes": false, "displayableProperty": {"value": {"plainText": "", "__typename": "Markdown"}, "__typename": "DisplayableTitleTypeProperty"}, "__typename": "TitleType"}, "originalTitleText": {"text": "Godzilla", "__typename": "TitleText"}, "primaryImage": {"id": "rm3544055808", "width": 1011, "height": 1500, "url": "https://m.media-amazon.com/images/M/MV5BMzdmYmUzYjAtMmJhNi00NGU3LWJiODYtM2I5MGFhZjBhM2NhXkEyXkFqcGc@._V1_.jpg", "caption": {"plainText": "Godzilla (1998)", "__typename": "Markdown"}, "__typename": "Image"}, "releaseYear": {"year": 1998, "endYear": null, "__typename": "YearRange"}, "ratingsSummary": {"aggregateRating": 5.4, "voteCount": 206489, "__typename": "RatingsSummary"}, "runtime": {"seconds": 8340, "__typename": "Runtime"}, "certificate": {"rating": "UA", "__typename": "Certificate"}, "canRate": {"isRatable": true, "__typename": "CanRate"}, "titleGenres": {"genres": [{"genre": {"text": "Action", "__typename": "GenreItem"}, "__typename": "TitleGenre"}, {"genre": {"text": "Sci-Fi", "__typename": "GenreItem"}, "__typename": "TitleGenre"}, {"genre": {"text": "Thriller", "__typename": "GenreItem"}, "__typename": "TitleGenre"}], "__typename": "TitleGenres"}, "canHaveEpisodes": false, "__typename": "Title"}, "__typename": "MoreLikeThisEdge"}, {"node": {"id": "tt4881806", "titleText": {"text": "Jurassic World: Fallen Kingdom", "__typename": "TitleText"}, "titleType": {"id": "movie", "text": "Movie", "canHaveEpisodes": false, "displayableProperty": {"value": {"plainText": "", "__typename": "Markdown"}, "__typename": "DisplayableTitleTypeProperty"}, "__typename": "TitleType"}, "originalTitleText": {"text": "Jurassic World: Fallen Kingdom", "__typename": "TitleText"}, "primaryImage": {"id": "rm2599764224", "width": 675, "height": 1000, "url": "https://m.media-amazon.com/images/M/MV5BNzIxMjYwNDEwN15BMl5BanBnXkFtZTgwMzk5MDI3NTM@._V1_.jpg", "caption": {"plainText": "Bryce Dallas Howard and Chris Pratt in Jurassic World: Fallen Kingdom (2018)", "__typename": "Markdown"}, "__typename": "Image"}, "releaseYear": {"year": 2018, "endYear": null, "__typename": "YearRange"}, "ratingsSummary": {"aggregateRating": 6.1, "voteCount": 351994, "__typename": "RatingsSummary"}, "runtime": {"seconds": 7680, "__typename": "Runtime"}, "certificate": {"rating": "UA", "__typename": "Certificate"}, "canRate": {"isRatable": true, "__typename": "CanRate"}, "titleGenres": {"genres": [{"genre": {"text": "Action", "__typename": "GenreItem"}, "__typename": "TitleGenre"}, {"genre": {"text": "Adventure", "__typename": "GenreItem"}, "__typename": "TitleGenre"}, {"genre": {"text": "Sci-Fi", "__typename": "GenreItem"}, "__typename": "TitleGenre"}], "__typename": "TitleGenres"}, "canHaveEpisodes": false, "__typename": "Title"}, "__typename": "MoreLikeThisEdge"}, {"node": {"id": "tt23289160", "titleText": {"text": "Godzilla Minus One", "__typename": "TitleText"}, "titleType": {"id": "movie", "text": "Movie", "canHaveEpisodes": false, "displayableProperty": {"value": {"plainText": "", "__typename": "Markdown"}, "__typename": "DisplayableTitleTypeProperty"}, "__typename": "TitleType"}, "originalTitleText": {"text": "Gojira -1.0", "__typename": "TitleText"}, "primaryImage": {"id": "rm71257089", "width": 1168, "height": 1731, "url": "https://m.media-amazon.com/images/M/MV5BMjc5MjllMGUtMDIwMS00ZDVkLWEzODQtM2NlMTMwMTZhNThmXkEyXkFqcGc@._V1_.jpg", "caption": {"plainText": "Terry Chen, Richard T. Jones, Eric Keenleyside, Sally Hawkins, and CJ Adams in Godzilla Minus One (2023)", "__typename": "Markdown"}, "__typename": "Image"}, "releaseYear": {"year": 2023, "endYear": null, "__typename": "YearRange"}, "ratingsSummary": {"aggregateRating": 7.7, "voteCount": 154866, "__typename": "RatingsSummary"}, "runtime": {"seconds": 7440, "__typename": "Runtime"}, "certificate": {"rating": "PG-13", "__typename": "Certificate"}, "canRate": {"isRatable": true, "__typename": "CanRate"}, "titleGenres": {"genres": [{"genre": {"text": "Action", "__typename": "GenreItem"}, "__typename": "TitleGenre"}, {"genre": {"text": "Adventure", "__typename": "GenreItem"}, "__typename": "TitleGenre"}, {"genre": {"text": "Drama", "__typename": "GenreItem"}, "__typename": "TitleGenre"}], "__typename": "TitleGenres"}, "canHaveEpisodes": false, "__typename": "Title"}, "__typename": "MoreLikeThisEdge"}, {"node": {"id": "tt0369610", "titleText": {"text": "Jurassic World", "__typename": "TitleText"}, "titleType": {"id": "movie", "text": "Movie", "canHaveEpisodes": false, "displayableProperty": {"value": {"plainText": "", "__typename": "Markdown"}, "__typename": "DisplayableTitleTypeProperty"}, "__typename": "TitleType"}, "originalTitleText": {"text": "Jurassic World", "__typename": "TitleText"}, "primaryImage": {"id": "rm2047901184", "width": 3158, "height": 5000, "url": "https://m.media-amazon.com/images/M/MV5BNzBhNzlkM2UtZTQyOC00NjUyLTkzMmMtNDQ1YTM5N2NmMGE5XkEyXkFqcGc@._V1_.jpg", "caption": {"plainText": "Chris Pratt in Jurassic World (2015)", "__typename": "Markdown"}, "__typename": "Image"}, "releaseYear": {"year": 2015, "endYear": null, "__typename": "YearRange"}, "ratingsSummary": {"aggregateRating": 6.9, "voteCount": 690268, "__typename": "RatingsSummary"}, "runtime": {"seconds": 7440, "__typename": "Runtime"}, "certificate": {"rating": "UA", "__typename": "Certificate"}, "canRate": {"isRatable": true, "__typename": "CanRate"}, "titleGenres": {"genres": [{"genre": {"text": "Action", "__typename": "GenreItem"}, "__typename": "TitleGenre"}, {"genre": {"text": "Adventure", "__typename": "GenreItem"}, "__typename": "TitleGenre"}, {"genre": {"text": "Sci-Fi", "__typename": "GenreItem"}, "__typename": "TitleGenre"}], "__typename": "TitleGenres"}, "canHaveEpisodes": false, "__typename": "Title"}, "__typename": "MoreLikeThisEdge"}, {"node": {"id": "tt1663662", "titleText": {"text": "Pacific Rim", "__typename": "TitleText"}, "titleType": {"id": "movie", "text": "Movie", "canHaveEpisodes": false, "displayableProperty": {"value": {"plainText": "", "__typename": "Markdown"}, "__typename": "DisplayableTitleTypeProperty"}, "__typename": "TitleType"}, "originalTitleText": {"text": "Pacific Rim", "__typename": "TitleText"}, "primaryImage": {"id": "rm2439423488", "width": 999, "height": 1477, "url": "https://m.media-amazon.com/images/M/MV5BMTY3MTI5NjQ4Nl5BMl5BanBnXkFtZTcwOTU1OTU0OQ@@._V1_.jpg", "caption": {"plainText": "Pacific Rim (2013)", "__typename": "Markdown"}, "__typename": "Image"}, "releaseYear": {"year": 2013, "endYear": null, "__typename": "YearRange"}, "ratingsSummary": {"aggregateRating": 6.9, "voteCount": 538355, "__typename": "RatingsSummary"}, "runtime": {"seconds": 7860, "__typename": "Runtime"}, "certificate": {"rating": "UA", "__typename": "Certificate"}, "canRate": {"isRatable": true, "__typename": "CanRate"}, "titleGenres": {"genres": [{"genre": {"text": "Action", "__typename": "GenreItem"}, "__typename": "TitleGenre"}, {"genre": {"text": "Adventure", "__typename": "GenreItem"}, "__typename": "TitleGenre"}, {"genre": {"text": "Sci-Fi", "__typename": "GenreItem"}, "__typename": "TitleGenre"}], "__typename": "TitleGenres"}, "canHaveEpisodes": false, "__typename": "Title"}, "__typename": "MoreLikeThisEdge"}, {"node": {"id": "tt17220216", "titleText": {"text": "Monarch: Legacy of Monsters", "__typename": "TitleText"}, "titleType": {"id": "tvSeries", "text": "TV Series", "canHaveEpisodes": true, "displayableProperty": {"value": {"plainText": "TV Series", "__typename": "Markdown"}, "__typename": "DisplayableTitleTypeProperty"}, "__typename": "TitleType"}, "originalTitleText": {"text": "Monarch: Legacy of Monsters", "__typename": "TitleText"}, "primaryImage": {"id": "rm3998175233", "width": 960, "height": 1200, "url": "https://m.media-amazon.com/images/M/MV5BYjk5ODBhMGYtNjg5ZC00ZWU2LWJkZWYtOTkzOGVlNTBhMTBkXkEyXkFqcGc@._V1_.jpg", "caption": {"plainText": "Kurt Russell, Wyatt Russell, Ren Watabe, Anders Holm, Anna Sawai, Kiersey Clemons, and Mari Yamamoto in Monarch: Legacy of Monsters (2023)", "__typename": "Markdown"}, "__typename": "Image"}, "releaseYear": {"year": 2023, "endYear": null, "__typename": "YearRange"}, "ratingsSummary": {"aggregateRating": 7, "voteCount": 46132, "__typename": "RatingsSummary"}, "runtime": null, "certificate": {"rating": "TV-14", "__typename": "Certificate"}, "canRate": {"isRatable": true, "__typename": "CanRate"}, "titleGenres": {"genres": [{"genre": {"text": "Action", "__typename": "GenreItem"}, "__typename": "TitleGenre"}, {"genre": {"text": "Adventure", "__typename": "GenreItem"}, "__typename": "TitleGenre"}, {"genre": {"text": "Sci-Fi", "__typename": "GenreItem"}, "__typename": "TitleGenre"}], "__typename": "TitleGenres"}, "canHaveEpisodes": true, "__typename": "Title"}, "__typename": "MoreLikeThisEdge"}, {"node": {"id": "tt2231461", "titleText": {"text": "Rampage", "__typename": "TitleText"}, "titleType": {"id": "movie", "text": "Movie", "canHaveEpisodes": false, "displayableProperty": {"value": {"plainText": "", "__typename": "Markdown"}, "__typename": "DisplayableTitleTypeProperty"}, "__typename": "TitleType"}, "originalTitleText": {"text": "Rampage", "__typename": "TitleText"}, "primaryImage": {"id": "rm2728020480", "width": 1012, "height": 1500, "url": "https://m.media-amazon.com/images/M/MV5BNDA1NjA3ODU3OV5BMl5BanBnXkFtZTgwOTg3MTIwNTM@._V1_.jpg", "caption": {"plainText": "Dwayne Johnson in Rampage (2018)", "__typename": "Markdown"}, "__typename": "Image"}, "releaseYear": {"year": 2018, "endYear": null, "__typename": "YearRange"}, "ratingsSummary": {"aggregateRating": 6.1, "voteCount": 189648, "__typename": "RatingsSummary"}, "runtime": {"seconds": 6420, "__typename": "Runtime"}, "certificate": {"rating": "UA", "__typename": "Certificate"}, "canRate": {"isRatable": true, "__typename": "CanRate"}, "titleGenres": {"genres": [{"genre": {"text": "Action", "__typename": "GenreItem"}, "__typename": "TitleGenre"}, {"genre": {"text": "Adventure", "__typename": "GenreItem"}, "__typename": "TitleGenre"}, {"genre": {"text": "Sci-Fi", "__typename": "GenreItem"}, "__typename": "TitleGenre"}], "__typename": "TitleGenres"}, "canHaveEpisodes": false, "__typename": "Title"}, "__typename": "MoreLikeThisEdge"}], "__typename": "MoreLikeThisConnection"}, "triviaTotal": {"total": 585, "__typename": "TriviaConnection"}, "trivia": {"edges": [{"node": {"text": {"plaidHtml": "A skeleton can be seen outside of Godzilla&#39;s underwater temple. This skeleton bears a body shape resembling Anguirus, a dinosaur who served as Godzilla&#39;s ally in a few films; the filmmakers have confirmed that it is in fact Anguirus.", "__typename": "Markdown"}, "trademark": null, "relatedNames": null, "__typename": "TitleTrivia"}, "__typename": "TriviaEdge"}], "__typename": "TriviaConnection"}, "goofsTotal": {"total": 33, "__typename": "GoofConnection"}, "goofs": {"edges": [{"node": {"text": {"plaidHtml": "Submarines cannot use GPS for deep water navigation.", "__typename": "Markdown"}, "__typename": "Goof"}, "__typename": "GoofEdge"}], "__typename": "GoofConnection"}, "quotesTotal": {"total": 54, "__typename": "TitleQuoteConnection"}, "quotes": {"edges": [{"node": {"lines": [{"characters": [{"character": "Dr. Ishiro Serizawa", "name": {"id": "nm0913822", "__typename": "Name"}, "__typename": "TitleQuoteCharacter"}], "text": "Sometimes... the only way to heal our wounds is to make peace with the demons who created them.", "stageDirection": null, "__typename": "TitleQuoteLine"}], "__typename": "TitleQuote"}, "__typename": "TitleQuoteEdge"}], "__typename": "TitleQuoteConnection"}, "crazyCredits": {"edges": [{"node": {"text": {"plaidHtml": "Godzilla, Ghidorah, Mothra and Rodan are credited as themselves.", "__typename": "Markdown"}, "__typename": "CrazyCredit"}, "__typename": "CrazyCreditEdge"}], "__typename": "CrazyCreditConnection"}, "alternateVersions": {"total": 0, "edges": [], "__typename": "AlternateVersionConnection"}, "connections": {"edges": [{"node": {"associatedTitle": {"id": "tt8766228", "releaseYear": {"year": 2018, "__typename": "YearRange"}, "titleText": {"text": "Comic Con 2018 Trailers", "__typename": "TitleText"}, "originalTitleText": {"text": "Comic Con 2018 Trailers", "__typename": "TitleText"}, "series": {"series": {"titleText": {"text": "Half in the Bag", "__typename": "TitleText"}, "originalTitleText": {"text": "Half in the Bag", "__typename": "TitleText"}, "__typename": "Title"}, "__typename": "Series"}, "__typename": "Title"}, "category": {"text": "Featured in", "__typename": "TitleConnectionCategory"}, "__typename": "TitleConnection"}, "__typename": "TitleConnectionEdge"}], "__typename": "TitleConnectionConnection"}, "soundtrack": {"edges": [{"node": {"text": "Wave of Mutilation", "comments": [{"plaidHtml": "Written by <a class=\"ipc-md-link ipc-md-link--entity\" href=\"/name/nm1101451/?ref_=tt_dyk_snd\">Frank Black</a> (as Black Francis)", "__typename": "Markdown"}, {"plaidHtml": "Performed by <a class=\"ipc-md-link ipc-md-link--entity\" href=\"/name/nm0686139/?ref_=tt_dyk_snd\">Pixies</a>", "__typename": "Markdown"}, {"plaidHtml": "Courtesy of 4AD Records", "__typename": "Markdown"}, {"plaidHtml": "By arrangement with Beggars Group Media Limited", "__typename": "Markdown"}], "__typename": "Track"}, "__typename": "SoundtrackEdge"}], "__typename": "SoundtrackConnection"}, "titleText": {"text": "Godzilla: King of the Monsters", "__typename": "TitleText"}, "originalTitleText": {"text": "Godzilla: King of the Monsters", "__typename": "TitleText"}, "releaseYear": {"year": 2019, "__typename": "YearRange"}, "reviews": {"total": 2363, "__typename": "ReviewsConnection"}, "featuredReviews": {"edges": [{"node": {"id": "rw4897495", "author": {"nickName": "King_MG", "userId": "ur79276070", "__typename": "UserProfile"}, "summary": {"originalText": "Monsters awesome, rest meh", "__typename": "ReviewSummary"}, "text": {"originalText": {"plaidHtml": "The whole dramatic family story wasn&#39;t able to catch me. It isn&#39;t annoying, but allways kind of irrelevant. Every scene including monsters on the other hand is stuning. In General the monster design, the CGI, the fights and the whole cinematography aswell are beyond beautiful. I recommand the movie because of those monster scenes. Everything what happens around that is more like a 3/10", "__typename": "Markdown"}, "__typename": "ReviewText"}, "authorRating": 6, "submissionDate": "2019-05-29", "helpfulness": {"upVotes": 585, "downVotes": 148, "__typename": "ReviewHelpfulness"}, "__typename": "Review"}, "__typename": "ReviewEdge"}], "__typename": "ReviewsConnection"}, "canRate": {"isRatable": true, "__typename": "CanRate"}, "iframeAddReviewLink": {"url": "https://contribute.imdb.com/review/tt3741700/add?bus=imdb&return_url=https%3A%2F%2Fwww.imdb.com%2Fclose_me&site=web", "__typename": "ContributionLink"}, "topQuestions": {"total": 20, "edges": [{"node": {"attributeId": "run-time", "question": {"plainText": "How long is Godzilla: King of the Monsters?", "__typename": "Markdown"}, "__typename": "AlexaQuestion"}, "__typename": "AlexaQuestionEdge"}], "__typename": "AlexaQuestionConnection"}, "faqs": {"total": 4, "edges": [{"node": {"id": "fq0093746", "question": {"plainText": "Do I need to see the 2014 Godzilla before watching this?", "__typename": "Markdown"}, "__typename": "Faq"}, "__typename": "FaqEdge"}, {"node": {"id": "fq0109934", "question": {"plainText": "Who is the new MUTO in the film?", "__typename": "Markdown"}, "__typename": "Faq"}, "__typename": "FaqEdge"}, {"node": {"id": "fq0112785", "question": {"plainText": "While Ghidorah's heads are occasionally shown to bicker, his body never shows any sign of conflicting movements suggesting the heads struggling for control. Does the middle head have full control of the body while the others are just essentially parasitic twins? Do they share control for the body but the middle head dominated the other two to become the leader? Or perhaps the heads aren't actually separate consciousnesses, just different aspects of the same personality?", "__typename": "Markdown"}, "__typename": "Faq"}, "__typename": "FaqEdge"}], "__typename": "FaqConnection"}, "releaseDate": {"day": 30, "month": 5, "year": 2019, "country": {"id": "IN", "text": "India", "__typename": "LocalizedDisplayableCountry"}, "__typename": "ReleaseDate"}, "countriesOfOrigin": {"countries": [{"id": "US", "text": "United States", "__typename": "CountryOfOrigin"}, {"id": "JP", "text": "Japan", "__typename": "CountryOfOrigin"}, {"id": "MX", "text": "Mexico", "__typename": "CountryOfOrigin"}, {"id": "CN", "text": "China", "__typename": "CountryOfOrigin"}, {"id": "GB", "text": "United Kingdom", "__typename": "CountryOfOrigin"}, {"id": "CA", "text": "Canada", "__typename": "CountryOfOrigin"}, {"id": "KR", "text": "South Korea", "__typename": "CountryOfOrigin"}, {"id": "NZ", "text": "New Zealand", "__typename": "CountryOfOrigin"}], "__typename": "CountriesOfOrigin"}, "detailsExternalLinks": {"edges": [{"node": {"url": "http://www.monarchsciences.com/", "label": "Monarch", "externalLinkRegion": null, "__typename": "ExternalLink"}, "__typename": "ExternalLinkEdge"}, {"node": {"url": "http://www.facebook.com/GodzillaMovie/", "label": "Official Facebook", "externalLinkRegion": null, "__typename": "ExternalLink"}, "__typename": "ExternalLinkEdge"}], "total": 6, "__typename": "ExternalLinkConnection"}, "spokenLanguages": {"spokenLanguages": [{"id": "en", "text": "English", "__typename": "SpokenLanguage"}, {"id": "ja", "text": "Japanese", "__typename": "SpokenLanguage"}, {"id": "zh", "text": "Chinese", "__typename": "SpokenLanguage"}, {"id": "es", "text": "Spanish", "__typename": "SpokenLanguage"}], "__typename": "SpokenLanguages"}, "akas": {"edges": [{"node": {"text": "Godzilla 2: King of the Monsters", "__typename": "Aka"}, "__typename": "AkaEdge"}], "__typename": "AkaConnection"}, "filmingLocations": {"edges": [{"node": {"text": "M\u00e9xico City, Mexico", "location": "M\u00e9xico City, Mexico", "attributes": [{"text": "Z\u00f3calo", "__typename": "DisplayableAttribute"}], "__typename": "FilmingLocation"}, "__typename": "FilmingLocationEdge"}], "total": 8, "__typename": "FilmingLocationConnection"}, "production": {"edges": [{"node": {"company": {"id": "co0002663", "companyText": {"text": "Warner Bros.", "__typename": "CompanyText"}, "__typename": "Company"}, "__typename": "CompanyCredit"}, "__typename": "CompanyCreditEdge"}, {"node": {"company": {"id": "co0159111", "companyText": {"text": "Legendary Entertainment", "__typename": "CompanyText"}, "__typename": "Company"}, "__typename": "CompanyCredit"}, "__typename": "CompanyCreditEdge"}, {"node": {"company": {"id": "co0002219", "companyText": {"text": "Toho", "__typename": "CompanyText"}, "__typename": "Company"}, "__typename": "CompanyCredit"}, "__typename": "CompanyCreditEdge"}], "__typename": "CompanyCreditConnection"}, "companies": {"total": 137, "__typename": "CompanyCreditConnection"}, "productionBudget": {"budget": {"amount": 170000000, "currency": "USD", "__typename": "Money"}, "__typename": "ProductionBudget"}, "lifetimeGross": {"total": {"amount": 110500138, "currency": "USD", "__typename": "Money"}, "__typename": "BoxOfficeGross"}, "openingWeekendGross": {"gross": {"total": {"amount": 47776293, "currency": "USD", "__typename": "Money"}, "__typename": "BoxOfficeGross"}, "weekendEndDate": "2019-06-02", "__typename": "OpeningWeekendGross"}, "worldwideGross": {"total": {"amount": 387300138, "currency": "USD", "__typename": "Money"}, "__typename": "BoxOfficeGross"}, "technicalSpecifications": {"soundMixes": {"items": [{"id": "dolby_atmos", "text": "Dolby Atmos", "attributes": [], "__typename": "SoundMix"}, {"id": "dts:x", "text": "DTS:X", "attributes": [], "__typename": "SoundMix"}, {"id": "auro_11.1", "text": "Auro 11.1", "attributes": [], "__typename": "SoundMix"}, {"id": "dolby_digital", "text": "Dolby Digital", "attributes": [], "__typename": "SoundMix"}, {"id": "dolby_surround 7.1", "text": "Dolby Surround 7.1", "attributes": [], "__typename": "SoundMix"}, {"id": "12_track_digital sound", "text": "12-Track Digital Sound", "attributes": [], "__typename": "SoundMix"}, {"id": "imax_6_track", "text": "IMAX 6-Track", "attributes": [], "__typename": "SoundMix"}, {"id": "sonics_ddp", "text": "Sonics-DDP", "attributes": [], "__typename": "SoundMix"}], "__typename": "SoundMixes"}, "aspectRatios": {"items": [{"aspectRatio": "2.39 : 1", "attributes": [], "__typename": "AspectRatio"}], "__typename": "AspectRatios"}, "colorations": {"items": [{"conceptId": "color", "text": "Color", "attributes": [], "__typename": "Coloration"}], "__typename": "Colorations"}, "__typename": "TechnicalSpecifications"}, "runtime": {"seconds": 7920, "__typename": "Runtime"}, "series": null, "canHaveEpisodes": false, "contributionQuestions": {"contributionLink": {"url": "https://contribute.imdb.com/answers", "__typename": "ContributionQuestionsLink"}, "edges": [], "__typename": "QuestionConnection"}, "__typename": "Title"}}