{"ok": true, "error_code": 200, "description": "", "short": {"@context": "https://schema.org", "@type": "Movie", "url": "https://www.imdb.com/title/tt4154664/", "name": "Captain Marvel", "image": "https://m.media-amazon.com/images/M/MV5BZDAyZWQ1MDQtYzI4Ni00Zjc0LWFkMDItODZkZmY0MmM1MmVlXkEyXkFqcGc@._V1_.jpg", "description": "Carol Danvers becomes one of the universe&apos;s most powerful heroes when Earth is caught in the middle of a galactic war between two alien races.", "review": {"@type": "Review", "itemReviewed": {"@type": "Movie", "url": "https://www.imdb.com/title/tt4154664/"}, "author": {"@type": "Person", "name": "uniqueflgirly"}, "dateCreated": "2019-03-18", "inLanguage": "English", "name": "Great movie", "reviewBody": "Looking forward to seeing her help everyone out in the next film! The fight scene with I&apos;m just a girl was awesome. The whole soundtrack and 90s vibe took me back to my teens, very enjoyable.", "reviewRating": {"@type": "Rating", "worstRating": 1, "bestRating": 10, "ratingValue": 9}}, "aggregateRating": {"@type": "AggregateRating", "ratingCount": 623686, "bestRating": 10, "worstRating": 1, "ratingValue": 6.8}, "contentRating": "UA", "genre": ["Action", "Adventure", "Sci-Fi"], "datePublished": "2019-03-08", "keywords": "superhero,stan lee cameo,cat,marvel cinematic universe,nick fury character", "trailer": {"@type": "VideoObject", "name": "&quot;Rise&quot; TV Spot", "embedUrl": "https://www.imdb.com/video/imdb/vi4235180569", "thumbnail": {"@type": "ImageObject", "contentUrl": "https://m.media-amazon.com/images/M/MV5BODlhOGM4MGMtYjBjMi00MWQ2LTk4OWUtYzQ2YzE0NWZkODlkXkEyXkFqcGdeQW1yb3NzZXI@._V1_.jpg"}, "thumbnailUrl": "https://m.media-amazon.com/images/M/MV5BODlhOGM4MGMtYjBjMi00MWQ2LTk4OWUtYzQ2YzE0NWZkODlkXkEyXkFqcGdeQW1yb3NzZXI@._V1_.jpg", "url": "https://www.imdb.com/video/vi4235180569/", "description": "Carol Danvers (Brie Larson) becomes one of the universe&apos;s most powerful heroes when Earth is caught in the middle of a galactic war between two alien races.", "duration": "PT46S", "uploadDate": "2019-02-20T17:13:12.818Z"}, "actor": [{"@type": "Person", "url": "https://www.imdb.com/name/nm0488953/", "name": "Brie Larson"}, {"@type": "Person", "url": "https://www.imdb.com/name/nm0000168/", "name": "Samuel L. Jackson"}, {"@type": "Person", "url": "https://www.imdb.com/name/nm0578853/", "name": "Ben Mendelsohn"}], "director": [{"@type": "Person", "url": "https://www.imdb.com/name/nm1349818/", "name": "Anna Boden"}, {"@type": "Person", "url": "https://www.imdb.com/name/nm0281396/", "name": "Ryan Fleck"}], "creator": [{"@type": "Organization", "url": "https://www.imdb.com/company/co0051941/"}, {"@type": "Organization", "url": "https://www.imdb.com/company/co0005154/"}, {"@type": "Person", "url": "https://www.imdb.com/name/nm1349818/", "name": "Anna Boden"}, {"@type": "Person", "url": "https://www.imdb.com/name/nm0281396/", "name": "Ryan Fleck"}, {"@type": "Person", "url": "https://www.imdb.com/name/nm4039044/", "name": "Geneva Robertson-Dworet"}], "duration": "PT2H3M"}, "imdbId": "tt4154664", "top": {"id": "tt4154664", "productionStatus": {"currentProductionStage": {"id": "released", "text": "Released", "__typename": "ProductionStage"}, "productionStatusHistory": [{"status": {"id": "treatment_outline", "text": "Treatment Outline", "__typename": "ProductionStatus"}, "__typename": "ProductionStatusHistory"}, {"status": {"id": "script", "text": "Script", "__typename": "ProductionStatus"}, "__typename": "ProductionStatusHistory"}, {"status": {"id": "script", "text": "Script", "__typename": "ProductionStatus"}, "__typename": "ProductionStatusHistory"}, {"status": {"id": "script", "text": "Script", "__typename": "ProductionStatus"}, "__typename": "ProductionStatusHistory"}, {"status": {"id": "pre_production", "text": "Pre-production", "__typename": "ProductionStatus"}, "__typename": "ProductionStatusHistory"}, {"status": {"id": "filming", "text": "Filming", "__typename": "ProductionStatus"}, "__typename": "ProductionStatusHistory"}, {"status": {"id": "post_production", "text": "Post-production", "__typename": "ProductionStatus"}, "__typename": "ProductionStatusHistory"}, {"status": {"id": "completed", "text": "Completed", "__typename": "ProductionStatus"}, "__typename": "ProductionStatusHistory"}, {"status": {"id": "released", "text": "Released", "__typename": "ProductionStatus"}, "__typename": "ProductionStatusHistory"}], "restriction": null, "__typename": "ProductionStatusDetails"}, "canHaveEpisodes": false, "series": null, "titleText": {"text": "Captain Marvel", "__typename": "TitleText"}, "titleType": {"displayableProperty": {"value": {"plainText": "", "__typename": "Markdown"}, "__typename": "DisplayableTitleTypeProperty"}, "text": "Movie", "id": "movie", "isSeries": false, "isEpisode": false, "categories": [{"value": "movie", "__typename": "TitleTypeCategory"}], "canHaveEpisodes": false, "__typename": "TitleType"}, "originalTitleText": {"text": "Captain Marvel", "__typename": "TitleText"}, "certificate": {"rating": "UA", "__typename": "Certificate"}, "releaseYear": {"year": 2019, "endYear": null, "__typename": "YearRange"}, "releaseDate": {"day": 8, "month": 3, "year": 2019, "__typename": "ReleaseDate"}, "runtime": {"seconds": 7380, "displayableProperty": {"value": {"plainText": "2h 3m", "__typename": "Markdown"}, "__typename": "DisplayableTitleRuntimeProperty"}, "__typename": "Runtime"}, "canRate": {"isRatable": true, "__typename": "CanRate"}, "ratingsSummary": {"aggregateRating": 6.8, "voteCount": 623686, "__typename": "RatingsSummary"}, "meterRanking": {"currentRank": 1886, "rankChange": {"changeDirection": "DOWN", "difference": 76, "__typename": "MeterRankChange"}, "__typename": "TitleMeterRanking"}, "primaryImage": {"id": "rm595443201", "width": 800, "height": 1200, "url": "https://m.media-amazon.com/images/M/MV5BZDAyZWQ1MDQtYzI4Ni00Zjc0LWFkMDItODZkZmY0MmM1MmVlXkEyXkFqcGc@._V1_.jpg", "caption": {"plainText": "Brie Larson in Captain Marvel (2019)", "__typename": "Markdown"}, "__typename": "Image"}, "images": {"total": 912, "edges": [{"node": {"id": "rm3748026881", "__typename": "Image"}, "__typename": "ImageEdge"}], "__typename": "ImageConnection"}, "videos": {"total": 88, "__typename": "TitleRelatedVideosConnection"}, "primaryVideos": {"edges": [{"node": {"id": "vi4235180569", "createdDate": "2019-02-20T17:13:12.818Z", "isMature": false, "runtime": {"value": 46, "__typename": "VideoRuntime"}, "name": {"value": "\"Rise\" TV Spot", "language": "en", "__typename": "LocalizedString"}, "description": {"value": "Carol Danvers (Brie Larson) becomes one of the universe's most powerful heroes when Earth is caught in the middle of a galactic war between two alien races.", "language": "en", "__typename": "LocalizedString"}, "timedTextTracks": [], "recommendedTimedTextTrack": null, "thumbnail": {"url": "https://m.media-amazon.com/images/M/MV5BODlhOGM4MGMtYjBjMi00MWQ2LTk4OWUtYzQ2YzE0NWZkODlkXkEyXkFqcGdeQW1yb3NzZXI@._V1_.jpg", "height": 798, "width": 1920, "__typename": "Thumbnail"}, "primaryTitle": {"id": "tt4154664", "titleText": {"text": "Captain Marvel", "__typename": "TitleText"}, "originalTitleText": {"text": "Captain Marvel", "__typename": "TitleText"}, "releaseYear": {"year": 2019, "__typename": "YearRange"}, "__typename": "Title"}, "playbackURLs": [{"displayName": {"value": "480p", "language": "en-US", "__typename": "LocalizedString"}, "videoMimeType": "MP4", "videoDefinition": "DEF_480p", "url": "https://imdb-video.media-imdb.com/vi4235180569/1434659607842-pgv4ql-1550682793575.mp4?Expires=1730927328&Signature=RApJUwiRBl0BQxuQuzb1qINxktbvhvjQfuCPgw1tELlXBW4z3lyUNfBufVzHadG9oSJ8qKXu72iipvg2URyo2Mn-Oo92zuBgqbBP25MRvpYjuYF4bGBwTNZhih-0nUHhUNNxGoaMImMb8C-9s~hMDYcVHna-hR6fsmsNrWxhIvGoe6fYA-n2RyC~frwYZIvxHshAzZKnexrjGkp60nSGWoWO3N16DQp2t9Ve0bJIOn4RpxCC5hEkqkmL8DBvLRHUOgoM8FPjcvWZaQQjOxNKo-YaCPg-CwsYI~~1O6RpqiouvvMO6YaW9cYKGsWcnVBLZwuxMJ2I8UHLnWb3dAWp~A__&Key-Pair-Id=APKAIFLZBVQZ24NQH3KA", "__typename": "PlaybackURL"}, {"displayName": {"value": "SD", "language": "en-US", "__typename": "LocalizedString"}, "videoMimeType": "MP4", "videoDefinition": "DEF_SD", "url": "https://imdb-video.media-imdb.com/vi4235180569/1434659454657-dx9ykf-1550682793575.mp4?Expires=1730927328&Signature=IGXC6pBNFRwWVPg-1aXTz-L4dwYjlwxo5KIOgyWP17e~SmWTkkouZQWX2iEInvzKAlTX2fWRli9YoMzvW0ue8YLJrYl1prPuFv5fGEohreBBP-frSNxNPZQvz3fkWcL5DtcZ~pTLgaYIOD879tcHMhQxUdSz4zNiJPVbpRjnDovX~I-UwAA6KK-lKUS74-QzjPwVRrzLWP4JZD8mZahZsLa3b0tdZMIQU5a-cDuGOqW0j4BN0Te8fhmSESPmj6WLabbtPlZMNnG1P7edm3tUugNJ9A3-SwYFDGEWtybwPG5wVCN3-AboXNkFKc0ZiD8o4BrYMVH9GJ6ujI0fr~2vNg__&Key-Pair-Id=APKAIFLZBVQZ24NQH3KA", "__typename": "PlaybackURL"}], "contentType": {"id": "amzn1.imdb.video.contenttype.trailer", "displayName": {"value": "Trailer", "__typename": "LocalizedString"}, "__typename": "VideoContentType"}, "previewURLs": [{"displayName": {"value": "AUTO", "language": "en-US", "__typename": "LocalizedString"}, "videoMimeType": "M3U8", "videoDefinition": "DEF_AUTO", "url": "https://imdb-video.media-imdb.com/vi4235180569/hls-preview-220bda3d-3dc0-4408-a510-6672e94ba29c.m3u8?Expires=1730927328&Signature=MKX05MBZDnznTnvO02XLvaaXIc81iTWovk3JaItO~375RTki9cetaGUpMKpgnMKEO~eyEysX~uuCrZZlL4Qm2xu3k6qOsfCijxlahQeCIKgg~F~DFMbzWaDDot0349hnik1Ewkw1wjbpjPWzC~zR58yNpCtw5TeETdJfxSuuhfYusAqD~Np7yfnM7HqJ53JqFevApPnmp29CbDQVQ0vPIWLwqvq2xStQuqtZnXv3TtZ~bJEIJHXuP6BUKj5UGNHKk72xkNUptn4NOy~6Vw-zXtUUpszkuKXtCgoAMosF1sMoSl~T8g0Udjm25I~YNAQ-lWmIMuzsZDemE81tkwAl3A__&Key-Pair-Id=APKAIFLZBVQZ24NQH3KA", "__typename": "PlaybackURL"}], "__typename": "Video"}, "__typename": "VideoEdge"}, {"node": {"id": "vi1667414553", "createdDate": "2019-02-11T14:47:02.101Z", "isMature": false, "runtime": {"value": 31, "__typename": "VideoRuntime"}, "name": {"value": "\"Ready\" TV Spot", "language": "en", "__typename": "LocalizedString"}, "description": {"value": "Carol Danvers becomes one of the universe's most powerful heroes when Earth is caught in the middle of a galactic war between two alien races.", "language": "en", "__typename": "LocalizedString"}, "timedTextTracks": [], "recommendedTimedTextTrack": null, "thumbnail": {"url": "https://m.media-amazon.com/images/M/MV5BYWJmMDYwMzMtZDVlNC00NDBkLThmZWItZmFhZDAyOTRlMzE3XkEyXkFqcGdeQW1yb3NzZXI@._V1_.jpg", "height": 1080, "width": 1920, "__typename": "Thumbnail"}, "primaryTitle": {"id": "tt4154664", "titleText": {"text": "Captain Marvel", "__typename": "TitleText"}, "originalTitleText": {"text": "Captain Marvel", "__typename": "TitleText"}, "releaseYear": {"year": 2019, "__typename": "YearRange"}, "__typename": "Title"}, "playbackURLs": [{"displayName": {"value": "480p", "language": "en-US", "__typename": "LocalizedString"}, "videoMimeType": "MP4", "videoDefinition": "DEF_480p", "url": "https://imdb-video.media-imdb.com/vi1667414553/1434659607842-pgv4ql-1549896422812.mp4?Expires=1730927328&Signature=pufMzGOc2Giwuk1oK-QEXOQTMfy~nqDNxef7hcOjYVhwSIKHuN0Yxgo7u15L4UC0munq73obtpfoOaJ2dsj75Ny2PsNBRWE4m6rBjiYTxlXh7DLs~ZEJGujphRuDw1R8c0~iZ8dSIMxxJwUfSzfg50S1gVQT6Dd63ob6KGnKLM3hCWTd3PzLNUzD2I2FIK6BQPea4FGtwYQexNKwfqiY-FnMO3g7vEa48Xnm3CZZcRzkySGw~pX11kDLlNcTIjwGMZe-qTgrU6LQK8sb9PZ78~V3ZIeweyvxa99TODWjotQMy~js1vYwpi4mdUmHE2k~hgb-Udad7Igj8fI~DnTelg__&Key-Pair-Id=APKAIFLZBVQZ24NQH3KA", "__typename": "PlaybackURL"}, {"displayName": {"value": "SD", "language": "en-US", "__typename": "LocalizedString"}, "videoMimeType": "MP4", "videoDefinition": "DEF_SD", "url": "https://imdb-video.media-imdb.com/vi1667414553/1434659454657-dx9ykf-1549896422812.mp4?Expires=1730927328&Signature=BGK1-PgXkx5opEieJOVFmdhXmaVk~2G1IodbT8Toep5d9LNs0GgKHcvp0WWtMfW~mLZqzen34oCwcGRbgS2~56auDWqyBSfq1BHTFZA~7ajjPfDK7YrE~mQciQDKFI9yWHI3J3AbcoAaLr0aBcVy4kg8OjZWlCsHdyuepslYSCYF4e2jP6wmGmrvCW7pauQWO6D0-UrT7s6NMI6CJ9rv5KXXDVObQyzznk8MCysY9ghwE2geVbisXuwUFgD8vQFrSJ9c1HD4fvhkwT76-G2fnHDmk3oOhAMWDeoL~iiKw6xnt4h9fjOnseXYKtDpCggWTuhF3L1CFswV7KQ0SfiAZg__&Key-Pair-Id=APKAIFLZBVQZ24NQH3KA", "__typename": "PlaybackURL"}], "contentType": {"id": "amzn1.imdb.video.contenttype.trailer", "displayName": {"value": "Trailer", "__typename": "LocalizedString"}, "__typename": "VideoContentType"}, "previewURLs": [{"displayName": {"value": "AUTO", "language": "en-US", "__typename": "LocalizedString"}, "videoMimeType": "M3U8", "videoDefinition": "DEF_AUTO", "url": "https://imdb-video.media-imdb.com/vi1667414553/hls-preview-aee0ca86-064c-4a48-86a0-bd43d3c8b11f.m3u8?Expires=1730927328&Signature=ZHtdsK70xwu0NWzgFqq5e3sKP2AT5kBtqZTQ01BA8zdOOOsSQUKdLrpKYWtaDGJbUj51uVEUVUpcRwGKPJDj8cLwhxtsEkfdtRPBrMSf8zbZYwoNYpLOMf6z15V2enpdvnbmBWaGIQLKUeibpffLJo8PB2-Jo8W7t6QAym4PN9n-3~FnWMlUj0kUPxdl~yt6p4Ld9D5S-PL~mfk6T-mT9d35GBU6zAXskyVz2WIzyKJWVPMh4gVip8LIZn-nHuWUCuKIIfI24HdQbG8qfTcePzMqQdR16KSkAPr6ck0TjeZ8I2lCh0mKE6uZNFU9niIAdia4-NnS6Lr5QC2wKW4c8g__&Key-Pair-Id=APKAIFLZBVQZ24NQH3KA", "__typename": "PlaybackURL"}], "__typename": "Video"}, "__typename": "VideoEdge"}], "__typename": "VideoConnection"}, "externalLinks": {"total": 671, "__typename": "ExternalLinkConnection"}, "metacritic": {"metascore": {"score": 64, "__typename": "Metascore"}, "__typename": "Metacritic"}, "keywords": {"total": 463, "edges": [{"node": {"text": "superhero", "__typename": "TitleKeyword"}, "__typename": "TitleKeywordEdge"}, {"node": {"text": "stan lee cameo", "__typename": "TitleKeyword"}, "__typename": "TitleKeywordEdge"}, {"node": {"text": "cat", "__typename": "TitleKeyword"}, "__typename": "TitleKeywordEdge"}, {"node": {"text": "marvel cinematic universe", "__typename": "TitleKeyword"}, "__typename": "TitleKeywordEdge"}, {"node": {"text": "nick fury character", "__typename": "TitleKeyword"}, "__typename": "TitleKeywordEdge"}], "__typename": "TitleKeywordConnection"}, "isAdult": false, "genres": {"genres": [{"text": "Action", "id": "Action", "__typename": "Genre"}, {"text": "Adventure", "id": "Adventure", "__typename": "Genre"}, {"text": "Sci-Fi", "id": "Sci-Fi", "__typename": "Genre"}], "__typename": "Genres"}, "interests": {"edges": [{"node": {"id": "in0000008", "primaryText": {"text": "Superhero", "__typename": "InterestText"}, "__typename": "Interest"}, "__typename": "InterestEdge"}, {"node": {"id": "in0000001", "primaryText": {"text": "Action", "__typename": "InterestText"}, "__typename": "Interest"}, "__typename": "InterestEdge"}, {"node": {"id": "in0000012", "primaryText": {"text": "Adventure", "__typename": "InterestText"}, "__typename": "Interest"}, "__typename": "InterestEdge"}, {"node": {"id": "in0000162", "primaryText": {"text": "Sci-Fi", "__typename": "InterestText"}, "__typename": "Interest"}, "__typename": "InterestEdge"}], "__typename": "InterestConnection"}, "plot": {"plotText": {"plainText": "Carol Danvers becomes one of the universe's most powerful heroes when Earth is caught in the middle of a galactic war between two alien races.", "__typename": "Markdown"}, "language": {"id": "en-US", "__typename": "DisplayableLanguage"}, "__typename": "Plot"}, "plotContributionLink": {"url": "https://contribute.imdb.com/updates?update=tt4154664:outlines.add.1.locale~en-US", "__typename": "ContributionLink"}, "credits": {"total": 2907, "__typename": "CreditConnection"}, "principalCredits": [{"totalCredits": 2, "category": {"text": "Directors", "id": "director", "__typename": "CreditCategory"}, "credits": [{"name": {"nameText": {"text": "Anna Boden", "__typename": "NameText"}, "id": "nm1349818", "__typename": "Name"}, "attributes": null, "__typename": "Crew"}, {"name": {"nameText": {"text": "Ryan Fleck", "__typename": "NameText"}, "id": "nm0281396", "__typename": "Name"}, "attributes": null, "__typename": "Crew"}], "__typename": "PrincipalCreditsForCategory"}, {"totalCredits": 8, "category": {"text": "Writers", "id": "writer", "__typename": "CreditCategory"}, "credits": [{"name": {"nameText": {"text": "Anna Boden", "__typename": "NameText"}, "id": "nm1349818", "__typename": "Name"}, "attributes": null, "__typename": "Crew"}, {"name": {"nameText": {"text": "Ryan Fleck", "__typename": "NameText"}, "id": "nm0281396", "__typename": "Name"}, "attributes": null, "__typename": "Crew"}, {"name": {"nameText": {"text": "Geneva Robertson-Dworet", "__typename": "NameText"}, "id": "nm4039044", "__typename": "Name"}, "attributes": null, "__typename": "Crew"}], "__typename": "PrincipalCreditsForCategory"}, {"totalCredits": 80, "category": {"text": "Stars", "id": "cast", "__typename": "CreditCategory"}, "credits": [{"name": {"nameText": {"text": "Brie Larson", "__typename": "NameText"}, "id": "nm0488953", "__typename": "Name"}, "attributes": null, "__typename": "Cast"}, {"name": {"nameText": {"text": "Samuel L. Jackson", "__typename": "NameText"}, "id": "nm0000168", "__typename": "Name"}, "attributes": null, "__typename": "Cast"}, {"name": {"nameText": {"text": "Ben Mendelsohn", "__typename": "NameText"}, "id": "nm0578853", "__typename": "Name"}, "attributes": null, "__typename": "Cast"}], "__typename": "PrincipalCreditsForCategory"}], "reviews": {"total": 7417, "__typename": "ReviewsConnection"}, "criticReviewsTotal": {"total": 563, "__typename": "ExternalLinkConnection"}, "triviaTotal": {"total": 170, "__typename": "TriviaConnection"}, "engagementStatistics": {"watchlistStatistics": {"displayableCount": {"text": "Added by 517K users", "__typename": "LocalizedDisplayableCount"}, "__typename": "WatchlistStatistics"}, "__typename": "EngagementStatistics"}, "subNavCredits": {"total": 2907, "__typename": "CreditConnection"}, "subNavReviews": {"total": 7417, "__typename": "ReviewsConnection"}, "subNavTrivia": {"total": 170, "__typename": "TriviaConnection"}, "subNavFaqs": {"total": 6, "__typename": "FaqConnection"}, "subNavTopQuestions": {"total": 20, "__typename": "AlexaQuestionConnection"}, "titleGenres": {"genres": [{"genre": {"text": "Action", "__typename": "GenreItem"}, "__typename": "TitleGenre"}, {"genre": {"text": "Adventure", "__typename": "GenreItem"}, "__typename": "TitleGenre"}, {"genre": {"text": "Sci-Fi", "__typename": "GenreItem"}, "__typename": "TitleGenre"}], "__typename": "TitleGenres"}, "meta": {"canonicalId": "tt4154664", "publicationStatus": "PUBLISHED", "__typename": "TitleMeta"}, "castPageTitle": {"edges": [{"node": {"name": {"id": "nm0488953", "nameText": {"text": "Brie Larson", "__typename": "NameText"}, "__typename": "Name"}, "__typename": "Cast"}, "__typename": "CreditEdge"}, {"node": {"name": {"id": "nm0000168", "nameText": {"text": "Samuel L. Jackson", "__typename": "NameText"}, "__typename": "Name"}, "__typename": "Cast"}, "__typename": "CreditEdge"}, {"node": {"name": {"id": "nm0578853", "nameText": {"text": "Ben Mendelsohn", "__typename": "NameText"}, "__typename": "Name"}, "__typename": "Cast"}, "__typename": "CreditEdge"}, {"node": {"name": {"id": "nm0000179", "nameText": {"text": "Jude Law", "__typename": "NameText"}, "__typename": "Name"}, "__typename": "Cast"}, "__typename": "CreditEdge"}], "__typename": "CreditConnection"}, "creatorsPageTitle": [], "directorsPageTitle": [{"credits": [{"name": {"id": "nm1349818", "nameText": {"text": "Anna Boden", "__typename": "NameText"}, "__typename": "Name"}, "__typename": "Crew"}, {"name": {"id": "nm0281396", "nameText": {"text": "Ryan Fleck", "__typename": "NameText"}, "__typename": "Name"}, "__typename": "Crew"}], "__typename": "PrincipalCreditsForCategory"}], "countriesOfOrigin": {"countries": [{"id": "US", "__typename": "CountryOfOrigin"}], "__typename": "CountriesOfOrigin"}, "production": {"edges": [{"node": {"company": {"id": "co0051941", "companyText": {"text": "Marvel Studios", "__typename": "CompanyText"}, "__typename": "Company"}, "__typename": "CompanyCredit"}, "__typename": "CompanyCreditEdge"}, {"node": {"company": {"id": "co0005154", "companyText": {"text": "Animal Logic", "__typename": "CompanyText"}, "__typename": "Company"}, "__typename": "CompanyCredit"}, "__typename": "CompanyCreditEdge"}], "__typename": "CompanyCreditConnection"}, "featuredReviews": {"edges": [{"node": {"author": {"nickName": "uniqueflgirly", "__typename": "UserProfile"}, "summary": {"originalText": "Great movie", "__typename": "ReviewSummary"}, "text": {"originalText": {"plainText": "Looking forward to seeing her help everyone out in the next film! The fight scene with I'm just a girl was awesome. The whole soundtrack and 90s vibe took me back to my teens, very enjoyable.", "__typename": "Markdown"}, "__typename": "ReviewText"}, "authorRating": 9, "submissionDate": "2019-03-18", "__typename": "Review"}, "__typename": "ReviewEdge"}], "__typename": "ReviewsConnection"}, "__typename": "Title"}, "main": {"id": "tt4154664", "wins": {"total": 10, "__typename": "AwardNominationConnection"}, "nominationsExcludeWins": {"total": 56, "__typename": "AwardNominationConnection"}, "prestigiousAwardSummary": null, "ratingsSummary": {"topRanking": {"id": "topRated:tt4154664:en_US", "text": {"value": "Top Rated", "__typename": "LocalizedString"}, "rank": 3237, "__typename": "TopRanking"}, "__typename": "RatingsSummary"}, "episodes": null, "videos": {"total": 88, "__typename": "TitleRelatedVideosConnection"}, "videoStrip": {"edges": [{"node": {"id": "vi4235180569", "contentType": {"displayName": {"value": "Trailer", "__typename": "LocalizedString"}, "__typename": "VideoContentType"}, "name": {"value": "\"Rise\" TV Spot", "__typename": "LocalizedString"}, "runtime": {"value": 46, "__typename": "VideoRuntime"}, "thumbnail": {"height": 798, "url": "https://m.media-amazon.com/images/M/MV5BODlhOGM4MGMtYjBjMi00MWQ2LTk4OWUtYzQ2YzE0NWZkODlkXkEyXkFqcGdeQW1yb3NzZXI@._V1_.jpg", "width": 1920, "__typename": "Thumbnail"}, "__typename": "Video"}, "__typename": "VideoEdge"}, {"node": {"id": "vi1667414553", "contentType": {"displayName": {"value": "Trailer", "__typename": "LocalizedString"}, "__typename": "VideoContentType"}, "name": {"value": "\"Ready\" TV Spot", "__typename": "LocalizedString"}, "runtime": {"value": 31, "__typename": "VideoRuntime"}, "thumbnail": {"height": 1080, "url": "https://m.media-amazon.com/images/M/MV5BYWJmMDYwMzMtZDVlNC00NDBkLThmZWItZmFhZDAyOTRlMzE3XkEyXkFqcGdeQW1yb3NzZXI@._V1_.jpg", "width": 1920, "__typename": "Thumbnail"}, "__typename": "Video"}, "__typename": "VideoEdge"}, {"node": {"id": "vi914340377", "contentType": {"displayName": {"value": "Trailer", "__typename": "LocalizedString"}, "__typename": "VideoContentType"}, "name": {"value": "\"Connection\" TV Spot", "__typename": "LocalizedString"}, "runtime": {"value": 31, "__typename": "VideoRuntime"}, "thumbnail": {"height": 1080, "url": "https://m.media-amazon.com/images/M/MV5BOTk1MWY1OTEtNGNkOS00YzM4LWE4NTQtZWE0NWYzODcxMmQ5XkEyXkFqcGdeQW1yb3NzZXI@._V1_.jpg", "width": 1920, "__typename": "Thumbnail"}, "__typename": "Video"}, "__typename": "VideoEdge"}, {"node": {"id": "vi3413621273", "contentType": {"displayName": {"value": "Trailer", "__typename": "LocalizedString"}, "__typename": "VideoContentType"}, "name": {"value": "\"Big Game\" TV Spot", "__typename": "LocalizedString"}, "runtime": {"value": 31, "__typename": "VideoRuntime"}, "thumbnail": {"height": 532, "url": "https://m.media-amazon.com/images/M/MV5BOTEyODgzNjEtOTNhMy00YmYwLWI2NDEtMjExMjAzZmM0MGMyXkEyXkFqcGdeQWpnYW1i._V1_.jpg", "width": 1280, "__typename": "Thumbnail"}, "__typename": "Video"}, "__typename": "VideoEdge"}, {"node": {"id": "vi70105625", "contentType": {"displayName": {"value": "Trailer", "__typename": "LocalizedString"}, "__typename": "VideoContentType"}, "name": {"value": "Special Look", "__typename": "LocalizedString"}, "runtime": {"value": 91, "__typename": "VideoRuntime"}, "thumbnail": {"height": 1080, "url": "https://m.media-amazon.com/images/M/MV5BMDkzNzk3ZjktNDJjNi00ZGEyLTk0NTMtNTYyNTEzODU4MjdiXkEyXkFqcGdeQW1yb3NzZXI@._V1_.jpg", "width": 1920, "__typename": "Thumbnail"}, "__typename": "Video"}, "__typename": "VideoEdge"}, {"node": {"id": "vi2715466265", "contentType": {"displayName": {"value": "Trailer", "__typename": "LocalizedString"}, "__typename": "VideoContentType"}, "name": {"value": "Trailer #2", "__typename": "LocalizedString"}, "runtime": {"value": 139, "__typename": "VideoRuntime"}, "thumbnail": {"height": 807, "url": "https://m.media-amazon.com/images/M/MV5BYzk0N2FkNDctOGRkYy00Y2EyLTllZWMtMzQyNzNmOGNkMzBmXkEyXkFqcGdeQXRzdGFzaWVr._V1_.jpg", "width": 1380, "__typename": "Thumbnail"}, "__typename": "Video"}, "__typename": "VideoEdge"}, {"node": {"id": "vi2588392217", "contentType": {"displayName": {"value": "Trailer", "__typename": "LocalizedString"}, "__typename": "VideoContentType"}, "name": {"value": "Trailer #1", "__typename": "LocalizedString"}, "runtime": {"value": 117, "__typename": "VideoRuntime"}, "thumbnail": {"height": 802, "url": "https://m.media-amazon.com/images/M/MV5BOTgwZDY3ZjctOTg3Yi00MTRiLTllZjItMTY3ODk2NjlkOGU2XkEyXkFqcGdeQWtlbGFyc2Vu._V1_.jpg", "width": 1412, "__typename": "Thumbnail"}, "__typename": "Video"}, "__typename": "VideoEdge"}, {"node": {"id": "vi3423979033", "contentType": {"displayName": {"value": "Clip", "__typename": "LocalizedString"}, "__typename": "VideoContentType"}, "name": {"value": "The Rise of Brie Larson", "__typename": "LocalizedString"}, "runtime": {"value": 146, "__typename": "VideoRuntime"}, "thumbnail": {"height": 1080, "url": "https://m.media-amazon.com/images/M/MV5BYTcxYmE3YTAtZGI5Yy00ODFhLWIxMTItYzZhOWY1MzNkZjJjXkEyXkFqcGdeQXJoYW5uYWg@._V1_.jpg", "width": 1920, "__typename": "Thumbnail"}, "__typename": "Video"}, "__typename": "VideoEdge"}, {"node": {"id": "vi2462171161", "contentType": {"displayName": {"value": "Clip", "__typename": "LocalizedString"}, "__typename": "VideoContentType"}, "name": {"value": "How Chloe Zhao's 'Eternals' Will Change Marvel Forever", "__typename": "LocalizedString"}, "runtime": {"value": 268, "__typename": "VideoRuntime"}, "thumbnail": {"height": 1080, "url": "https://m.media-amazon.com/images/M/MV5BYWQ4MDc3OTUtZjkxMS00MTY1LTg1MzYtODM0YWJiYjc0MWZkXkEyXkFqcGdeQWFsZWxvZw@@._V1_.jpg", "width": 1920, "__typename": "Thumbnail"}, "__typename": "Video"}, "__typename": "VideoEdge"}, {"node": {"id": "vi514048025", "contentType": {"displayName": {"value": "Clip", "__typename": "LocalizedString"}, "__typename": "VideoContentType"}, "name": {"value": "A Salute to Women Directors", "__typename": "LocalizedString"}, "runtime": {"value": 309, "__typename": "VideoRuntime"}, "thumbnail": {"height": 1080, "url": "https://m.media-amazon.com/images/M/MV5BZjliNjRlZTQtMTc5Zi00Yzc0LTk1YmYtNmY0MTMxOTg2ODc2XkEyXkFqcGdeQWFybm8@._V1_.jpg", "width": 1920, "__typename": "Thumbnail"}, "__typename": "Video"}, "__typename": "VideoEdge"}, {"node": {"id": "vi2067447577", "contentType": {"displayName": {"value": "Clip", "__typename": "LocalizedString"}, "__typename": "VideoContentType"}, "name": {"value": "Top Stars & Breakouts of 2019", "__typename": "LocalizedString"}, "runtime": {"value": 296, "__typename": "VideoRuntime"}, "thumbnail": {"height": 1080, "url": "https://m.media-amazon.com/images/M/MV5BMzE0NzNmNzktYjYwZi00MzQzLWI0MDgtMjczMGRmYTYyZmEwXkEyXkFqcGdeQWFsZWxvZw@@._V1_.jpg", "width": 1920, "__typename": "Thumbnail"}, "__typename": "Video"}, "__typename": "VideoEdge"}, {"node": {"id": "vi3371351065", "contentType": {"displayName": {"value": "Clip", "__typename": "LocalizedString"}, "__typename": "VideoContentType"}, "name": {"value": "Weekend Box Office | April 26 to 28", "__typename": "LocalizedString"}, "runtime": {"value": 59, "__typename": "VideoRuntime"}, "thumbnail": {"height": 1080, "url": "https://m.media-amazon.com/images/M/MV5BYjU2MzIwMDAtYjk4Ny00YWM2LWIzMmQtODIyOWI0NmI2YmZhXkEyXkFqcGdeQW1pYnJ5YW50._V1_.jpg", "width": 2036, "__typename": "Thumbnail"}, "__typename": "Video"}, "__typename": "VideoEdge"}], "__typename": "VideoConnection"}, "titleMainImages": {"total": 912, "edges": [{"node": {"id": "rm3748026881", "url": "https://m.media-amazon.com/images/M/MV5BNjc0Nzg4ODktMWVkOC00M2IyLTljZDQtMDY5YjA0ZWE4MTk1XkEyXkFqcGc@._V1_.jpg", "caption": {"plainText": "Brie Larson in The Marvels (2023)", "__typename": "Markdown"}, "height": 1716, "width": 4096, "__typename": "Image"}, "__typename": "ImageEdge"}, {"node": {"id": "rm1616455937", "url": "https://m.media-amazon.com/images/M/MV5BZjc5Yzk1NjUtMjE4ZS00ODQ4LTk2ODktODJhZjY5M2RkNjQyXkEyXkFqcGc@._V1_.jpg", "caption": {"plainText": "Brie Larson in The Marvels (2023)", "__typename": "Markdown"}, "height": 1716, "width": 4096, "__typename": "Image"}, "__typename": "ImageEdge"}, {"node": {"id": "rm2884002560", "url": "https://m.media-amazon.com/images/M/MV5BMTU4NDIyMTUzOV5BMl5BanBnXkFtZTgwNTM3Mzg2NzM@._V1_.jpg", "caption": {"plainText": "Brie Larson, Lashana Lynch, and Akira Akbar in Captain Marvel (2019)", "__typename": "Markdown"}, "height": 1290, "width": 2048, "__typename": "Image"}, "__typename": "ImageEdge"}, {"node": {"id": "rm2766562048", "url": "https://m.media-amazon.com/images/M/MV5BMTU3MjY0ODgyMl5BMl5BanBnXkFtZTgwNjI3Mzg2NzM@._V1_.jpg", "caption": {"plainText": "Annette Bening in Captain Marvel (2019)", "__typename": "Markdown"}, "height": 858, "width": 2048, "__typename": "Image"}, "__typename": "ImageEdge"}, {"node": {"id": "rm1987407104", "url": "https://m.media-amazon.com/images/M/MV5BMjRhMjY3NDEtMjI2NS00OWMzLWIxMWMtOTM3ZTFmMzc3YWY5XkEyXkFqcGc@._V1_.jpg", "caption": {"plainText": "Reggie, Gonzo, Archie, and Rizzo in Captain Marvel (2019)", "__typename": "Markdown"}, "height": 3840, "width": 5760, "__typename": "Image"}, "__typename": "ImageEdge"}, {"node": {"id": "rm2004184320", "url": "https://m.media-amazon.com/images/M/MV5BYTRhYjA2ZWYtNTkwOS00Y2UyLWIyODYtNTEwYjFkOGUzNGE2XkEyXkFqcGc@._V1_.jpg", "caption": {"plainText": "Brie Larson in Captain Marvel (2019)", "__typename": "Markdown"}, "height": 3840, "width": 5760, "__typename": "Image"}, "__typename": "ImageEdge"}, {"node": {"id": "rm1752526080", "url": "https://m.media-amazon.com/images/M/MV5BZWUyZDFiMmYtYjhmZi00MTRlLWFiZWUtODg1OGMwMDc0NTFjXkEyXkFqcGc@._V1_.jpg", "caption": {"plainText": "Brie Larson in Captain Marvel (2019)", "__typename": "Markdown"}, "height": 3840, "width": 5760, "__typename": "Image"}, "__typename": "ImageEdge"}, {"node": {"id": "rm1786080512", "url": "https://m.media-amazon.com/images/M/MV5BMzc4MGJmMTctNTU1ZC00YzM0LTgyN2UtZTczZjk3NTFjNjdjXkEyXkFqcGc@._V1_.jpg", "caption": {"plainText": "Brie Larson in Captain Marvel (2019)", "__typename": "Markdown"}, "height": 4000, "width": 6000, "__typename": "Image"}, "__typename": "ImageEdge"}, {"node": {"id": "rm1802857728", "url": "https://m.media-amazon.com/images/M/MV5BZTEzOTMwOWQtOWVmMS00ODQxLWI0ZGMtNGU3ZTY1NjM3OGYyXkEyXkFqcGc@._V1_.jpg", "caption": {"plainText": "Samuel L. Jackson and Clark Gregg in Captain Marvel (2019)", "__typename": "Markdown"}, "height": 858, "width": 2048, "__typename": "Image"}, "__typename": "ImageEdge"}, {"node": {"id": "rm1819634944", "url": "https://m.media-amazon.com/images/M/MV5BOWY3MThmMGMtYjcxYi00NjU2LTg1ZGEtMDVlMDcyOGFhOTA3XkEyXkFqcGc@._V1_.jpg", "caption": {"plainText": "Jude Law in Captain Marvel (2019)", "__typename": "Markdown"}, "height": 850, "width": 1642, "__typename": "Image"}, "__typename": "ImageEdge"}, {"node": {"id": "rm1853189376", "url": "https://m.media-amazon.com/images/M/MV5BOGY0NjE5OTYtMDE4Ny00NWMxLWIxODUtYTIzN2NkMjdkYWVlXkEyXkFqcGc@._V1_.jpg", "caption": {"plainText": "Brie Larson in Captain Marvel (2019)", "__typename": "Markdown"}, "height": 850, "width": 1642, "__typename": "Image"}, "__typename": "ImageEdge"}, {"node": {"id": "rm1869966592", "url": "https://m.media-amazon.com/images/M/MV5BZDM1ZTIxN2EtZmRhNi00ZTc1LWI1ZjAtNGU3OWM0MTgxNDBlXkEyXkFqcGc@._V1_.jpg", "caption": {"plainText": "Brie Larson in Captain Marvel (2019)", "__typename": "Markdown"}, "height": 3840, "width": 5760, "__typename": "Image"}, "__typename": "ImageEdge"}, {"node": {"id": "rm1635085568", "url": "https://m.media-amazon.com/images/M/MV5BYTY4OTIyNmUtZjZkNi00NDIwLThkNDgtMTlkZGU4YmVkYWU4XkEyXkFqcGc@._V1_.jpg", "caption": {"plainText": "Lashana Lynch in Captain Marvel (2019)", "__typename": "Markdown"}, "height": 3840, "width": 5760, "__typename": "Image"}, "__typename": "ImageEdge"}], "__typename": "ImageConnection"}, "productionStatus": {"currentProductionStage": {"id": "released", "text": "Released", "__typename": "ProductionStage"}, "productionStatusHistory": [{"status": {"id": "treatment_outline", "text": "Treatment Outline", "__typename": "ProductionStatus"}, "__typename": "ProductionStatusHistory"}, {"status": {"id": "script", "text": "Script", "__typename": "ProductionStatus"}, "__typename": "ProductionStatusHistory"}, {"status": {"id": "script", "text": "Script", "__typename": "ProductionStatus"}, "__typename": "ProductionStatusHistory"}, {"status": {"id": "script", "text": "Script", "__typename": "ProductionStatus"}, "__typename": "ProductionStatusHistory"}, {"status": {"id": "pre_production", "text": "Pre-production", "__typename": "ProductionStatus"}, "__typename": "ProductionStatusHistory"}, {"status": {"id": "filming", "text": "Filming", "__typename": "ProductionStatus"}, "__typename": "ProductionStatusHistory"}, {"status": {"id": "post_production", "text": "Post-production", "__typename": "ProductionStatus"}, "__typename": "ProductionStatusHistory"}, {"status": {"id": "completed", "text": "Completed", "__typename": "ProductionStatus"}, "__typename": "ProductionStatusHistory"}, {"status": {"id": "released", "text": "Released", "__typename": "ProductionStatus"}, "__typename": "ProductionStatusHistory"}], "restriction": null, "__typename": "ProductionStatusDetails"}, "primaryImage": {"id": "rm595443201", "__typename": "Image"}, "inIframeAddLink": {"url": "https://contribute.imdb.com/image/tt4154664/add?bus=imdb&return_url=https%3A%2F%2Fwww.imdb.com%2Fclose_me&site=web", "__typename": "ContributionLink"}, "notInIframeAddLink": {"url": "https://contribute.imdb.com/image/tt4154664/add?bus=imdb&return_url=https%3A%2F%2Fwww.imdb.com%2Ftitle%2Ftt4154664%2F&site=mobile", "__typename": "ContributionLink"}, "titleType": {"id": "movie", "canHaveEpisodes": false, "__typename": "TitleType"}, "cast": {"total": 80, "edges": [{"node": {"name": {"id": "nm0488953", "nameText": {"text": "Brie Larson", "__typename": "NameText"}, "primaryImage": {"url": "https://m.media-amazon.com/images/M/MV5BNDY4MjI4YzEtMzgxYS00N2M5LWEwMmQtZjYwNGE0OThmYTQ0XkEyXkFqcGc@._V1_.jpg", "width": 793, "height": 755, "__typename": "Image"}, "__typename": "Name"}, "attributes": null, "category": {"id": "actress", "__typename": "CreditCategory"}, "characters": [{"name": "Carol Danvers", "__typename": "Character"}, {"name": "Vers", "__typename": "Character"}, {"name": "Captain Marvel", "__typename": "Character"}], "episodeCredits": {"total": 0, "yearRange": null, "__typename": "EpisodeCastConnection"}, "__typename": "Cast"}, "__typename": "CreditEdge"}, {"node": {"name": {"id": "nm0000168", "nameText": {"text": "Samuel L. Jackson", "__typename": "NameText"}, "primaryImage": {"url": "https://m.media-amazon.com/images/M/MV5BMTQ1NTQwMTYxNl5BMl5BanBnXkFtZTYwMjA1MzY1._V1_.jpg", "width": 266, "height": 400, "__typename": "Image"}, "__typename": "Name"}, "attributes": null, "category": {"id": "actor", "__typename": "CreditCategory"}, "characters": [{"name": "Nick Fury", "__typename": "Character"}], "episodeCredits": {"total": 0, "yearRange": null, "__typename": "EpisodeCastConnection"}, "__typename": "Cast"}, "__typename": "CreditEdge"}, {"node": {"name": {"id": "nm0578853", "nameText": {"text": "Ben Mendelsohn", "__typename": "NameText"}, "primaryImage": {"url": "https://m.media-amazon.com/images/M/MV5BMjA3NzcyMDcyMF5BMl5BanBnXkFtZTcwNjQwMTczMQ@@._V1_.jpg", "width": 450, "height": 640, "__typename": "Image"}, "__typename": "Name"}, "attributes": null, "category": {"id": "actor", "__typename": "CreditCategory"}, "characters": [{"name": "Talos", "__typename": "Character"}, {"name": "Keller", "__typename": "Character"}], "episodeCredits": {"total": 0, "yearRange": null, "__typename": "EpisodeCastConnection"}, "__typename": "Cast"}, "__typename": "CreditEdge"}, {"node": {"name": {"id": "nm0000179", "nameText": {"text": "Jude Law", "__typename": "NameText"}, "primaryImage": {"url": "https://m.media-amazon.com/images/M/MV5BMTMwOTg5NTQ3NV5BMl5BanBnXkFtZTcwNzM3MDAzNQ@@._V1_.jpg", "width": 1457, "height": 2048, "__typename": "Image"}, "__typename": "Name"}, "attributes": null, "category": {"id": "actor", "__typename": "CreditCategory"}, "characters": [{"name": "Yon-Rogg", "__typename": "Character"}], "episodeCredits": {"total": 0, "yearRange": null, "__typename": "EpisodeCastConnection"}, "__typename": "Cast"}, "__typename": "CreditEdge"}, {"node": {"name": {"id": "nm0000906", "nameText": {"text": "Annette Bening", "__typename": "NameText"}, "primaryImage": {"url": "https://m.media-amazon.com/images/M/MV5BMTc4ODQ1ODM5Ml5BMl5BanBnXkFtZTcwOTU2NDk3OQ@@._V1_.jpg", "width": 683, "height": 1024, "__typename": "Image"}, "__typename": "Name"}, "attributes": null, "category": {"id": "actress", "__typename": "CreditCategory"}, "characters": [{"name": "Supreme Intelligence", "__typename": "Character"}, {"name": "Dr. Wendy Lawson", "__typename": "Character"}], "episodeCredits": {"total": 0, "yearRange": null, "__typename": "EpisodeCastConnection"}, "__typename": "Cast"}, "__typename": "CreditEdge"}, {"node": {"name": {"id": "nm0005023", "nameText": {"text": "Djimon Hounsou", "__typename": "NameText"}, "primaryImage": {"url": "https://m.media-amazon.com/images/M/MV5BMjQ2NTM4MzI4M15BMl5BanBnXkFtZTcwOTkxMjcxNA@@._V1_.jpg", "width": 295, "height": 400, "__typename": "Image"}, "__typename": "Name"}, "attributes": null, "category": {"id": "actor", "__typename": "CreditCategory"}, "characters": [{"name": "Korath", "__typename": "Character"}], "episodeCredits": {"total": 0, "yearRange": null, "__typename": "EpisodeCastConnection"}, "__typename": "Cast"}, "__typename": "CreditEdge"}, {"node": {"name": {"id": "nm1195855", "nameText": {"text": "Lee Pace", "__typename": "NameText"}, "primaryImage": {"url": "https://m.media-amazon.com/images/M/MV5BMWRjYjkxYjctMzUzMi00Mjc1LTkzNmMtNmVkYjUwMzVkMjliXkEyXkFqcGc@._V1_.jpg", "width": 1323, "height": 1626, "__typename": "Image"}, "__typename": "Name"}, "attributes": null, "category": {"id": "actor", "__typename": "CreditCategory"}, "characters": [{"name": "Ronan", "__typename": "Character"}], "episodeCredits": {"total": 0, "yearRange": null, "__typename": "EpisodeCastConnection"}, "__typename": "Cast"}, "__typename": "CreditEdge"}, {"node": {"name": {"id": "nm2736476", "nameText": {"text": "Lashana Lynch", "__typename": "NameText"}, "primaryImage": {"url": "https://m.media-amazon.com/images/M/MV5BYzg3MjQxZGUtYTlhMS00NDZkLWE0MTMtMjE1YTU0MzMzOWRmXkEyXkFqcGc@._V1_.jpg", "width": 3334, "height": 5000, "__typename": "Image"}, "__typename": "Name"}, "attributes": null, "category": {"id": "actress", "__typename": "CreditCategory"}, "characters": [{"name": "Maria Rambeau", "__typename": "Character"}], "episodeCredits": {"total": 0, "yearRange": null, "__typename": "EpisodeCastConnection"}, "__typename": "Cast"}, "__typename": "CreditEdge"}, {"node": {"name": {"id": "nm2110418", "nameText": {"text": "Gemma Chan", "__typename": "NameText"}, "primaryImage": {"url": "https://m.media-amazon.com/images/M/MV5BNjRiMzdiYjAtZDdjYS00YmEyLTg3ZDctZDE4NTdlMGIzZjk0XkEyXkFqcGc@._V1_.jpg", "width": 1440, "height": 1779, "__typename": "Image"}, "__typename": "Name"}, "attributes": null, "category": {"id": "actress", "__typename": "CreditCategory"}, "characters": [{"name": "Minn-Erva", "__typename": "Character"}], "episodeCredits": {"total": 0, "yearRange": null, "__typename": "EpisodeCastConnection"}, "__typename": "Cast"}, "__typename": "CreditEdge"}, {"node": {"name": {"id": "nm0163988", "nameText": {"text": "Clark Gregg", "__typename": "NameText"}, "primaryImage": {"url": "https://m.media-amazon.com/images/M/MV5BZTI2OTY4MzMtZmFiMi00YWMwLWIxMjItNDA2ZGRiNDg5NDYzXkEyXkFqcGc@._V1_.jpg", "width": 1024, "height": 684, "__typename": "Image"}, "__typename": "Name"}, "attributes": null, "category": {"id": "actor", "__typename": "CreditCategory"}, "characters": [{"name": "Agent Coulson", "__typename": "Character"}], "episodeCredits": {"total": 0, "yearRange": null, "__typename": "EpisodeCastConnection"}, "__typename": "Cast"}, "__typename": "CreditEdge"}, {"node": {"name": {"id": "nm0854815", "nameText": {"text": "Rune Temte", "__typename": "NameText"}, "primaryImage": {"url": "https://m.media-amazon.com/images/M/MV5BYjUzNDNkNzctMGFlMS00MGZlLTg1YjUtMzk3ODgzYWQwZjViXkEyXkFqcGc@._V1_CR44,0,1999,2999_.jpg", "width": 1999, "height": 2999, "__typename": "Image"}, "__typename": "Name"}, "attributes": null, "category": {"id": "actor", "__typename": "CreditCategory"}, "characters": [{"name": "Bron-Char", "__typename": "Character"}], "episodeCredits": {"total": 0, "yearRange": null, "__typename": "EpisodeCastConnection"}, "__typename": "Cast"}, "__typename": "CreditEdge"}, {"node": {"name": {"id": "nm2714417", "nameText": {"text": "Algenis Perez Soto", "__typename": "NameText"}, "primaryImage": {"url": "https://m.media-amazon.com/images/M/MV5BMTYyNjA3NTU5OF5BMl5BanBnXkFtZTgwNzU4Mzc1NzM@._V1_.jpg", "width": 1361, "height": 2048, "__typename": "Image"}, "__typename": "Name"}, "attributes": null, "category": {"id": "actor", "__typename": "CreditCategory"}, "characters": [{"name": "Att-Lass", "__typename": "Character"}], "episodeCredits": {"total": 0, "yearRange": null, "__typename": "EpisodeCastConnection"}, "__typename": "Cast"}, "__typename": "CreditEdge"}, {"node": {"name": {"id": "nm5085683", "nameText": {"text": "Mckenna Grace", "__typename": "NameText"}, "primaryImage": {"url": "https://m.media-amazon.com/images/M/MV5BYTYyYzhlOTgtOTIwZC00Mjc4LWIyNjktY2E2NzdiMWQxNzYyXkEyXkFqcGc@._V1_.jpg", "width": 2166, "height": 2240, "__typename": "Image"}, "__typename": "Name"}, "attributes": null, "category": {"id": "actress", "__typename": "CreditCategory"}, "characters": [{"name": "Young Carol (13 Years Old)", "__typename": "Character"}], "episodeCredits": {"total": 0, "yearRange": null, "__typename": "EpisodeCastConnection"}, "__typename": "Cast"}, "__typename": "CreditEdge"}, {"node": {"name": {"id": "nm7739127", "nameText": {"text": "Akira Akbar", "__typename": "NameText"}, "primaryImage": {"url": "https://m.media-amazon.com/images/M/MV5BMDVkZTRhYzMtNDk5Mi00NTRhLWFlYjktZDAwMDAwOWM4ZjkyXkEyXkFqcGc@._V1_.jpg", "width": 1080, "height": 1350, "__typename": "Image"}, "__typename": "Name"}, "attributes": null, "category": {"id": "actress", "__typename": "CreditCategory"}, "characters": [{"name": "Monica Rambeau (11 Years Old)", "__typename": "Character"}], "episodeCredits": {"total": 0, "yearRange": null, "__typename": "EpisodeCastConnection"}, "__typename": "Cast"}, "__typename": "CreditEdge"}, {"node": {"name": {"id": "nm0536866", "nameText": {"text": "Matthew Maher", "__typename": "NameText"}, "primaryImage": {"url": "https://m.media-amazon.com/images/M/MV5BNGEwYWMyMDctODU2ZS00Y2I1LWJiMmItN2MyZDcyYjRkNDA2XkEyXkFqcGc@._V1_.jpg", "width": 2400, "height": 3000, "__typename": "Image"}, "__typename": "Name"}, "attributes": null, "category": {"id": "actor", "__typename": "CreditCategory"}, "characters": [{"name": "Norex", "__typename": "Character"}], "episodeCredits": {"total": 0, "yearRange": null, "__typename": "EpisodeCastConnection"}, "__typename": "Cast"}, "__typename": "CreditEdge"}, {"node": {"name": {"id": "nm6729880", "nameText": {"text": "Chuku Modu", "__typename": "NameText"}, "primaryImage": {"url": "https://m.media-amazon.com/images/M/MV5BNGQwOWQxMjItYmNkZi00NGFkLTljNmEtYWUwYmEyYzg1OWQ2XkEyXkFqcGc@._V1_.jpg", "width": 1330, "height": 2000, "__typename": "Image"}, "__typename": "Name"}, "attributes": null, "category": {"id": "actor", "__typename": "CreditCategory"}, "characters": [{"name": "Soh-Larr", "__typename": "Character"}], "episodeCredits": {"total": 0, "yearRange": null, "__typename": "EpisodeCastConnection"}, "__typename": "Cast"}, "__typename": "CreditEdge"}, {"node": {"name": {"id": "nm0006710", "nameText": {"text": "Vik Sahay", "__typename": "NameText"}, "primaryImage": {"url": "https://m.media-amazon.com/images/M/MV5BNTMyN2E5NTctZjIzNS00MmE0LWEzMGUtYjdjMWIyZTZkMGY2XkEyXkFqcGc@._V1_.jpg", "width": 2639, "height": 2782, "__typename": "Image"}, "__typename": "Name"}, "attributes": null, "category": {"id": "actor", "__typename": "CreditCategory"}, "characters": [{"name": "Hero Torfan", "__typename": "Character"}], "episodeCredits": {"total": 0, "yearRange": null, "__typename": "EpisodeCastConnection"}, "__typename": "Cast"}, "__typename": "CreditEdge"}, {"node": {"name": {"id": "nm1225406", "nameText": {"text": "Colin Ford", "__typename": "NameText"}, "primaryImage": {"url": "https://m.media-amazon.com/images/M/MV5BNzk0MDEwNDAtZmI0ZC00ZDQwLThhODUtNDA3NTkxYmM5NmM4XkEyXkFqcGc@._V1_.jpg", "width": 3648, "height": 5472, "__typename": "Image"}, "__typename": "Name"}, "attributes": null, "category": {"id": "actor", "__typename": "CreditCategory"}, "characters": [{"name": "Steve Danvers", "__typename": "Character"}], "episodeCredits": {"total": 0, "yearRange": null, "__typename": "EpisodeCastConnection"}, "__typename": "Cast"}, "__typename": "CreditEdge"}], "__typename": "CreditConnection"}, "creators": [], "directors": [{"totalCredits": 2, "category": {"text": "Directors", "id": "director", "__typename": "CreditCategory"}, "credits": [{"name": {"id": "nm1349818", "nameText": {"text": "Anna Boden", "__typename": "NameText"}, "__typename": "Name"}, "__typename": "Crew"}, {"name": {"id": "nm0281396", "nameText": {"text": "Ryan Fleck", "__typename": "NameText"}, "__typename": "Name"}, "__typename": "Crew"}], "__typename": "PrincipalCreditsForCategory"}], "writers": [{"totalCredits": 8, "category": {"text": "Writers", "id": "writer", "__typename": "CreditCategory"}, "credits": [{"name": {"id": "nm1349818", "nameText": {"text": "Anna Boden", "__typename": "NameText"}, "__typename": "Name"}, "__typename": "Crew"}, {"name": {"id": "nm0281396", "nameText": {"text": "Ryan Fleck", "__typename": "NameText"}, "__typename": "Name"}, "__typename": "Crew"}, {"name": {"id": "nm4039044", "nameText": {"text": "Geneva Robertson-Dworet", "__typename": "NameText"}, "__typename": "Name"}, "__typename": "Crew"}], "__typename": "PrincipalCreditsForCategory"}], "isAdult": false, "moreLikeThisTitles": {"edges": [{"node": {"id": "tt5095030", "titleText": {"text": "Ant-Man and the Wasp", "__typename": "TitleText"}, "titleType": {"id": "movie", "text": "Movie", "canHaveEpisodes": false, "displayableProperty": {"value": {"plainText": "", "__typename": "Markdown"}, "__typename": "DisplayableTitleTypeProperty"}, "__typename": "TitleType"}, "originalTitleText": {"text": "Ant-Man and the Wasp", "__typename": "TitleText"}, "primaryImage": {"id": "rm1166494976", "width": 1688, "height": 2500, "url": "https://m.media-amazon.com/images/M/MV5BODVkY2ZmZTAtYzFhMi00YzZlLWE2YWMtMDBiYjY2OTU4ZWM0XkEyXkFqcGc@._V1_.jpg", "caption": {"plainText": "Michael Douglas, Michelle Pfeiffer, Laurence Fishburne, Walton Goggins, Michael Pe\u00f1a, Paul Rudd, Evangeline Lilly, and Hannah John-Kamen in Ant-Man and the Wasp (2018)", "__typename": "Markdown"}, "__typename": "Image"}, "releaseYear": {"year": 2018, "endYear": null, "__typename": "YearRange"}, "ratingsSummary": {"aggregateRating": 7, "voteCount": 461356, "__typename": "RatingsSummary"}, "runtime": {"seconds": 7080, "__typename": "Runtime"}, "certificate": {"rating": "UA", "__typename": "Certificate"}, "canRate": {"isRatable": true, "__typename": "CanRate"}, "titleGenres": {"genres": [{"genre": {"text": "Action", "__typename": "GenreItem"}, "__typename": "TitleGenre"}, {"genre": {"text": "Adventure", "__typename": "GenreItem"}, "__typename": "TitleGenre"}, {"genre": {"text": "Comedy", "__typename": "GenreItem"}, "__typename": "TitleGenre"}], "__typename": "TitleGenres"}, "canHaveEpisodes": false, "__typename": "Title"}, "__typename": "MoreLikeThisEdge"}, {"node": {"id": "tt0458339", "titleText": {"text": "Captain America: The First Avenger", "__typename": "TitleText"}, "titleType": {"id": "movie", "text": "Movie", "canHaveEpisodes": false, "displayableProperty": {"value": {"plainText": "", "__typename": "Markdown"}, "__typename": "DisplayableTitleTypeProperty"}, "__typename": "TitleType"}, "originalTitleText": {"text": "Captain America: The First Avenger", "__typename": "TitleText"}, "primaryImage": {"id": "rm3222214656", "width": 1125, "height": 1600, "url": "https://m.media-amazon.com/images/M/MV5BNzUyM2YyY2MtNzNlMS00MWU5LTgxNjAtNzZlNmI2NjU2NDZlXkEyXkFqcGc@._V1_.jpg", "caption": {"plainText": "Tommy Lee Jones, Kenneth Choi, Chris Evans, JJ Feild, Neal McDonough, Bruno Ricci, Hugo Weaving, Derek Luke, Sebastian Stan, and Hayley Atwell in Captain America: The First Avenger (2011)", "__typename": "Markdown"}, "__typename": "Image"}, "releaseYear": {"year": 2011, "endYear": null, "__typename": "YearRange"}, "ratingsSummary": {"aggregateRating": 6.9, "voteCount": 913482, "__typename": "RatingsSummary"}, "runtime": {"seconds": 7440, "__typename": "Runtime"}, "certificate": {"rating": "13", "__typename": "Certificate"}, "canRate": {"isRatable": true, "__typename": "CanRate"}, "titleGenres": {"genres": [{"genre": {"text": "Action", "__typename": "GenreItem"}, "__typename": "TitleGenre"}, {"genre": {"text": "Adventure", "__typename": "GenreItem"}, "__typename": "TitleGenre"}, {"genre": {"text": "Sci-Fi", "__typename": "GenreItem"}, "__typename": "TitleGenre"}], "__typename": "TitleGenres"}, "canHaveEpisodes": false, "__typename": "Title"}, "__typename": "MoreLikeThisEdge"}, {"node": {"id": "tt1981115", "titleText": {"text": "Thor: The Dark World", "__typename": "TitleText"}, "titleType": {"id": "movie", "text": "Movie", "canHaveEpisodes": false, "displayableProperty": {"value": {"plainText": "", "__typename": "Markdown"}, "__typename": "DisplayableTitleTypeProperty"}, "__typename": "TitleType"}, "originalTitleText": {"text": "Thor: The Dark World", "__typename": "TitleText"}, "primaryImage": {"id": "rm1847122688", "width": 770, "height": 1100, "url": "https://m.media-amazon.com/images/M/MV5BMTQyNzAwOTUxOF5BMl5BanBnXkFtZTcwMTE0OTc5OQ@@._V1_.jpg", "caption": {"plainText": "Anthony Hopkins, Natalie Portman, Christopher Eccleston, Tadanobu Asano, Idris Elba, Ray Stevenson, Tom Hiddleston, Zachary Levi, Chris Hemsworth, and Jaimie Alexander in Thor: The Dark World (2013)", "__typename": "Markdown"}, "__typename": "Image"}, "releaseYear": {"year": 2013, "endYear": null, "__typename": "YearRange"}, "ratingsSummary": {"aggregateRating": 6.7, "voteCount": 737737, "__typename": "RatingsSummary"}, "runtime": {"seconds": 6720, "__typename": "Runtime"}, "certificate": {"rating": "UA", "__typename": "Certificate"}, "canRate": {"isRatable": true, "__typename": "CanRate"}, "titleGenres": {"genres": [{"genre": {"text": "Action", "__typename": "GenreItem"}, "__typename": "TitleGenre"}, {"genre": {"text": "Adventure", "__typename": "GenreItem"}, "__typename": "TitleGenre"}, {"genre": {"text": "Fantasy", "__typename": "GenreItem"}, "__typename": "TitleGenre"}], "__typename": "TitleGenres"}, "canHaveEpisodes": false, "__typename": "Title"}, "__typename": "MoreLikeThisEdge"}, {"node": {"id": "tt1228705", "titleText": {"text": "Iron Man 2", "__typename": "TitleText"}, "titleType": {"id": "movie", "text": "Movie", "canHaveEpisodes": false, "displayableProperty": {"value": {"plainText": "", "__typename": "Markdown"}, "__typename": "DisplayableTitleTypeProperty"}, "__typename": "TitleType"}, "originalTitleText": {"text": "Iron Man 2", "__typename": "TitleText"}, "primaryImage": {"id": "rm2601457664", "width": 1200, "height": 1768, "url": "https://m.media-amazon.com/images/M/MV5BYWYyOGQzOGYtMGQ1My00ZWYxLTgzZjktZWYzN2IwYjkxYzM0XkEyXkFqcGc@._V1_.jpg", "caption": {"plainText": "Don Cheadle, Robert Downey Jr., Gwyneth Paltrow, Mickey Rourke, and Scarlett Johansson in Iron Man 2 (2010)", "__typename": "Markdown"}, "__typename": "Image"}, "releaseYear": {"year": 2010, "endYear": null, "__typename": "YearRange"}, "ratingsSummary": {"aggregateRating": 6.9, "voteCount": 885173, "__typename": "RatingsSummary"}, "runtime": {"seconds": 7440, "__typename": "Runtime"}, "certificate": {"rating": "UA", "__typename": "Certificate"}, "canRate": {"isRatable": true, "__typename": "CanRate"}, "titleGenres": {"genres": [{"genre": {"text": "Action", "__typename": "GenreItem"}, "__typename": "TitleGenre"}, {"genre": {"text": "Sci-Fi", "__typename": "GenreItem"}, "__typename": "TitleGenre"}], "__typename": "TitleGenres"}, "canHaveEpisodes": false, "__typename": "Title"}, "__typename": "MoreLikeThisEdge"}, {"node": {"id": "tt0800369", "titleText": {"text": "Thor", "__typename": "TitleText"}, "titleType": {"id": "movie", "text": "Movie", "canHaveEpisodes": false, "displayableProperty": {"value": {"plainText": "", "__typename": "Markdown"}, "__typename": "DisplayableTitleTypeProperty"}, "__typename": "TitleType"}, "originalTitleText": {"text": "Thor", "__typename": "TitleText"}, "primaryImage": {"id": "rm3272546304", "width": 800, "height": 1186, "url": "https://m.media-amazon.com/images/M/MV5BNjRhNGZjZjEtYTQzYS00OWUxLThjNGEtMTIwMTE2ZDFlZTZkXkEyXkFqcGc@._V1_.jpg", "caption": {"plainText": "Anthony Hopkins, Natalie Portman, Idris Elba, Tom Hiddleston, and Chris Hemsworth in Thor (2011)", "__typename": "Markdown"}, "__typename": "Image"}, "releaseYear": {"year": 2011, "endYear": null, "__typename": "YearRange"}, "ratingsSummary": {"aggregateRating": 7, "voteCount": 915873, "__typename": "RatingsSummary"}, "runtime": {"seconds": 6900, "__typename": "Runtime"}, "certificate": {"rating": "UA", "__typename": "Certificate"}, "canRate": {"isRatable": true, "__typename": "CanRate"}, "titleGenres": {"genres": [{"genre": {"text": "Action", "__typename": "GenreItem"}, "__typename": "TitleGenre"}, {"genre": {"text": "Fantasy", "__typename": "GenreItem"}, "__typename": "TitleGenre"}], "__typename": "TitleGenres"}, "canHaveEpisodes": false, "__typename": "Title"}, "__typename": "MoreLikeThisEdge"}, {"node": {"id": "tt1843866", "titleText": {"text": "Captain America: The Winter Soldier", "__typename": "TitleText"}, "titleType": {"id": "movie", "text": "Movie", "canHaveEpisodes": false, "displayableProperty": {"value": {"plainText": "", "__typename": "Markdown"}, "__typename": "DisplayableTitleTypeProperty"}, "__typename": "TitleType"}, "originalTitleText": {"text": "Captain America: The Winter Soldier", "__typename": "TitleText"}, "primaryImage": {"id": "rm2140891905", "width": 575, "height": 764, "url": "https://m.media-amazon.com/images/M/MV5BZWE0YWUyNTItNzdlNi00ODFmLTg1ZmEtMmJhNWI3OGRmNmMwXkEyXkFqcGc@._V1_.jpg", "caption": {"plainText": "Captain America: The Winter Soldier (2014)", "__typename": "Markdown"}, "__typename": "Image"}, "releaseYear": {"year": 2014, "endYear": null, "__typename": "YearRange"}, "ratingsSummary": {"aggregateRating": 7.7, "voteCount": 915487, "__typename": "RatingsSummary"}, "runtime": {"seconds": 8160, "__typename": "Runtime"}, "certificate": {"rating": "UA", "__typename": "Certificate"}, "canRate": {"isRatable": true, "__typename": "CanRate"}, "titleGenres": {"genres": [{"genre": {"text": "Action", "__typename": "GenreItem"}, "__typename": "TitleGenre"}, {"genre": {"text": "Adventure", "__typename": "GenreItem"}, "__typename": "TitleGenre"}, {"genre": {"text": "Sci-Fi", "__typename": "GenreItem"}, "__typename": "TitleGenre"}], "__typename": "TitleGenres"}, "canHaveEpisodes": false, "__typename": "Title"}, "__typename": "MoreLikeThisEdge"}, {"node": {"id": "tt0478970", "titleText": {"text": "Ant-Man", "__typename": "TitleText"}, "titleType": {"id": "movie", "text": "Movie", "canHaveEpisodes": false, "displayableProperty": {"value": {"plainText": "", "__typename": "Markdown"}, "__typename": "DisplayableTitleTypeProperty"}, "__typename": "TitleType"}, "originalTitleText": {"text": "Ant-Man", "__typename": "TitleText"}, "primaryImage": {"id": "rm124909312", "width": 488, "height": 725, "url": "https://m.media-amazon.com/images/M/MV5BMjM2NTQ5Mzc2M15BMl5BanBnXkFtZTgwNTcxMDI2NTE@._V1_.jpg", "caption": {"plainText": "Michael Douglas, Bobby Cannavale, Michael Pe\u00f1a, Paul Rudd, Corey Stoll, Mark Knapton, and Evangeline Lilly in Ant-Man (2015)", "__typename": "Markdown"}, "__typename": "Image"}, "releaseYear": {"year": 2015, "endYear": null, "__typename": "YearRange"}, "ratingsSummary": {"aggregateRating": 7.2, "voteCount": 736319, "__typename": "RatingsSummary"}, "runtime": {"seconds": 7020, "__typename": "Runtime"}, "certificate": {"rating": "UA", "__typename": "Certificate"}, "canRate": {"isRatable": true, "__typename": "CanRate"}, "titleGenres": {"genres": [{"genre": {"text": "Action", "__typename": "GenreItem"}, "__typename": "TitleGenre"}, {"genre": {"text": "Comedy", "__typename": "GenreItem"}, "__typename": "TitleGenre"}, {"genre": {"text": "Sci-Fi", "__typename": "GenreItem"}, "__typename": "TitleGenre"}], "__typename": "TitleGenres"}, "canHaveEpisodes": false, "__typename": "Title"}, "__typename": "MoreLikeThisEdge"}, {"node": {"id": "tt1300854", "titleText": {"text": "Iron Man Three", "__typename": "TitleText"}, "titleType": {"id": "movie", "text": "Movie", "canHaveEpisodes": false, "displayableProperty": {"value": {"plainText": "", "__typename": "Markdown"}, "__typename": "DisplayableTitleTypeProperty"}, "__typename": "TitleType"}, "originalTitleText": {"text": "Iron Man Three", "__typename": "TitleText"}, "primaryImage": {"id": "rm1907643649", "width": 713, "height": 1000, "url": "https://m.media-amazon.com/images/M/MV5BYzFlMWJiODMtOGE1Ni00NTM4LWI4YWMtMmI0NzA2ZTE3ZjIwXkEyXkFqcGc@._V1_.jpg", "caption": {"plainText": "Don Cheadle, Robert Downey Jr., Gwyneth Paltrow, and Ben Kingsley in Iron Man Three (2013)", "__typename": "Markdown"}, "__typename": "Image"}, "releaseYear": {"year": 2013, "endYear": null, "__typename": "YearRange"}, "ratingsSummary": {"aggregateRating": 7.1, "voteCount": 914924, "__typename": "RatingsSummary"}, "runtime": {"seconds": 7800, "__typename": "Runtime"}, "certificate": {"rating": "UA", "__typename": "Certificate"}, "canRate": {"isRatable": true, "__typename": "CanRate"}, "titleGenres": {"genres": [{"genre": {"text": "Action", "__typename": "GenreItem"}, "__typename": "TitleGenre"}, {"genre": {"text": "Adventure", "__typename": "GenreItem"}, "__typename": "TitleGenre"}, {"genre": {"text": "Sci-Fi", "__typename": "GenreItem"}, "__typename": "TitleGenre"}], "__typename": "TitleGenres"}, "canHaveEpisodes": false, "__typename": "Title"}, "__typename": "MoreLikeThisEdge"}, {"node": {"id": "tt3480822", "titleText": {"text": "Black Widow", "__typename": "TitleText"}, "titleType": {"id": "movie", "text": "Movie", "canHaveEpisodes": false, "displayableProperty": {"value": {"plainText": "", "__typename": "Markdown"}, "__typename": "DisplayableTitleTypeProperty"}, "__typename": "TitleType"}, "originalTitleText": {"text": "Black Widow", "__typename": "TitleText"}, "primaryImage": {"id": "rm1960727809", "width": 715, "height": 894, "url": "https://m.media-amazon.com/images/M/MV5BYjAwZmZjYjEtN2QzYi00YmViLTg1NjEtMWE0OTlmZDM2Mzg0XkEyXkFqcGc@._V1_.jpg", "caption": {"plainText": "Rachel Weisz, Scarlett Johansson, Ray Winstone, David Harbour, O-T Fagbenle, Olga Kurylenko, and Florence Pugh in Black Widow (2021)", "__typename": "Markdown"}, "__typename": "Image"}, "releaseYear": {"year": 2021, "endYear": null, "__typename": "YearRange"}, "ratingsSummary": {"aggregateRating": 6.6, "voteCount": 438718, "__typename": "RatingsSummary"}, "runtime": {"seconds": 8040, "__typename": "Runtime"}, "certificate": {"rating": "UA", "__typename": "Certificate"}, "canRate": {"isRatable": true, "__typename": "CanRate"}, "titleGenres": {"genres": [{"genre": {"text": "Action", "__typename": "GenreItem"}, "__typename": "TitleGenre"}, {"genre": {"text": "Adventure", "__typename": "GenreItem"}, "__typename": "TitleGenre"}, {"genre": {"text": "Sci-Fi", "__typename": "GenreItem"}, "__typename": "TitleGenre"}], "__typename": "TitleGenres"}, "canHaveEpisodes": false, "__typename": "Title"}, "__typename": "MoreLikeThisEdge"}, {"node": {"id": "tt3498820", "titleText": {"text": "Captain America: Civil War", "__typename": "TitleText"}, "titleType": {"id": "movie", "text": "Movie", "canHaveEpisodes": false, "displayableProperty": {"value": {"plainText": "", "__typename": "Markdown"}, "__typename": "DisplayableTitleTypeProperty"}, "__typename": "TitleType"}, "originalTitleText": {"text": "Captain America: Civil War", "__typename": "TitleText"}, "primaryImage": {"id": "rm3218348288", "width": 1382, "height": 2048, "url": "https://m.media-amazon.com/images/M/MV5BMjQ0MTgyNjAxMV5BMl5BanBnXkFtZTgwNjUzMDkyODE@._V1_.jpg", "caption": {"plainText": "Don Cheadle, Robert Downey Jr., Paul Bettany, Chris Evans, Scarlett Johansson, Elizabeth Olsen, Jeremy Renner, Anthony Mackie, Chadwick Boseman, and Sebastian Stan in Captain America: Civil War (2016)", "__typename": "Markdown"}, "__typename": "Image"}, "releaseYear": {"year": 2016, "endYear": null, "__typename": "YearRange"}, "ratingsSummary": {"aggregateRating": 7.8, "voteCount": 869400, "__typename": "RatingsSummary"}, "runtime": {"seconds": 8820, "__typename": "Runtime"}, "certificate": {"rating": "UA", "__typename": "Certificate"}, "canRate": {"isRatable": true, "__typename": "CanRate"}, "titleGenres": {"genres": [{"genre": {"text": "Action", "__typename": "GenreItem"}, "__typename": "TitleGenre"}, {"genre": {"text": "Sci-Fi", "__typename": "GenreItem"}, "__typename": "TitleGenre"}], "__typename": "TitleGenres"}, "canHaveEpisodes": false, "__typename": "Title"}, "__typename": "MoreLikeThisEdge"}, {"node": {"id": "tt2395427", "titleText": {"text": "Avengers: Age of Ultron", "__typename": "TitleText"}, "titleType": {"id": "movie", "text": "Movie", "canHaveEpisodes": false, "displayableProperty": {"value": {"plainText": "", "__typename": "Markdown"}, "__typename": "DisplayableTitleTypeProperty"}, "__typename": "TitleType"}, "originalTitleText": {"text": "Avengers: Age of Ultron", "__typename": "TitleText"}, "primaryImage": {"id": "rm4050576640", "width": 864, "height": 1280, "url": "https://m.media-amazon.com/images/M/MV5BODBhYTg1NGQtNGVmNS00ZTdiLThjYTYtZDFkNzRiNTZmNDZjXkEyXkFqcGc@._V1_.jpg", "caption": {"plainText": "Samuel L. Jackson, Robert Downey Jr., James Spader, Paul Bettany, Chris Evans, Scarlett Johansson, Elizabeth Olsen, Jeremy Renner, Mark Ruffalo, Aaron Taylor-Johnson, and Chris Hemsworth in Avengers: Age of Ultron (2015)", "__typename": "Markdown"}, "__typename": "Image"}, "releaseYear": {"year": 2015, "endYear": null, "__typename": "YearRange"}, "ratingsSummary": {"aggregateRating": 7.3, "voteCount": 940778, "__typename": "RatingsSummary"}, "runtime": {"seconds": 8460, "__typename": "Runtime"}, "certificate": {"rating": "UA", "__typename": "Certificate"}, "canRate": {"isRatable": true, "__typename": "CanRate"}, "titleGenres": {"genres": [{"genre": {"text": "Action", "__typename": "GenreItem"}, "__typename": "TitleGenre"}, {"genre": {"text": "Adventure", "__typename": "GenreItem"}, "__typename": "TitleGenre"}, {"genre": {"text": "Sci-Fi", "__typename": "GenreItem"}, "__typename": "TitleGenre"}], "__typename": "TitleGenres"}, "canHaveEpisodes": false, "__typename": "Title"}, "__typename": "MoreLikeThisEdge"}, {"node": {"id": "tt1825683", "titleText": {"text": "Black Panther", "__typename": "TitleText"}, "titleType": {"id": "movie", "text": "Movie", "canHaveEpisodes": false, "displayableProperty": {"value": {"plainText": "", "__typename": "Markdown"}, "__typename": "DisplayableTitleTypeProperty"}, "__typename": "TitleType"}, "originalTitleText": {"text": "Black Panther", "__typename": "TitleText"}, "primaryImage": {"id": "rm172972800", "width": 1382, "height": 2048, "url": "https://m.media-amazon.com/images/M/MV5BMTg1MTY2MjYzNV5BMl5BanBnXkFtZTgwMTc4NTMwNDI@._V1_.jpg", "caption": {"plainText": "Angela Bassett, Forest Whitaker, Martin Freeman, Michael B. Jordan, Andy Serkis, Chadwick Boseman, Danai Gurira, Lupita Nyong'o, Daniel Kaluuya, and Letitia Wright in Black Panther (2018)", "__typename": "Markdown"}, "__typename": "Image"}, "releaseYear": {"year": 2018, "endYear": null, "__typename": "YearRange"}, "ratingsSummary": {"aggregateRating": 7.3, "voteCount": 854575, "__typename": "RatingsSummary"}, "runtime": {"seconds": 8040, "__typename": "Runtime"}, "certificate": {"rating": "UA", "__typename": "Certificate"}, "canRate": {"isRatable": true, "__typename": "CanRate"}, "titleGenres": {"genres": [{"genre": {"text": "Action", "__typename": "GenreItem"}, "__typename": "TitleGenre"}, {"genre": {"text": "Adventure", "__typename": "GenreItem"}, "__typename": "TitleGenre"}, {"genre": {"text": "Sci-Fi", "__typename": "GenreItem"}, "__typename": "TitleGenre"}], "__typename": "TitleGenres"}, "canHaveEpisodes": false, "__typename": "Title"}, "__typename": "MoreLikeThisEdge"}], "__typename": "MoreLikeThisConnection"}, "triviaTotal": {"total": 170, "__typename": "TriviaConnection"}, "trivia": {"edges": [{"node": {"text": {"plaidHtml": "<a class=\"ipc-md-link ipc-md-link--entity\" href=\"/name/nm0498278/?ref_=tt_dyk_trv\">Stan Lee</a> passed away while the film was being edited. As a result, Marvel Studios put together the special opening logo to honor him.", "__typename": "Markdown"}, "trademark": null, "relatedNames": null, "__typename": "TitleTrivia"}, "__typename": "TriviaEdge"}], "__typename": "TriviaConnection"}, "goofsTotal": {"total": 46, "__typename": "GoofConnection"}, "goofs": {"edges": [{"node": {"text": {"plaidHtml": "The plot centers around a light-speed engine that would be of immense value to one of the alien races given how fast it will allow them to travel through space. Their method of travel, however, is already drastically faster than light speed. Utilizing this engine would actually slow them down considerably.<br/><br/>This could have been made clearer in the movie, but the FTL travel used by the Kree is a network of &quot;jump points&quot;, essentially stable wormholes. This is the same method used in both Guardians films. The jump points exist in fixed locations and lead to other fixed locations, and their distribution is irregular. The lightspeed engine described in the film would presumably permit travel at lightspeed (or faster) directly rather than by means of jump points. This would enable trips to places that might not be readily reachable by jumps, and therefore would make a ship with such an engine much harder to track and follow for someone without such an engine.", "__typename": "Markdown"}, "__typename": "Goof"}, "__typename": "GoofEdge"}], "__typename": "GoofConnection"}, "quotesTotal": {"total": 95, "__typename": "TitleQuoteConnection"}, "quotes": {"edges": [{"node": {"lines": [{"characters": [{"character": "Nick Fury", "name": {"id": "nm0000168", "__typename": "Name"}, "__typename": "TitleQuoteCharacter"}], "text": "You know anything about a lady blowing up a Blockbuster? Witnesses say she was dressed for laser tag.", "stageDirection": null, "__typename": "TitleQuoteLine"}], "__typename": "TitleQuote"}, "__typename": "TitleQuoteEdge"}], "__typename": "TitleQuoteConnection"}, "crazyCredits": {"edges": [{"node": {"text": {"plaidHtml": "As this is the first Marvel Cinematic Universe film released after <a class=\"ipc-md-link ipc-md-link--entity\" href=\"/name/nm0498278/?tt_dyk_cc\">Stan Lee</a>&#39;s death, the Marvel Studios logo features images and clips of Lee&#39;s cameos and comes with a message: &quot;THANK YOU STAN&quot;.", "__typename": "Markdown"}, "__typename": "CrazyCredit"}, "__typename": "CrazyCreditEdge"}], "__typename": "CrazyCreditConnection"}, "alternateVersions": {"total": 0, "edges": [], "__typename": "AlternateVersionConnection"}, "connections": {"edges": [{"node": {"associatedTitle": {"id": "tt14748428", "releaseYear": {"year": 2021, "__typename": "YearRange"}, "titleText": {"text": "The Tesseract", "__typename": "TitleText"}, "originalTitleText": {"text": "The Tesseract", "__typename": "TitleText"}, "series": {"series": {"titleText": {"text": "Marvel Studios: Legends", "__typename": "TitleText"}, "originalTitleText": {"text": "Marvel Studios: Legends", "__typename": "TitleText"}, "__typename": "Title"}, "__typename": "Series"}, "__typename": "Title"}, "category": {"text": "Edited into", "__typename": "TitleConnectionCategory"}, "__typename": "TitleConnection"}, "__typename": "TitleConnectionEdge"}], "__typename": "TitleConnectionConnection"}, "soundtrack": {"edges": [{"node": {"text": "Crazy on You", "comments": [{"plaidHtml": "Written by <a class=\"ipc-md-link ipc-md-link--entity\" href=\"/name/nm1017352/?ref_=tt_dyk_snd\">Ann Wilson</a>, <a class=\"ipc-md-link ipc-md-link--entity\" href=\"/name/nm0933896/?ref_=tt_dyk_snd\">Nancy Wilson</a>, and <a class=\"ipc-md-link ipc-md-link--entity\" href=\"/name/nm5276829/?ref_=tt_dyk_snd\">Roger Fisher</a>", "__typename": "Markdown"}, {"plaidHtml": "Performed by <a class=\"ipc-md-link ipc-md-link--entity\" href=\"/name/nm1517651/?ref_=tt_dyk_snd\">Heart</a>", "__typename": "Markdown"}, {"plaidHtml": "Courtesy of Capitol Records", "__typename": "Markdown"}, {"plaidHtml": "Under license from Universal Music Enterprises", "__typename": "Markdown"}], "__typename": "Track"}, "__typename": "SoundtrackEdge"}], "__typename": "SoundtrackConnection"}, "titleText": {"text": "Captain Marvel", "__typename": "TitleText"}, "originalTitleText": {"text": "Captain Marvel", "__typename": "TitleText"}, "releaseYear": {"year": 2019, "__typename": "YearRange"}, "reviews": {"total": 7417, "__typename": "ReviewsConnection"}, "featuredReviews": {"edges": [{"node": {"id": "rw4730851", "author": {"nickName": "uniqueflgirly", "userId": "ur28635916", "__typename": "UserProfile"}, "summary": {"originalText": "Great movie", "__typename": "ReviewSummary"}, "text": {"originalText": {"plaidHtml": "Looking forward to seeing her help everyone out in the next film! The fight scene with I&#39;m just a girl was awesome. The whole soundtrack and 90s vibe took me back to my teens, very enjoyable.", "__typename": "Markdown"}, "__typename": "ReviewText"}, "authorRating": 9, "submissionDate": "2019-03-18", "helpfulness": {"upVotes": 10, "downVotes": 1, "__typename": "ReviewHelpfulness"}, "__typename": "Review"}, "__typename": "ReviewEdge"}], "__typename": "ReviewsConnection"}, "canRate": {"isRatable": true, "__typename": "CanRate"}, "iframeAddReviewLink": {"url": "https://contribute.imdb.com/review/tt4154664/add?bus=imdb&return_url=https%3A%2F%2Fwww.imdb.com%2Fclose_me&site=web", "__typename": "ContributionLink"}, "topQuestions": {"total": 20, "edges": [{"node": {"attributeId": "run-time", "question": {"plainText": "How long is Captain Marvel?", "__typename": "Markdown"}, "__typename": "AlexaQuestion"}, "__typename": "AlexaQuestionEdge"}], "__typename": "AlexaQuestionConnection"}, "faqs": {"total": 3, "edges": [{"node": {"id": "fq0089605", "question": {"plainText": "Why did they choose the red and blue costume instead of the classic black costume?", "__typename": "Markdown"}, "__typename": "Faq"}, "__typename": "FaqEdge"}, {"node": {"id": "fq0130045", "question": {"plainText": "Were there actually female U.S. fighter pilots, such as Carol Danvers and Maria Rambeau, during the period shown in the movie?", "__typename": "Markdown"}, "__typename": "Faq"}, "__typename": "FaqEdge"}, {"node": {"id": "fq0133533", "question": {"plainText": "Why was Mar Vell not introduced as the first captain marvel in the MCU like in the comics the same way Iron Man, Hulk, Captain America and Thor have been?", "__typename": "Markdown"}, "__typename": "Faq"}, "__typename": "FaqEdge"}], "__typename": "FaqConnection"}, "releaseDate": {"day": 8, "month": 3, "year": 2019, "country": {"id": "IN", "text": "India", "__typename": "LocalizedDisplayableCountry"}, "__typename": "ReleaseDate"}, "countriesOfOrigin": {"countries": [{"id": "US", "text": "United States", "__typename": "CountryOfOrigin"}, {"id": "AU", "text": "Australia", "__typename": "CountryOfOrigin"}], "__typename": "CountriesOfOrigin"}, "detailsExternalLinks": {"edges": [{"node": {"url": "http://marvel.com/movies/movie/225/captain_marvel", "label": "Marvel", "externalLinkRegion": {"text": "United States", "__typename": "DisplayableCountry"}, "__typename": "ExternalLink"}, "__typename": "ExternalLinkEdge"}, {"node": {"url": "http://www.facebook.com/CaptainMarvelOfficial/", "label": "Official Facebook", "externalLinkRegion": null, "__typename": "ExternalLink"}, "__typename": "ExternalLinkEdge"}], "total": 6, "__typename": "ExternalLinkConnection"}, "spokenLanguages": {"spokenLanguages": [{"id": "en", "text": "English", "__typename": "SpokenLanguage"}], "__typename": "SpokenLanguages"}, "akas": {"edges": [{"node": {"text": "Capitana Marvel", "__typename": "Aka"}, "__typename": "AkaEdge"}], "__typename": "AkaConnection"}, "filmingLocations": {"edges": [{"node": {"text": "Shaver Lake, California, USA", "location": "Shaver Lake, California, USA", "attributes": [{"text": "Location", "__typename": "DisplayableAttribute"}], "__typename": "FilmingLocation"}, "__typename": "FilmingLocationEdge"}], "total": 15, "__typename": "FilmingLocationConnection"}, "production": {"edges": [{"node": {"company": {"id": "co0051941", "companyText": {"text": "Marvel Studios", "__typename": "CompanyText"}, "__typename": "Company"}, "__typename": "CompanyCredit"}, "__typename": "CompanyCreditEdge"}, {"node": {"company": {"id": "co0005154", "companyText": {"text": "Animal Logic", "__typename": "CompanyText"}, "__typename": "Company"}, "__typename": "CompanyCredit"}, "__typename": "CompanyCreditEdge"}], "__typename": "CompanyCreditConnection"}, "companies": {"total": 148, "__typename": "CompanyCreditConnection"}, "productionBudget": {"budget": {"amount": 160000000, "currency": "USD", "__typename": "Money"}, "__typename": "ProductionBudget"}, "lifetimeGross": {"total": {"amount": 426829839, "currency": "USD", "__typename": "Money"}, "__typename": "BoxOfficeGross"}, "openingWeekendGross": {"gross": {"total": {"amount": 153433423, "currency": "USD", "__typename": "Money"}, "__typename": "BoxOfficeGross"}, "weekendEndDate": "2019-03-10", "__typename": "OpeningWeekendGross"}, "worldwideGross": {"total": {"amount": 1131416446, "currency": "USD", "__typename": "Money"}, "__typename": "BoxOfficeGross"}, "technicalSpecifications": {"soundMixes": {"items": [{"id": "12_track_digital sound", "text": "12-Track Digital Sound", "attributes": [], "__typename": "SoundMix"}, {"id": "imax_6_track", "text": "IMAX 6-Track", "attributes": [], "__typename": "SoundMix"}, {"id": "auro_11.1", "text": "Auro 11.1", "attributes": [], "__typename": "SoundMix"}, {"id": "dolby_atmos", "text": "Dolby Atmos", "attributes": [], "__typename": "SoundMix"}, {"id": "dolby_surround 7.1", "text": "Dolby Surround 7.1", "attributes": [], "__typename": "SoundMix"}, {"id": "sonics_ddp", "text": "Sonics-DDP", "attributes": [], "__typename": "SoundMix"}, {"id": "dolby_digital", "text": "Dolby Digital", "attributes": [], "__typename": "SoundMix"}], "__typename": "SoundMixes"}, "aspectRatios": {"items": [], "__typename": "AspectRatios"}, "colorations": {"items": [], "__typename": "Colorations"}, "__typename": "TechnicalSpecifications"}, "runtime": {"seconds": 7380, "__typename": "Runtime"}, "series": null, "canHaveEpisodes": false, "contributionQuestions": {"contributionLink": {"url": "https://contribute.imdb.com/answers", "__typename": "ContributionQuestionsLink"}, "edges": [{"node": {"entity": {"primaryImage": {"url": "https://m.media-amazon.com/images/M/MV5BZDAyZWQ1MDQtYzI4Ni00Zjc0LWFkMDItODZkZmY0MmM1MmVlXkEyXkFqcGc@._V1_.jpg", "width": 800, "height": 1200, "caption": {"plainText": "Brie Larson in Captain Marvel (2019)", "__typename": "Markdown"}, "__typename": "Image"}, "__typename": "Title"}, "questionId": "tt4154664.release_date:streaming.AU", "questionText": {"plainText": "What is the streaming release date of Captain Marvel (2019) in Australia?", "__typename": "Markdown"}, "contributionLink": {"url": "https://contribute.imdb.com/answers?pinnedQuestion=tt4154664.release_date:streaming.AU", "__typename": "ContributionQuestionsLink"}, "__typename": "Question"}, "__typename": "QuestionEdge"}], "__typename": "QuestionConnection"}, "__typename": "Title"}}