{"ok": true, "error_code": 200, "description": "", "short": {"@context": "https://schema.org", "@type": "Movie", "url": "https://www.imdb.com/title/tt5095030/", "name": "Ant-Man and the Wasp", "image": "https://m.media-amazon.com/images/M/MV5BODVkY2ZmZTAtYzFhMi00YzZlLWE2YWMtMDBiYjY2OTU4ZWM0XkEyXkFqcGc@._V1_.jpg", "description": "As Scott Lang balances being both a superhero and a father, Hope van Dyne and Dr. Hank Pym present an urgent new mission that finds the Ant-Man fighting alongside The Wasp to uncover secrets from their past.", "review": {"@type": "Review", "itemReviewed": {"@type": "Movie", "url": "https://www.imdb.com/title/tt5095030/"}, "author": {"@type": "Person", "name": "Platypuschow"}, "dateCreated": "2018-11-09", "inLanguage": "English", "name": "Ant-Man and the Wasp: On par sequel", "reviewBody": "I love what Marvel have done in the creation of their &quot;Universe&quot; it&apos;s an overwhelming triumph and despite my fears they managed to slot Antman in there perfectly back in 2015.\n\nA heavily comedic character is was heavy on charm, humour and elevated by a fantastic charm. Truth be told I found myself really hyped for the second movie, more than any other (Except GotG).\n\nWith every cast member both big and small returning a fantastic villian and the one and only Laurence Fishburne, the stars were aligning for another fantastic addition to the universe. And it is................kind of.\n\nRegarding the previous films I&apos;ve enjoyed them all with the exception of two. I didn&apos;t see the appeal in Dr Strange and thought that Black Panther was one of the most overrated movies in the history of the industry.\n\nAntman 2 delivers, it does just not to the extent I hoped. Rudd, Lilly and Douglas are excellent once again and the story is fantastic though I think much of the impact of some of the story is highly lacking.\n\nOur new villian delivered more than I&apos;d ever expected, Pfeiffer was a great addition and Pena managed to annoy me less than usual!\n\nThe first movie got a solid 7/10 from me and this sequel is recieving the same. What that means is I consider it a good film, it&apos;s just not exactly groundbreaking stuff. I feel the movie played it a tad safe and didn&apos;t meet its potential.\n\nRegardless it&apos;s funny, it&apos;s action packed and it&apos;s likeable and therefore it&apos;s another Marvel success in my book.\n\nThe Good:\n\nIncredible cast\n\nGenuine laughs\n\nFits into the universe well\n\nThe Bad:\n\nI still don&apos;t like Pena\n\nSome of the impact was lost\n\nBit generic\n\nThings I Learnt From This Movie:\n\nLilly is a very clever actress who picks her roles well\n\nSomeone still needs to explain to me how they do that age regression thing sfx\n\nWalton Goggins has friends in high places\n\nThe size shifting has all kinds of bedroom possibilities\n\nTruth serum IS a thing", "reviewRating": {"@type": "Rating", "worstRating": 1, "bestRating": 10, "ratingValue": 7}}, "aggregateRating": {"@type": "AggregateRating", "ratingCount": 461356, "bestRating": 10, "worstRating": 1, "ratingValue": 7}, "contentRating": "UA", "genre": ["Action", "Adventure", "Comedy"], "datePublished": "2018-07-13", "keywords": "action heroine,truth serum,based on comic book,action hero,house arrest", "trailer": {"@type": "VideoObject", "name": "&quot;Fun&quot; TV Spot", "embedUrl": "https://www.imdb.com/video/imdb/vi4137138969", "thumbnail": {"@type": "ImageObject", "contentUrl": "https://m.media-amazon.com/images/M/MV5BNzY3ODg5ZWUtOWZjYi00NGY5LTlhYWEtN2IwMjUxM2I2NzJjXkEyXkFqcGdeQW1yb3NzZXI@._V1_.jpg"}, "thumbnailUrl": "https://m.media-amazon.com/images/M/MV5BNzY3ODg5ZWUtOWZjYi00NGY5LTlhYWEtN2IwMjUxM2I2NzJjXkEyXkFqcGdeQW1yb3NzZXI@._V1_.jpg", "url": "https://www.imdb.com/video/vi4137138969/", "description": "As Scott Lang balances being both a Super Hero and a father, Hope van Dyne and Dr. Hank Pym present an urgent new mission that finds the Ant-Man fighting alongside The Wasp to uncover secrets from their past.", "duration": "PT46S", "uploadDate": "2018-06-02T18:02:35Z"}, "actor": [{"@type": "Person", "url": "https://www.imdb.com/name/nm0748620/", "name": "Paul Rudd"}, {"@type": "Person", "url": "https://www.imdb.com/name/nm1431940/", "name": "Evangeline Lilly"}, {"@type": "Person", "url": "https://www.imdb.com/name/nm0671567/", "name": "Michael Pe\u00f1a"}], "director": [{"@type": "Person", "url": "https://www.imdb.com/name/nm0715636/", "name": "Peyton Reed"}], "creator": [{"@type": "Organization", "url": "https://www.imdb.com/company/co0051941/"}, {"@type": "Organization", "url": "https://www.imdb.com/company/co0016350/"}, {"@type": "Organization", "url": "https://www.imdb.com/company/co0737723/"}, {"@type": "Person", "url": "https://www.imdb.com/name/nm0571344/", "name": "Chris McKenna"}, {"@type": "Person", "url": "https://www.imdb.com/name/nm1273099/", "name": "Erik Sommers"}, {"@type": "Person", "url": "https://www.imdb.com/name/nm0748620/", "name": "Paul Rudd"}], "duration": "PT1H58M"}, "imdbId": "tt5095030", "top": {"id": "tt5095030", "productionStatus": {"currentProductionStage": {"id": "released", "text": "Released", "__typename": "ProductionStage"}, "productionStatusHistory": [{"status": {"id": "treatment_outline", "text": "Treatment Outline", "__typename": "ProductionStatus"}, "__typename": "ProductionStatusHistory"}, {"status": {"id": "script", "text": "Script", "__typename": "ProductionStatus"}, "__typename": "ProductionStatusHistory"}, {"status": {"id": "pre_production", "text": "Pre-production", "__typename": "ProductionStatus"}, "__typename": "ProductionStatusHistory"}, {"status": {"id": "pre_production", "text": "Pre-production", "__typename": "ProductionStatus"}, "__typename": "ProductionStatusHistory"}, {"status": {"id": "filming", "text": "Filming", "__typename": "ProductionStatus"}, "__typename": "ProductionStatusHistory"}, {"status": {"id": "post_production", "text": "Post-production", "__typename": "ProductionStatus"}, "__typename": "ProductionStatusHistory"}, {"status": {"id": "completed", "text": "Completed", "__typename": "ProductionStatus"}, "__typename": "ProductionStatusHistory"}, {"status": {"id": "released", "text": "Released", "__typename": "ProductionStatus"}, "__typename": "ProductionStatusHistory"}], "restriction": null, "__typename": "ProductionStatusDetails"}, "canHaveEpisodes": false, "series": null, "titleText": {"text": "Ant-Man and the Wasp", "__typename": "TitleText"}, "titleType": {"displayableProperty": {"value": {"plainText": "", "__typename": "Markdown"}, "__typename": "DisplayableTitleTypeProperty"}, "text": "Movie", "id": "movie", "isSeries": false, "isEpisode": false, "categories": [{"value": "movie", "__typename": "TitleTypeCategory"}], "canHaveEpisodes": false, "__typename": "TitleType"}, "originalTitleText": {"text": "Ant-Man and the Wasp", "__typename": "TitleText"}, "certificate": {"rating": "UA", "__typename": "Certificate"}, "releaseYear": {"year": 2018, "endYear": null, "__typename": "YearRange"}, "releaseDate": {"day": 13, "month": 7, "year": 2018, "__typename": "ReleaseDate"}, "runtime": {"seconds": 7080, "displayableProperty": {"value": {"plainText": "1h 58m", "__typename": "Markdown"}, "__typename": "DisplayableTitleRuntimeProperty"}, "__typename": "Runtime"}, "canRate": {"isRatable": true, "__typename": "CanRate"}, "ratingsSummary": {"aggregateRating": 7, "voteCount": 461356, "__typename": "RatingsSummary"}, "meterRanking": {"currentRank": 3662, "rankChange": {"changeDirection": "DOWN", "difference": 51, "__typename": "MeterRankChange"}, "__typename": "TitleMeterRanking"}, "primaryImage": {"id": "rm1166494976", "width": 1688, "height": 2500, "url": "https://m.media-amazon.com/images/M/MV5BODVkY2ZmZTAtYzFhMi00YzZlLWE2YWMtMDBiYjY2OTU4ZWM0XkEyXkFqcGc@._V1_.jpg", "caption": {"plainText": "Michael Douglas, Michelle Pfeiffer, Laurence Fishburne, Walton Goggins, Michael Pe\u00f1a, Paul Rudd, Evangeline Lilly, and Hannah John-Kamen in Ant-Man and the Wasp (2018)", "__typename": "Markdown"}, "__typename": "Image"}, "images": {"total": 485, "edges": [{"node": {"id": "rm888491008", "__typename": "Image"}, "__typename": "ImageEdge"}], "__typename": "ImageConnection"}, "videos": {"total": 74, "__typename": "TitleRelatedVideosConnection"}, "primaryVideos": {"edges": [{"node": {"id": "vi4137138969", "createdDate": "2018-06-02T18:02:35Z", "isMature": false, "runtime": {"value": 46, "__typename": "VideoRuntime"}, "name": {"value": "\"Fun\" TV Spot", "language": "en", "__typename": "LocalizedString"}, "description": {"value": "As Scott Lang balances being both a Super Hero and a father, Hope van Dyne and Dr. Hank Pym present an urgent new mission that finds the Ant-Man fighting alongside The Wasp to uncover secrets from their past.", "language": "en", "__typename": "LocalizedString"}, "timedTextTracks": [], "recommendedTimedTextTrack": null, "thumbnail": {"url": "https://m.media-amazon.com/images/M/MV5BNzY3ODg5ZWUtOWZjYi00NGY5LTlhYWEtN2IwMjUxM2I2NzJjXkEyXkFqcGdeQW1yb3NzZXI@._V1_.jpg", "height": 1080, "width": 1920, "__typename": "Thumbnail"}, "primaryTitle": {"id": "tt5095030", "titleText": {"text": "Ant-Man and the Wasp", "__typename": "TitleText"}, "originalTitleText": {"text": "Ant-Man and the Wasp", "__typename": "TitleText"}, "releaseYear": {"year": 2018, "__typename": "YearRange"}, "__typename": "Title"}, "playbackURLs": [{"displayName": {"value": "480p", "language": "en-US", "__typename": "LocalizedString"}, "videoMimeType": "MP4", "videoDefinition": "DEF_480p", "url": "https://imdb-video.media-imdb.com/vi4137138969/1434659607842-pgv4ql-1527962555942.mp4?Expires=1730927444&Signature=sX46kn1vpHuLF2Z~UwtKdw8Yl9NoRpG3I1vJqGezfK5i1hDVhXA2pXO4RKnQhypMDSlRxjMIOdr5MtU90OUlZSzsXX~lkzL5tuoWFQlMzxBbe-Um6MWF~AZ3G2EK5zAOc59soh3HznyrogZyNMtQMa74oVOlFCJTS1l4FTKdG9Qd7~x3hdQ-NlXit9AwNhoBRXfCxtvWhQ0QXOdOtgE0TdghXNK6Rj0pmo9ueJ-3kuKYX7Oh7xw-uAe~luKnO9p9L0f8F9m8fwreka3lMNsHs1qfIto-Ux1xv8Cr6PUH2OR03wvF2LJn8xpakt01Hk4y1lcNlwukfN5Otl0wFp8-Bw__&Key-Pair-Id=APKAIFLZBVQZ24NQH3KA", "__typename": "PlaybackURL"}, {"displayName": {"value": "SD", "language": "en-US", "__typename": "LocalizedString"}, "videoMimeType": "MP4", "videoDefinition": "DEF_SD", "url": "https://imdb-video.media-imdb.com/vi4137138969/1434659454657-dx9ykf-1527962555942.mp4?Expires=1730927444&Signature=gt49m8qaaTtyptQE0TjoFRV-cIo5vF-S-T88svsFB2ezyEAnN32qu2JZv7MehPIK7fUIE~8xBi5KO46bYxeofzsBY6ej0qkICuERXAuhTzzuaLnvYWQR-aAMQyIZwO5F6D4HjwoEtQ2-OfghapcS4pSusEPlW92TfsxW7UWaldXggvHWSxSmq9TPq4jN05EIAe2JeRcHbFo1~Ae1ijofXh-YAkxaB50wpS3kB5i7pfPLY5t5c6T5SBbp3P1W9BbTpYE9zIyagoakLP59UAIocWt3xkm8yFSgKTzxaZsL35U3TlClXjlm6CxAqBcm8ny1hZ076s-zaVmywejNj3IEAQ__&Key-Pair-Id=APKAIFLZBVQZ24NQH3KA", "__typename": "PlaybackURL"}], "contentType": {"id": "amzn1.imdb.video.contenttype.trailer", "displayName": {"value": "Trailer", "__typename": "LocalizedString"}, "__typename": "VideoContentType"}, "previewURLs": [{"displayName": {"value": "AUTO", "language": "en-US", "__typename": "LocalizedString"}, "videoMimeType": "M3U8", "videoDefinition": "DEF_AUTO", "url": "https://imdb-video.media-imdb.com/vi4137138969/hls-preview-8211dd1d-2a1a-471e-8f04-0a2396c656a6.m3u8?Expires=1730927444&Signature=qNcLPPXFKQkTaCnV9quqlOr0~lzJEEJuEmsVtUBrvzJRpi2yuMmc0R7tJ~f4GOj~p5ig1ThdrMCy9cdimqpZqYbUsaFuOMkmGx7f-j8Gpcg8UEugaLIX-3PSNbXxXRWln7Vnb7OrmEdsViI~15vOFhaQ99qBknDTifV66dEfg8Qp7p3F04MaAZKAI07q0p67FDszZoC4DA5Nwj9holIci6TSMOqmkbc9hZKEsai~2m-nYnekyCdRX8dlL8tHGUwBFGFQXBbFkTpdAjbqNd3ft81w-fbE7pXMd-xq33lwfNtzI9RgsRpPcb-rHELFoDXeFZVvwR1GLgY-e~c-zij0CQ__&Key-Pair-Id=APKAIFLZBVQZ24NQH3KA", "__typename": "PlaybackURL"}], "__typename": "Video"}, "__typename": "VideoEdge"}, {"node": {"id": "vi1264498713", "createdDate": "2018-05-01T14:26:27Z", "isMature": false, "runtime": {"value": 137, "__typename": "VideoRuntime"}, "name": {"value": "Official Trailer", "language": "en", "__typename": "LocalizedString"}, "description": {"value": "As Scott Lang balances being both a Super Hero and a father, Hope van Dyne and Dr. Hank Pym present an urgent new mission that finds the Ant-Man fighting alongside The Wasp to uncover secrets from their past.", "language": "en", "__typename": "LocalizedString"}, "timedTextTracks": [], "recommendedTimedTextTrack": null, "thumbnail": {"url": "https://m.media-amazon.com/images/M/MV5BYjRkMWZhNTItNTE1My00YmQ3LWEyYjYtNDgxMTk5NmE0YWY4XkEyXkFqcGdeQXRodW1ibmFpbC1pbml0aWFsaXplcg@@._V1_.jpg", "height": 798, "width": 1920, "__typename": "Thumbnail"}, "primaryTitle": {"id": "tt5095030", "titleText": {"text": "Ant-Man and the Wasp", "__typename": "TitleText"}, "originalTitleText": {"text": "Ant-Man and the Wasp", "__typename": "TitleText"}, "releaseYear": {"year": 2018, "__typename": "YearRange"}, "__typename": "Title"}, "playbackURLs": [{"displayName": {"value": "480p", "language": "en-US", "__typename": "LocalizedString"}, "videoMimeType": "MP4", "videoDefinition": "DEF_480p", "url": "https://imdb-video.media-imdb.com/vi1264498713/1434659607842-pgv4ql-1525184787961.mp4?Expires=1730927444&Signature=Pl4WqEspkZjC8QBxdNf5tVamCqjMIH3BB6d6an5zytHyWA05-m7lrmUHEVtv5X4LvaiFrozHgpPq999Cjroj1qMToKrrqcOKR~FaC-7Ao3F8zZmKa8a8A3TNe1loywBh67rHKqIKv2C8CZXEClytvgkRVootYX2FA7sOxRRqigTKSVyyzaxHOja1n9XwvCxooArTqroUdRUbjvn4qzXZoBp5HyPJNKzu2rbo0WGZUbmEEqwsrutrdN5aIe3ygNPkaR2X~tLpkuQXOXKTF0exSPDb9XMti6d8~XBsKkhEXfis8UTKLDnf6aLVJ0yZK2OW3mkYeW3SOafROKk4g6~IeA__&Key-Pair-Id=APKAIFLZBVQZ24NQH3KA", "__typename": "PlaybackURL"}, {"displayName": {"value": "SD", "language": "en-US", "__typename": "LocalizedString"}, "videoMimeType": "MP4", "videoDefinition": "DEF_SD", "url": "https://imdb-video.media-imdb.com/vi1264498713/1434659454657-dx9ykf-1525184787961.mp4?Expires=1730927444&Signature=tFBoE1eQq91uVONLeBqxh04ByWAO0Slo8iT-8D30Bb1ge67nnFKNEgD7ZM9AuDxhe-Zk6dF1Ls3sLdgwJV1u7LHoMgwoFstqUEuMCsUAk1mkXvDLsJnf0Gb-aUtNpxZ~zWQuRRdJ~aRUDWpBdD9wICkG6finoeUHaSgSjTQLbVA-gQ3R~t7aHSkKZYPcCpw56FwB9tWKJnPVGhra4yZg9BE-wHfgenbDBb44WbbluJffa90n~GBdXjw-Lrg4bqWFGqz6GddOh2a~SCqhSe6QsHYDyTpCkM16tQBoRwhcEnU2srFt3UlyWxOrUYEtB4S5lQgSVFHwElrKQHnWNnZXWA__&Key-Pair-Id=APKAIFLZBVQZ24NQH3KA", "__typename": "PlaybackURL"}], "contentType": {"id": "amzn1.imdb.video.contenttype.trailer", "displayName": {"value": "Trailer", "__typename": "LocalizedString"}, "__typename": "VideoContentType"}, "previewURLs": [{"displayName": {"value": "AUTO", "language": "en-US", "__typename": "LocalizedString"}, "videoMimeType": "M3U8", "videoDefinition": "DEF_AUTO", "url": "https://imdb-video.media-imdb.com/vi1264498713/hls-preview-3b83a473-179e-47b9-a7c7-bbd52e368c1b.m3u8?Expires=1730927444&Signature=Z9WdhudpmaFJb8drBf0ju1fmp~dWeRwJlNgNkshvOK736TgL5Qwn5n4OfmBWzQRYS6eaP0hu2gpi-iXNd11ENDU62vS4XUHn0v1dRSImpizRTlzHoQOx1h9yZgWJJs68UUfVh9-rNQsdcM0KKkTG500dgkHUtBH6JjxgWRRcg4CQ4XhQbLIB7wiUu~Crz8psKON86mZIOkzjbowMDVPAcywN7DUsdX8R6NYZt8vGsXPl15~pI1Zu7NQTRxw4t3ixzDgKcGPwWVuUiD5bswIYG6fFRd0xE2HwsDUiKfXaIoBdf5rsW~wRXvnOS1V9YkcuDU65S47n0Oah5CzR~oKZxQ__&Key-Pair-Id=APKAIFLZBVQZ24NQH3KA", "__typename": "PlaybackURL"}], "__typename": "Video"}, "__typename": "VideoEdge"}], "__typename": "VideoConnection"}, "externalLinks": {"total": 548, "__typename": "ExternalLinkConnection"}, "metacritic": {"metascore": {"score": 70, "__typename": "Metascore"}, "__typename": "Metacritic"}, "keywords": {"total": 408, "edges": [{"node": {"text": "action heroine", "__typename": "TitleKeyword"}, "__typename": "TitleKeywordEdge"}, {"node": {"text": "truth serum", "__typename": "TitleKeyword"}, "__typename": "TitleKeywordEdge"}, {"node": {"text": "based on comic book", "__typename": "TitleKeyword"}, "__typename": "TitleKeywordEdge"}, {"node": {"text": "action hero", "__typename": "TitleKeyword"}, "__typename": "TitleKeywordEdge"}, {"node": {"text": "house arrest", "__typename": "TitleKeyword"}, "__typename": "TitleKeywordEdge"}], "__typename": "TitleKeywordConnection"}, "isAdult": false, "genres": {"genres": [{"text": "Action", "id": "Action", "__typename": "Genre"}, {"text": "Adventure", "id": "Adventure", "__typename": "Genre"}, {"text": "Comedy", "id": "Comedy", "__typename": "Genre"}, {"text": "Sci-Fi", "id": "Sci-Fi", "__typename": "Genre"}], "__typename": "Genres"}, "interests": {"edges": [{"node": {"id": "in0000008", "primaryText": {"text": "Superhero", "__typename": "InterestText"}, "__typename": "Interest"}, "__typename": "InterestEdge"}, {"node": {"id": "in0000001", "primaryText": {"text": "Action", "__typename": "InterestText"}, "__typename": "Interest"}, "__typename": "InterestEdge"}, {"node": {"id": "in0000012", "primaryText": {"text": "Adventure", "__typename": "InterestText"}, "__typename": "Interest"}, "__typename": "InterestEdge"}, {"node": {"id": "in0000034", "primaryText": {"text": "Comedy", "__typename": "InterestText"}, "__typename": "Interest"}, "__typename": "InterestEdge"}, {"node": {"id": "in0000162", "primaryText": {"text": "Sci-Fi", "__typename": "InterestText"}, "__typename": "Interest"}, "__typename": "InterestEdge"}], "__typename": "InterestConnection"}, "plot": {"plotText": {"plainText": "As Scott Lang balances being both a superhero and a father, Hope van Dyne and Dr. Hank Pym present an urgent new mission that finds the Ant-Man fighting alongside The Wasp to uncover secrets from their past.", "__typename": "Markdown"}, "language": {"id": "en-US", "__typename": "DisplayableLanguage"}, "__typename": "Plot"}, "plotContributionLink": {"url": "https://contribute.imdb.com/updates?update=tt5095030:outlines.add.1.locale~en-US", "__typename": "ContributionLink"}, "credits": {"total": 3249, "__typename": "CreditConnection"}, "principalCredits": [{"totalCredits": 1, "category": {"text": "Director", "id": "director", "__typename": "CreditCategory"}, "credits": [{"name": {"nameText": {"text": "Peyton Reed", "__typename": "NameText"}, "id": "nm0715636", "__typename": "Name"}, "attributes": null, "__typename": "Crew"}], "__typename": "PrincipalCreditsForCategory"}, {"totalCredits": 8, "category": {"text": "Writers", "id": "writer", "__typename": "CreditCategory"}, "credits": [{"name": {"nameText": {"text": "Chris McKenna", "__typename": "NameText"}, "id": "nm0571344", "__typename": "Name"}, "attributes": null, "__typename": "Crew"}, {"name": {"nameText": {"text": "Erik Sommers", "__typename": "NameText"}, "id": "nm1273099", "__typename": "Name"}, "attributes": null, "__typename": "Crew"}, {"name": {"nameText": {"text": "Paul Rudd", "__typename": "NameText"}, "id": "nm0748620", "__typename": "Name"}, "attributes": null, "__typename": "Crew"}], "__typename": "PrincipalCreditsForCategory"}, {"totalCredits": 174, "category": {"text": "Stars", "id": "cast", "__typename": "CreditCategory"}, "credits": [{"name": {"nameText": {"text": "Paul Rudd", "__typename": "NameText"}, "id": "nm0748620", "__typename": "Name"}, "attributes": null, "__typename": "Cast"}, {"name": {"nameText": {"text": "Evangeline Lilly", "__typename": "NameText"}, "id": "nm1431940", "__typename": "Name"}, "attributes": null, "__typename": "Cast"}, {"name": {"nameText": {"text": "Michael Pe\u00f1a", "__typename": "NameText"}, "id": "nm0671567", "__typename": "Name"}, "attributes": null, "__typename": "Cast"}], "__typename": "PrincipalCreditsForCategory"}], "reviews": {"total": 1082, "__typename": "ReviewsConnection"}, "criticReviewsTotal": {"total": 475, "__typename": "ExternalLinkConnection"}, "triviaTotal": {"total": 121, "__typename": "TriviaConnection"}, "engagementStatistics": {"watchlistStatistics": {"displayableCount": {"text": "Added by 395K users", "__typename": "LocalizedDisplayableCount"}, "__typename": "WatchlistStatistics"}, "__typename": "EngagementStatistics"}, "subNavCredits": {"total": 3249, "__typename": "CreditConnection"}, "subNavReviews": {"total": 1082, "__typename": "ReviewsConnection"}, "subNavTrivia": {"total": 121, "__typename": "TriviaConnection"}, "subNavFaqs": {"total": 2, "__typename": "FaqConnection"}, "subNavTopQuestions": {"total": 20, "__typename": "AlexaQuestionConnection"}, "titleGenres": {"genres": [{"genre": {"text": "Action", "__typename": "GenreItem"}, "__typename": "TitleGenre"}, {"genre": {"text": "Adventure", "__typename": "GenreItem"}, "__typename": "TitleGenre"}, {"genre": {"text": "Comedy", "__typename": "GenreItem"}, "__typename": "TitleGenre"}], "__typename": "TitleGenres"}, "meta": {"canonicalId": "tt5095030", "publicationStatus": "PUBLISHED", "__typename": "TitleMeta"}, "castPageTitle": {"edges": [{"node": {"name": {"id": "nm0748620", "nameText": {"text": "Paul Rudd", "__typename": "NameText"}, "__typename": "Name"}, "__typename": "Cast"}, "__typename": "CreditEdge"}, {"node": {"name": {"id": "nm1431940", "nameText": {"text": "Evangeline Lilly", "__typename": "NameText"}, "__typename": "Name"}, "__typename": "Cast"}, "__typename": "CreditEdge"}, {"node": {"name": {"id": "nm0671567", "nameText": {"text": "Michael Pe\u00f1a", "__typename": "NameText"}, "__typename": "Name"}, "__typename": "Cast"}, "__typename": "CreditEdge"}, {"node": {"name": {"id": "nm0324658", "nameText": {"text": "Walton Goggins", "__typename": "NameText"}, "__typename": "Name"}, "__typename": "Cast"}, "__typename": "CreditEdge"}], "__typename": "CreditConnection"}, "creatorsPageTitle": [], "directorsPageTitle": [{"credits": [{"name": {"id": "nm0715636", "nameText": {"text": "Peyton Reed", "__typename": "NameText"}, "__typename": "Name"}, "__typename": "Crew"}], "__typename": "PrincipalCreditsForCategory"}], "countriesOfOrigin": {"countries": [{"id": "US", "__typename": "CountryOfOrigin"}], "__typename": "CountriesOfOrigin"}, "production": {"edges": [{"node": {"company": {"id": "co0051941", "companyText": {"text": "Marvel Studios", "__typename": "CompanyText"}, "__typename": "Company"}, "__typename": "CompanyCredit"}, "__typename": "CompanyCreditEdge"}, {"node": {"company": {"id": "co0016350", "companyText": {"text": "Canadian Film or Video Production Tax Credit (CPTC)", "__typename": "CompanyText"}, "__typename": "Company"}, "__typename": "CompanyCredit"}, "__typename": "CompanyCreditEdge"}, {"node": {"company": {"id": "co0737723", "companyText": {"text": "The Province of Ontario", "__typename": "CompanyText"}, "__typename": "Company"}, "__typename": "CompanyCredit"}, "__typename": "CompanyCreditEdge"}], "__typename": "CompanyCreditConnection"}, "featuredReviews": {"edges": [{"node": {"author": {"nickName": "Platypuschow", "__typename": "UserProfile"}, "summary": {"originalText": "Ant-Man and the Wasp: On par sequel", "__typename": "ReviewSummary"}, "text": {"originalText": {"plainText": "I love what Marvel have done in the creation of their \"Universe\" it's an overwhelming triumph and despite my fears they managed to slot Antman in there perfectly back in 2015.\n\nA heavily comedic character is was heavy on charm, humour and elevated by a fantastic charm. Truth be told I found myself really hyped for the second movie, more than any other (Except GotG).\n\nWith every cast member both big and small returning a fantastic villian and the one and only Laurence Fishburne, the stars were aligning for another fantastic addition to the universe. And it is................kind of.\n\nRegarding the previous films I've enjoyed them all with the exception of two. I didn't see the appeal in Dr Strange and thought that Black Panther was one of the most overrated movies in the history of the industry.\n\nAntman 2 delivers, it does just not to the extent I hoped. Rudd, Lilly and Douglas are excellent once again and the story is fantastic though I think much of the impact of some of the story is highly lacking.\n\nOur new villian delivered more than I'd ever expected, Pfeiffer was a great addition and Pena managed to annoy me less than usual!\n\nThe first movie got a solid 7/10 from me and this sequel is recieving the same. What that means is I consider it a good film, it's just not exactly groundbreaking stuff. I feel the movie played it a tad safe and didn't meet its potential.\n\nRegardless it's funny, it's action packed and it's likeable and therefore it's another Marvel success in my book.\n\nThe Good:\n\nIncredible cast\n\nGenuine laughs\n\nFits into the universe well\n\nThe Bad:\n\nI still don't like Pena\n\nSome of the impact was lost\n\nBit generic\n\nThings I Learnt From This Movie:\n\nLilly is a very clever actress who picks her roles well\n\nSomeone still needs to explain to me how they do that age regression thing sfx\n\nWalton Goggins has friends in high places\n\nThe size shifting has all kinds of bedroom possibilities\n\nTruth serum IS a thing", "__typename": "Markdown"}, "__typename": "ReviewText"}, "authorRating": 7, "submissionDate": "2018-11-09", "__typename": "Review"}, "__typename": "ReviewEdge"}], "__typename": "ReviewsConnection"}, "__typename": "Title"}, "main": {"id": "tt5095030", "wins": {"total": 2, "__typename": "AwardNominationConnection"}, "nominationsExcludeWins": {"total": 21, "__typename": "AwardNominationConnection"}, "prestigiousAwardSummary": null, "ratingsSummary": {"topRanking": {"id": "topRated:tt5095030:en_US", "text": {"value": "Top Rated", "__typename": "LocalizedString"}, "rank": 2663, "__typename": "TopRanking"}, "__typename": "RatingsSummary"}, "episodes": null, "videos": {"total": 74, "__typename": "TitleRelatedVideosConnection"}, "videoStrip": {"edges": [{"node": {"id": "vi4137138969", "contentType": {"displayName": {"value": "Trailer", "__typename": "LocalizedString"}, "__typename": "VideoContentType"}, "name": {"value": "\"Fun\" TV Spot", "__typename": "LocalizedString"}, "runtime": {"value": 46, "__typename": "VideoRuntime"}, "thumbnail": {"height": 1080, "url": "https://m.media-amazon.com/images/M/MV5BNzY3ODg5ZWUtOWZjYi00NGY5LTlhYWEtN2IwMjUxM2I2NzJjXkEyXkFqcGdeQW1yb3NzZXI@._V1_.jpg", "width": 1920, "__typename": "Thumbnail"}, "__typename": "Video"}, "__typename": "VideoEdge"}, {"node": {"id": "vi1264498713", "contentType": {"displayName": {"value": "Trailer", "__typename": "LocalizedString"}, "__typename": "VideoContentType"}, "name": {"value": "Official Trailer", "__typename": "LocalizedString"}, "runtime": {"value": 137, "__typename": "VideoRuntime"}, "thumbnail": {"height": 798, "url": "https://m.media-amazon.com/images/M/MV5BYjRkMWZhNTItNTE1My00YmQ3LWEyYjYtNDgxMTk5NmE0YWY4XkEyXkFqcGdeQXRodW1ibmFpbC1pbml0aWFsaXplcg@@._V1_.jpg", "width": 1920, "__typename": "Thumbnail"}, "__typename": "Video"}, "__typename": "VideoEdge"}, {"node": {"id": "vi972011545", "contentType": {"displayName": {"value": "Trailer", "__typename": "LocalizedString"}, "__typename": "VideoContentType"}, "name": {"value": "Teaser Trailer", "__typename": "LocalizedString"}, "runtime": {"value": 102, "__typename": "VideoRuntime"}, "thumbnail": {"height": 1080, "url": "https://m.media-amazon.com/images/M/MV5BM2ZjNTFiNzQtZmJmMy00OTdlLWFkN2ItYTBkYmU5MjIwOTdlXkEyXkFqcGdeQXVyNjg2NjQwMDQ@._V1_.jpg", "width": 1920, "__typename": "Thumbnail"}, "__typename": "Video"}, "__typename": "VideoEdge"}, {"node": {"id": "vi2504114713", "contentType": {"displayName": {"value": "Clip", "__typename": "LocalizedString"}, "__typename": "VideoContentType"}, "name": {"value": "Evangeline Lilly Lobbies for More Wasp Screen Time in Future Avengers Films", "__typename": "LocalizedString"}, "runtime": {"value": 111, "__typename": "VideoRuntime"}, "thumbnail": {"height": 1080, "url": "https://m.media-amazon.com/images/M/MV5BOGQ5YzRiMmQtMWY2Yi00Njg0LWE3OTYtMjZlNTI4MTdhN2M2XkEyXkFqcGdeQWZlZGVyaWdh._V1_.jpg", "width": 1920, "__typename": "Thumbnail"}, "__typename": "Video"}, "__typename": "VideoEdge"}, {"node": {"id": "vi3209281561", "contentType": {"displayName": {"value": "Clip", "__typename": "LocalizedString"}, "__typename": "VideoContentType"}, "name": {"value": "All About David Dastmalchian", "__typename": "LocalizedString"}, "runtime": {"value": 114, "__typename": "VideoRuntime"}, "thumbnail": {"height": 1080, "url": "https://m.media-amazon.com/images/M/MV5BOWVhMjcyZDItZTlhMS00NzkxLTk2ZjctYTlkNWY4ODkzMzM4XkEyXkFqcGdeQWFsZWxvZw@@._V1_.jpg", "width": 1920, "__typename": "Thumbnail"}, "__typename": "Video"}, "__typename": "VideoEdge"}, {"node": {"id": "vi117227033", "contentType": {"displayName": {"value": "Clip", "__typename": "LocalizedString"}, "__typename": "VideoContentType"}, "name": {"value": "Movie Scavenger Hunt: Can You Find These MCU Easter Eggs?", "__typename": "LocalizedString"}, "runtime": {"value": 225, "__typename": "VideoRuntime"}, "thumbnail": {"height": 1080, "url": "https://m.media-amazon.com/images/M/MV5BMjBlMTRjODMtMDMyYi00OGQ1LWJhNzYtYTYyMTcxOWI5MGM0XkEyXkFqcGdeQW1yb2Njbw@@._V1_.jpg", "width": 1920, "__typename": "Thumbnail"}, "__typename": "Video"}, "__typename": "VideoEdge"}, {"node": {"id": "vi485735705", "contentType": {"displayName": {"value": "Clip", "__typename": "LocalizedString"}, "__typename": "VideoContentType"}, "name": {"value": "'Avengers: Endgame' White Suits Are Probably NOT for Outer Space", "__typename": "LocalizedString"}, "runtime": {"value": 182, "__typename": "VideoRuntime"}, "thumbnail": {"height": 1080, "url": "https://m.media-amazon.com/images/M/MV5BYmJkMmYxNGMtZTIxZi00OTI1LTliMTEtOThlMGI0YThmMGUxXkEyXkFqcGdeQWFsZWxvZw@@._V1_.jpg", "width": 1920, "__typename": "Thumbnail"}, "__typename": "Video"}, "__typename": "VideoEdge"}, {"node": {"id": "vi2085337625", "contentType": {"displayName": {"value": "Clip", "__typename": "LocalizedString"}, "__typename": "VideoContentType"}, "name": {"value": "MotherFlerken 'Captain Marvel' Credits Scenes Spoilers!", "__typename": "LocalizedString"}, "runtime": {"value": 174, "__typename": "VideoRuntime"}, "thumbnail": {"height": 1080, "url": "https://m.media-amazon.com/images/M/MV5BZjQ2YmUxNzYtY2EyYy00YjNiLTlhYWMtMjA4NjdiMDM0YTg0XkEyXkFqcGdeQWFsZWxvZw@@._V1_.jpg", "width": 1920, "__typename": "Thumbnail"}, "__typename": "Video"}, "__typename": "VideoEdge"}, {"node": {"id": "vi2597829145", "contentType": {"displayName": {"value": "Clip", "__typename": "LocalizedString"}, "__typename": "VideoContentType"}, "name": {"value": "IMDbrief: Meet the Top Stars & Breakout Stars of 2018", "__typename": "LocalizedString"}, "runtime": {"value": 169, "__typename": "VideoRuntime"}, "thumbnail": {"height": 1080, "url": "https://m.media-amazon.com/images/M/MV5BZmEzMDBmYTItODZmNy00ZjM2LTg1MDItNDlkYzUzMzFmZGJiXkEyXkFqcGdeQWFsZWxvZw@@._V1_.jpg", "width": 1920, "__typename": "Thumbnail"}, "__typename": "Video"}, "__typename": "VideoEdge"}, {"node": {"id": "vi3034233625", "contentType": {"displayName": {"value": "Clip", "__typename": "LocalizedString"}, "__typename": "VideoContentType"}, "name": {"value": "How Thanos Got Six Infinity Stones in 10 Minutes", "__typename": "LocalizedString"}, "runtime": {"value": 647, "__typename": "VideoRuntime"}, "thumbnail": {"height": 1080, "url": "https://m.media-amazon.com/images/M/MV5BNWExMDNiZjYtODk4My00N2FhLTkxMzAtMTkxYzk0ZTg2N2YwXkEyXkFqcGdeQWZlZGVyaWdh._V1_.jpg", "width": 1920, "__typename": "Thumbnail"}, "__typename": "Video"}, "__typename": "VideoEdge"}, {"node": {"id": "vi2774975769", "contentType": {"displayName": {"value": "Clip", "__typename": "LocalizedString"}, "__typename": "VideoContentType"}, "name": {"value": "Ant-Man And The Wasp: Wings And Blasters", "__typename": "LocalizedString"}, "runtime": {"value": 62, "__typename": "VideoRuntime"}, "thumbnail": {"height": 720, "url": "https://m.media-amazon.com/images/M/MV5BY2I3OWJmMzgtYmExYi00MmIwLWE4MmQtYWRkZGUzM2RmZWQwXkEyXkFqcGdeQVRoaXJkUGFydHlJbmdlc3Rpb25Xb3JrZmxvdw@@._V1_.jpg", "width": 1280, "__typename": "Thumbnail"}, "__typename": "Video"}, "__typename": "VideoEdge"}, {"node": {"id": "vi2120664345", "contentType": {"displayName": {"value": "Clip", "__typename": "LocalizedString"}, "__typename": "VideoContentType"}, "name": {"value": "Ant-Man And The Wasp: Fancy Pastry", "__typename": "LocalizedString"}, "runtime": {"value": 65, "__typename": "VideoRuntime"}, "thumbnail": {"height": 720, "url": "https://m.media-amazon.com/images/M/MV5BZTU2OWUwYWQtYmU3Zi00MjUzLWIxNDgtNjMyMDg1MGExMmMzXkEyXkFqcGdeQVRoaXJkUGFydHlJbmdlc3Rpb25Xb3JrZmxvdw@@._V1_.jpg", "width": 1280, "__typename": "Thumbnail"}, "__typename": "Video"}, "__typename": "VideoEdge"}], "__typename": "VideoConnection"}, "titleMainImages": {"total": 485, "edges": [{"node": {"id": "rm888491008", "url": "https://m.media-amazon.com/images/M/MV5BMTc0MDk5MDg0Ml5BMl5BanBnXkFtZTgwMTQxMzkzNTM@._V1_.jpg", "caption": {"plainText": "Paul Rudd and Evangeline Lilly in Ant-Man and the Wasp (2018)", "__typename": "Markdown"}, "height": 1365, "width": 2048, "__typename": "Image"}, "__typename": "ImageEdge"}, {"node": {"id": "rm787827712", "url": "https://m.media-amazon.com/images/M/MV5BNzUwOTcyMjQ0Ml5BMl5BanBnXkFtZTgwMTMxMzkzNTM@._V1_.jpg", "caption": {"plainText": "Paul Rudd and Evangeline Lilly in Ant-Man and the Wasp (2018)", "__typename": "Markdown"}, "height": 1151, "width": 2048, "__typename": "Image"}, "__typename": "ImageEdge"}, {"node": {"id": "rm3230748928", "url": "https://m.media-amazon.com/images/M/MV5BMjM4MDA4MDEwNV5BMl5BanBnXkFtZTgwODg5NTk2NDM@._V1_.jpg", "caption": {"plainText": "Paul Rudd in Ant-Man and the Wasp (2018)", "__typename": "Markdown"}, "height": 1080, "width": 2048, "__typename": "Image"}, "__typename": "ImageEdge"}, {"node": {"id": "rm3482407168", "url": "https://m.media-amazon.com/images/M/MV5BMTg3NDY5OTIzN15BMl5BanBnXkFtZTgwOTg5NTk2NDM@._V1_.jpg", "caption": {"plainText": "Evangeline Lilly in Ant-Man and the Wasp (2018)", "__typename": "Markdown"}, "height": 1080, "width": 2048, "__typename": "Image"}, "__typename": "ImageEdge"}, {"node": {"id": "rm3465629952", "url": "https://m.media-amazon.com/images/M/MV5BMjQ2MjkyMjg1Ml5BMl5BanBnXkFtZTgwMDk5NTk2NDM@._V1_.jpg", "caption": {"plainText": "Evangeline Lilly in Ant-Man and the Wasp (2018)", "__typename": "Markdown"}, "height": 1080, "width": 2048, "__typename": "Image"}, "__typename": "ImageEdge"}, {"node": {"id": "rm3448852736", "url": "https://m.media-amazon.com/images/M/MV5BMjE3MzIxNzE0MV5BMl5BanBnXkFtZTgwMTk5NTk2NDM@._V1_.jpg", "caption": {"plainText": "Paul Rudd and Evangeline Lilly in Ant-Man and the Wasp (2018)", "__typename": "Markdown"}, "height": 1080, "width": 2048, "__typename": "Image"}, "__typename": "ImageEdge"}, {"node": {"id": "rm1731482368", "url": "https://m.media-amazon.com/images/M/MV5BNTAwNDU5MjQyMF5BMl5BanBnXkFtZTgwMDkwMDk1NDM@._V1_.jpg", "caption": {"plainText": "Paul Rudd and Evangeline Lilly in Ant-Man and the Wasp (2018)", "__typename": "Markdown"}, "height": 1365, "width": 2048, "__typename": "Image"}, "__typename": "ImageEdge"}, {"node": {"id": "rm4276646144", "url": "https://m.media-amazon.com/images/M/MV5BMTU2MDU3Nzc5Ml5BMl5BanBnXkFtZTgwNzI0MjY3NjM@._V1_.jpg", "caption": {"plainText": "Hannah John-Kamen at an event for Ant-Man and the Wasp (2018)", "__typename": "Markdown"}, "height": 1365, "width": 2048, "__typename": "Image"}, "__typename": "ImageEdge"}, {"node": {"id": "rm3497674240", "url": "https://m.media-amazon.com/images/M/MV5BODQ2NjgyMDM3Nl5BMl5BanBnXkFtZTgwMjM2NjE4NTM@._V1_.jpg", "caption": {"plainText": "Evangeline Lilly at an event for Ant-Man and the Wasp (2018)", "__typename": "Markdown"}, "height": 1365, "width": 2048, "__typename": "Image"}, "__typename": "ImageEdge"}, {"node": {"id": "rm3464119808", "url": "https://m.media-amazon.com/images/M/MV5BMjM0ODcyOTE2MV5BMl5BanBnXkFtZTgwNDE2NjE4NTM@._V1_.jpg", "caption": {"plainText": "Michelle Pfeiffer at an event for Ant-Man and the Wasp (2018)", "__typename": "Markdown"}, "height": 1383, "width": 2048, "__typename": "Image"}, "__typename": "ImageEdge"}, {"node": {"id": "rm3282060800", "url": "https://m.media-amazon.com/images/M/MV5BNTM1ODY5MTY1OV5BMl5BanBnXkFtZTgwMTI3Njk3NTM@._V1_.jpg", "caption": {"plainText": "Madeleine McGraw at an event for Ant-Man and the Wasp (2018)", "__typename": "Markdown"}, "height": 2048, "width": 1365, "__typename": "Image"}, "__typename": "ImageEdge"}, {"node": {"id": "rm4238362112", "url": "https://m.media-amazon.com/images/M/MV5BNDA0MDQ2NjU2M15BMl5BanBnXkFtZTgwODE3Njk3NTM@._V1_.jpg", "caption": {"plainText": "Sean Kleier at an event for Ant-Man and the Wasp (2018)", "__typename": "Markdown"}, "height": 2048, "width": 1360, "__typename": "Image"}, "__typename": "ImageEdge"}, {"node": {"id": "rm4120921600", "url": "https://m.media-amazon.com/images/M/MV5BMjA1MzU4ODg0N15BMl5BanBnXkFtZTgwNDE3Njk3NTM@._V1_.jpg", "caption": {"plainText": "Michelle Pfeiffer at an event for Ant-Man and the Wasp (2018)", "__typename": "Markdown"}, "height": 1466, "width": 2048, "__typename": "Image"}, "__typename": "ImageEdge"}], "__typename": "ImageConnection"}, "productionStatus": {"currentProductionStage": {"id": "released", "text": "Released", "__typename": "ProductionStage"}, "productionStatusHistory": [{"status": {"id": "treatment_outline", "text": "Treatment Outline", "__typename": "ProductionStatus"}, "__typename": "ProductionStatusHistory"}, {"status": {"id": "script", "text": "Script", "__typename": "ProductionStatus"}, "__typename": "ProductionStatusHistory"}, {"status": {"id": "pre_production", "text": "Pre-production", "__typename": "ProductionStatus"}, "__typename": "ProductionStatusHistory"}, {"status": {"id": "pre_production", "text": "Pre-production", "__typename": "ProductionStatus"}, "__typename": "ProductionStatusHistory"}, {"status": {"id": "filming", "text": "Filming", "__typename": "ProductionStatus"}, "__typename": "ProductionStatusHistory"}, {"status": {"id": "post_production", "text": "Post-production", "__typename": "ProductionStatus"}, "__typename": "ProductionStatusHistory"}, {"status": {"id": "completed", "text": "Completed", "__typename": "ProductionStatus"}, "__typename": "ProductionStatusHistory"}, {"status": {"id": "released", "text": "Released", "__typename": "ProductionStatus"}, "__typename": "ProductionStatusHistory"}], "restriction": null, "__typename": "ProductionStatusDetails"}, "primaryImage": {"id": "rm1166494976", "__typename": "Image"}, "inIframeAddLink": {"url": "https://contribute.imdb.com/image/tt5095030/add?bus=imdb&return_url=https%3A%2F%2Fwww.imdb.com%2Fclose_me&site=web", "__typename": "ContributionLink"}, "notInIframeAddLink": {"url": "https://contribute.imdb.com/image/tt5095030/add?bus=imdb&return_url=https%3A%2F%2Fwww.imdb.com%2Ftitle%2Ftt5095030%2F&site=mobile", "__typename": "ContributionLink"}, "titleType": {"id": "movie", "canHaveEpisodes": false, "__typename": "TitleType"}, "cast": {"total": 174, "edges": [{"node": {"name": {"id": "nm0748620", "nameText": {"text": "Paul Rudd", "__typename": "NameText"}, "primaryImage": {"url": "https://m.media-amazon.com/images/M/MV5BMTY4NTEwNDg1MV5BMl5BanBnXkFtZTgwODMwMDA0ODE@._V1_.jpg", "width": 1638, "height": 2048, "__typename": "Image"}, "__typename": "Name"}, "attributes": null, "category": {"id": "actor", "__typename": "CreditCategory"}, "characters": [{"name": "Scott Lang", "__typename": "Character"}, {"name": "Ant-Man", "__typename": "Character"}], "episodeCredits": {"total": 0, "yearRange": null, "__typename": "EpisodeCastConnection"}, "__typename": "Cast"}, "__typename": "CreditEdge"}, {"node": {"name": {"id": "nm1431940", "nameText": {"text": "Evangeline Lilly", "__typename": "NameText"}, "primaryImage": {"url": "https://m.media-amazon.com/images/M/MV5BMTc2MDMzODU0OV5BMl5BanBnXkFtZTgwODIwOTAxMzI@._V1_.jpg", "width": 1779, "height": 2048, "__typename": "Image"}, "__typename": "Name"}, "attributes": null, "category": {"id": "actress", "__typename": "CreditCategory"}, "characters": [{"name": "Hope Van Dyne", "__typename": "Character"}, {"name": "Wasp", "__typename": "Character"}], "episodeCredits": {"total": 0, "yearRange": null, "__typename": "EpisodeCastConnection"}, "__typename": "Cast"}, "__typename": "CreditEdge"}, {"node": {"name": {"id": "nm0671567", "nameText": {"text": "Michael Pe\u00f1a", "__typename": "NameText"}, "primaryImage": {"url": "https://m.media-amazon.com/images/M/MV5BMTczNzcxNTE5NV5BMl5BanBnXkFtZTcwOTE4MTMzMQ@@._V1_.jpg", "width": 450, "height": 582, "__typename": "Image"}, "__typename": "Name"}, "attributes": null, "category": {"id": "actor", "__typename": "CreditCategory"}, "characters": [{"name": "Luis", "__typename": "Character"}], "episodeCredits": {"total": 0, "yearRange": null, "__typename": "EpisodeCastConnection"}, "__typename": "Cast"}, "__typename": "CreditEdge"}, {"node": {"name": {"id": "nm0324658", "nameText": {"text": "Walton Goggins", "__typename": "NameText"}, "primaryImage": {"url": "https://m.media-amazon.com/images/M/MV5BNGI4ZDdiN2YtNTk0Yy00ZDJmLTllYjgtMzAyNGZiYzY2MTY4XkEyXkFqcGc@._V1_.jpg", "width": 1170, "height": 1653, "__typename": "Image"}, "__typename": "Name"}, "attributes": null, "category": {"id": "actor", "__typename": "CreditCategory"}, "characters": [{"name": "Sonny Burch", "__typename": "Character"}], "episodeCredits": {"total": 0, "yearRange": null, "__typename": "EpisodeCastConnection"}, "__typename": "Cast"}, "__typename": "CreditEdge"}, {"node": {"name": {"id": "nm0134072", "nameText": {"text": "Bobby Cannavale", "__typename": "NameText"}, "primaryImage": {"url": "https://m.media-amazon.com/images/M/MV5BMTU0NzM3MzQ4Ml5BMl5BanBnXkFtZTgwOTg2MjY4ODE@._V1_.jpg", "width": 693, "height": 390, "__typename": "Image"}, "__typename": "Name"}, "attributes": null, "category": {"id": "actor", "__typename": "CreditCategory"}, "characters": [{"name": "Paxton", "__typename": "Character"}], "episodeCredits": {"total": 0, "yearRange": null, "__typename": "EpisodeCastConnection"}, "__typename": "Cast"}, "__typename": "CreditEdge"}, {"node": {"name": {"id": "nm0339460", "nameText": {"text": "Judy Greer", "__typename": "NameText"}, "primaryImage": {"url": "https://m.media-amazon.com/images/M/MV5BMTg5MTAyMzMzMl5BMl5BanBnXkFtZTcwMDY2Mzc2NQ@@._V1_.jpg", "width": 1387, "height": 2048, "__typename": "Image"}, "__typename": "Name"}, "attributes": null, "category": {"id": "actress", "__typename": "CreditCategory"}, "characters": [{"name": "Maggie", "__typename": "Character"}], "episodeCredits": {"total": 0, "yearRange": null, "__typename": "EpisodeCastConnection"}, "__typename": "Cast"}, "__typename": "CreditEdge"}, {"node": {"name": {"id": "nm1939267", "nameText": {"text": "Tip 'T.I.' Harris", "__typename": "NameText"}, "primaryImage": {"url": "https://m.media-amazon.com/images/M/MV5BMTQzMDMwNjkxN15BMl5BanBnXkFtZTcwMDI0MTM5OA@@._V1_.jpg", "width": 1480, "height": 2048, "__typename": "Image"}, "__typename": "Name"}, "attributes": null, "category": {"id": "actor", "__typename": "CreditCategory"}, "characters": [{"name": "Dave", "__typename": "Character"}], "episodeCredits": {"total": 0, "yearRange": null, "__typename": "EpisodeCastConnection"}, "__typename": "Cast"}, "__typename": "CreditEdge"}, {"node": {"name": {"id": "nm2810287", "nameText": {"text": "David Dastmalchian", "__typename": "NameText"}, "primaryImage": {"url": "https://m.media-amazon.com/images/M/MV5BMTM3Mjc0NzgyN15BMl5BanBnXkFtZTcwOTU3MTE3Nw@@._V1_.jpg", "width": 2848, "height": 4288, "__typename": "Image"}, "__typename": "Name"}, "attributes": null, "category": {"id": "actor", "__typename": "CreditCategory"}, "characters": [{"name": "Kurt", "__typename": "Character"}], "episodeCredits": {"total": 0, "yearRange": null, "__typename": "EpisodeCastConnection"}, "__typename": "Cast"}, "__typename": "CreditEdge"}, {"node": {"name": {"id": "nm4789912", "nameText": {"text": "Hannah John-Kamen", "__typename": "NameText"}, "primaryImage": {"url": "https://m.media-amazon.com/images/M/MV5BMDIyM2M1MzMtODlmMS00NTE0LWIxZDctNTViNjk5Y2NhOTdhXkEyXkFqcGc@._V1_.jpg", "width": 3137, "height": 5000, "__typename": "Image"}, "__typename": "Name"}, "attributes": null, "category": {"id": "actress", "__typename": "CreditCategory"}, "characters": [{"name": "Ava Starr", "__typename": "Character"}, {"name": "Ghost", "__typename": "Character"}], "episodeCredits": {"total": 0, "yearRange": null, "__typename": "EpisodeCastConnection"}, "__typename": "Cast"}, "__typename": "CreditEdge"}, {"node": {"name": {"id": "nm5338858", "nameText": {"text": "Abby Ryder Fortson", "__typename": "NameText"}, "primaryImage": {"url": "https://m.media-amazon.com/images/M/MV5BNWRjMjJhZDgtYjE1NS00NGMyLThmMzItZDIwZDkxYTMxM2I3XkEyXkFqcGc@._V1_.jpg", "width": 799, "height": 767, "__typename": "Image"}, "__typename": "Name"}, "attributes": null, "category": {"id": "actress", "__typename": "CreditCategory"}, "characters": [{"name": "Cassie", "__typename": "Character"}], "episodeCredits": {"total": 0, "yearRange": null, "__typename": "EpisodeCastConnection"}, "__typename": "Cast"}, "__typename": "CreditEdge"}, {"node": {"name": {"id": "nm1320827", "nameText": {"text": "Randall Park", "__typename": "NameText"}, "primaryImage": {"url": "https://m.media-amazon.com/images/M/MV5BOGQ4OTg0YzEtYzMxNy00OTM4LThhNzYtMGQ4ZTAxOGVkZTBkXkEyXkFqcGc@._V1_.jpg", "width": 1368, "height": 1987, "__typename": "Image"}, "__typename": "Name"}, "attributes": null, "category": {"id": "actor", "__typename": "CreditCategory"}, "characters": [{"name": "Jimmy Woo", "__typename": "Character"}], "episodeCredits": {"total": 0, "yearRange": null, "__typename": "EpisodeCastConnection"}, "__typename": "Cast"}, "__typename": "CreditEdge"}, {"node": {"name": {"id": "nm0000201", "nameText": {"text": "Michelle Pfeiffer", "__typename": "NameText"}, "primaryImage": {"url": "https://m.media-amazon.com/images/M/MV5BMTUzNjI0Njc5NF5BMl5BanBnXkFtZTYwOTM2MjYz._V1_.jpg", "width": 266, "height": 400, "__typename": "Image"}, "__typename": "Name"}, "attributes": null, "category": {"id": "actress", "__typename": "CreditCategory"}, "characters": [{"name": "Janet Van Dyne", "__typename": "Character"}, {"name": "Wasp", "__typename": "Character"}], "episodeCredits": {"total": 0, "yearRange": null, "__typename": "EpisodeCastConnection"}, "__typename": "Cast"}, "__typename": "CreditEdge"}, {"node": {"name": {"id": "nm0000401", "nameText": {"text": "Laurence Fishburne", "__typename": "NameText"}, "primaryImage": {"url": "https://m.media-amazon.com/images/M/MV5BMTc0NjczNDc1MV5BMl5BanBnXkFtZTYwMDU0Mjg1._V1_.jpg", "width": 267, "height": 400, "__typename": "Image"}, "__typename": "Name"}, "attributes": null, "category": {"id": "actor", "__typename": "CreditCategory"}, "characters": [{"name": "Dr. Bill Foster", "__typename": "Character"}], "episodeCredits": {"total": 0, "yearRange": null, "__typename": "EpisodeCastConnection"}, "__typename": "Cast"}, "__typename": "CreditEdge"}, {"node": {"name": {"id": "nm0000140", "nameText": {"text": "Michael Douglas", "__typename": "NameText"}, "primaryImage": {"url": "https://m.media-amazon.com/images/M/MV5BMTQ3NzMzOTQ3MF5BMl5BanBnXkFtZTcwOTE0MzY1Mw@@._V1_.jpg", "width": 304, "height": 400, "__typename": "Image"}, "__typename": "Name"}, "attributes": null, "category": {"id": "actor", "__typename": "CreditCategory"}, "characters": [{"name": "Dr. Hank Pym", "__typename": "Character"}], "episodeCredits": {"total": 0, "yearRange": null, "__typename": "EpisodeCastConnection"}, "__typename": "Cast"}, "__typename": "CreditEdge"}, {"node": {"name": {"id": "nm2591562", "nameText": {"text": "Divian Ladwa", "__typename": "NameText"}, "primaryImage": {"url": "https://m.media-amazon.com/images/M/MV5BMjM2OTUzMDY3NV5BMl5BanBnXkFtZTgwMjgwNDQ0MTI@._V1_.jpg", "width": 1365, "height": 2048, "__typename": "Image"}, "__typename": "Name"}, "attributes": null, "category": {"id": "actor", "__typename": "CreditCategory"}, "characters": [{"name": "Uzman", "__typename": "Character"}], "episodeCredits": {"total": 0, "yearRange": null, "__typename": "EpisodeCastConnection"}, "__typename": "Cast"}, "__typename": "CreditEdge"}, {"node": {"name": {"id": "nm1336552", "nameText": {"text": "Goran Kostic", "__typename": "NameText"}, "primaryImage": {"url": "https://m.media-amazon.com/images/M/MV5BMTUxNjIwNzAwNl5BMl5BanBnXkFtZTcwMTQ5MjQxNw@@._V1_.jpg", "width": 1610, "height": 2048, "__typename": "Image"}, "__typename": "Name"}, "attributes": null, "category": {"id": "actor", "__typename": "CreditCategory"}, "characters": [{"name": "Anitolov", "__typename": "Character"}], "episodeCredits": {"total": 0, "yearRange": null, "__typename": "EpisodeCastConnection"}, "__typename": "Cast"}, "__typename": "CreditEdge"}, {"node": {"name": {"id": "nm1353738", "nameText": {"text": "Rob Archer", "__typename": "NameText"}, "primaryImage": {"url": "https://m.media-amazon.com/images/M/MV5BOWYyYzM4YmUtMTNjNS00OTE0LTg3MjMtNTc4ZDk1YWU3YTgxXkEyXkFqcGc@._V1_.jpg", "width": 780, "height": 1200, "__typename": "Image"}, "__typename": "Name"}, "attributes": null, "category": {"id": "actor", "__typename": "CreditCategory"}, "characters": [{"name": "Knox", "__typename": "Character"}], "episodeCredits": {"total": 0, "yearRange": null, "__typename": "EpisodeCastConnection"}, "__typename": "Cast"}, "__typename": "CreditEdge"}, {"node": {"name": {"id": "nm5604130", "nameText": {"text": "Sean Kleier", "__typename": "NameText"}, "primaryImage": {"url": "https://m.media-amazon.com/images/M/MV5BNWUzYTE5NTgtMjM3OC00OTdhLWJhZGUtYmU2MjQwMzMxMzViXkEyXkFqcGc@._V1_.jpg", "width": 4480, "height": 6720, "__typename": "Image"}, "__typename": "Name"}, "attributes": [{"text": "as Sean Thompson Kleier", "__typename": "CreditedAsCreditAttribute"}], "category": {"id": "actor", "__typename": "CreditCategory"}, "characters": [{"name": "Agent Stoltz", "__typename": "Character"}], "episodeCredits": {"total": 0, "yearRange": null, "__typename": "EpisodeCastConnection"}, "__typename": "Cast"}, "__typename": "CreditEdge"}], "__typename": "CreditConnection"}, "creators": [], "directors": [{"totalCredits": 1, "category": {"text": "Director", "id": "director", "__typename": "CreditCategory"}, "credits": [{"name": {"id": "nm0715636", "nameText": {"text": "Peyton Reed", "__typename": "NameText"}, "__typename": "Name"}, "__typename": "Crew"}], "__typename": "PrincipalCreditsForCategory"}], "writers": [{"totalCredits": 8, "category": {"text": "Writers", "id": "writer", "__typename": "CreditCategory"}, "credits": [{"name": {"id": "nm0571344", "nameText": {"text": "Chris McKenna", "__typename": "NameText"}, "__typename": "Name"}, "__typename": "Crew"}, {"name": {"id": "nm1273099", "nameText": {"text": "Erik Sommers", "__typename": "NameText"}, "__typename": "Name"}, "__typename": "Crew"}, {"name": {"id": "nm0748620", "nameText": {"text": "Paul Rudd", "__typename": "NameText"}, "__typename": "Name"}, "__typename": "Crew"}], "__typename": "PrincipalCreditsForCategory"}], "isAdult": false, "moreLikeThisTitles": {"edges": [{"node": {"id": "tt0478970", "titleText": {"text": "Ant-Man", "__typename": "TitleText"}, "titleType": {"id": "movie", "text": "Movie", "canHaveEpisodes": false, "displayableProperty": {"value": {"plainText": "", "__typename": "Markdown"}, "__typename": "DisplayableTitleTypeProperty"}, "__typename": "TitleType"}, "originalTitleText": {"text": "Ant-Man", "__typename": "TitleText"}, "primaryImage": {"id": "rm124909312", "width": 488, "height": 725, "url": "https://m.media-amazon.com/images/M/MV5BMjM2NTQ5Mzc2M15BMl5BanBnXkFtZTgwNTcxMDI2NTE@._V1_.jpg", "caption": {"plainText": "Michael Douglas, Bobby Cannavale, Michael Pe\u00f1a, Paul Rudd, Corey Stoll, Mark Knapton, and Evangeline Lilly in Ant-Man (2015)", "__typename": "Markdown"}, "__typename": "Image"}, "releaseYear": {"year": 2015, "endYear": null, "__typename": "YearRange"}, "ratingsSummary": {"aggregateRating": 7.2, "voteCount": 736319, "__typename": "RatingsSummary"}, "runtime": {"seconds": 7020, "__typename": "Runtime"}, "certificate": {"rating": "UA", "__typename": "Certificate"}, "canRate": {"isRatable": true, "__typename": "CanRate"}, "titleGenres": {"genres": [{"genre": {"text": "Action", "__typename": "GenreItem"}, "__typename": "TitleGenre"}, {"genre": {"text": "Comedy", "__typename": "GenreItem"}, "__typename": "TitleGenre"}, {"genre": {"text": "Sci-Fi", "__typename": "GenreItem"}, "__typename": "TitleGenre"}], "__typename": "TitleGenres"}, "canHaveEpisodes": false, "__typename": "Title"}, "__typename": "MoreLikeThisEdge"}, {"node": {"id": "tt10954600", "titleText": {"text": "Ant-Man and the Wasp: Quantumania", "__typename": "TitleText"}, "titleType": {"id": "movie", "text": "Movie", "canHaveEpisodes": false, "displayableProperty": {"value": {"plainText": "", "__typename": "Markdown"}, "__typename": "DisplayableTitleTypeProperty"}, "__typename": "TitleType"}, "originalTitleText": {"text": "Ant-Man and the Wasp: Quantumania", "__typename": "TitleText"}, "primaryImage": {"id": "rm2331313921", "width": 1688, "height": 2500, "url": "https://m.media-amazon.com/images/M/MV5BYjRmZjI5NmUtMmI4ZC00NDQ4LTg3NzktMjg5NzQ4ZjAyYmQ3XkEyXkFqcGc@._V1_.jpg", "caption": {"plainText": "Paul Rudd, Evangeline Lilly, and Jonathan Majors in Ant-Man and the Wasp: Quantumania (2023)", "__typename": "Markdown"}, "__typename": "Image"}, "releaseYear": {"year": 2023, "endYear": null, "__typename": "YearRange"}, "ratingsSummary": {"aggregateRating": 6, "voteCount": 240218, "__typename": "RatingsSummary"}, "runtime": {"seconds": 7440, "__typename": "Runtime"}, "certificate": {"rating": "UA", "__typename": "Certificate"}, "canRate": {"isRatable": true, "__typename": "CanRate"}, "titleGenres": {"genres": [{"genre": {"text": "Action", "__typename": "GenreItem"}, "__typename": "TitleGenre"}, {"genre": {"text": "Adventure", "__typename": "GenreItem"}, "__typename": "TitleGenre"}, {"genre": {"text": "Comedy", "__typename": "GenreItem"}, "__typename": "TitleGenre"}], "__typename": "TitleGenres"}, "canHaveEpisodes": false, "__typename": "Title"}, "__typename": "MoreLikeThisEdge"}, {"node": {"id": "tt1825683", "titleText": {"text": "Black Panther", "__typename": "TitleText"}, "titleType": {"id": "movie", "text": "Movie", "canHaveEpisodes": false, "displayableProperty": {"value": {"plainText": "", "__typename": "Markdown"}, "__typename": "DisplayableTitleTypeProperty"}, "__typename": "TitleType"}, "originalTitleText": {"text": "Black Panther", "__typename": "TitleText"}, "primaryImage": {"id": "rm172972800", "width": 1382, "height": 2048, "url": "https://m.media-amazon.com/images/M/MV5BMTg1MTY2MjYzNV5BMl5BanBnXkFtZTgwMTc4NTMwNDI@._V1_.jpg", "caption": {"plainText": "Angela Bassett, Forest Whitaker, Martin Freeman, Michael B. Jordan, Andy Serkis, Chadwick Boseman, Danai Gurira, Lupita Nyong'o, Daniel Kaluuya, and Letitia Wright in Black Panther (2018)", "__typename": "Markdown"}, "__typename": "Image"}, "releaseYear": {"year": 2018, "endYear": null, "__typename": "YearRange"}, "ratingsSummary": {"aggregateRating": 7.3, "voteCount": 854575, "__typename": "RatingsSummary"}, "runtime": {"seconds": 8040, "__typename": "Runtime"}, "certificate": {"rating": "UA", "__typename": "Certificate"}, "canRate": {"isRatable": true, "__typename": "CanRate"}, "titleGenres": {"genres": [{"genre": {"text": "Action", "__typename": "GenreItem"}, "__typename": "TitleGenre"}, {"genre": {"text": "Adventure", "__typename": "GenreItem"}, "__typename": "TitleGenre"}, {"genre": {"text": "Sci-Fi", "__typename": "GenreItem"}, "__typename": "TitleGenre"}], "__typename": "TitleGenres"}, "canHaveEpisodes": false, "__typename": "Title"}, "__typename": "MoreLikeThisEdge"}, {"node": {"id": "tt1211837", "titleText": {"text": "Doctor Strange", "__typename": "TitleText"}, "titleType": {"id": "movie", "text": "Movie", "canHaveEpisodes": false, "displayableProperty": {"value": {"plainText": "", "__typename": "Markdown"}, "__typename": "DisplayableTitleTypeProperty"}, "__typename": "TitleType"}, "originalTitleText": {"text": "Doctor Strange", "__typename": "TitleText"}, "primaryImage": {"id": "rm3012758016", "width": 1382, "height": 2048, "url": "https://m.media-amazon.com/images/M/MV5BNjgwNzAzNjk1Nl5BMl5BanBnXkFtZTgwMzQ2NjI1OTE@._V1_.jpg", "caption": {"plainText": "Chiwetel Ejiofor, Mads Mikkelsen, Tilda Swinton, Benedict Wong, Rachel McAdams, and Benedict Cumberbatch in Doctor Strange (2016)", "__typename": "Markdown"}, "__typename": "Image"}, "releaseYear": {"year": 2016, "endYear": null, "__typename": "YearRange"}, "ratingsSummary": {"aggregateRating": 7.5, "voteCount": 823763, "__typename": "RatingsSummary"}, "runtime": {"seconds": 6900, "__typename": "Runtime"}, "certificate": {"rating": "UA", "__typename": "Certificate"}, "canRate": {"isRatable": true, "__typename": "CanRate"}, "titleGenres": {"genres": [{"genre": {"text": "Action", "__typename": "GenreItem"}, "__typename": "TitleGenre"}, {"genre": {"text": "Adventure", "__typename": "GenreItem"}, "__typename": "TitleGenre"}, {"genre": {"text": "Fantasy", "__typename": "GenreItem"}, "__typename": "TitleGenre"}], "__typename": "TitleGenres"}, "canHaveEpisodes": false, "__typename": "Title"}, "__typename": "MoreLikeThisEdge"}, {"node": {"id": "tt3501632", "titleText": {"text": "Thor: Ragnarok", "__typename": "TitleText"}, "titleType": {"id": "movie", "text": "Movie", "canHaveEpisodes": false, "displayableProperty": {"value": {"plainText": "", "__typename": "Markdown"}, "__typename": "DisplayableTitleTypeProperty"}, "__typename": "TitleType"}, "originalTitleText": {"text": "Thor: Ragnarok", "__typename": "TitleText"}, "primaryImage": {"id": "rm1413491712", "width": 1382, "height": 2048, "url": "https://m.media-amazon.com/images/M/MV5BMjMyNDkzMzI1OF5BMl5BanBnXkFtZTgwODcxODg5MjI@._V1_.jpg", "caption": {"plainText": "Jeff Goldblum, Anthony Hopkins, Cate Blanchett, Idris Elba, Mark Ruffalo, Tom Hiddleston, Chris Hemsworth, and Tessa Thompson in Thor: Ragnarok (2017)", "__typename": "Markdown"}, "__typename": "Image"}, "releaseYear": {"year": 2017, "endYear": null, "__typename": "YearRange"}, "ratingsSummary": {"aggregateRating": 7.9, "voteCount": 835145, "__typename": "RatingsSummary"}, "runtime": {"seconds": 7800, "__typename": "Runtime"}, "certificate": {"rating": "UA", "__typename": "Certificate"}, "canRate": {"isRatable": true, "__typename": "CanRate"}, "titleGenres": {"genres": [{"genre": {"text": "Action", "__typename": "GenreItem"}, "__typename": "TitleGenre"}, {"genre": {"text": "Adventure", "__typename": "GenreItem"}, "__typename": "TitleGenre"}, {"genre": {"text": "Comedy", "__typename": "GenreItem"}, "__typename": "TitleGenre"}], "__typename": "TitleGenres"}, "canHaveEpisodes": false, "__typename": "Title"}, "__typename": "MoreLikeThisEdge"}, {"node": {"id": "tt4154664", "titleText": {"text": "Captain Marvel", "__typename": "TitleText"}, "titleType": {"id": "movie", "text": "Movie", "canHaveEpisodes": false, "displayableProperty": {"value": {"plainText": "", "__typename": "Markdown"}, "__typename": "DisplayableTitleTypeProperty"}, "__typename": "TitleType"}, "originalTitleText": {"text": "Captain Marvel", "__typename": "TitleText"}, "primaryImage": {"id": "rm595443201", "width": 800, "height": 1200, "url": "https://m.media-amazon.com/images/M/MV5BZDAyZWQ1MDQtYzI4Ni00Zjc0LWFkMDItODZkZmY0MmM1MmVlXkEyXkFqcGc@._V1_.jpg", "caption": {"plainText": "Brie Larson in Captain Marvel (2019)", "__typename": "Markdown"}, "__typename": "Image"}, "releaseYear": {"year": 2019, "endYear": null, "__typename": "YearRange"}, "ratingsSummary": {"aggregateRating": 6.8, "voteCount": 623686, "__typename": "RatingsSummary"}, "runtime": {"seconds": 7380, "__typename": "Runtime"}, "certificate": {"rating": "UA", "__typename": "Certificate"}, "canRate": {"isRatable": true, "__typename": "CanRate"}, "titleGenres": {"genres": [{"genre": {"text": "Action", "__typename": "GenreItem"}, "__typename": "TitleGenre"}, {"genre": {"text": "Adventure", "__typename": "GenreItem"}, "__typename": "TitleGenre"}, {"genre": {"text": "Sci-Fi", "__typename": "GenreItem"}, "__typename": "TitleGenre"}], "__typename": "TitleGenres"}, "canHaveEpisodes": false, "__typename": "Title"}, "__typename": "MoreLikeThisEdge"}, {"node": {"id": "tt3896198", "titleText": {"text": "Guardians of the Galaxy Vol. 2", "__typename": "TitleText"}, "titleType": {"id": "movie", "text": "Movie", "canHaveEpisodes": false, "displayableProperty": {"value": {"plainText": "", "__typename": "Markdown"}, "__typename": "DisplayableTitleTypeProperty"}, "__typename": "TitleType"}, "originalTitleText": {"text": "Guardians of the Galaxy Vol. 2", "__typename": "TitleText"}, "primaryImage": {"id": "rm2476380417", "width": 509, "height": 755, "url": "https://m.media-amazon.com/images/M/MV5BNWE5MGI3MDctMmU5Ni00YzI2LWEzMTQtZGIyZDA5MzQzNDBhXkEyXkFqcGc@._V1_.jpg", "caption": {"plainText": "Vin Diesel, Bradley Cooper, Chris Pratt, Michael Rooker, Zoe Saldana, Dave Bautista, Karen Gillan, Pom Klementieff, and Elizabeth Debicki in Guardians of the Galaxy Vol. 2 (2017)", "__typename": "Markdown"}, "__typename": "Image"}, "releaseYear": {"year": 2017, "endYear": null, "__typename": "YearRange"}, "ratingsSummary": {"aggregateRating": 7.6, "voteCount": 776660, "__typename": "RatingsSummary"}, "runtime": {"seconds": 8160, "__typename": "Runtime"}, "certificate": {"rating": "UA", "__typename": "Certificate"}, "canRate": {"isRatable": true, "__typename": "CanRate"}, "titleGenres": {"genres": [{"genre": {"text": "Action", "__typename": "GenreItem"}, "__typename": "TitleGenre"}, {"genre": {"text": "Adventure", "__typename": "GenreItem"}, "__typename": "TitleGenre"}, {"genre": {"text": "Comedy", "__typename": "GenreItem"}, "__typename": "TitleGenre"}], "__typename": "TitleGenres"}, "canHaveEpisodes": false, "__typename": "Title"}, "__typename": "MoreLikeThisEdge"}, {"node": {"id": "tt1843866", "titleText": {"text": "Captain America: The Winter Soldier", "__typename": "TitleText"}, "titleType": {"id": "movie", "text": "Movie", "canHaveEpisodes": false, "displayableProperty": {"value": {"plainText": "", "__typename": "Markdown"}, "__typename": "DisplayableTitleTypeProperty"}, "__typename": "TitleType"}, "originalTitleText": {"text": "Captain America: The Winter Soldier", "__typename": "TitleText"}, "primaryImage": {"id": "rm2140891905", "width": 575, "height": 764, "url": "https://m.media-amazon.com/images/M/MV5BZWE0YWUyNTItNzdlNi00ODFmLTg1ZmEtMmJhNWI3OGRmNmMwXkEyXkFqcGc@._V1_.jpg", "caption": {"plainText": "Captain America: The Winter Soldier (2014)", "__typename": "Markdown"}, "__typename": "Image"}, "releaseYear": {"year": 2014, "endYear": null, "__typename": "YearRange"}, "ratingsSummary": {"aggregateRating": 7.7, "voteCount": 915487, "__typename": "RatingsSummary"}, "runtime": {"seconds": 8160, "__typename": "Runtime"}, "certificate": {"rating": "UA", "__typename": "Certificate"}, "canRate": {"isRatable": true, "__typename": "CanRate"}, "titleGenres": {"genres": [{"genre": {"text": "Action", "__typename": "GenreItem"}, "__typename": "TitleGenre"}, {"genre": {"text": "Adventure", "__typename": "GenreItem"}, "__typename": "TitleGenre"}, {"genre": {"text": "Sci-Fi", "__typename": "GenreItem"}, "__typename": "TitleGenre"}], "__typename": "TitleGenres"}, "canHaveEpisodes": false, "__typename": "Title"}, "__typename": "MoreLikeThisEdge"}, {"node": {"id": "tt3498820", "titleText": {"text": "Captain America: Civil War", "__typename": "TitleText"}, "titleType": {"id": "movie", "text": "Movie", "canHaveEpisodes": false, "displayableProperty": {"value": {"plainText": "", "__typename": "Markdown"}, "__typename": "DisplayableTitleTypeProperty"}, "__typename": "TitleType"}, "originalTitleText": {"text": "Captain America: Civil War", "__typename": "TitleText"}, "primaryImage": {"id": "rm3218348288", "width": 1382, "height": 2048, "url": "https://m.media-amazon.com/images/M/MV5BMjQ0MTgyNjAxMV5BMl5BanBnXkFtZTgwNjUzMDkyODE@._V1_.jpg", "caption": {"plainText": "Don Cheadle, Robert Downey Jr., Paul Bettany, Chris Evans, Scarlett Johansson, Elizabeth Olsen, Jeremy Renner, Anthony Mackie, Chadwick Boseman, and Sebastian Stan in Captain America: Civil War (2016)", "__typename": "Markdown"}, "__typename": "Image"}, "releaseYear": {"year": 2016, "endYear": null, "__typename": "YearRange"}, "ratingsSummary": {"aggregateRating": 7.8, "voteCount": 869400, "__typename": "RatingsSummary"}, "runtime": {"seconds": 8820, "__typename": "Runtime"}, "certificate": {"rating": "UA", "__typename": "Certificate"}, "canRate": {"isRatable": true, "__typename": "CanRate"}, "titleGenres": {"genres": [{"genre": {"text": "Action", "__typename": "GenreItem"}, "__typename": "TitleGenre"}, {"genre": {"text": "Sci-Fi", "__typename": "GenreItem"}, "__typename": "TitleGenre"}], "__typename": "TitleGenres"}, "canHaveEpisodes": false, "__typename": "Title"}, "__typename": "MoreLikeThisEdge"}, {"node": {"id": "tt1981115", "titleText": {"text": "Thor: The Dark World", "__typename": "TitleText"}, "titleType": {"id": "movie", "text": "Movie", "canHaveEpisodes": false, "displayableProperty": {"value": {"plainText": "", "__typename": "Markdown"}, "__typename": "DisplayableTitleTypeProperty"}, "__typename": "TitleType"}, "originalTitleText": {"text": "Thor: The Dark World", "__typename": "TitleText"}, "primaryImage": {"id": "rm1847122688", "width": 770, "height": 1100, "url": "https://m.media-amazon.com/images/M/MV5BMTQyNzAwOTUxOF5BMl5BanBnXkFtZTcwMTE0OTc5OQ@@._V1_.jpg", "caption": {"plainText": "Anthony Hopkins, Natalie Portman, Christopher Eccleston, Tadanobu Asano, Idris Elba, Ray Stevenson, Tom Hiddleston, Zachary Levi, Chris Hemsworth, and Jaimie Alexander in Thor: The Dark World (2013)", "__typename": "Markdown"}, "__typename": "Image"}, "releaseYear": {"year": 2013, "endYear": null, "__typename": "YearRange"}, "ratingsSummary": {"aggregateRating": 6.7, "voteCount": 737737, "__typename": "RatingsSummary"}, "runtime": {"seconds": 6720, "__typename": "Runtime"}, "certificate": {"rating": "UA", "__typename": "Certificate"}, "canRate": {"isRatable": true, "__typename": "CanRate"}, "titleGenres": {"genres": [{"genre": {"text": "Action", "__typename": "GenreItem"}, "__typename": "TitleGenre"}, {"genre": {"text": "Adventure", "__typename": "GenreItem"}, "__typename": "TitleGenre"}, {"genre": {"text": "Fantasy", "__typename": "GenreItem"}, "__typename": "TitleGenre"}], "__typename": "TitleGenres"}, "canHaveEpisodes": false, "__typename": "Title"}, "__typename": "MoreLikeThisEdge"}, {"node": {"id": "tt0800369", "titleText": {"text": "Thor", "__typename": "TitleText"}, "titleType": {"id": "movie", "text": "Movie", "canHaveEpisodes": false, "displayableProperty": {"value": {"plainText": "", "__typename": "Markdown"}, "__typename": "DisplayableTitleTypeProperty"}, "__typename": "TitleType"}, "originalTitleText": {"text": "Thor", "__typename": "TitleText"}, "primaryImage": {"id": "rm3272546304", "width": 800, "height": 1186, "url": "https://m.media-amazon.com/images/M/MV5BNjRhNGZjZjEtYTQzYS00OWUxLThjNGEtMTIwMTE2ZDFlZTZkXkEyXkFqcGc@._V1_.jpg", "caption": {"plainText": "Anthony Hopkins, Natalie Portman, Idris Elba, Tom Hiddleston, and Chris Hemsworth in Thor (2011)", "__typename": "Markdown"}, "__typename": "Image"}, "releaseYear": {"year": 2011, "endYear": null, "__typename": "YearRange"}, "ratingsSummary": {"aggregateRating": 7, "voteCount": 915873, "__typename": "RatingsSummary"}, "runtime": {"seconds": 6900, "__typename": "Runtime"}, "certificate": {"rating": "UA", "__typename": "Certificate"}, "canRate": {"isRatable": true, "__typename": "CanRate"}, "titleGenres": {"genres": [{"genre": {"text": "Action", "__typename": "GenreItem"}, "__typename": "TitleGenre"}, {"genre": {"text": "Fantasy", "__typename": "GenreItem"}, "__typename": "TitleGenre"}], "__typename": "TitleGenres"}, "canHaveEpisodes": false, "__typename": "Title"}, "__typename": "MoreLikeThisEdge"}, {"node": {"id": "tt2395427", "titleText": {"text": "Avengers: Age of Ultron", "__typename": "TitleText"}, "titleType": {"id": "movie", "text": "Movie", "canHaveEpisodes": false, "displayableProperty": {"value": {"plainText": "", "__typename": "Markdown"}, "__typename": "DisplayableTitleTypeProperty"}, "__typename": "TitleType"}, "originalTitleText": {"text": "Avengers: Age of Ultron", "__typename": "TitleText"}, "primaryImage": {"id": "rm4050576640", "width": 864, "height": 1280, "url": "https://m.media-amazon.com/images/M/MV5BODBhYTg1NGQtNGVmNS00ZTdiLThjYTYtZDFkNzRiNTZmNDZjXkEyXkFqcGc@._V1_.jpg", "caption": {"plainText": "Samuel L. Jackson, Robert Downey Jr., James Spader, Paul Bettany, Chris Evans, Scarlett Johansson, Elizabeth Olsen, Jeremy Renner, Mark Ruffalo, Aaron Taylor-Johnson, and Chris Hemsworth in Avengers: Age of Ultron (2015)", "__typename": "Markdown"}, "__typename": "Image"}, "releaseYear": {"year": 2015, "endYear": null, "__typename": "YearRange"}, "ratingsSummary": {"aggregateRating": 7.3, "voteCount": 940778, "__typename": "RatingsSummary"}, "runtime": {"seconds": 8460, "__typename": "Runtime"}, "certificate": {"rating": "UA", "__typename": "Certificate"}, "canRate": {"isRatable": true, "__typename": "CanRate"}, "titleGenres": {"genres": [{"genre": {"text": "Action", "__typename": "GenreItem"}, "__typename": "TitleGenre"}, {"genre": {"text": "Adventure", "__typename": "GenreItem"}, "__typename": "TitleGenre"}, {"genre": {"text": "Sci-Fi", "__typename": "GenreItem"}, "__typename": "TitleGenre"}], "__typename": "TitleGenres"}, "canHaveEpisodes": false, "__typename": "Title"}, "__typename": "MoreLikeThisEdge"}], "__typename": "MoreLikeThisConnection"}, "triviaTotal": {"total": 121, "__typename": "TriviaConnection"}, "trivia": {"edges": [{"node": {"text": {"plaidHtml": "<a class=\"ipc-md-link ipc-md-link--entity\" href=\"/name/nm0748620/?ref_=tt_dyk_trv\">Paul Rudd</a> really did learn close up magic for this movie. &quot;I really did learn some of the magic. I haven&#39;t really kept it up. But then again, trying to learn to be really good at magic in a short amount of time is like trying to learn violin in a short amount of time.&quot;", "__typename": "Markdown"}, "trademark": null, "relatedNames": null, "__typename": "TitleTrivia"}, "__typename": "TriviaEdge"}], "__typename": "TriviaConnection"}, "goofsTotal": {"total": 21, "__typename": "GoofConnection"}, "goofs": {"edges": [{"node": {"text": {"plaidHtml": "When cars change size during chase, their speed is unaffected. This is inaccurate as their wheels are now much smaller but keep their angular speed which is determined by the engine. So, linear speed is greatly reduced; as much as the radius of the wheels.", "__typename": "Markdown"}, "__typename": "Goof"}, "__typename": "GoofEdge"}], "__typename": "GoofConnection"}, "quotesTotal": {"total": 94, "__typename": "TitleQuoteConnection"}, "quotes": {"edges": [{"node": {"lines": [{"characters": [{"character": "Scott Lang", "name": {"id": "nm0748620", "__typename": "Name"}, "__typename": "TitleQuoteCharacter"}], "text": null, "stageDirection": "shrunk down to a child's size; runs into Pym's car after going undercover in a school", "__typename": "TitleQuoteLine"}, {"characters": [{"character": "Dr. Hank Pym", "name": {"id": "nm0000140", "__typename": "Name"}, "__typename": "TitleQuoteCharacter"}], "text": "Hiya, champ, how was school today?", "stageDirection": null, "__typename": "TitleQuoteLine"}, {"characters": [{"character": "Scott Lang", "name": {"id": "nm0748620", "__typename": "Name"}, "__typename": "TitleQuoteCharacter"}], "text": "Aw, ha ha ha! Alright, get your jokes out now, can you fix the suit?", "stageDirection": null, "__typename": "TitleQuoteLine"}, {"characters": [{"character": "Hope van Dyne", "name": {"id": "nm1431940", "__typename": "Name"}, "__typename": "TitleQuoteCharacter"}], "text": "So cranky.", "stageDirection": null, "__typename": "TitleQuoteLine"}, {"characters": [{"character": "Dr. Hank Pym", "name": {"id": "nm0000140", "__typename": "Name"}, "__typename": "TitleQuoteCharacter"}], "text": "You want a juice box and some string cheese?", "stageDirection": null, "__typename": "TitleQuoteLine"}, {"characters": [{"character": "Scott Lang", "name": {"id": "nm0748620", "__typename": "Name"}, "__typename": "TitleQuoteCharacter"}], "text": "Do you really have that?", "stageDirection": null, "__typename": "TitleQuoteLine"}], "__typename": "TitleQuote"}, "__typename": "TitleQuoteEdge"}], "__typename": "TitleQuoteConnection"}, "crazyCredits": {"edges": [{"node": {"text": {"plaidHtml": "SPOILER: There is a scene in the closing credits: while Scott is in the Quantum Realm, the Pym family gets erased (due to Thanos&#39;s efforts in <a class=\"ipc-md-link ipc-md-link--entity\" href=\"/title/tt4154756/?tt_dyk_cc\">Avengers: Infinity War (2018)</a>), leaving him trapped. This leads into <a class=\"ipc-md-link ipc-md-link--entity\" href=\"/title/tt4154796/?tt_dyk_cc\">Avengers: Endgame (2019)</a>.<br/><br/>Following this, there is a statement at the end of the closing credits: &quot;Ant-Man and the Wasp will return&quot;.", "__typename": "Markdown"}, "__typename": "CrazyCredit"}, "__typename": "CrazyCreditEdge"}], "__typename": "CrazyCreditConnection"}, "alternateVersions": {"total": 0, "edges": [], "__typename": "AlternateVersionConnection"}, "connections": {"edges": [{"node": {"associatedTitle": {"id": "tt26315902", "releaseYear": {"year": 2023, "__typename": "YearRange"}, "titleText": {"text": "Ant-Man", "__typename": "TitleText"}, "originalTitleText": {"text": "Ant-Man", "__typename": "TitleText"}, "series": {"series": {"titleText": {"text": "Marvel Studios: Legends", "__typename": "TitleText"}, "originalTitleText": {"text": "Marvel Studios: Legends", "__typename": "TitleText"}, "__typename": "Title"}, "__typename": "Series"}, "__typename": "Title"}, "category": {"text": "Edited into", "__typename": "TitleConnectionCategory"}, "__typename": "TitleConnection"}, "__typename": "TitleConnectionEdge"}], "__typename": "TitleConnectionConnection"}, "soundtrack": {"edges": [{"node": {"text": "Come On Get Happy", "comments": [{"plaidHtml": "Written by <a class=\"ipc-md-link ipc-md-link--entity\" href=\"/name/nm0268363/?ref_=tt_dyk_snd\">Wes Farrell</a> and <a class=\"ipc-md-link ipc-md-link--entity\" href=\"/name/nm0418146/?ref_=tt_dyk_snd\">Danny Janssen</a>", "__typename": "Markdown"}, {"plaidHtml": "Performed by <a class=\"ipc-md-link ipc-md-link--entity\" href=\"/name/nm0144180/?ref_=tt_dyk_snd\">David Cassidy</a>", "__typename": "Markdown"}, {"plaidHtml": "Courtesy of Sony Pictures Television Inc.", "__typename": "Markdown"}, {"plaidHtml": "Under license from Sony Pictures Music Group", "__typename": "Markdown"}], "__typename": "Track"}, "__typename": "SoundtrackEdge"}], "__typename": "SoundtrackConnection"}, "titleText": {"text": "Ant-Man and the Wasp", "__typename": "TitleText"}, "originalTitleText": {"text": "Ant-Man and the Wasp", "__typename": "TitleText"}, "releaseYear": {"year": 2018, "__typename": "YearRange"}, "reviews": {"total": 1082, "__typename": "ReviewsConnection"}, "featuredReviews": {"edges": [{"node": {"id": "rw4448088", "author": {"nickName": "Platypuschow", "userId": "ur57590728", "__typename": "UserProfile"}, "summary": {"originalText": "Ant-Man and the Wasp: On par sequel", "__typename": "ReviewSummary"}, "text": {"originalText": {"plaidHtml": "I love what Marvel have done in the creation of their &quot;Universe&quot; it&#39;s an overwhelming triumph and despite my fears they managed to slot Antman in there perfectly back in 2015.<br/><br/>A heavily comedic character is was heavy on charm, humour and elevated by a fantastic charm. Truth be told I found myself really hyped for the second movie, more than any other (Except GotG).<br/><br/>With every cast member both big and small returning a fantastic villian and the one and only Laurence Fishburne, the stars were aligning for another fantastic addition to the universe. And it is................kind of.<br/><br/>Regarding the previous films I&#39;ve enjoyed them all with the exception of two. I didn&#39;t see the appeal in Dr Strange and thought that Black Panther was one of the most overrated movies in the history of the industry.<br/><br/>Antman 2 delivers, it does just not to the extent I hoped. Rudd, Lilly and Douglas are excellent once again and the story is fantastic though I think much of the impact of some of the story is highly lacking.<br/><br/>Our new villian delivered more than I&#39;d ever expected, Pfeiffer was a great addition and Pena managed to annoy me less than usual!<br/><br/>The first movie got a solid 7/10 from me and this sequel is recieving the same. What that means is I consider it a good film, it&#39;s just not exactly groundbreaking stuff. I feel the movie played it a tad safe and didn&#39;t meet its potential.<br/><br/>Regardless it&#39;s funny, it&#39;s action packed and it&#39;s likeable and therefore it&#39;s another Marvel success in my book.<br/><br/>The Good:<br/><br/>Incredible cast<br/><br/>Genuine laughs<br/><br/>Fits into the universe well<br/><br/>The Bad:<br/><br/>I still don&#39;t like Pena<br/><br/>Some of the impact was lost<br/><br/>Bit generic<br/><br/>Things I Learnt From This Movie:<br/><br/>Lilly is a very clever actress who picks her roles well<br/><br/>Someone still needs to explain to me how they do that age regression thing sfx<br/><br/>Walton Goggins has friends in high places<br/><br/>The size shifting has all kinds of bedroom possibilities<br/><br/>Truth serum IS a thing", "__typename": "Markdown"}, "__typename": "ReviewText"}, "authorRating": 7, "submissionDate": "2018-11-09", "helpfulness": {"upVotes": 67, "downVotes": 31, "__typename": "ReviewHelpfulness"}, "__typename": "Review"}, "__typename": "ReviewEdge"}], "__typename": "ReviewsConnection"}, "canRate": {"isRatable": true, "__typename": "CanRate"}, "iframeAddReviewLink": {"url": "https://contribute.imdb.com/review/tt5095030/add?bus=imdb&return_url=https%3A%2F%2Fwww.imdb.com%2Fclose_me&site=web", "__typename": "ContributionLink"}, "topQuestions": {"total": 20, "edges": [{"node": {"attributeId": "run-time", "question": {"plainText": "How long is Ant-Man and the Wasp?", "__typename": "Markdown"}, "__typename": "AlexaQuestion"}, "__typename": "AlexaQuestionEdge"}], "__typename": "AlexaQuestionConnection"}, "faqs": {"total": 0, "edges": [], "__typename": "FaqConnection"}, "releaseDate": {"day": 13, "month": 7, "year": 2018, "country": {"id": "IN", "text": "India", "__typename": "LocalizedDisplayableCountry"}, "__typename": "ReleaseDate"}, "countriesOfOrigin": {"countries": [{"id": "US", "text": "United States", "__typename": "CountryOfOrigin"}, {"id": "CA", "text": "Canada", "__typename": "CountryOfOrigin"}], "__typename": "CountriesOfOrigin"}, "detailsExternalLinks": {"edges": [{"node": {"url": "http://marvel.com/movies/movie/245/ant-man_and_the_wasp", "label": "Marvel", "externalLinkRegion": {"text": "United States", "__typename": "DisplayableCountry"}, "__typename": "ExternalLink"}, "__typename": "ExternalLinkEdge"}, {"node": {"url": "http://marvel.com/antman", "label": "Official Site", "externalLinkRegion": null, "__typename": "ExternalLink"}, "__typename": "ExternalLinkEdge"}], "total": 6, "__typename": "ExternalLinkConnection"}, "spokenLanguages": {"spokenLanguages": [{"id": "en", "text": "English", "__typename": "SpokenLanguage"}, {"id": "es", "text": "Spanish", "__typename": "SpokenLanguage"}, {"id": "fr", "text": "French", "__typename": "SpokenLanguage"}], "__typename": "SpokenLanguages"}, "akas": {"edges": [{"node": {"text": "El hombre hormiga y La avispa", "__typename": "Aka"}, "__typename": "AkaEdge"}], "__typename": "AkaConnection"}, "filmingLocations": {"edges": [{"node": {"text": "San Francisco, California, USA", "location": "San Francisco, California, USA", "attributes": [], "__typename": "FilmingLocation"}, "__typename": "FilmingLocationEdge"}], "total": 21, "__typename": "FilmingLocationConnection"}, "production": {"edges": [{"node": {"company": {"id": "co0051941", "companyText": {"text": "Marvel Studios", "__typename": "CompanyText"}, "__typename": "Company"}, "__typename": "CompanyCredit"}, "__typename": "CompanyCreditEdge"}, {"node": {"company": {"id": "co0016350", "companyText": {"text": "Canadian Film or Video Production Tax Credit (CPTC)", "__typename": "CompanyText"}, "__typename": "Company"}, "__typename": "CompanyCredit"}, "__typename": "CompanyCreditEdge"}, {"node": {"company": {"id": "co0737723", "companyText": {"text": "The Province of Ontario", "__typename": "CompanyText"}, "__typename": "Company"}, "__typename": "CompanyCredit"}, "__typename": "CompanyCreditEdge"}], "__typename": "CompanyCreditConnection"}, "companies": {"total": 179, "__typename": "CompanyCreditConnection"}, "productionBudget": {"budget": {"amount": 162000000, "currency": "USD", "__typename": "Money"}, "__typename": "ProductionBudget"}, "lifetimeGross": {"total": {"amount": 216648740, "currency": "USD", "__typename": "Money"}, "__typename": "BoxOfficeGross"}, "openingWeekendGross": {"gross": {"total": {"amount": 75812205, "currency": "USD", "__typename": "Money"}, "__typename": "BoxOfficeGross"}, "weekendEndDate": "2018-07-08", "__typename": "OpeningWeekendGross"}, "worldwideGross": {"total": {"amount": 622674139, "currency": "USD", "__typename": "Money"}, "__typename": "BoxOfficeGross"}, "technicalSpecifications": {"soundMixes": {"items": [{"id": "12_track_digital sound", "text": "12-Track Digital Sound", "attributes": [], "__typename": "SoundMix"}, {"id": "dolby_surround 7.1", "text": "Dolby Surround 7.1", "attributes": [], "__typename": "SoundMix"}, {"id": "imax_6_track", "text": "IMAX 6-Track", "attributes": [], "__typename": "SoundMix"}, {"id": "dolby_atmos", "text": "Dolby Atmos", "attributes": [], "__typename": "SoundMix"}, {"id": "auro_11.1", "text": "Auro 11.1", "attributes": [], "__typename": "SoundMix"}], "__typename": "SoundMixes"}, "aspectRatios": {"items": [{"aspectRatio": "2.39 : 1", "attributes": [], "__typename": "AspectRatio"}], "__typename": "AspectRatios"}, "colorations": {"items": [], "__typename": "Colorations"}, "__typename": "TechnicalSpecifications"}, "runtime": {"seconds": 7080, "__typename": "Runtime"}, "series": null, "canHaveEpisodes": false, "contributionQuestions": {"contributionLink": {"url": "https://contribute.imdb.com/answers", "__typename": "ContributionQuestionsLink"}, "edges": [], "__typename": "QuestionConnection"}, "__typename": "Title"}}