{"ok": true, "error_code": 200, "description": "", "short": {"@context": "https://schema.org", "@type": "Movie", "url": "https://www.imdb.com/title/tt5116302/", "name": "Togo", "image": "https://m.media-amazon.com/images/M/MV5BZDU2YmExNjctNWViMy00MDc3LTliMjYtYjQ4ZTU4Mzg4YWQ3XkEyXkFqcGc@._V1_.jpg", "description": "The story of Togo, the sled dog who led the 1925 serum run despite being considered too small and weak to lead such an intense race.", "review": {"@type": "Review", "itemReviewed": {"@type": "Movie", "url": "https://www.imdb.com/title/tt5116302/"}, "author": {"@type": "Person", "name": "apatil4"}, "dateCreated": "2019-12-21", "inLanguage": "English", "name": "He is not a sled dog, he&apos;s the lead dog", "reviewBody": "So let me guess if you have ever been a pet owner, I&apos;m sorry, a dog owner and watch this movie you will probably cry like in every 10 minutes, maybe five", "reviewRating": {"@type": "Rating", "worstRating": 1, "bestRating": 10, "ratingValue": 10}}, "aggregateRating": {"@type": "AggregateRating", "ratingCount": 57401, "bestRating": 10, "worstRating": 1, "ratingValue": 7.9}, "contentRating": "U", "genre": ["Adventure", "Biography", "Drama"], "datePublished": "2020-04-03", "keywords": "1920s,dog,sled dog,nome alaska,alaska", "trailer": {"@type": "VideoObject", "name": "Official Trailer", "embedUrl": "https://www.imdb.com/video/imdb/vi3426467609", "thumbnail": {"@type": "ImageObject", "contentUrl": "https://m.media-amazon.com/images/M/MV5BMGFlMGNhZmItNWI1OC00YjBlLThlZDItMmNhZTEzYjJlYjFhXkEyXkFqcGdeQXRyYW5zY29kZS13b3JrZmxvdw@@._V1_.jpg"}, "thumbnailUrl": "https://m.media-amazon.com/images/M/MV5BMGFlMGNhZmItNWI1OC00YjBlLThlZDItMmNhZTEzYjJlYjFhXkEyXkFqcGdeQXRyYW5zY29kZS13b3JrZmxvdw@@._V1_.jpg", "url": "https://www.imdb.com/video/vi3426467609/", "description": "&apos;Togo&apos; is the untold true story set in the winter of 1925 that treks across the terrain of the Alaskan tundra for adventure that will test the strength, courage and determination of one man, Leonhard Seppala, and his lead sled dog, Togo.", "duration": "PT2M20S", "uploadDate": "2019-12-04T16:28:31.484Z"}, "actor": [{"@type": "Person", "url": "https://www.imdb.com/name/nm0000353/", "name": "Willem Dafoe"}, {"@type": "Person", "url": "https://www.imdb.com/name/nm0629855/", "name": "Julianne Nicholson"}, {"@type": "Person", "url": "https://www.imdb.com/name/nm0382216/", "name": "Christopher Heyerdahl"}], "director": [{"@type": "Person", "url": "https://www.imdb.com/name/nm0179697/", "name": "Ericson Core"}], "creator": [{"@type": "Organization", "url": "https://www.imdb.com/company/co0044374/"}, {"@type": "Organization", "url": "https://www.imdb.com/company/co0008970/"}, {"@type": "Person", "url": "https://www.imdb.com/name/nm0002368/", "name": "Tom Flynn"}], "duration": "PT1H53M"}, "imdbId": "tt5116302", "top": {"id": "tt5116302", "productionStatus": {"currentProductionStage": {"id": "released", "text": "Released", "__typename": "ProductionStage"}, "productionStatusHistory": [{"status": {"id": "optioned_property", "text": "Optioned Property", "__typename": "ProductionStatus"}, "__typename": "ProductionStatusHistory"}, {"status": {"id": "optioned_property", "text": "Optioned Property", "__typename": "ProductionStatus"}, "__typename": "ProductionStatusHistory"}, {"status": {"id": "optioned_property", "text": "Optioned Property", "__typename": "ProductionStatus"}, "__typename": "ProductionStatusHistory"}, {"status": {"id": "optioned_property", "text": "Optioned Property", "__typename": "ProductionStatus"}, "__typename": "ProductionStatusHistory"}, {"status": {"id": "pre_production", "text": "Pre-production", "__typename": "ProductionStatus"}, "__typename": "ProductionStatusHistory"}, {"status": {"id": "filming", "text": "Filming", "__typename": "ProductionStatus"}, "__typename": "ProductionStatusHistory"}, {"status": {"id": "post_production", "text": "Post-production", "__typename": "ProductionStatus"}, "__typename": "ProductionStatusHistory"}, {"status": {"id": "released", "text": "Released", "__typename": "ProductionStatus"}, "__typename": "ProductionStatusHistory"}], "restriction": null, "__typename": "ProductionStatusDetails"}, "canHaveEpisodes": false, "series": null, "titleText": {"text": "Togo", "__typename": "TitleText"}, "titleType": {"displayableProperty": {"value": {"plainText": "", "__typename": "Markdown"}, "__typename": "DisplayableTitleTypeProperty"}, "text": "Movie", "id": "movie", "isSeries": false, "isEpisode": false, "categories": [{"value": "movie", "__typename": "TitleTypeCategory"}], "canHaveEpisodes": false, "__typename": "TitleType"}, "originalTitleText": {"text": "Togo", "__typename": "TitleText"}, "certificate": {"rating": "U", "__typename": "Certificate"}, "releaseYear": {"year": 2019, "endYear": null, "__typename": "YearRange"}, "releaseDate": {"day": 3, "month": 4, "year": 2020, "__typename": "ReleaseDate"}, "runtime": {"seconds": 6780, "displayableProperty": {"value": {"plainText": "1h 53m", "__typename": "Markdown"}, "__typename": "DisplayableTitleRuntimeProperty"}, "__typename": "Runtime"}, "canRate": {"isRatable": true, "__typename": "CanRate"}, "ratingsSummary": {"aggregateRating": 7.9, "voteCount": 57401, "__typename": "RatingsSummary"}, "meterRanking": null, "primaryImage": {"id": "rm1743487489", "width": 1089, "height": 1606, "url": "https://m.media-amazon.com/images/M/MV5BZDU2YmExNjctNWViMy00MDc3LTliMjYtYjQ4ZTU4Mzg4YWQ3XkEyXkFqcGc@._V1_.jpg", "caption": {"plainText": "Willem Dafoe in Togo (2019)", "__typename": "Markdown"}, "__typename": "Image"}, "images": {"total": 394, "edges": [{"node": {"id": "rm1409319425", "__typename": "Image"}, "__typename": "ImageEdge"}], "__typename": "ImageConnection"}, "videos": {"total": 8, "__typename": "TitleRelatedVideosConnection"}, "primaryVideos": {"edges": [{"node": {"id": "vi3426467609", "createdDate": "2019-12-04T16:28:31.484Z", "isMature": false, "runtime": {"value": 140, "__typename": "VideoRuntime"}, "name": {"value": "Official Trailer", "language": "en", "__typename": "LocalizedString"}, "description": {"value": "'Togo' is the untold true story set in the winter of 1925 that treks across the terrain of the Alaskan tundra for adventure that will test the strength, courage and determination of one man, Leonhard Seppala, and his lead sled dog, Togo.", "language": "en", "__typename": "LocalizedString"}, "timedTextTracks": [], "recommendedTimedTextTrack": null, "thumbnail": {"url": "https://m.media-amazon.com/images/M/MV5BMGFlMGNhZmItNWI1OC00YjBlLThlZDItMmNhZTEzYjJlYjFhXkEyXkFqcGdeQXRyYW5zY29kZS13b3JrZmxvdw@@._V1_.jpg", "height": 960, "width": 1920, "__typename": "Thumbnail"}, "primaryTitle": {"id": "tt5116302", "titleText": {"text": "Togo", "__typename": "TitleText"}, "originalTitleText": {"text": "Togo", "__typename": "TitleText"}, "releaseYear": {"year": 2019, "__typename": "YearRange"}, "__typename": "Title"}, "playbackURLs": [{"displayName": {"value": "480p", "language": "en-US", "__typename": "LocalizedString"}, "videoMimeType": "MP4", "videoDefinition": "DEF_480p", "url": "https://imdb-video.media-imdb.com/vi3426467609/1434659607842-pgv4ql-1575476912150.mp4?Expires=1730927116&Signature=TJ4J2nzQAaCccd5dNVl7F35bl4Muv~1Wcgan9ywMen3e5scVjUB2Q54mxRGMSv4Pxksp0KVe3XR6m6pllcBXhaBx~4-OdmYu0iwwMmyueFpRAYHeFcVdjzT44ShxXWp~kxgEZZJcgfhRDfpWMuSyFhBVJMh0fPxIqR~ze0OKErKlYU3YcV3CbThZX1dFh4de2ML8H7t-r3aOP~eOPHzIYCaaCMtggl9uZp7gS9SEARr7QLYrSmVvovceFP8G~L1DsvS4PR0awtIYn21WEmFOKJX9KhCySAOUXt-DwcIMacqJCscgaDsZj5FjoTu8q59RbIAUCbtAbwR4719cqi0UBQ__&Key-Pair-Id=APKAIFLZBVQZ24NQH3KA", "__typename": "PlaybackURL"}, {"displayName": {"value": "SD", "language": "en-US", "__typename": "LocalizedString"}, "videoMimeType": "MP4", "videoDefinition": "DEF_SD", "url": "https://imdb-video.media-imdb.com/vi3426467609/1434659454657-dx9ykf-1575476912150.mp4?Expires=1730927116&Signature=DNY0VvbAPbbIgGanwAhzAaXAeGlZb~58~~hgu0D3x8WT3mcML0telwppTKxFmnVtEBPacHG3RMqYnkr8-J9GWbYKgReWbh1f~6OkDUMnPnpSAnKfBn1fElWcCZh5vuYoqmeEhSss-zO4Oe~~3tnmbyo4RWs8EdvEi5vMBFEo1MD7qQJahGIAxrf6ixcYFxBvqQvL9~UW-Uf-qEiBN7BaOM321F-smo5jZcKMG3rhNKp8P3B63Nw6OH5Qw4GZs9Zb1zDSJ3V1ZVkXrjvP4JDDXb5jNsQmLO-d1hiN2d3BVphqN6P4aagk3YmjS9ocb0HfDrJJzqZmKbahqHKvZNPH5w__&Key-Pair-Id=APKAIFLZBVQZ24NQH3KA", "__typename": "PlaybackURL"}], "contentType": {"id": "amzn1.imdb.video.contenttype.trailer", "displayName": {"value": "Trailer", "__typename": "LocalizedString"}, "__typename": "VideoContentType"}, "previewURLs": [{"displayName": {"value": "AUTO", "language": "en-US", "__typename": "LocalizedString"}, "videoMimeType": "M3U8", "videoDefinition": "DEF_AUTO", "url": "https://imdb-video.media-imdb.com/vi3426467609/hls-preview-60f969ee-8e5f-4bb9-9ceb-5f4d13fd3381.m3u8?Expires=1730927116&Signature=TbG-RodROAHiRuNdkXSVxpsNm1Lru6lak6bZInZcz7pqLf0-00xagDhBXSRAsoXGyYJN45Hqo4N0f1ULOZFkYYMpoc3v6qqVDdxMxT8cY56rEpsMZOrMNFiwBGvFJkT~UAAF~Dr6bRLpDs88HKjQrwmvLLEVunI9AINXNXkLmkuaajasLyVx4Fp6fJA8S3z3cwtavED7Q0uzspm3~hpEJzmdbT5N2p5uH7hUGy6janOwzRCaCmT58rNEct6UICHE4AAYNmfX~1wWpM7G6RZXavWl~fCAiL87JA4H669fzJIPU18FCl~7K1T1cmXA2lDcPnS6~GvkWdhzVSMaTVbrNA__&Key-Pair-Id=APKAIFLZBVQZ24NQH3KA", "__typename": "PlaybackURL"}], "__typename": "Video"}, "__typename": "VideoEdge"}, {"node": {"id": "vi2403188505", "createdDate": "2019-12-05T17:05:57.156Z", "isMature": false, "runtime": {"value": 141, "__typename": "VideoRuntime"}, "name": {"value": "Togo", "language": "en", "__typename": "LocalizedString"}, "description": {"value": "Trailer 1", "language": "en", "__typename": "LocalizedString"}, "timedTextTracks": [], "recommendedTimedTextTrack": null, "thumbnail": {"url": "https://m.media-amazon.com/images/M/MV5BMzUyMGRkMDgtOTlmMi00M2E3LWE1NTktYjExNjUzMDg1NGQyXkEyXkFqcGdeQTNwaW5nZXN0._V1_.jpg", "height": 1080, "width": 1920, "__typename": "Thumbnail"}, "primaryTitle": {"id": "tt5116302", "titleText": {"text": "Togo", "__typename": "TitleText"}, "originalTitleText": {"text": "Togo", "__typename": "TitleText"}, "releaseYear": {"year": 2019, "__typename": "YearRange"}, "__typename": "Title"}, "playbackURLs": [{"displayName": {"value": "480p", "language": "en-US", "__typename": "LocalizedString"}, "videoMimeType": "MP4", "videoDefinition": "DEF_480p", "url": "https://imdb-video.media-imdb.com/vi2403188505/1434659607842-pgv4ql-1576712769461.mp4?Expires=1730927116&Signature=BKdvY-xI-2rn-znUx10pk6ScvbHknU--muXgrJaab5d4EHjTaXpV1Bfww4kXY1BJV54tFnuZ6We5jtkGWCz01MOQc1zAl4MnJmPRFOIEBdoJIiQE~mItAv79MgZsPwZSf~7HW9dZYNviUCL3tE52aOsMun88xlYPsrnX5zzGsJ-1ojfPp3ulDvou5hKkq-F19wRR0Dmn0MQHfH7LIIXfKT885eeVz2Zl3Er9rUn8bW3Evc4sqBsYxfzJMXWnOJAukw-1TEtvbbwCDEQzRE76vuNYD8TYzjDZoKNrGSGcP4NhgrSgJrGC~vNVmfZDgKprdqW3mVHexiGlpidrzjYMGg__&Key-Pair-Id=APKAIFLZBVQZ24NQH3KA", "__typename": "PlaybackURL"}, {"displayName": {"value": "SD", "language": "en-US", "__typename": "LocalizedString"}, "videoMimeType": "MP4", "videoDefinition": "DEF_SD", "url": "https://imdb-video.media-imdb.com/vi2403188505/1434659454657-dx9ykf-1576712769461.mp4?Expires=1730927116&Signature=I--3SMLC2weg1PaxnaqYN5dMWqfQMXRSb95nb8V5EDVhIh7A-fPB5Uoi19MvQCSH4bCgDWez9rftiP01WFpEnxsj-GKXvzFPq~o-mxUyLaPhRqg7GXcOzrtecg0YNik8BKTYpeUDagvi8P~NTEcsFdb7IM2aSC8AynwuPxU~VLq-VOMWp88vAX-sIxkKlwb5c2yeOv0bcIDway1r7CDlMSNy5t1iKFoLwe8nCPgtA4yn3jJJVh6LD0PZEdfP8qeZFP~DU2x3~kFcD1DXcS3Ca8WVL45r1EbDS1xit6kK8satbmCIy7SPDNm5bYioYSBv7l0oW1MImJihx~cXxcWAvg__&Key-Pair-Id=APKAIFLZBVQZ24NQH3KA", "__typename": "PlaybackURL"}], "contentType": {"id": "amzn1.imdb.video.contenttype.trailer", "displayName": {"value": "Trailer", "__typename": "LocalizedString"}, "__typename": "VideoContentType"}, "previewURLs": [{"displayName": {"value": "AUTO", "language": "en-US", "__typename": "LocalizedString"}, "videoMimeType": "M3U8", "videoDefinition": "DEF_AUTO", "url": "https://imdb-video.media-imdb.com/vi2403188505/hls-preview-ab417268-0077-4c0a-849f-8640b22180c2.m3u8?Expires=1730927116&Signature=bvOb-CbJGLWA2x9gFECRzF69NrFPEVDPFr2tg5LBl97GIaaDlMHWAtsaJNqs8yvRXD1-qXI-OIlklOirxFA0NmHY349IL-W0dD6KovC2nS4AGCuz7md9Q6FbudJ66YrYSjCtpLLX46CWlbjFuJhH~6brLOxGQiLBZjQxOzOc9j3FRjkZLYWYmh~CVUrP4btWULb76VZkq-lp~ElgrDGcqe-3EHy5rbgPunlLAT7URejBi8mNdq82CNQhcRAuK9fy4ZAf8QAeqIfzcA8AQo1uSdlZnCyZtWlb6xw2561Z~PrUYNo0Qv7O~Im17CG3SSLKsmjoBLlPb0xUE2r63Ju3TA__&Key-Pair-Id=APKAIFLZBVQZ24NQH3KA", "__typename": "PlaybackURL"}], "__typename": "Video"}, "__typename": "VideoEdge"}], "__typename": "VideoConnection"}, "externalLinks": {"total": 62, "__typename": "ExternalLinkConnection"}, "metacritic": {"metascore": {"score": 69, "__typename": "Metascore"}, "__typename": "Metacritic"}, "keywords": {"total": 23, "edges": [{"node": {"text": "1920s", "__typename": "TitleKeyword"}, "__typename": "TitleKeywordEdge"}, {"node": {"text": "dog", "__typename": "TitleKeyword"}, "__typename": "TitleKeywordEdge"}, {"node": {"text": "sled dog", "__typename": "TitleKeyword"}, "__typename": "TitleKeywordEdge"}, {"node": {"text": "nome alaska", "__typename": "TitleKeyword"}, "__typename": "TitleKeywordEdge"}, {"node": {"text": "alaska", "__typename": "TitleKeyword"}, "__typename": "TitleKeywordEdge"}], "__typename": "TitleKeywordConnection"}, "isAdult": false, "genres": {"genres": [{"text": "Adventure", "id": "Adventure", "__typename": "Genre"}, {"text": "Biography", "id": "Biography", "__typename": "Genre"}, {"text": "Drama", "id": "Drama", "__typename": "Genre"}, {"text": "Family", "id": "Family", "__typename": "Genre"}, {"text": "History", "id": "History", "__typename": "Genre"}], "__typename": "Genres"}, "interests": {"edges": [{"node": {"id": "in0000092", "primaryText": {"text": "Animal Adventure", "__typename": "InterestText"}, "__typename": "Interest"}, "__typename": "InterestEdge"}, {"node": {"id": "in0000012", "primaryText": {"text": "Adventure", "__typename": "InterestText"}, "__typename": "Interest"}, "__typename": "InterestEdge"}, {"node": {"id": "in0000072", "primaryText": {"text": "Biography", "__typename": "InterestText"}, "__typename": "Interest"}, "__typename": "InterestEdge"}, {"node": {"id": "in0000076", "primaryText": {"text": "Drama", "__typename": "InterestText"}, "__typename": "Interest"}, "__typename": "InterestEdge"}, {"node": {"id": "in0000093", "primaryText": {"text": "Family", "__typename": "InterestText"}, "__typename": "Interest"}, "__typename": "InterestEdge"}, {"node": {"id": "in0000080", "primaryText": {"text": "History", "__typename": "InterestText"}, "__typename": "Interest"}, "__typename": "InterestEdge"}], "__typename": "InterestConnection"}, "plot": {"plotText": {"plainText": "The story of Togo, the sled dog who led the 1925 serum run despite being considered too small and weak to lead such an intense race.", "__typename": "Markdown"}, "language": {"id": "en-US", "__typename": "DisplayableLanguage"}, "__typename": "Plot"}, "plotContributionLink": {"url": "https://contribute.imdb.com/updates?update=tt5116302:outlines.add.1.locale~en-US", "__typename": "ContributionLink"}, "credits": {"total": 682, "__typename": "CreditConnection"}, "principalCredits": [{"totalCredits": 1, "category": {"text": "Director", "id": "director", "__typename": "CreditCategory"}, "credits": [{"name": {"nameText": {"text": "Ericson Core", "__typename": "NameText"}, "id": "nm0179697", "__typename": "Name"}, "attributes": null, "__typename": "Crew"}], "__typename": "PrincipalCreditsForCategory"}, {"totalCredits": 1, "category": {"text": "Writer", "id": "writer", "__typename": "CreditCategory"}, "credits": [{"name": {"nameText": {"text": "Tom Flynn", "__typename": "NameText"}, "id": "nm0002368", "__typename": "Name"}, "attributes": null, "__typename": "Crew"}], "__typename": "PrincipalCreditsForCategory"}, {"totalCredits": 45, "category": {"text": "Stars", "id": "cast", "__typename": "CreditCategory"}, "credits": [{"name": {"nameText": {"text": "Willem Dafoe", "__typename": "NameText"}, "id": "nm0000353", "__typename": "Name"}, "attributes": null, "__typename": "Cast"}, {"name": {"nameText": {"text": "Julianne Nicholson", "__typename": "NameText"}, "id": "nm0629855", "__typename": "Name"}, "attributes": null, "__typename": "Cast"}, {"name": {"nameText": {"text": "Christopher Heyerdahl", "__typename": "NameText"}, "id": "nm0382216", "__typename": "Name"}, "attributes": null, "__typename": "Cast"}], "__typename": "PrincipalCreditsForCategory"}], "reviews": {"total": 457, "__typename": "ReviewsConnection"}, "criticReviewsTotal": {"total": 45, "__typename": "ExternalLinkConnection"}, "triviaTotal": {"total": 18, "__typename": "TriviaConnection"}, "engagementStatistics": {"watchlistStatistics": {"displayableCount": {"text": "Added by 73.3K users", "__typename": "LocalizedDisplayableCount"}, "__typename": "WatchlistStatistics"}, "__typename": "EngagementStatistics"}, "subNavCredits": {"total": 682, "__typename": "CreditConnection"}, "subNavReviews": {"total": 457, "__typename": "ReviewsConnection"}, "subNavTrivia": {"total": 18, "__typename": "TriviaConnection"}, "subNavFaqs": {"total": 1, "__typename": "FaqConnection"}, "subNavTopQuestions": {"total": 17, "__typename": "AlexaQuestionConnection"}, "titleGenres": {"genres": [{"genre": {"text": "Adventure", "__typename": "GenreItem"}, "__typename": "TitleGenre"}, {"genre": {"text": "Biography", "__typename": "GenreItem"}, "__typename": "TitleGenre"}, {"genre": {"text": "Drama", "__typename": "GenreItem"}, "__typename": "TitleGenre"}], "__typename": "TitleGenres"}, "meta": {"canonicalId": "tt5116302", "publicationStatus": "PUBLISHED", "__typename": "TitleMeta"}, "castPageTitle": {"edges": [{"node": {"name": {"id": "nm0000353", "nameText": {"text": "Willem Dafoe", "__typename": "NameText"}, "__typename": "Name"}, "__typename": "Cast"}, "__typename": "CreditEdge"}, {"node": {"name": {"id": "nm0629855", "nameText": {"text": "Julianne Nicholson", "__typename": "NameText"}, "__typename": "Name"}, "__typename": "Cast"}, "__typename": "CreditEdge"}, {"node": {"name": {"id": "nm0382216", "nameText": {"text": "Christopher Heyerdahl", "__typename": "NameText"}, "__typename": "Name"}, "__typename": "Cast"}, "__typename": "CreditEdge"}, {"node": {"name": {"id": "nm0233807", "nameText": {"text": "Richard Dormer", "__typename": "NameText"}, "__typename": "Name"}, "__typename": "Cast"}, "__typename": "CreditEdge"}], "__typename": "CreditConnection"}, "creatorsPageTitle": [], "directorsPageTitle": [{"credits": [{"name": {"id": "nm0179697", "nameText": {"text": "Ericson Core", "__typename": "NameText"}, "__typename": "Name"}, "__typename": "Crew"}], "__typename": "PrincipalCreditsForCategory"}], "countriesOfOrigin": {"countries": [{"id": "US", "__typename": "CountryOfOrigin"}], "__typename": "CountriesOfOrigin"}, "production": {"edges": [{"node": {"company": {"id": "co0044374", "companyText": {"text": "The Walt Disney Company", "__typename": "CompanyText"}, "__typename": "Company"}, "__typename": "CompanyCredit"}, "__typename": "CompanyCreditEdge"}, {"node": {"company": {"id": "co0008970", "companyText": {"text": "Walt Disney Pictures", "__typename": "CompanyText"}, "__typename": "Company"}, "__typename": "CompanyCredit"}, "__typename": "CompanyCreditEdge"}], "__typename": "CompanyCreditConnection"}, "featuredReviews": {"edges": [{"node": {"author": {"nickName": "apatil4", "__typename": "UserProfile"}, "summary": {"originalText": "He is not a sled dog, he's the lead dog", "__typename": "ReviewSummary"}, "text": {"originalText": {"plainText": "So let me guess if you have ever been a pet owner, I'm sorry, a dog owner and watch this movie you will probably cry like in every 10 minutes, maybe five", "__typename": "Markdown"}, "__typename": "ReviewText"}, "authorRating": 10, "submissionDate": "2019-12-21", "__typename": "Review"}, "__typename": "ReviewEdge"}], "__typename": "ReviewsConnection"}, "__typename": "Title"}, "main": {"id": "tt5116302", "wins": {"total": 1, "__typename": "AwardNominationConnection"}, "nominationsExcludeWins": {"total": 4, "__typename": "AwardNominationConnection"}, "prestigiousAwardSummary": null, "ratingsSummary": {"topRanking": {"id": "topRated:tt5116302:en_US", "text": {"value": "Top Rated", "__typename": "LocalizedString"}, "rank": 540, "__typename": "TopRanking"}, "__typename": "RatingsSummary"}, "episodes": null, "videos": {"total": 8, "__typename": "TitleRelatedVideosConnection"}, "videoStrip": {"edges": [{"node": {"id": "vi3426467609", "contentType": {"displayName": {"value": "Trailer", "__typename": "LocalizedString"}, "__typename": "VideoContentType"}, "name": {"value": "Official Trailer", "__typename": "LocalizedString"}, "runtime": {"value": 140, "__typename": "VideoRuntime"}, "thumbnail": {"height": 960, "url": "https://m.media-amazon.com/images/M/MV5BMGFlMGNhZmItNWI1OC00YjBlLThlZDItMmNhZTEzYjJlYjFhXkEyXkFqcGdeQXRyYW5zY29kZS13b3JrZmxvdw@@._V1_.jpg", "width": 1920, "__typename": "Thumbnail"}, "__typename": "Video"}, "__typename": "VideoEdge"}, {"node": {"id": "vi2403188505", "contentType": {"displayName": {"value": "Trailer", "__typename": "LocalizedString"}, "__typename": "VideoContentType"}, "name": {"value": "Togo", "__typename": "LocalizedString"}, "runtime": {"value": 141, "__typename": "VideoRuntime"}, "thumbnail": {"height": 1080, "url": "https://m.media-amazon.com/images/M/MV5BMzUyMGRkMDgtOTlmMi00M2E3LWE1NTktYjExNjUzMDg1NGQyXkEyXkFqcGdeQTNwaW5nZXN0._V1_.jpg", "width": 1920, "__typename": "Thumbnail"}, "__typename": "Video"}, "__typename": "VideoEdge"}, {"node": {"id": "vi39437593", "contentType": {"displayName": {"value": "Clip", "__typename": "LocalizedString"}, "__typename": "VideoContentType"}, "name": {"value": "Togo: Sliding Down", "__typename": "LocalizedString"}, "runtime": {"value": 144, "__typename": "VideoRuntime"}, "thumbnail": {"height": 720, "url": "https://m.media-amazon.com/images/M/MV5BNmJlYTMwOWMtY2VmNi00ZGVkLWI1ZjctMDc1NjE0N2I4Y2IxXkEyXkFqcGdeQVRoaXJkUGFydHlJbmdlc3Rpb25Xb3JrZmxvdw@@._V1_.jpg", "width": 1280, "__typename": "Thumbnail"}, "__typename": "Video"}, "__typename": "VideoEdge"}, {"node": {"id": "vi3948463385", "contentType": {"displayName": {"value": "Clip", "__typename": "LocalizedString"}, "__typename": "VideoContentType"}, "name": {"value": "Togo: Lead Dog", "__typename": "LocalizedString"}, "runtime": {"value": 52, "__typename": "VideoRuntime"}, "thumbnail": {"height": 720, "url": "https://m.media-amazon.com/images/M/MV5BNWJjNWIwZjUtZGI5Zi00MjRhLTgxNTgtMmM4NzBmYjM2OGZiXkEyXkFqcGdeQVRoaXJkUGFydHlJbmdlc3Rpb25Xb3JrZmxvdw@@._V1_.jpg", "width": 1280, "__typename": "Thumbnail"}, "__typename": "Video"}, "__typename": "VideoEdge"}, {"node": {"id": "vi3478701337", "contentType": {"displayName": {"value": "Clip", "__typename": "LocalizedString"}, "__typename": "VideoContentType"}, "name": {"value": "Togo: Good Luck Little One", "__typename": "LocalizedString"}, "runtime": {"value": 54, "__typename": "VideoRuntime"}, "thumbnail": {"height": 720, "url": "https://m.media-amazon.com/images/M/MV5BNjRlYjE0NjUtMGNjOS00MGQwLThlOWEtOWRhZThkNzNhNjJkXkEyXkFqcGdeQVRoaXJkUGFydHlJbmdlc3Rpb25Xb3JrZmxvdw@@._V1_.jpg", "width": 1280, "__typename": "Thumbnail"}, "__typename": "Video"}, "__typename": "VideoEdge"}, {"node": {"id": "vi3562587417", "contentType": {"displayName": {"value": "Clip", "__typename": "LocalizedString"}, "__typename": "VideoContentType"}, "name": {"value": "Togo: Shaktoolik", "__typename": "LocalizedString"}, "runtime": {"value": 55, "__typename": "VideoRuntime"}, "thumbnail": {"height": 720, "url": "https://m.media-amazon.com/images/M/MV5BZGM3MjAxMDgtYzZjZC00YWU3LTlmM2EtMzFkYTdkN2Q3YTZiXkEyXkFqcGdeQVRoaXJkUGFydHlJbmdlc3Rpb25Xb3JrZmxvdw@@._V1_.jpg", "width": 1280, "__typename": "Thumbnail"}, "__typename": "Video"}, "__typename": "VideoEdge"}, {"node": {"id": "vi4032349465", "contentType": {"displayName": {"value": "Featurette", "__typename": "LocalizedString"}, "__typename": "VideoContentType"}, "name": {"value": "Togo: Heroic (Featurette)", "__typename": "LocalizedString"}, "runtime": {"value": 95, "__typename": "VideoRuntime"}, "thumbnail": {"height": 510, "url": "https://m.media-amazon.com/images/M/MV5BNGY1MGFmOTQtNzQ4Mi00OWU5LWE4YzAtNDIwOGE5YmZjYTNlXkEyXkFqcGdeQVRoaXJkUGFydHlJbmdlc3Rpb25Xb3JrZmxvdw@@._V1_.jpg", "width": 907, "__typename": "Thumbnail"}, "__typename": "Video"}, "__typename": "VideoEdge"}, {"node": {"id": "vi336838425", "contentType": {"displayName": {"value": "Video", "__typename": "LocalizedString"}, "__typename": "VideoContentType"}, "name": {"value": "Willem Dafoe Explains the Love Triangle Behind 'Togo'", "__typename": "LocalizedString"}, "runtime": {"value": 125, "__typename": "VideoRuntime"}, "thumbnail": {"height": 1080, "url": "https://m.media-amazon.com/images/M/MV5BOWFlYTU3NDUtOTVmZS00M2U5LWIzNzktMTkzOGEyMTg3MDQ2XkEyXkFqcGdeQWZlZGVyaWdh._V1_.jpg", "width": 1920, "__typename": "Thumbnail"}, "__typename": "Video"}, "__typename": "VideoEdge"}], "__typename": "VideoConnection"}, "titleMainImages": {"total": 394, "edges": [{"node": {"id": "rm1409319425", "url": "https://m.media-amazon.com/images/M/MV5BMTcyZTljZWEtZmRhYi00YjU0LWJkOWEtNDFiZDAxYWRmOTIwXkEyXkFqcGc@._V1_.jpg", "caption": {"plainText": "Willem Dafoe in Togo (2019)", "__typename": "Markdown"}, "height": 2303, "width": 4094, "__typename": "Image"}, "__typename": "ImageEdge"}, {"node": {"id": "rm1743487489", "url": "https://m.media-amazon.com/images/M/MV5BZDU2YmExNjctNWViMy00MDc3LTliMjYtYjQ4ZTU4Mzg4YWQ3XkEyXkFqcGc@._V1_.jpg", "caption": {"plainText": "Willem Dafoe in Togo (2019)", "__typename": "Markdown"}, "height": 1606, "width": 1089, "__typename": "Image"}, "__typename": "ImageEdge"}, {"node": {"id": "rm257528065", "url": "https://m.media-amazon.com/images/M/MV5BMzI5M2ZlNTgtODJlMi00NDgzLWEwOGQtZjY5ZWYzODZiOWZiXkEyXkFqcGc@._V1_.jpg", "caption": {"plainText": "Togo (2019)", "__typename": "Markdown"}, "height": 3234, "width": 5022, "__typename": "Image"}, "__typename": "ImageEdge"}, {"node": {"id": "rm4218099201", "url": "https://m.media-amazon.com/images/M/MV5BMzM1NzA4MTUtMmRiMS00NmNiLWIzMWEtMTY2ODgzOWYyZWY2XkEyXkFqcGc@._V1_.jpg", "caption": {"plainText": "Zahn McClarnon and Brandon Oakes in Togo (2019)", "__typename": "Markdown"}, "height": 956, "width": 1920, "__typename": "Image"}, "__typename": "ImageEdge"}, {"node": {"id": "rm3027030273", "url": "https://m.media-amazon.com/images/M/MV5BODNiNGM4OTAtODc5ZC00NWMyLThhZDMtOTlhM2Q1YjY4ZjYzXkEyXkFqcGc@._V1_.jpg", "caption": {"plainText": "Togo (2019)", "__typename": "Markdown"}, "height": 640, "width": 1280, "__typename": "Image"}, "__typename": "ImageEdge"}, {"node": {"id": "rm3043807489", "url": "https://m.media-amazon.com/images/M/MV5BMmNiYTY5MjEtMmYwNS00NDVmLTg3ODYtYWVmMGU0NTUxMDM3XkEyXkFqcGc@._V1_.jpg", "caption": {"plainText": "Togo (2019)", "__typename": "Markdown"}, "height": 640, "width": 1280, "__typename": "Image"}, "__typename": "ImageEdge"}, {"node": {"id": "rm3060584705", "url": "https://m.media-amazon.com/images/M/MV5BZmMwNWY3NGEtNzMzMS00ZjE2LWEyMmYtYTg4MDY4OGM5YTc3XkEyXkFqcGc@._V1_.jpg", "caption": {"plainText": "Togo (2019)", "__typename": "Markdown"}, "height": 640, "width": 1280, "__typename": "Image"}, "__typename": "ImageEdge"}, {"node": {"id": "rm2859258113", "url": "https://m.media-amazon.com/images/M/MV5BMDVjYzVjYjAtN2EwYy00ZWQ4LTlhN2EtYTBkNzk4M2I0ZGY5XkEyXkFqcGc@._V1_.jpg", "caption": {"plainText": "Togo (2019)", "__typename": "Markdown"}, "height": 640, "width": 1280, "__typename": "Image"}, "__typename": "ImageEdge"}, {"node": {"id": "rm2876035329", "url": "https://m.media-amazon.com/images/M/MV5BZGY4ZTEyNDYtODM2Yi00N2I2LWI0MDctY2MzNzJhODE2ZjVmXkEyXkFqcGc@._V1_.jpg", "caption": {"plainText": "Togo (2019)", "__typename": "Markdown"}, "height": 640, "width": 1280, "__typename": "Image"}, "__typename": "ImageEdge"}, {"node": {"id": "rm2892812545", "url": "https://m.media-amazon.com/images/M/MV5BNjYzYWNlMDQtMWFiZC00NTJhLTg0NzQtMjgyOWNjZjgzYmRjXkEyXkFqcGc@._V1_.jpg", "caption": {"plainText": "Togo (2019)", "__typename": "Markdown"}, "height": 640, "width": 1280, "__typename": "Image"}, "__typename": "ImageEdge"}, {"node": {"id": "rm2691485953", "url": "https://m.media-amazon.com/images/M/MV5BNzhlYTE3ZTYtNjEzYy00OGU0LTgyZmYtN2QyMzYwY2ZmYzA5XkEyXkFqcGc@._V1_.jpg", "caption": {"plainText": "Togo (2019)", "__typename": "Markdown"}, "height": 640, "width": 1280, "__typename": "Image"}, "__typename": "ImageEdge"}, {"node": {"id": "rm2725040385", "url": "https://m.media-amazon.com/images/M/MV5BMWMwNjIzMjQtNDg4ZC00MGZkLTk1MzgtZmUxMWY2NzAwMWFmXkEyXkFqcGc@._V1_.jpg", "caption": {"plainText": "Togo (2019)", "__typename": "Markdown"}, "height": 640, "width": 1280, "__typename": "Image"}, "__typename": "ImageEdge"}, {"node": {"id": "rm2741817601", "url": "https://m.media-amazon.com/images/M/MV5BNjM3NjI1NGQtMzIwMi00YmY0LWE5ODMtODFjNjFlYjU2YzVjXkEyXkFqcGc@._V1_.jpg", "caption": {"plainText": "Togo (2019)", "__typename": "Markdown"}, "height": 640, "width": 1280, "__typename": "Image"}, "__typename": "ImageEdge"}], "__typename": "ImageConnection"}, "productionStatus": {"currentProductionStage": {"id": "released", "text": "Released", "__typename": "ProductionStage"}, "productionStatusHistory": [{"status": {"id": "optioned_property", "text": "Optioned Property", "__typename": "ProductionStatus"}, "__typename": "ProductionStatusHistory"}, {"status": {"id": "optioned_property", "text": "Optioned Property", "__typename": "ProductionStatus"}, "__typename": "ProductionStatusHistory"}, {"status": {"id": "optioned_property", "text": "Optioned Property", "__typename": "ProductionStatus"}, "__typename": "ProductionStatusHistory"}, {"status": {"id": "optioned_property", "text": "Optioned Property", "__typename": "ProductionStatus"}, "__typename": "ProductionStatusHistory"}, {"status": {"id": "pre_production", "text": "Pre-production", "__typename": "ProductionStatus"}, "__typename": "ProductionStatusHistory"}, {"status": {"id": "filming", "text": "Filming", "__typename": "ProductionStatus"}, "__typename": "ProductionStatusHistory"}, {"status": {"id": "post_production", "text": "Post-production", "__typename": "ProductionStatus"}, "__typename": "ProductionStatusHistory"}, {"status": {"id": "released", "text": "Released", "__typename": "ProductionStatus"}, "__typename": "ProductionStatusHistory"}], "restriction": null, "__typename": "ProductionStatusDetails"}, "primaryImage": {"id": "rm1743487489", "__typename": "Image"}, "inIframeAddLink": {"url": "https://contribute.imdb.com/image/tt5116302/add?bus=imdb&return_url=https%3A%2F%2Fwww.imdb.com%2Fclose_me&site=web", "__typename": "ContributionLink"}, "notInIframeAddLink": {"url": "https://contribute.imdb.com/image/tt5116302/add?bus=imdb&return_url=https%3A%2F%2Fwww.imdb.com%2Ftitle%2Ftt5116302%2F&site=mobile", "__typename": "ContributionLink"}, "titleType": {"id": "movie", "canHaveEpisodes": false, "__typename": "TitleType"}, "cast": {"total": 45, "edges": [{"node": {"name": {"id": "nm0000353", "nameText": {"text": "Willem Dafoe", "__typename": "NameText"}, "primaryImage": {"url": "https://m.media-amazon.com/images/M/MV5BOTBjNWMzMDEtZGZiZi00ZTEyLWEzMDUtZGFiYTE0ODQwZWU5XkEyXkFqcGc@._V1_.jpg", "width": 921, "height": 1152, "__typename": "Image"}, "__typename": "Name"}, "attributes": null, "category": {"id": "actor", "__typename": "CreditCategory"}, "characters": [{"name": "Leonhard Seppala", "__typename": "Character"}], "episodeCredits": {"total": 0, "yearRange": null, "__typename": "EpisodeCastConnection"}, "__typename": "Cast"}, "__typename": "CreditEdge"}, {"node": {"name": {"id": "nm0629855", "nameText": {"text": "Julianne Nicholson", "__typename": "NameText"}, "primaryImage": {"url": "https://m.media-amazon.com/images/M/MV5BMjM1NDk3MTQ1N15BMl5BanBnXkFtZTgwMDMwODEyMDE@._V1_.jpg", "width": 2048, "height": 1360, "__typename": "Image"}, "__typename": "Name"}, "attributes": null, "category": {"id": "actress", "__typename": "CreditCategory"}, "characters": [{"name": "Constance Seppala", "__typename": "Character"}], "episodeCredits": {"total": 0, "yearRange": null, "__typename": "EpisodeCastConnection"}, "__typename": "Cast"}, "__typename": "CreditEdge"}, {"node": {"name": {"id": "nm0382216", "nameText": {"text": "Christopher Heyerdahl", "__typename": "NameText"}, "primaryImage": {"url": "https://m.media-amazon.com/images/M/MV5BNjA2NzcxOTgyMF5BMl5BanBnXkFtZTgwNjY4MzE1MjE@._V1_.jpg", "width": 701, "height": 490, "__typename": "Image"}, "__typename": "Name"}, "attributes": null, "category": {"id": "actor", "__typename": "CreditCategory"}, "characters": [{"name": "Mayor George Maynard", "__typename": "Character"}], "episodeCredits": {"total": 0, "yearRange": null, "__typename": "EpisodeCastConnection"}, "__typename": "Cast"}, "__typename": "CreditEdge"}, {"node": {"name": {"id": "nm0233807", "nameText": {"text": "Richard Dormer", "__typename": "NameText"}, "primaryImage": {"url": "https://m.media-amazon.com/images/M/MV5BNDc1OTNhOGQtZmIwZS00NTU1LTljZTUtYzkxMGNmMmNkOWE5XkEyXkFqcGc@._V1_.jpg", "width": 2048, "height": 1366, "__typename": "Image"}, "__typename": "Name"}, "attributes": null, "category": {"id": "actor", "__typename": "CreditCategory"}, "characters": [{"name": "Dr. Curtis Welch", "__typename": "Character"}], "episodeCredits": {"total": 0, "yearRange": null, "__typename": "EpisodeCastConnection"}, "__typename": "Cast"}, "__typename": "CreditEdge"}, {"node": {"name": {"id": "nm0234235", "nameText": {"text": "Adrien Dorval", "__typename": "NameText"}, "primaryImage": {"url": "https://m.media-amazon.com/images/M/MV5BMTg3NDAwMjMxN15BMl5BanBnXkFtZTYwMzI4OTcy._V1_.jpg", "width": 403, "height": 604, "__typename": "Image"}, "__typename": "Name"}, "attributes": null, "category": {"id": "actor", "__typename": "CreditCategory"}, "characters": [{"name": "Bill Clark", "__typename": "Character"}], "episodeCredits": {"total": 0, "yearRange": null, "__typename": "EpisodeCastConnection"}, "__typename": "Cast"}, "__typename": "CreditEdge"}, {"node": {"name": {"id": "nm11216715", "nameText": {"text": "Madeline Wickins", "__typename": "NameText"}, "primaryImage": null, "__typename": "Name"}, "attributes": null, "category": {"id": "actress", "__typename": "CreditCategory"}, "characters": [{"name": "Sally Burdett", "__typename": "Character"}], "episodeCredits": {"total": 0, "yearRange": null, "__typename": "EpisodeCastConnection"}, "__typename": "Cast"}, "__typename": "CreditEdge"}, {"node": {"name": {"id": "nm0340729", "nameText": {"text": "Michael Greyeyes", "__typename": "NameText"}, "primaryImage": {"url": "https://m.media-amazon.com/images/M/MV5BMjZmMTMzNzktMmRjNC00YTMxLTg1MTAtYjFjOThjNzIyYzk3XkEyXkFqcGc@._V1_.jpg", "width": 4500, "height": 3000, "__typename": "Image"}, "__typename": "Name"}, "attributes": null, "category": {"id": "actor", "__typename": "CreditCategory"}, "characters": [{"name": "Amituk", "__typename": "Character"}], "episodeCredits": {"total": 0, "yearRange": null, "__typename": "EpisodeCastConnection"}, "__typename": "Cast"}, "__typename": "CreditEdge"}, {"node": {"name": {"id": "nm2156044", "nameText": {"text": "Nive Nielsen", "__typename": "NameText"}, "primaryImage": {"url": "https://m.media-amazon.com/images/M/MV5BZThhMDc1YjgtOGU1OS00ZDdjLWE5NzktYTEwZTVlNmI2YTBiXkEyXkFqcGc@._V1_.jpg", "width": 6016, "height": 4016, "__typename": "Image"}, "__typename": "Name"}, "attributes": null, "category": {"id": "actress", "__typename": "CreditCategory"}, "characters": [{"name": "Atiqtalik", "__typename": "Character"}], "episodeCredits": {"total": 0, "yearRange": null, "__typename": "EpisodeCastConnection"}, "__typename": "Cast"}, "__typename": "CreditEdge"}, {"node": {"name": {"id": "nm0631788", "nameText": {"text": "Nikolai Nikolaeff", "__typename": "NameText"}, "primaryImage": {"url": "https://m.media-amazon.com/images/M/MV5BNjU1M2Q5N2EtNzJiOS00ZTRiLTg4NGMtNzhiMWM3YzZmOGMzXkEyXkFqcGc@._V1_.jpg", "width": 3831, "height": 2736, "__typename": "Image"}, "__typename": "Name"}, "attributes": null, "category": {"id": "actor", "__typename": "CreditCategory"}, "characters": [{"name": "Dan Murphy", "__typename": "Character"}], "episodeCredits": {"total": 0, "yearRange": null, "__typename": "EpisodeCastConnection"}, "__typename": "Cast"}, "__typename": "CreditEdge"}, {"node": {"name": {"id": "nm0364028", "nameText": {"text": "Thorbj\u00f8rn Harr", "__typename": "NameText"}, "primaryImage": {"url": "https://m.media-amazon.com/images/M/MV5BMjAxODEyMTc3NV5BMl5BanBnXkFtZTgwNjAzOTI2ODE@._V1_.jpg", "width": 1038, "height": 539, "__typename": "Image"}, "__typename": "Name"}, "attributes": null, "category": {"id": "actor", "__typename": "CreditCategory"}, "characters": [{"name": "Charlie Olsen", "__typename": "Character"}], "episodeCredits": {"total": 0, "yearRange": null, "__typename": "EpisodeCastConnection"}, "__typename": "Cast"}, "__typename": "CreditEdge"}, {"node": {"name": {"id": "nm2971084", "nameText": {"text": "Catherine McGregor", "__typename": "NameText"}, "primaryImage": {"url": "https://m.media-amazon.com/images/M/MV5BODNhNGY1ZGQtN2YxYi00ODI3LWE1NjctZWU1YWIxZWZkYTk2XkEyXkFqcGc@._V1_.jpg", "width": 1354, "height": 2000, "__typename": "Image"}, "__typename": "Name"}, "attributes": null, "category": {"id": "actress", "__typename": "CreditCategory"}, "characters": [{"name": "Sarah Foley", "__typename": "Character"}], "episodeCredits": {"total": 0, "yearRange": null, "__typename": "EpisodeCastConnection"}, "__typename": "Cast"}, "__typename": "CreditEdge"}, {"node": {"name": {"id": "nm0568385", "nameText": {"text": "Michael McElhatton", "__typename": "NameText"}, "primaryImage": {"url": "https://m.media-amazon.com/images/M/MV5BYTcwZDc0NjItZThmMS00ZjFiLWIwM2UtZTI1YjNjYjIxNDI2XkEyXkFqcGc@._V1_.jpg", "width": 1200, "height": 900, "__typename": "Image"}, "__typename": "Name"}, "attributes": null, "category": {"id": "actor", "__typename": "CreditCategory"}, "characters": [{"name": "Jafet Lindeberg", "__typename": "Character"}], "episodeCredits": {"total": 0, "yearRange": null, "__typename": "EpisodeCastConnection"}, "__typename": "Cast"}, "__typename": "CreditEdge"}, {"node": {"name": {"id": "nm1476800", "nameText": {"text": "Brandon Oakes", "__typename": "NameText"}, "primaryImage": {"url": "https://m.media-amazon.com/images/M/MV5BODdlYzIyN2YtMzU5YS00OTJkLWJlNTEtY2U3YjNkY2EzZWY1XkEyXkFqcGc@._V1_.jpg", "width": 983, "height": 1242, "__typename": "Image"}, "__typename": "Name"}, "attributes": null, "category": {"id": "actor", "__typename": "CreditCategory"}, "characters": [{"name": "Henry Ivanoff", "__typename": "Character"}], "episodeCredits": {"total": 0, "yearRange": null, "__typename": "EpisodeCastConnection"}, "__typename": "Cast"}, "__typename": "CreditEdge"}, {"node": {"name": {"id": "nm3793247", "nameText": {"text": "Paul Piaskowski", "__typename": "NameText"}, "primaryImage": {"url": "https://m.media-amazon.com/images/M/MV5BNDQzYWQyNzgtMWMyYy00MWIxLTg5MDEtYTczZWE4NDA5YzJjXkEyXkFqcGc@._V1_.jpg", "width": 2000, "height": 3000, "__typename": "Image"}, "__typename": "Name"}, "attributes": null, "category": {"id": "actor", "__typename": "CreditCategory"}, "characters": [{"name": "Max Adams", "__typename": "Character"}], "episodeCredits": {"total": 0, "yearRange": null, "__typename": "EpisodeCastConnection"}, "__typename": "Cast"}, "__typename": "CreditEdge"}, {"node": {"name": {"id": "nm0309461", "nameText": {"text": "Michael Gaston", "__typename": "NameText"}, "primaryImage": {"url": "https://m.media-amazon.com/images/M/MV5BODkzZWQxNGQtMzUxMC00ZTAxLWExM2UtYjBjNWNiMGIxYWEzXkEyXkFqcGc@._V1_CR139,1,577,866_.jpg", "width": 577, "height": 866, "__typename": "Image"}, "__typename": "Name"}, "attributes": null, "category": {"id": "actor", "__typename": "CreditCategory"}, "characters": [{"name": "Joe Dexter", "__typename": "Character"}], "episodeCredits": {"total": 0, "yearRange": null, "__typename": "EpisodeCastConnection"}, "__typename": "Cast"}, "__typename": "CreditEdge"}, {"node": {"name": {"id": "nm0072648", "nameText": {"text": "Shaun Benson", "__typename": "NameText"}, "primaryImage": {"url": "https://m.media-amazon.com/images/M/MV5BMDJkMDNjZTUtMWRhYS00YTU1LTk2M2YtYjdlOGE0OTk3Nzg0XkEyXkFqcGc@._V1_.jpg", "width": 3249, "height": 4874, "__typename": "Image"}, "__typename": "Name"}, "attributes": null, "category": {"id": "actor", "__typename": "CreditCategory"}, "characters": [{"name": "Gunnar Kaasen", "__typename": "Character"}], "episodeCredits": {"total": 0, "yearRange": null, "__typename": "EpisodeCastConnection"}, "__typename": "Cast"}, "__typename": "CreditEdge"}, {"node": {"name": {"id": "nm0565647", "nameText": {"text": "Zahn McClarnon", "__typename": "NameText"}, "primaryImage": {"url": "https://m.media-amazon.com/images/M/MV5BMTcxMDE2NTY1M15BMl5BanBnXkFtZTYwODgyMTk1._V1_.jpg", "width": 277, "height": 400, "__typename": "Image"}, "__typename": "Name"}, "attributes": null, "category": {"id": "actor", "__typename": "CreditCategory"}, "characters": [{"name": "Tulimak", "__typename": "Character"}], "episodeCredits": {"total": 0, "yearRange": null, "__typename": "EpisodeCastConnection"}, "__typename": "Cast"}, "__typename": "CreditEdge"}, {"node": {"name": {"id": "nm0574535", "nameText": {"text": "Jamie McShane", "__typename": "NameText"}, "primaryImage": {"url": "https://m.media-amazon.com/images/M/MV5BZDU4MGE2NTAtYmRkZS00YTFlLWI4OGItN2Q3NWNiYWFjYmY2XkEyXkFqcGc@._V1_.jpg", "width": 1350, "height": 2000, "__typename": "Image"}, "__typename": "Name"}, "attributes": null, "category": {"id": "actor", "__typename": "CreditCategory"}, "characters": [{"name": "Scotty Allan", "__typename": "Character"}], "episodeCredits": {"total": 0, "yearRange": null, "__typename": "EpisodeCastConnection"}, "__typename": "Cast"}, "__typename": "CreditEdge"}], "__typename": "CreditConnection"}, "creators": [], "directors": [{"totalCredits": 1, "category": {"text": "Director", "id": "director", "__typename": "CreditCategory"}, "credits": [{"name": {"id": "nm0179697", "nameText": {"text": "Ericson Core", "__typename": "NameText"}, "__typename": "Name"}, "__typename": "Crew"}], "__typename": "PrincipalCreditsForCategory"}], "writers": [{"totalCredits": 1, "category": {"text": "Writer", "id": "writer", "__typename": "CreditCategory"}, "credits": [{"name": {"id": "nm0002368", "nameText": {"text": "Tom Flynn", "__typename": "NameText"}, "__typename": "Name"}, "__typename": "Crew"}], "__typename": "PrincipalCreditsForCategory"}], "isAdult": false, "moreLikeThisTitles": {"edges": [{"node": {"id": "tt7504726", "titleText": {"text": "The Call of the Wild", "__typename": "TitleText"}, "titleType": {"id": "movie", "text": "Movie", "canHaveEpisodes": false, "displayableProperty": {"value": {"plainText": "", "__typename": "Markdown"}, "__typename": "DisplayableTitleTypeProperty"}, "__typename": "TitleType"}, "originalTitleText": {"text": "The Call of the Wild", "__typename": "TitleText"}, "primaryImage": {"id": "rm3475288577", "width": 1080, "height": 1600, "url": "https://m.media-amazon.com/images/M/MV5BYTNmNTBlYzUtNTFiNS00YmY4LWJiMWYtZTlmNmY3ODFlMTUxXkEyXkFqcGc@._V1_.jpg", "caption": {"plainText": "Harrison Ford in The Call of the Wild (2020)", "__typename": "Markdown"}, "__typename": "Image"}, "releaseYear": {"year": 2020, "endYear": null, "__typename": "YearRange"}, "ratingsSummary": {"aggregateRating": 6.7, "voteCount": 58832, "__typename": "RatingsSummary"}, "runtime": {"seconds": 6000, "__typename": "Runtime"}, "certificate": {"rating": "PG", "__typename": "Certificate"}, "canRate": {"isRatable": true, "__typename": "CanRate"}, "titleGenres": {"genres": [{"genre": {"text": "Adventure", "__typename": "GenreItem"}, "__typename": "TitleGenre"}, {"genre": {"text": "Drama", "__typename": "GenreItem"}, "__typename": "TitleGenre"}, {"genre": {"text": "Family", "__typename": "GenreItem"}, "__typename": "TitleGenre"}], "__typename": "TitleGenres"}, "canHaveEpisodes": false, "__typename": "Title"}, "__typename": "MoreLikeThisEdge"}, {"node": {"id": "tt0397313", "titleText": {"text": "Eight Below", "__typename": "TitleText"}, "titleType": {"id": "movie", "text": "Movie", "canHaveEpisodes": false, "displayableProperty": {"value": {"plainText": "", "__typename": "Markdown"}, "__typename": "DisplayableTitleTypeProperty"}, "__typename": "TitleType"}, "originalTitleText": {"text": "Eight Below", "__typename": "TitleText"}, "primaryImage": {"id": "rm2147915776", "width": 450, "height": 666, "url": "https://m.media-amazon.com/images/M/MV5BMjExMjAwNzE0N15BMl5BanBnXkFtZTYwMDY4NDk2._V1_.jpg", "caption": {"plainText": "Paul Walker in Eight Below (2006)", "__typename": "Markdown"}, "__typename": "Image"}, "releaseYear": {"year": 2006, "endYear": null, "__typename": "YearRange"}, "ratingsSummary": {"aggregateRating": 7.3, "voteCount": 69192, "__typename": "RatingsSummary"}, "runtime": {"seconds": 7200, "__typename": "Runtime"}, "certificate": {"rating": "U", "__typename": "Certificate"}, "canRate": {"isRatable": true, "__typename": "CanRate"}, "titleGenres": {"genres": [{"genre": {"text": "Adventure", "__typename": "GenreItem"}, "__typename": "TitleGenre"}, {"genre": {"text": "Drama", "__typename": "GenreItem"}, "__typename": "TitleGenre"}, {"genre": {"text": "Family", "__typename": "GenreItem"}, "__typename": "TitleGenre"}], "__typename": "TitleGenres"}, "canHaveEpisodes": false, "__typename": "Title"}, "__typename": "MoreLikeThisEdge"}, {"node": {"id": "tt1753383", "titleText": {"text": "A Dog's Purpose", "__typename": "TitleText"}, "titleType": {"id": "movie", "text": "Movie", "canHaveEpisodes": false, "displayableProperty": {"value": {"plainText": "", "__typename": "Markdown"}, "__typename": "DisplayableTitleTypeProperty"}, "__typename": "TitleType"}, "originalTitleText": {"text": "A Dog's Purpose", "__typename": "TitleText"}, "primaryImage": {"id": "rm3603303936", "width": 1263, "height": 2000, "url": "https://m.media-amazon.com/images/M/MV5BNDQ4NjkxNzgzN15BMl5BanBnXkFtZTgwMjAzODQ4OTE@._V1_.jpg", "caption": {"plainText": "Josh Gad in A Dog's Purpose (2017)", "__typename": "Markdown"}, "__typename": "Image"}, "releaseYear": {"year": 2017, "endYear": null, "__typename": "YearRange"}, "ratingsSummary": {"aggregateRating": 7.2, "voteCount": 80847, "__typename": "RatingsSummary"}, "runtime": {"seconds": 6000, "__typename": "Runtime"}, "certificate": {"rating": "U", "__typename": "Certificate"}, "canRate": {"isRatable": true, "__typename": "CanRate"}, "titleGenres": {"genres": [{"genre": {"text": "Adventure", "__typename": "GenreItem"}, "__typename": "TitleGenre"}, {"genre": {"text": "Comedy", "__typename": "GenreItem"}, "__typename": "TitleGenre"}, {"genre": {"text": "Drama", "__typename": "GenreItem"}, "__typename": "TitleGenre"}], "__typename": "TitleGenres"}, "canHaveEpisodes": false, "__typename": "Title"}, "__typename": "MoreLikeThisEdge"}, {"node": {"id": "tt8385474", "titleText": {"text": "A Dog's Journey", "__typename": "TitleText"}, "titleType": {"id": "movie", "text": "Movie", "canHaveEpisodes": false, "displayableProperty": {"value": {"plainText": "", "__typename": "Markdown"}, "__typename": "DisplayableTitleTypeProperty"}, "__typename": "TitleType"}, "originalTitleText": {"text": "A Dog's Journey", "__typename": "TitleText"}, "primaryImage": {"id": "rm1557227008", "width": 758, "height": 1200, "url": "https://m.media-amazon.com/images/M/MV5BNWVkY2NlNmEtNzU3Mi00Njc0LWJiNjMtNzU5ZTdhZTAzZmU3XkEyXkFqcGc@._V1_.jpg", "caption": {"plainText": "Dennis Quaid and Josh Gad in A Dog's Journey (2019)", "__typename": "Markdown"}, "__typename": "Image"}, "releaseYear": {"year": 2019, "endYear": null, "__typename": "YearRange"}, "ratingsSummary": {"aggregateRating": 7.4, "voteCount": 29848, "__typename": "RatingsSummary"}, "runtime": {"seconds": 6540, "__typename": "Runtime"}, "certificate": {"rating": "U", "__typename": "Certificate"}, "canRate": {"isRatable": true, "__typename": "CanRate"}, "titleGenres": {"genres": [{"genre": {"text": "Adventure", "__typename": "GenreItem"}, "__typename": "TitleGenre"}, {"genre": {"text": "Comedy", "__typename": "GenreItem"}, "__typename": "TitleGenre"}, {"genre": {"text": "Drama", "__typename": "GenreItem"}, "__typename": "TitleGenre"}], "__typename": "TitleGenres"}, "canHaveEpisodes": false, "__typename": "Title"}, "__typename": "MoreLikeThisEdge"}, {"node": {"id": "tt1028532", "titleText": {"text": "Hachi: A Dog's Tale", "__typename": "TitleText"}, "titleType": {"id": "movie", "text": "Movie", "canHaveEpisodes": false, "displayableProperty": {"value": {"plainText": "", "__typename": "Markdown"}, "__typename": "DisplayableTitleTypeProperty"}, "__typename": "TitleType"}, "originalTitleText": {"text": "Hachi: A Dog's Tale", "__typename": "TitleText"}, "primaryImage": {"id": "rm2270384385", "width": 573, "height": 853, "url": "https://m.media-amazon.com/images/M/MV5BNTU5NjYyYTgtZGQ3My00MzRhLThjNGYtZmVjN2JjYjhkMjhhXkEyXkFqcGc@._V1_.jpg", "caption": {"plainText": "Richard Gere in Hachi: A Dog's Tale (2009)", "__typename": "Markdown"}, "__typename": "Image"}, "releaseYear": {"year": 2009, "endYear": null, "__typename": "YearRange"}, "ratingsSummary": {"aggregateRating": 8.1, "voteCount": 319112, "__typename": "RatingsSummary"}, "runtime": {"seconds": 5580, "__typename": "Runtime"}, "certificate": {"rating": "U", "__typename": "Certificate"}, "canRate": {"isRatable": true, "__typename": "CanRate"}, "titleGenres": {"genres": [{"genre": {"text": "Biography", "__typename": "GenreItem"}, "__typename": "TitleGenre"}, {"genre": {"text": "Drama", "__typename": "GenreItem"}, "__typename": "TitleGenre"}, {"genre": {"text": "Family", "__typename": "GenreItem"}, "__typename": "TitleGenre"}], "__typename": "TitleGenres"}, "canHaveEpisodes": false, "__typename": "Title"}, "__typename": "MoreLikeThisEdge"}, {"node": {"id": "tt0103247", "titleText": {"text": "White Fang", "__typename": "TitleText"}, "titleType": {"id": "movie", "text": "Movie", "canHaveEpisodes": false, "displayableProperty": {"value": {"plainText": "", "__typename": "Markdown"}, "__typename": "DisplayableTitleTypeProperty"}, "__typename": "TitleType"}, "originalTitleText": {"text": "White Fang", "__typename": "TitleText"}, "primaryImage": {"id": "rm2204850432", "width": 400, "height": 584, "url": "https://m.media-amazon.com/images/M/MV5BM2JiNjkyM2EtM2MzZS00MDhjLWJiZWYtNDcxOGIwOWM1ZDA5XkEyXkFqcGc@._V1_.jpg", "caption": {"plainText": "Ethan Hawke and Jed in White Fang (1991)", "__typename": "Markdown"}, "__typename": "Image"}, "releaseYear": {"year": 1991, "endYear": null, "__typename": "YearRange"}, "ratingsSummary": {"aggregateRating": 6.7, "voteCount": 22887, "__typename": "RatingsSummary"}, "runtime": {"seconds": 6420, "__typename": "Runtime"}, "certificate": {"rating": "U", "__typename": "Certificate"}, "canRate": {"isRatable": true, "__typename": "CanRate"}, "titleGenres": {"genres": [{"genre": {"text": "Adventure", "__typename": "GenreItem"}, "__typename": "TitleGenre"}, {"genre": {"text": "Drama", "__typename": "GenreItem"}, "__typename": "TitleGenre"}, {"genre": {"text": "Family", "__typename": "GenreItem"}, "__typename": "TitleGenre"}], "__typename": "TitleGenres"}, "canHaveEpisodes": false, "__typename": "Title"}, "__typename": "MoreLikeThisEdge"}, {"node": {"id": "tt0112453", "titleText": {"text": "Balto", "__typename": "TitleText"}, "titleType": {"id": "movie", "text": "Movie", "canHaveEpisodes": false, "displayableProperty": {"value": {"plainText": "", "__typename": "Markdown"}, "__typename": "DisplayableTitleTypeProperty"}, "__typename": "TitleType"}, "originalTitleText": {"text": "Balto", "__typename": "TitleText"}, "primaryImage": {"id": "rm1608389888", "width": 580, "height": 900, "url": "https://m.media-amazon.com/images/M/MV5BNzY2OGY3MTYtMTlhNC00MDUyLWE2OGEtNzMzZjQxYjFiYjRiXkEyXkFqcGc@._V1_.jpg", "caption": {"plainText": "Kevin Bacon, Bridget Fonda, Bob Hoskins, Phil Collins, Jack Angel, Jim Cummings, Danny Mann, and Robbie Rist in Balto (1995)", "__typename": "Markdown"}, "__typename": "Image"}, "releaseYear": {"year": 1995, "endYear": null, "__typename": "YearRange"}, "ratingsSummary": {"aggregateRating": 7.1, "voteCount": 48976, "__typename": "RatingsSummary"}, "runtime": {"seconds": 4680, "__typename": "Runtime"}, "certificate": {"rating": "U", "__typename": "Certificate"}, "canRate": {"isRatable": true, "__typename": "CanRate"}, "titleGenres": {"genres": [{"genre": {"text": "Animation", "__typename": "GenreItem"}, "__typename": "TitleGenre"}, {"genre": {"text": "Adventure", "__typename": "GenreItem"}, "__typename": "TitleGenre"}, {"genre": {"text": "Drama", "__typename": "GenreItem"}, "__typename": "TitleGenre"}], "__typename": "TitleGenres"}, "canHaveEpisodes": false, "__typename": "Title"}, "__typename": "MoreLikeThisEdge"}, {"node": {"id": "tt4334940", "titleText": {"text": "If I Could Talk", "__typename": "TitleText"}, "titleType": {"id": "short", "text": "Short", "canHaveEpisodes": false, "displayableProperty": {"value": {"plainText": "Short", "__typename": "Markdown"}, "__typename": "DisplayableTitleTypeProperty"}, "__typename": "TitleType"}, "originalTitleText": {"text": "If I Could Talk", "__typename": "TitleText"}, "primaryImage": {"id": "rm228326400", "width": 3648, "height": 5472, "url": "https://m.media-amazon.com/images/M/MV5BMjA0NjY5NzY1MF5BMl5BanBnXkFtZTgwOTQyMzAxNDE@._V1_.jpg", "caption": {"plainText": "If I Could Talk (2014)", "__typename": "Markdown"}, "__typename": "Image"}, "releaseYear": {"year": 2014, "endYear": null, "__typename": "YearRange"}, "ratingsSummary": {"aggregateRating": 9.1, "voteCount": 88, "__typename": "RatingsSummary"}, "runtime": {"seconds": 420, "__typename": "Runtime"}, "certificate": null, "canRate": {"isRatable": true, "__typename": "CanRate"}, "titleGenres": {"genres": [{"genre": {"text": "Short", "__typename": "GenreItem"}, "__typename": "TitleGenre"}, {"genre": {"text": "Drama", "__typename": "GenreItem"}, "__typename": "TitleGenre"}, {"genre": {"text": "Family", "__typename": "GenreItem"}, "__typename": "TitleGenre"}], "__typename": "TitleGenres"}, "canHaveEpisodes": false, "__typename": "Title"}, "__typename": "MoreLikeThisEdge"}, {"node": {"id": "tt11278476", "titleText": {"text": "Rescued by Ruby", "__typename": "TitleText"}, "titleType": {"id": "movie", "text": "Movie", "canHaveEpisodes": false, "displayableProperty": {"value": {"plainText": "", "__typename": "Markdown"}, "__typename": "DisplayableTitleTypeProperty"}, "__typename": "TitleType"}, "originalTitleText": {"text": "Rescued by Ruby", "__typename": "TitleText"}, "primaryImage": {"id": "rm1552737537", "width": 1080, "height": 1350, "url": "https://m.media-amazon.com/images/M/MV5BMmY1MDcxN2UtYTI1YS00YjQzLWFiNWQtYmY4ZTE3NWFlOWNkXkEyXkFqcGc@._V1_.jpg", "caption": {"plainText": "Rescued by Ruby (2022)", "__typename": "Markdown"}, "__typename": "Image"}, "releaseYear": {"year": 2022, "endYear": null, "__typename": "YearRange"}, "ratingsSummary": {"aggregateRating": 7.2, "voteCount": 11288, "__typename": "RatingsSummary"}, "runtime": {"seconds": 5400, "__typename": "Runtime"}, "certificate": {"rating": "7", "__typename": "Certificate"}, "canRate": {"isRatable": true, "__typename": "CanRate"}, "titleGenres": {"genres": [{"genre": {"text": "Biography", "__typename": "GenreItem"}, "__typename": "TitleGenre"}, {"genre": {"text": "Drama", "__typename": "GenreItem"}, "__typename": "TitleGenre"}, {"genre": {"text": "Family", "__typename": "GenreItem"}, "__typename": "TitleGenre"}], "__typename": "TitleGenres"}, "canHaveEpisodes": false, "__typename": "Title"}, "__typename": "MoreLikeThisEdge"}, {"node": {"id": "tt0110157", "titleText": {"text": "Iron Will", "__typename": "TitleText"}, "titleType": {"id": "movie", "text": "Movie", "canHaveEpisodes": false, "displayableProperty": {"value": {"plainText": "", "__typename": "Markdown"}, "__typename": "DisplayableTitleTypeProperty"}, "__typename": "TitleType"}, "originalTitleText": {"text": "Iron Will", "__typename": "TitleText"}, "primaryImage": {"id": "rm1294438401", "width": 580, "height": 878, "url": "https://m.media-amazon.com/images/M/MV5BZDQzNmY0MjctMmZiYy00NzhjLTkyNDYtZTNiN2E0MDNlOWM2XkEyXkFqcGc@._V1_.jpg", "caption": {"plainText": "Mackenzie Astin in Iron Will (1994)", "__typename": "Markdown"}, "__typename": "Image"}, "releaseYear": {"year": 1994, "endYear": null, "__typename": "YearRange"}, "ratingsSummary": {"aggregateRating": 6.6, "voteCount": 9564, "__typename": "RatingsSummary"}, "runtime": {"seconds": 6480, "__typename": "Runtime"}, "certificate": {"rating": "U", "__typename": "Certificate"}, "canRate": {"isRatable": true, "__typename": "CanRate"}, "titleGenres": {"genres": [{"genre": {"text": "Adventure", "__typename": "GenreItem"}, "__typename": "TitleGenre"}, {"genre": {"text": "Family", "__typename": "GenreItem"}, "__typename": "TitleGenre"}], "__typename": "TitleGenres"}, "canHaveEpisodes": false, "__typename": "Title"}, "__typename": "MoreLikeThisEdge"}, {"node": {"id": "tt3369806", "titleText": {"text": "Max", "__typename": "TitleText"}, "titleType": {"id": "movie", "text": "Movie", "canHaveEpisodes": false, "displayableProperty": {"value": {"plainText": "", "__typename": "Markdown"}, "__typename": "DisplayableTitleTypeProperty"}, "__typename": "TitleType"}, "originalTitleText": {"text": "Max", "__typename": "TitleText"}, "primaryImage": {"id": "rm2338844672", "width": 711, "height": 1060, "url": "https://m.media-amazon.com/images/M/MV5BMjA2Nzk0NzIyN15BMl5BanBnXkFtZTgwMjEyNTE5NDE@._V1_.jpg", "caption": {"plainText": "Carlos in Max (2015)", "__typename": "Markdown"}, "__typename": "Image"}, "releaseYear": {"year": 2015, "endYear": null, "__typename": "YearRange"}, "ratingsSummary": {"aggregateRating": 6.6, "voteCount": 28654, "__typename": "RatingsSummary"}, "runtime": {"seconds": 6660, "__typename": "Runtime"}, "certificate": {"rating": "PG", "__typename": "Certificate"}, "canRate": {"isRatable": true, "__typename": "CanRate"}, "titleGenres": {"genres": [{"genre": {"text": "Adventure", "__typename": "GenreItem"}, "__typename": "TitleGenre"}, {"genre": {"text": "Drama", "__typename": "GenreItem"}, "__typename": "TitleGenre"}, {"genre": {"text": "Family", "__typename": "GenreItem"}, "__typename": "TitleGenre"}], "__typename": "TitleGenres"}, "canHaveEpisodes": false, "__typename": "Title"}, "__typename": "MoreLikeThisEdge"}, {"node": {"id": "tt1389137", "titleText": {"text": "We Bought a Zoo", "__typename": "TitleText"}, "titleType": {"id": "movie", "text": "Movie", "canHaveEpisodes": false, "displayableProperty": {"value": {"plainText": "", "__typename": "Markdown"}, "__typename": "DisplayableTitleTypeProperty"}, "__typename": "TitleType"}, "originalTitleText": {"text": "We Bought a Zoo", "__typename": "TitleText"}, "primaryImage": {"id": "rm2679550720", "width": 509, "height": 755, "url": "https://m.media-amazon.com/images/M/MV5BMTQ0MTE3OTUwMl5BMl5BanBnXkFtZTcwODg5NjgwNw@@._V1_.jpg", "caption": {"plainText": "Matt Damon, Scarlett Johansson, Maggie Elizabeth Jones, and Felix in We Bought a Zoo (2011)", "__typename": "Markdown"}, "__typename": "Image"}, "releaseYear": {"year": 2011, "endYear": null, "__typename": "YearRange"}, "ratingsSummary": {"aggregateRating": 7, "voteCount": 153922, "__typename": "RatingsSummary"}, "runtime": {"seconds": 7440, "__typename": "Runtime"}, "certificate": {"rating": "PG", "__typename": "Certificate"}, "canRate": {"isRatable": true, "__typename": "CanRate"}, "titleGenres": {"genres": [{"genre": {"text": "Comedy", "__typename": "GenreItem"}, "__typename": "TitleGenre"}, {"genre": {"text": "Drama", "__typename": "GenreItem"}, "__typename": "TitleGenre"}, {"genre": {"text": "Family", "__typename": "GenreItem"}, "__typename": "TitleGenre"}], "__typename": "TitleGenres"}, "canHaveEpisodes": false, "__typename": "Title"}, "__typename": "MoreLikeThisEdge"}], "__typename": "MoreLikeThisConnection"}, "triviaTotal": {"total": 18, "__typename": "TriviaConnection"}, "trivia": {"edges": [{"node": {"text": {"plaidHtml": "Unfortunately, the original serum package only contained enough serum for 30 doses and there were already 28 cases of children and adults stricken with Diptheria, and new cases were coming in. A week later, on the 8th of February, nine of the original mushers together with twelve others had to do the entire relay all over again. Neither Balto, Kaasen, Seppala nor Togo was involved in the second run. The second relay took 36 hours more to complete.", "__typename": "Markdown"}, "trademark": null, "relatedNames": null, "__typename": "TitleTrivia"}, "__typename": "TriviaEdge"}], "__typename": "TriviaConnection"}, "goofsTotal": {"total": 5, "__typename": "GoofConnection"}, "goofs": {"edges": [{"node": {"text": {"plaidHtml": "In the film, Togo and Balto both have blue eyes, and so do many other huskies in the film. Some huskies also have heterochromia. The real Togo had brown eyes, as did the real Balto, and the Siberian Husky didn&#39;t develop its blue eyes until around the 1940s.", "__typename": "Markdown"}, "__typename": "Goof"}, "__typename": "GoofEdge"}], "__typename": "GoofConnection"}, "quotesTotal": {"total": 3, "__typename": "TitleQuoteConnection"}, "quotes": {"edges": [{"node": {"lines": [{"characters": [{"character": "Leonhard Seppala", "name": {"id": "nm0000353", "__typename": "Name"}, "__typename": "TitleQuoteCharacter"}], "text": "Come, my pups!", "stageDirection": null, "__typename": "TitleQuoteLine"}, {"characters": [{"character": "Leonhard Seppala", "name": {"id": "nm0000353", "__typename": "Name"}, "__typename": "TitleQuoteCharacter"}], "text": "Are we to fear ice now?", "stageDirection": null, "__typename": "TitleQuoteLine"}, {"characters": [{"character": "Leonhard Seppala", "name": {"id": "nm0000353", "__typename": "Name"}, "__typename": "TitleQuoteCharacter"}], "text": "He, which hath no stomach in this fight, let him depart.", "stageDirection": null, "__typename": "TitleQuoteLine"}, {"characters": [{"character": "Leonhard Seppala", "name": {"id": "nm0000353", "__typename": "Name"}, "__typename": "TitleQuoteCharacter"}], "text": "His passport shall be made, we would not die in that dog's company!", "stageDirection": null, "__typename": "TitleQuoteLine"}, {"characters": [{"character": "Leonhard Seppala", "name": {"id": "nm0000353", "__typename": "Name"}, "__typename": "TitleQuoteCharacter"}], "text": "Old dogs forget, but he who would remember with advantages what feats he did that day.", "stageDirection": null, "__typename": "TitleQuoteLine"}, {"characters": [{"character": "Leonhard Seppala", "name": {"id": "nm0000353", "__typename": "Name"}, "__typename": "TitleQuoteCharacter"}], "text": "Then shall our names, familiar in his mouth as household words-Seppala, the driver.", "stageDirection": null, "__typename": "TitleQuoteLine"}, {"characters": [{"character": "Leonhard Seppala", "name": {"id": "nm0000353", "__typename": "Name"}, "__typename": "TitleQuoteCharacter"}], "text": "Sally, Molly, and Reverend Togo, great Togo in lead!", "stageDirection": null, "__typename": "TitleQuoteLine"}], "__typename": "TitleQuote"}, "__typename": "TitleQuoteEdge"}], "__typename": "TitleQuoteConnection"}, "crazyCredits": {"edges": [], "__typename": "CrazyCreditConnection"}, "alternateVersions": {"total": 0, "edges": [], "__typename": "AlternateVersionConnection"}, "connections": {"edges": [{"node": {"associatedTitle": {"id": "tt10873164", "releaseYear": {"year": 2019, "__typename": "YearRange"}, "titleText": {"text": "D23 Expo 2019 Extravaganza", "__typename": "TitleText"}, "originalTitleText": {"text": "D23 Expo 2019 Extravaganza", "__typename": "TitleText"}, "series": {"series": {"titleText": {"text": "AniMat's Crazy Cartoon Cast", "__typename": "TitleText"}, "originalTitleText": {"text": "AniMat's Crazy Cartoon Cast", "__typename": "TitleText"}, "__typename": "Title"}, "__typename": "Series"}, "__typename": "Title"}, "category": {"text": "Featured in", "__typename": "TitleConnectionCategory"}, "__typename": "TitleConnection"}, "__typename": "TitleConnectionEdge"}], "__typename": "TitleConnectionConnection"}, "soundtrack": {"edges": [], "__typename": "SoundtrackConnection"}, "titleText": {"text": "Togo", "__typename": "TitleText"}, "originalTitleText": {"text": "Togo", "__typename": "TitleText"}, "releaseYear": {"year": 2019, "__typename": "YearRange"}, "reviews": {"total": 457, "__typename": "ReviewsConnection"}, "featuredReviews": {"edges": [{"node": {"id": "rw5339994", "author": {"nickName": "apatil4", "userId": "ur34542706", "__typename": "UserProfile"}, "summary": {"originalText": "He is not a sled dog, he's the lead dog", "__typename": "ReviewSummary"}, "text": {"originalText": {"plaidHtml": "So let me guess if you have ever been a pet owner, I&#39;m sorry, a dog owner and watch this movie you will probably cry like in every 10 minutes, maybe five", "__typename": "Markdown"}, "__typename": "ReviewText"}, "authorRating": 10, "submissionDate": "2019-12-21", "helpfulness": {"upVotes": 147, "downVotes": 22, "__typename": "ReviewHelpfulness"}, "__typename": "Review"}, "__typename": "ReviewEdge"}], "__typename": "ReviewsConnection"}, "canRate": {"isRatable": true, "__typename": "CanRate"}, "iframeAddReviewLink": {"url": "https://contribute.imdb.com/review/tt5116302/add?bus=imdb&return_url=https%3A%2F%2Fwww.imdb.com%2Fclose_me&site=web", "__typename": "ContributionLink"}, "topQuestions": {"total": 17, "edges": [{"node": {"attributeId": "run-time", "question": {"plainText": "How long is Togo?", "__typename": "Markdown"}, "__typename": "AlexaQuestion"}, "__typename": "AlexaQuestionEdge"}], "__typename": "AlexaQuestionConnection"}, "faqs": {"total": 1, "edges": [{"node": {"id": "fq0103344", "question": {"plainText": "Will Togo show at theaters or only Disney+ ?", "__typename": "Markdown"}, "__typename": "Faq"}, "__typename": "FaqEdge"}], "__typename": "FaqConnection"}, "releaseDate": {"day": 3, "month": 4, "year": 2020, "country": {"id": "IN", "text": "India", "__typename": "LocalizedDisplayableCountry"}, "__typename": "ReleaseDate"}, "countriesOfOrigin": {"countries": [{"id": "US", "text": "United States", "__typename": "CountryOfOrigin"}, {"id": "GB", "text": "United Kingdom", "__typename": "CountryOfOrigin"}, {"id": "IN", "text": "India", "__typename": "CountryOfOrigin"}, {"id": "CN", "text": "China", "__typename": "CountryOfOrigin"}, {"id": "CA", "text": "Canada", "__typename": "CountryOfOrigin"}], "__typename": "CountriesOfOrigin"}, "detailsExternalLinks": {"edges": [{"node": {"url": "https://www.disneyplus.com/movies/togo/7jEeXqS5aEVr", "label": "Disney+", "externalLinkRegion": null, "__typename": "ExternalLink"}, "__typename": "ExternalLinkEdge"}, {"node": {"url": "https://www.hotstar.com/id/movies/togo/1260021358", "label": "Stream Togo officially on Disney+ Hotstar Indonesia", "externalLinkRegion": null, "__typename": "ExternalLink"}, "__typename": "ExternalLinkEdge"}], "total": 3, "__typename": "ExternalLinkConnection"}, "spokenLanguages": {"spokenLanguages": [{"id": "en", "text": "English", "__typename": "SpokenLanguage"}], "__typename": "SpokenLanguages"}, "akas": {"edges": [{"node": {"text": "\u0422\u043e\u0491\u043e", "__typename": "Aka"}, "__typename": "AkaEdge"}], "__typename": "AkaConnection"}, "filmingLocations": {"edges": [{"node": {"text": "Cochrane, Alberta, Canada", "location": "Cochrane, Alberta, Canada", "attributes": [], "__typename": "FilmingLocation"}, "__typename": "FilmingLocationEdge"}], "total": 2, "__typename": "FilmingLocationConnection"}, "production": {"edges": [{"node": {"company": {"id": "co0044374", "companyText": {"text": "The Walt Disney Company", "__typename": "CompanyText"}, "__typename": "Company"}, "__typename": "CompanyCredit"}, "__typename": "CompanyCreditEdge"}, {"node": {"company": {"id": "co0008970", "companyText": {"text": "Walt Disney Pictures", "__typename": "CompanyText"}, "__typename": "Company"}, "__typename": "CompanyCredit"}, "__typename": "CompanyCreditEdge"}], "__typename": "CompanyCreditConnection"}, "companies": {"total": 27, "__typename": "CompanyCreditConnection"}, "productionBudget": null, "lifetimeGross": null, "openingWeekendGross": null, "worldwideGross": null, "technicalSpecifications": {"soundMixes": {"items": [{"id": "dolby_digital", "text": "Dolby Digital", "attributes": [], "__typename": "SoundMix"}], "__typename": "SoundMixes"}, "aspectRatios": {"items": [{"aspectRatio": "2.00 : 1", "attributes": [], "__typename": "AspectRatio"}], "__typename": "AspectRatios"}, "colorations": {"items": [{"conceptId": "color", "text": "Color", "attributes": [], "__typename": "Coloration"}], "__typename": "Colorations"}, "__typename": "TechnicalSpecifications"}, "runtime": {"seconds": 6780, "__typename": "Runtime"}, "series": null, "canHaveEpisodes": false, "contributionQuestions": {"contributionLink": {"url": "https://contribute.imdb.com/answers", "__typename": "ContributionQuestionsLink"}, "edges": [], "__typename": "QuestionConnection"}, "__typename": "Title"}}