{"ok": true, "error_code": 200, "description": "", "short": {"@context": "https://schema.org", "@type": "Movie", "url": "https://www.imdb.com/title/tt5580036/", "name": "I, Tonya", "image": "https://m.media-amazon.com/images/M/MV5BMjI5MDY1NjYzMl5BMl5BanBnXkFtZTgwNjIzNDAxNDM@._V1_.jpg", "description": "Competitive ice skater Tonya Harding rises amongst the ranks at the U.S. Figure Skating Championships, but her future in the activity is thrown into doubt when her ex-husband intervenes.", "review": {"@type": "Review", "itemReviewed": {"@type": "Movie", "url": "https://www.imdb.com/title/tt5580036/"}, "author": {"@type": "Person", "name": "ggallegosgroupuk"}, "dateCreated": "2017-12-07", "inLanguage": "English", "name": "Tabloid Times", "reviewBody": "I was going to make a list of people who made extraordinary things during the same period that Tonya Harding monopolized the headlines but then I thought it was a pointless exercise. Charles Manson will always be more famous, much more than Sharon Tate. That&apos;s the world we live in or maybe it always was. The sadness verging on horror of of the Tonya Harding story will win, fascination wise, than any kind of kindness from anyone anywhere. Now that out of my system let me say that I Tonya is an entertaining harrowing tale directed by Craig Gillespie and his extraordinary cinematographer Nicholas Karakatsanis with, clearly, Martin Scorsese in their minds and hearts. Margot Robbie is terrific and Sebastian Stan as the husband from hell, superb but it&apos;s Allison Janney that creates a character that is impossible to take and irresistible at the same time. She is spectacular. So, that&apos;s more than enough to recommend I Tonya but if the Tabloid Times is something you subscribe I will highly recommend Gus Van Sant&apos;s To Die For and Michael Ritchie&apos;s made for television The Positively True Adventures of the Alleged Texas Cheerleader-Murdering Mom.", "reviewRating": {"@type": "Rating", "worstRating": 1, "bestRating": 10, "ratingValue": 7}}, "aggregateRating": {"@type": "AggregateRating", "ratingCount": 248103, "bestRating": 10, "worstRating": 1, "ratingValue": 7.5}, "contentRating": "R", "genre": ["Biography", "Comedy", "Drama"], "datePublished": "2018-01-19", "keywords": "ice skating,violence,abusive mother,abuse,ice skater", "trailer": {"@type": "VideoObject", "name": "Official Trailer: I, Tonya", "embedUrl": "https://www.imdb.com/video/imdb/vi4244617241", "thumbnail": {"@type": "ImageObject", "contentUrl": "https://m.media-amazon.com/images/M/MV5BNmVhNGQ1NzEtYmYyYi00YTUxLTk4MDMtMDZjOTYzNDA2MzMwXkEyXkFqcGdeQXRzdGFzaWVr._V1_.jpg"}, "thumbnailUrl": "https://m.media-amazon.com/images/M/MV5BNmVhNGQ1NzEtYmYyYi00YTUxLTk4MDMtMDZjOTYzNDA2MzMwXkEyXkFqcGdeQXRzdGFzaWVr._V1_.jpg", "url": "https://www.imdb.com/video/vi4244617241/", "description": "Competitive ice skater Tonya Harding rises among the ranks at the U.S. Figure Skating Championships, but her future in the activity is thrown into doubt when her ex-husband intervenes.", "duration": "PT2M23S", "uploadDate": "2018-01-19T20:48:19Z"}, "actor": [{"@type": "Person", "url": "https://www.imdb.com/name/nm3053338/", "name": "Margot Robbie"}, {"@type": "Person", "url": "https://www.imdb.com/name/nm1659221/", "name": "Sebastian Stan"}, {"@type": "Person", "url": "https://www.imdb.com/name/nm0005049/", "name": "Allison Janney"}], "director": [{"@type": "Person", "url": "https://www.imdb.com/name/nm0318916/", "name": "Craig Gillespie"}], "creator": [{"@type": "Organization", "url": "https://www.imdb.com/company/co0465607/"}, {"@type": "Organization", "url": "https://www.imdb.com/company/co0637285/"}, {"@type": "Organization", "url": "https://www.imdb.com/company/co0312433/"}, {"@type": "Person", "url": "https://www.imdb.com/name/nm0737216/", "name": "Steven Rogers"}], "duration": "PT1H59M"}, "imdbId": "tt5580036", "top": {"id": "tt5580036", "productionStatus": {"currentProductionStage": {"id": "released", "text": "Released", "__typename": "ProductionStage"}, "productionStatusHistory": [{"status": {"id": "optioned_property", "text": "Optioned Property", "__typename": "ProductionStatus"}, "__typename": "ProductionStatusHistory"}, {"status": {"id": "script", "text": "Script", "__typename": "ProductionStatus"}, "__typename": "ProductionStatusHistory"}, {"status": {"id": "script", "text": "Script", "__typename": "ProductionStatus"}, "__typename": "ProductionStatusHistory"}, {"status": {"id": "pre_production", "text": "Pre-production", "__typename": "ProductionStatus"}, "__typename": "ProductionStatusHistory"}, {"status": {"id": "filming", "text": "Filming", "__typename": "ProductionStatus"}, "__typename": "ProductionStatusHistory"}, {"status": {"id": "post_production", "text": "Post-production", "__typename": "ProductionStatus"}, "__typename": "ProductionStatusHistory"}, {"status": {"id": "completed", "text": "Completed", "__typename": "ProductionStatus"}, "__typename": "ProductionStatusHistory"}, {"status": {"id": "released", "text": "Released", "__typename": "ProductionStatus"}, "__typename": "ProductionStatusHistory"}], "restriction": null, "__typename": "ProductionStatusDetails"}, "canHaveEpisodes": false, "series": null, "titleText": {"text": "I, Tonya", "__typename": "TitleText"}, "titleType": {"displayableProperty": {"value": {"plainText": "", "__typename": "Markdown"}, "__typename": "DisplayableTitleTypeProperty"}, "text": "Movie", "id": "movie", "isSeries": false, "isEpisode": false, "categories": [{"value": "movie", "__typename": "TitleTypeCategory"}], "canHaveEpisodes": false, "__typename": "TitleType"}, "originalTitleText": {"text": "I, Tonya", "__typename": "TitleText"}, "certificate": {"rating": "R", "__typename": "Certificate"}, "releaseYear": {"year": 2017, "endYear": null, "__typename": "YearRange"}, "releaseDate": {"day": 19, "month": 1, "year": 2018, "__typename": "ReleaseDate"}, "runtime": {"seconds": 7140, "displayableProperty": {"value": {"plainText": "1h 59m", "__typename": "Markdown"}, "__typename": "DisplayableTitleRuntimeProperty"}, "__typename": "Runtime"}, "canRate": {"isRatable": true, "__typename": "CanRate"}, "ratingsSummary": {"aggregateRating": 7.5, "voteCount": 248103, "__typename": "RatingsSummary"}, "meterRanking": {"currentRank": 2595, "rankChange": {"changeDirection": "UP", "difference": 317, "__typename": "MeterRankChange"}, "__typename": "TitleMeterRanking"}, "primaryImage": {"id": "rm4053424128", "width": 1012, "height": 1500, "url": "https://m.media-amazon.com/images/M/MV5BMjI5MDY1NjYzMl5BMl5BanBnXkFtZTgwNjIzNDAxNDM@._V1_.jpg", "caption": {"plainText": "Margot Robbie in I, Tonya (2017)", "__typename": "Markdown"}, "__typename": "Image"}, "images": {"total": 252, "edges": [{"node": {"id": "rm1831950848", "__typename": "Image"}, "__typename": "ImageEdge"}], "__typename": "ImageConnection"}, "videos": {"total": 13, "__typename": "TitleRelatedVideosConnection"}, "primaryVideos": {"edges": [{"node": {"id": "vi4244617241", "createdDate": "2018-01-19T20:48:19Z", "isMature": false, "runtime": {"value": 143, "__typename": "VideoRuntime"}, "name": {"value": "Official Trailer: I, Tonya", "language": "en", "__typename": "LocalizedString"}, "description": {"value": "Competitive ice skater Tonya Harding rises among the ranks at the U.S. Figure Skating Championships, but her future in the activity is thrown into doubt when her ex-husband intervenes.", "language": "en", "__typename": "LocalizedString"}, "timedTextTracks": [], "recommendedTimedTextTrack": null, "thumbnail": {"url": "https://m.media-amazon.com/images/M/MV5BNmVhNGQ1NzEtYmYyYi00YTUxLTk4MDMtMDZjOTYzNDA2MzMwXkEyXkFqcGdeQXRzdGFzaWVr._V1_.jpg", "height": 473, "width": 710, "__typename": "Thumbnail"}, "primaryTitle": {"id": "tt5580036", "titleText": {"text": "I, Tonya", "__typename": "TitleText"}, "originalTitleText": {"text": "I, Tonya", "__typename": "TitleText"}, "releaseYear": {"year": 2017, "__typename": "YearRange"}, "__typename": "Title"}, "playbackURLs": [{"displayName": {"value": "480p", "language": "en-US", "__typename": "LocalizedString"}, "videoMimeType": "MP4", "videoDefinition": "DEF_480p", "url": "https://imdb-video.media-imdb.com/vi4244617241/1434659607842-pgv4ql-1516394900294.mp4?Expires=1730927616&Signature=gfn5Updrym43930nC4vphhcHXpJNxHQeflyUiGChiwYOG6Oi406K3KvKA8oKLkgsoouKiZEn6ZSg3Ze4ED83mBxZs5blPVvsuRTIRlh-qRRrqesQOZDWKFiLoD~BT19EpHF2MtWFjYcNdD~j6PtmI1d6-X7WbtvesOPjzzTftjLyjS7sAnMeVjfFbkR74EDhltUhacKCMh2ZxoemDN6BbTmxDsfxnL-2AXEGlDXgcQnR7LALiiOquc5cQT5DiIhSsVq-Fx~k0umFbrRygjrWK2tvX03NjMSUDH0jii8r0uvG92EwPQe8jWUdEwc6~ul8wpxa7Mtq7ac5jvoeThlq8A__&Key-Pair-Id=APKAIFLZBVQZ24NQH3KA", "__typename": "PlaybackURL"}, {"displayName": {"value": "SD", "language": "en-US", "__typename": "LocalizedString"}, "videoMimeType": "MP4", "videoDefinition": "DEF_SD", "url": "https://imdb-video.media-imdb.com/vi4244617241/1434659454657-dx9ykf-1516394900294.mp4?Expires=1730927616&Signature=qq8Ik7ELXOCDLrZLLzkREo8XnkxMPCARRFAyTsP3R-GkaRJC7XTMiyeOseX2kUSEr-tlDGWz~j8v-QFdZj7se2EEN3x6A1yM4A7cZ-ePkCIfMA2VfEN7azA2zhxkpMMRprK8r8~tM9rzOZHyYNfhhqBtIr2laMxFb19eP-1u6QURpfyH~xnEUAPqPvj5HCAvP2OgJG1bBFH3uFj6JYXuI7f8nnppYx3C4W9P8KQHK38rE~2sf9NXz9zXc0dR8KX9jPwp5WDZYELMdEvXyoe1eR6SSaP6QxPPDtEbgSn7Q6THwJTrDHfFNnZGbQ6z~5GBTsc3PfvvkRPtuFLe4DVwXA__&Key-Pair-Id=APKAIFLZBVQZ24NQH3KA", "__typename": "PlaybackURL"}], "contentType": {"id": "amzn1.imdb.video.contenttype.trailer", "displayName": {"value": "Trailer", "__typename": "LocalizedString"}, "__typename": "VideoContentType"}, "previewURLs": [{"displayName": {"value": "AUTO", "language": "en-US", "__typename": "LocalizedString"}, "videoMimeType": "M3U8", "videoDefinition": "DEF_AUTO", "url": "https://imdb-video.media-imdb.com/vi4244617241/hls-preview-0d800a19-5d69-4c2d-9a8c-9f83c891717e.m3u8?Expires=1730927616&Signature=vEAQoEPta9KifIBxx9DL~QoJHQeQJZXPr55MCwseIWtIWXO5VhF~jUMl2YWnTbo09d4AuNOti~P9ZFlx0VPYbyudReZJTPn84emR2hMBUCAhloaTo59qpQORaZdSvhsj9INbP5U7eNoE-mp-HuMSbEMPQLWTjpniHtxwsR6uiRYt~ma0eiUqSuf2RVYg9pc6GFL7evsDHYRzskyk2fmwkyEDj89GyhTCAv1xcOkdOOiuuswqJ-MM9IST9e6GdmDLKP3bN3UK9K6lhhP4wiQ7zcobJnQ-ggUk2PSa1lziHdAW5u8Pij7yGh2gdcp23zo5eMkIWjoF3Ub7c99BalqtGA__&Key-Pair-Id=APKAIFLZBVQZ24NQH3KA", "__typename": "PlaybackURL"}], "__typename": "Video"}, "__typename": "VideoEdge"}, {"node": {"id": "vi558414105", "createdDate": "2017-11-01T15:49:01Z", "isMature": false, "runtime": {"value": 144, "__typename": "VideoRuntime"}, "name": {"value": "Official Trailer", "language": "en", "__typename": "LocalizedString"}, "description": {"value": "Based on the unbelievable but true events, 'I, Tonya' is a darkly comedic tale of American figure skater Tonya Harding and one of the most sensational scandals in sports history. Though Harding was the first American woman to complete a triple axel in competition, her legacy was forever defined by her association with an infamous, ill-conceived, and even more poorly executed attack on fellow Olympic competitor Nancy Kerrigan.", "language": "en", "__typename": "LocalizedString"}, "timedTextTracks": [], "recommendedTimedTextTrack": null, "thumbnail": {"url": "https://m.media-amazon.com/images/M/MV5BYWUzYTAxNmMtZGY5YS00NTkyLWFkYzgtNzkzMzQxYTNmMWIzXkEyXkFqcGdeQXVyMTkxNjUyNQ@@._V1_.jpg", "height": 1080, "width": 1920, "__typename": "Thumbnail"}, "primaryTitle": {"id": "tt5580036", "titleText": {"text": "I, Tonya", "__typename": "TitleText"}, "originalTitleText": {"text": "I, Tonya", "__typename": "TitleText"}, "releaseYear": {"year": 2017, "__typename": "YearRange"}, "__typename": "Title"}, "playbackURLs": [{"displayName": {"value": "480p", "language": "en-US", "__typename": "LocalizedString"}, "videoMimeType": "MP4", "videoDefinition": "DEF_480p", "url": "https://imdb-video.media-imdb.com/vi558414105/1434659607842-pgv4ql-1509551342356.mp4?Expires=1730927616&Signature=UamoV28EpGhrgopEzo6DCZ2TXV-I8Yl2G5KPpp28AD5qGyTwbRYqbSlu~3bfYP3OX~u6BZg5D4EOX0wTxKUe5560y8XCUi8gjjVYl7wGmQroT3sbfTOIZyfDcIy6IoOfBHdyrIfi2JGdfLkwYisD7tGw5aeKh5K7zrQu1~hNNlCCz7Pq2ADlUBMRXF6X6h0GdN~drxVk12p3A63ILs5jYc7WLlUQxfdztpoA~1mnf4QBBRnlH3rfJtZz7Cp5~E8c4LnWoqMdzTOZ4qi0qy3-3x1yH74jKPLmzpbXMCcz3jXclegLVodkaJJmVC93ESiO754vcO7u9hUFxxcy7mCNrw__&Key-Pair-Id=APKAIFLZBVQZ24NQH3KA", "__typename": "PlaybackURL"}, {"displayName": {"value": "SD", "language": "en-US", "__typename": "LocalizedString"}, "videoMimeType": "MP4", "videoDefinition": "DEF_SD", "url": "https://imdb-video.media-imdb.com/vi558414105/1434659454657-dx9ykf-1509551342356.mp4?Expires=1730927616&Signature=eKDTvFKz7YN7TF30qRuxeM2VM~JV5dmnYLy2iHzlNhWH3pyyTm~a17yBHSChgDlBXnpzR1VMwq7Vi9nH5POjaZTubl5mXmz0MZRSpYgtAk0VETxeROg5mUO~YEoemOVVky528aoJ~uyvfhYnQHiZbBfkYKjfqdY16VDdLIaUWPFOPxlpfpOXCrd1oGNUw0xgyf-sk3T5n7X11Fb352GXwKrN2HCyfI8zZ~tJBjesQqWnyL3uZCednRDPJ5MJowGziAOvXxFnBa4Cy1bZICsyhg52ePZKR46Ve6bhchv03h5R6o8D6wra9XG7CPOWytnM0rJBT1Hai~pGnKsbm5X4aw__&Key-Pair-Id=APKAIFLZBVQZ24NQH3KA", "__typename": "PlaybackURL"}], "contentType": {"id": "amzn1.imdb.video.contenttype.trailer", "displayName": {"value": "Trailer", "__typename": "LocalizedString"}, "__typename": "VideoContentType"}, "previewURLs": [{"displayName": {"value": "AUTO", "language": "en-US", "__typename": "LocalizedString"}, "videoMimeType": "M3U8", "videoDefinition": "DEF_AUTO", "url": "https://imdb-video.media-imdb.com/vi558414105/hls-preview-cc0840c9-ff1f-4e6e-9a04-bead80085cae.m3u8?Expires=1730927616&Signature=DfxoG4nTbu-8Zumzh6pCFR5gLjpGGNGBVUHAh03kaCpBal46ogdN2Pje5AQKIhHrcgMY1PY~Oz10L6MHzCUcY-RJZ8cBhHa9CEcm-ZAGHUiyIrc7EgUwnOCDNHz1fsGgfhw0bXbZAOVZMnik94tqRpP-Rdav5K5~fqtMnUivfg6B~HOgrdj8jfoJaR3QZG9CoAxGgMq795LzwWYwHteHs5isiStCVlMnVwiVJ3~xbH0ytvVYvj-GKYqYp8TcKr3ZrFt9aY-hxK~UBwYTCirVrJFl5j0L-jMAFLFGLxYq6ndTmTpW-IE6OaDxBtxZY5Ka3UKBmbtcJeVPrb6z~l0oKg__&Key-Pair-Id=APKAIFLZBVQZ24NQH3KA", "__typename": "PlaybackURL"}], "__typename": "Video"}, "__typename": "VideoEdge"}], "__typename": "VideoConnection"}, "externalLinks": {"total": 506, "__typename": "ExternalLinkConnection"}, "metacritic": {"metascore": {"score": 77, "__typename": "Metascore"}, "__typename": "Metacritic"}, "keywords": {"total": 228, "edges": [{"node": {"text": "ice skating", "__typename": "TitleKeyword"}, "__typename": "TitleKeywordEdge"}, {"node": {"text": "violence", "__typename": "TitleKeyword"}, "__typename": "TitleKeywordEdge"}, {"node": {"text": "abusive mother", "__typename": "TitleKeyword"}, "__typename": "TitleKeywordEdge"}, {"node": {"text": "abuse", "__typename": "TitleKeyword"}, "__typename": "TitleKeywordEdge"}, {"node": {"text": "ice skater", "__typename": "TitleKeyword"}, "__typename": "TitleKeywordEdge"}], "__typename": "TitleKeywordConnection"}, "isAdult": false, "genres": {"genres": [{"text": "Biography", "id": "Biography", "__typename": "Genre"}, {"text": "Comedy", "id": "Comedy", "__typename": "Genre"}, {"text": "Drama", "id": "Drama", "__typename": "Genre"}, {"text": "Sport", "id": "Sport", "__typename": "Genre"}], "__typename": "Genres"}, "interests": {"edges": [{"node": {"id": "in0000035", "primaryText": {"text": "Dark Comedy", "__typename": "InterestText"}, "__typename": "Interest"}, "__typename": "InterestEdge"}, {"node": {"id": "in0000075", "primaryText": {"text": "Docudrama", "__typename": "InterestText"}, "__typename": "Interest"}, "__typename": "InterestEdge"}, {"node": {"id": "in0000072", "primaryText": {"text": "Biography", "__typename": "InterestText"}, "__typename": "Interest"}, "__typename": "InterestEdge"}, {"node": {"id": "in0000034", "primaryText": {"text": "Comedy", "__typename": "InterestText"}, "__typename": "Interest"}, "__typename": "InterestEdge"}, {"node": {"id": "in0000076", "primaryText": {"text": "Drama", "__typename": "InterestText"}, "__typename": "Interest"}, "__typename": "InterestEdge"}, {"node": {"id": "in0000174", "primaryText": {"text": "Sport", "__typename": "InterestText"}, "__typename": "Interest"}, "__typename": "InterestEdge"}], "__typename": "InterestConnection"}, "plot": {"plotText": {"plainText": "Competitive ice skater Tonya Harding rises amongst the ranks at the U.S. Figure Skating Championships, but her future in the activity is thrown into doubt when her ex-husband intervenes.", "__typename": "Markdown"}, "language": {"id": "en-US", "__typename": "DisplayableLanguage"}, "__typename": "Plot"}, "plotContributionLink": {"url": "https://contribute.imdb.com/updates?update=tt5580036:outlines.add.1.locale~en-US", "__typename": "ContributionLink"}, "credits": {"total": 506, "__typename": "CreditConnection"}, "principalCredits": [{"totalCredits": 1, "category": {"text": "Director", "id": "director", "__typename": "CreditCategory"}, "credits": [{"name": {"nameText": {"text": "Craig Gillespie", "__typename": "NameText"}, "id": "nm0318916", "__typename": "Name"}, "attributes": null, "__typename": "Crew"}], "__typename": "PrincipalCreditsForCategory"}, {"totalCredits": 1, "category": {"text": "Writer", "id": "writer", "__typename": "CreditCategory"}, "credits": [{"name": {"nameText": {"text": "Steven Rogers", "__typename": "NameText"}, "id": "nm0737216", "__typename": "Name"}, "attributes": null, "__typename": "Crew"}], "__typename": "PrincipalCreditsForCategory"}, {"totalCredits": 107, "category": {"text": "Stars", "id": "cast", "__typename": "CreditCategory"}, "credits": [{"name": {"nameText": {"text": "Margot Robbie", "__typename": "NameText"}, "id": "nm3053338", "__typename": "Name"}, "attributes": null, "__typename": "Cast"}, {"name": {"nameText": {"text": "Sebastian Stan", "__typename": "NameText"}, "id": "nm1659221", "__typename": "Name"}, "attributes": null, "__typename": "Cast"}, {"name": {"nameText": {"text": "Allison Janney", "__typename": "NameText"}, "id": "nm0005049", "__typename": "Name"}, "attributes": null, "__typename": "Cast"}], "__typename": "PrincipalCreditsForCategory"}], "reviews": {"total": 598, "__typename": "ReviewsConnection"}, "criticReviewsTotal": {"total": 448, "__typename": "ExternalLinkConnection"}, "triviaTotal": {"total": 37, "__typename": "TriviaConnection"}, "engagementStatistics": {"watchlistStatistics": {"displayableCount": {"text": "Added by 256K users", "__typename": "LocalizedDisplayableCount"}, "__typename": "WatchlistStatistics"}, "__typename": "EngagementStatistics"}, "subNavCredits": {"total": 506, "__typename": "CreditConnection"}, "subNavReviews": {"total": 598, "__typename": "ReviewsConnection"}, "subNavTrivia": {"total": 37, "__typename": "TriviaConnection"}, "subNavFaqs": {"total": 0, "__typename": "FaqConnection"}, "subNavTopQuestions": {"total": 20, "__typename": "AlexaQuestionConnection"}, "titleGenres": {"genres": [{"genre": {"text": "Biography", "__typename": "GenreItem"}, "__typename": "TitleGenre"}, {"genre": {"text": "Comedy", "__typename": "GenreItem"}, "__typename": "TitleGenre"}, {"genre": {"text": "Drama", "__typename": "GenreItem"}, "__typename": "TitleGenre"}], "__typename": "TitleGenres"}, "meta": {"canonicalId": "tt5580036", "publicationStatus": "PUBLISHED", "__typename": "TitleMeta"}, "castPageTitle": {"edges": [{"node": {"name": {"id": "nm3053338", "nameText": {"text": "Margot Robbie", "__typename": "NameText"}, "__typename": "Name"}, "__typename": "Cast"}, "__typename": "CreditEdge"}, {"node": {"name": {"id": "nm1659221", "nameText": {"text": "Sebastian Stan", "__typename": "NameText"}, "__typename": "Name"}, "__typename": "Cast"}, "__typename": "CreditEdge"}, {"node": {"name": {"id": "nm0005049", "nameText": {"text": "Allison Janney", "__typename": "NameText"}, "__typename": "Name"}, "__typename": "Cast"}, "__typename": "CreditEdge"}, {"node": {"name": {"id": "nm0629855", "nameText": {"text": "Julianne Nicholson", "__typename": "NameText"}, "__typename": "Name"}, "__typename": "Cast"}, "__typename": "CreditEdge"}], "__typename": "CreditConnection"}, "creatorsPageTitle": [], "directorsPageTitle": [{"credits": [{"name": {"id": "nm0318916", "nameText": {"text": "Craig Gillespie", "__typename": "NameText"}, "__typename": "Name"}, "__typename": "Crew"}], "__typename": "PrincipalCreditsForCategory"}], "countriesOfOrigin": {"countries": [{"id": "US", "__typename": "CountryOfOrigin"}], "__typename": "CountriesOfOrigin"}, "production": {"edges": [{"node": {"company": {"id": "co0465607", "companyText": {"text": "AI-Film", "__typename": "CompanyText"}, "__typename": "Company"}, "__typename": "CompanyCredit"}, "__typename": "CompanyCreditEdge"}, {"node": {"company": {"id": "co0637285", "companyText": {"text": "Clubhouse Pictures (II)", "__typename": "CompanyText"}, "__typename": "Company"}, "__typename": "CompanyCredit"}, "__typename": "CompanyCreditEdge"}, {"node": {"company": {"id": "co0312433", "companyText": {"text": "Georgia Film, Music & Digital Entertainment Office", "__typename": "CompanyText"}, "__typename": "Company"}, "__typename": "CompanyCredit"}, "__typename": "CompanyCreditEdge"}], "__typename": "CompanyCreditConnection"}, "featuredReviews": {"edges": [{"node": {"author": {"nickName": "ggallegosgroupuk", "__typename": "UserProfile"}, "summary": {"originalText": "Tabloid Times", "__typename": "ReviewSummary"}, "text": {"originalText": {"plainText": "I was going to make a list of people who made extraordinary things during the same period that Tonya Harding monopolized the headlines but then I thought it was a pointless exercise. Charles Manson will always be more famous, much more than Sharon Tate. That's the world we live in or maybe it always was. The sadness verging on horror of of the Tonya Harding story will win, fascination wise, than any kind of kindness from anyone anywhere. Now that out of my system let me say that I Tonya is an entertaining harrowing tale directed by Craig Gillespie and his extraordinary cinematographer Nicholas Karakatsanis with, clearly, Martin Scorsese in their minds and hearts. Margot Robbie is terrific and Sebastian Stan as the husband from hell, superb but it's Allison Janney that creates a character that is impossible to take and irresistible at the same time. She is spectacular. So, that's more than enough to recommend I Tonya but if the Tabloid Times is something you subscribe I will highly recommend Gus Van Sant's To Die For and Michael Ritchie's made for television The Positively True Adventures of the Alleged Texas Cheerleader-Murdering Mom.", "__typename": "Markdown"}, "__typename": "ReviewText"}, "authorRating": 7, "submissionDate": "2017-12-07", "__typename": "Review"}, "__typename": "ReviewEdge"}], "__typename": "ReviewsConnection"}, "__typename": "Title"}, "main": {"id": "tt5580036", "wins": {"total": 45, "__typename": "AwardNominationConnection"}, "nominationsExcludeWins": {"total": 127, "__typename": "AwardNominationConnection"}, "prestigiousAwardSummary": {"nominations": 2, "wins": 1, "award": {"text": "Oscar", "id": "aw0000016", "event": {"id": "ev0000003", "__typename": "AwardsEvent"}, "__typename": "AwardDetails"}, "__typename": "PrestigiousAwardSummary"}, "ratingsSummary": {"topRanking": {"id": "topRated:tt5580036:en_US", "text": {"value": "Top Rated", "__typename": "LocalizedString"}, "rank": 1308, "__typename": "TopRanking"}, "__typename": "RatingsSummary"}, "episodes": null, "videos": {"total": 13, "__typename": "TitleRelatedVideosConnection"}, "videoStrip": {"edges": [{"node": {"id": "vi4244617241", "contentType": {"displayName": {"value": "Trailer", "__typename": "LocalizedString"}, "__typename": "VideoContentType"}, "name": {"value": "Official Trailer: I, Tonya", "__typename": "LocalizedString"}, "runtime": {"value": 143, "__typename": "VideoRuntime"}, "thumbnail": {"height": 473, "url": "https://m.media-amazon.com/images/M/MV5BNmVhNGQ1NzEtYmYyYi00YTUxLTk4MDMtMDZjOTYzNDA2MzMwXkEyXkFqcGdeQXRzdGFzaWVr._V1_.jpg", "width": 710, "__typename": "Thumbnail"}, "__typename": "Video"}, "__typename": "VideoEdge"}, {"node": {"id": "vi558414105", "contentType": {"displayName": {"value": "Trailer", "__typename": "LocalizedString"}, "__typename": "VideoContentType"}, "name": {"value": "Official Trailer", "__typename": "LocalizedString"}, "runtime": {"value": 144, "__typename": "VideoRuntime"}, "thumbnail": {"height": 1080, "url": "https://m.media-amazon.com/images/M/MV5BYWUzYTAxNmMtZGY5YS00NTkyLWFkYzgtNzkzMzQxYTNmMWIzXkEyXkFqcGdeQXVyMTkxNjUyNQ@@._V1_.jpg", "width": 1920, "__typename": "Thumbnail"}, "__typename": "Video"}, "__typename": "VideoEdge"}, {"node": {"id": "vi843626777", "contentType": {"displayName": {"value": "Trailer", "__typename": "LocalizedString"}, "__typename": "VideoContentType"}, "name": {"value": "Red Band Trailer", "__typename": "LocalizedString"}, "runtime": {"value": 147, "__typename": "VideoRuntime"}, "thumbnail": {"height": 720, "url": "https://m.media-amazon.com/images/M/MV5BYzE2ZTgwMjgtZWNiNi00Mzk2LWFlNmMtM2Y1YTAzZWUxNzEwXkEyXkFqcGdeQXVyMTkxNjUyNQ@@._V1_.jpg", "width": 1280, "__typename": "Thumbnail"}, "__typename": "Video"}, "__typename": "VideoEdge"}, {"node": {"id": "vi1650112793", "contentType": {"displayName": {"value": "Trailer", "__typename": "LocalizedString"}, "__typename": "VideoContentType"}, "name": {"value": "Official Tease", "__typename": "LocalizedString"}, "runtime": {"value": 53, "__typename": "VideoRuntime"}, "thumbnail": {"height": 478, "url": "https://m.media-amazon.com/images/M/MV5BMTkwNzU0MTM1MV5BMl5BanBnXkFtZTgwMDgwMTY5MzI@._V1_.jpg", "width": 640, "__typename": "Thumbnail"}, "__typename": "Video"}, "__typename": "VideoEdge"}, {"node": {"id": "vi485541657", "contentType": {"displayName": {"value": "Clip", "__typename": "LocalizedString"}, "__typename": "VideoContentType"}, "name": {"value": "All About 'Dumb Money'", "__typename": "LocalizedString"}, "runtime": {"value": 109, "__typename": "VideoRuntime"}, "thumbnail": {"height": 1080, "url": "https://m.media-amazon.com/images/M/MV5BNTI3NDVmNTgtMTM4OC00Y2M0LWE5YWItMTI0OGZiZjZlMjVhXkEyXkFqcGdeQWFsZWxvZw@@._V1_.jpg", "width": 1920, "__typename": "Thumbnail"}, "__typename": "Video"}, "__typename": "VideoEdge"}, {"node": {"id": "vi1670363161", "contentType": {"displayName": {"value": "Interview", "__typename": "LocalizedString"}, "__typename": "VideoContentType"}, "name": {"value": "Allison Janney Salutes Her 'I, Tonya' Bird and \"Big Little Lies\"", "__typename": "LocalizedString"}, "runtime": {"value": 100, "__typename": "VideoRuntime"}, "thumbnail": {"height": 1080, "url": "https://m.media-amazon.com/images/M/MV5BOWU0ODk3M2MtMjFiZC00MGY0LWI4ZjYtMjQwMDIwMDcxNGM3XkEyXkFqcGdeQXVyNjMwMzc3MjE@._V1_.jpg", "width": 1920, "__typename": "Thumbnail"}, "__typename": "Video"}, "__typename": "VideoEdge"}, {"node": {"id": "vi982562841", "contentType": {"displayName": {"value": "Interview", "__typename": "LocalizedString"}, "__typename": "VideoContentType"}, "name": {"value": "Margot Robbie Reveals She Didn't Know 'I, Tonya' Was a True Story", "__typename": "LocalizedString"}, "runtime": {"value": 109, "__typename": "VideoRuntime"}, "thumbnail": {"height": 1080, "url": "https://m.media-amazon.com/images/M/MV5BMmMxZjVjNjgtMzc5Zi00YTZlLTgzZGEtMmFiMjIyYTc1MmUzXkEyXkFqcGdeQXVyNzU1ODY5NTg@._V1_.jpg", "width": 1920, "__typename": "Thumbnail"}, "__typename": "Video"}, "__typename": "VideoEdge"}, {"node": {"id": "vi3420305433", "contentType": {"displayName": {"value": "Video", "__typename": "LocalizedString"}, "__typename": "VideoContentType"}, "name": {"value": "Hitting the Ice With Margot Robbie's 'I, Tonya' Skating Coach", "__typename": "LocalizedString"}, "runtime": {"value": 138, "__typename": "VideoRuntime"}, "thumbnail": {"height": 807, "url": "https://m.media-amazon.com/images/M/MV5BNWI0ZjcxMDktMjMwNy00NGJhLWJiOTUtZjhlODQzMTJhZDYzXkEyXkFqcGdeQW1yb2Njbw@@._V1_.jpg", "width": 1437, "__typename": "Thumbnail"}, "__typename": "Video"}, "__typename": "VideoEdge"}, {"node": {"id": "vi194099225", "contentType": {"displayName": {"value": "Video", "__typename": "LocalizedString"}, "__typename": "VideoContentType"}, "name": {"value": "Margot Robbie, Sebastian Stan, and Allison Janney Discuss 'I Tonya' Characters", "__typename": "LocalizedString"}, "runtime": {"value": 86, "__typename": "VideoRuntime"}, "thumbnail": {"height": 1080, "url": "https://m.media-amazon.com/images/M/MV5BYjFlNTZjN2QtZjc5My00ZDRkLWJjNTUtNDI4MzJkNzQyZTYyXkEyXkFqcGdeQXVyNzU1ODY5NTg@._V1_.jpg", "width": 1920, "__typename": "Thumbnail"}, "__typename": "Video"}, "__typename": "VideoEdge"}, {"node": {"id": "vi3062937625", "contentType": {"displayName": {"value": "Clip", "__typename": "LocalizedString"}, "__typename": "VideoContentType"}, "name": {"value": "The Watchlist With Paul Scheer", "__typename": "LocalizedString"}, "runtime": {"value": 72, "__typename": "VideoRuntime"}, "thumbnail": {"height": 480, "url": "https://m.media-amazon.com/images/M/MV5BMTU2MDQyNjI3MV5BMl5BanBnXkFtZTgwODE4MjEyNDI@._V1_.jpg", "width": 640, "__typename": "Thumbnail"}, "__typename": "Video"}, "__typename": "VideoEdge"}, {"node": {"id": "vi0768281", "contentType": {"displayName": {"value": "Video", "__typename": "LocalizedString"}, "__typename": "VideoContentType"}, "name": {"value": "Tonya Harding's Reaction to Margot Robbie in 'I, Tonya'", "__typename": "LocalizedString"}, "runtime": {"value": 100, "__typename": "VideoRuntime"}, "thumbnail": {"height": 1080, "url": "https://m.media-amazon.com/images/M/MV5BNzAzMWFhN2EtMjIyYy00ODI5LWFiMmMtNjIxMmRhNjdjOWI5XkEyXkFqcGdeQXVyNjMwMzc3MjE@._V1_.jpg", "width": 1920, "__typename": "Thumbnail"}, "__typename": "Video"}, "__typename": "VideoEdge"}, {"node": {"id": "vi151763225", "contentType": {"displayName": {"value": "Video", "__typename": "LocalizedString"}, "__typename": "VideoContentType"}, "name": {"value": "Will 'I, Tonya' Change Opinions About Tonya Harding's Figure Skating Scandal?", "__typename": "LocalizedString"}, "runtime": {"value": 106, "__typename": "VideoRuntime"}, "thumbnail": {"height": 1080, "url": "https://m.media-amazon.com/images/M/MV5BYmNkYTgxNzMtNWY3OC00ZmEyLWExNDgtZTJmNGJmNjEyMDg4XkEyXkFqcGdeQXVyNjMwMzc3MjE@._V1_.jpg", "width": 1920, "__typename": "Thumbnail"}, "__typename": "Video"}, "__typename": "VideoEdge"}], "__typename": "VideoConnection"}, "titleMainImages": {"total": 252, "edges": [{"node": {"id": "rm1831950848", "url": "https://m.media-amazon.com/images/M/MV5BOTMxMDE0Mjc4OV5BMl5BanBnXkFtZTgwNDYwMTY5MzI@._V1_.jpg", "caption": {"plainText": "Julianne Nicholson and Margot Robbie in I, Tonya (2017)", "__typename": "Markdown"}, "height": 535, "width": 1280, "__typename": "Image"}, "__typename": "ImageEdge"}, {"node": {"id": "rm1815173632", "url": "https://m.media-amazon.com/images/M/MV5BMzQ2NjM0NTc4OV5BMl5BanBnXkFtZTgwNTYwMTY5MzI@._V1_.jpg", "caption": {"plainText": "Sebastian Stan and Paul Walter Hauser in I, Tonya (2017)", "__typename": "Markdown"}, "height": 535, "width": 1280, "__typename": "Image"}, "__typename": "ImageEdge"}, {"node": {"id": "rm1798396416", "url": "https://m.media-amazon.com/images/M/MV5BNzg0OTA5NDM5MF5BMl5BanBnXkFtZTgwNjYwMTY5MzI@._V1_.jpg", "caption": {"plainText": "Sebastian Stan and Margot Robbie in I, Tonya (2017)", "__typename": "Markdown"}, "height": 535, "width": 1280, "__typename": "Image"}, "__typename": "ImageEdge"}, {"node": {"id": "rm1781619200", "url": "https://m.media-amazon.com/images/M/MV5BMTYyNzA3MjM2OF5BMl5BanBnXkFtZTgwNzYwMTY5MzI@._V1_.jpg", "caption": {"plainText": "Allison Janney and Little Man in I, Tonya (2017)", "__typename": "Markdown"}, "height": 535, "width": 1280, "__typename": "Image"}, "__typename": "ImageEdge"}, {"node": {"id": "rm1764841984", "url": "https://m.media-amazon.com/images/M/MV5BMTg3MTAzMjMyNl5BMl5BanBnXkFtZTgwODYwMTY5MzI@._V1_.jpg", "caption": {"plainText": "Julianne Nicholson and Cara Mantella in I, Tonya (2017)", "__typename": "Markdown"}, "height": 535, "width": 1280, "__typename": "Image"}, "__typename": "ImageEdge"}, {"node": {"id": "rm1748064768", "url": "https://m.media-amazon.com/images/M/MV5BMTc2MzI2NDE0N15BMl5BanBnXkFtZTgwOTYwMTY5MzI@._V1_.jpg", "caption": {"plainText": "Allison Janney in I, Tonya (2017)", "__typename": "Markdown"}, "height": 535, "width": 1280, "__typename": "Image"}, "__typename": "ImageEdge"}, {"node": {"id": "rm1999723008", "url": "https://m.media-amazon.com/images/M/MV5BMTc5NzkzNjY5Nl5BMl5BanBnXkFtZTgwMDcwMTY5MzI@._V1_.jpg", "caption": {"plainText": "Margot Robbie in I, Tonya (2017)", "__typename": "Markdown"}, "height": 535, "width": 1280, "__typename": "Image"}, "__typename": "ImageEdge"}, {"node": {"id": "rm1982945792", "url": "https://m.media-amazon.com/images/M/MV5BMjE3NjA5NjQ2MF5BMl5BanBnXkFtZTgwMTcwMTY5MzI@._V1_.jpg", "caption": {"plainText": "Daniel Thomas May, Julianne Nicholson, Sebastian Stan, and Margot Robbie in I, Tonya (2017)", "__typename": "Markdown"}, "height": 535, "width": 1280, "__typename": "Image"}, "__typename": "ImageEdge"}, {"node": {"id": "rm1848728064", "url": "https://m.media-amazon.com/images/M/MV5BMTU5MTU2OTc0OF5BMl5BanBnXkFtZTgwMzYwMTY5MzI@._V1_.jpg", "caption": {"plainText": "Sebastian Stan and Margot Robbie in I, Tonya (2017)", "__typename": "Markdown"}, "height": 535, "width": 1280, "__typename": "Image"}, "__typename": "ImageEdge"}, {"node": {"id": "rm2810978816", "url": "https://m.media-amazon.com/images/M/MV5BMjE1NjM2MTI4Ml5BMl5BanBnXkFtZTgwODIwMDYxMzI@._V1_.jpg", "caption": {"plainText": "Julianne Nicholson and Margot Robbie in The IMDb Studio at Sundance (2015)", "__typename": "Markdown"}, "height": 600, "width": 1200, "__typename": "Image"}, "__typename": "ImageEdge"}, {"node": {"id": "rm28070912", "url": "https://m.media-amazon.com/images/M/MV5BMTcwMzQ4Mzg3M15BMl5BanBnXkFtZTgwODM4ODc4NDM@._V1_.jpg", "caption": {"plainText": "Craig Gillespie and Margot Robbie in I, Tonya (2017)", "__typename": "Markdown"}, "height": 1365, "width": 2048, "__typename": "Image"}, "__typename": "ImageEdge"}, {"node": {"id": "rm4106420225", "url": "https://m.media-amazon.com/images/M/MV5BN2M4MjQxYTktNWM4Yi00NGUzLTgxYTctZDY0Njg2OTQ5NWZjXkEyXkFqcGc@._V1_.jpg", "caption": {"plainText": "Mckenna Grace at an event for I, Tonya (2017)", "__typename": "Markdown"}, "height": 3000, "width": 1943, "__typename": "Image"}, "__typename": "ImageEdge"}, {"node": {"id": "rm2579693569", "url": "https://m.media-amazon.com/images/M/MV5BYWRiZjg5MGItNzI1OC00ZmQ5LWJiODQtOTI2ODllNGUyMjgyXkEyXkFqcGc@._V1_.jpg", "caption": {"plainText": "Mckenna Grace at an event for I, Tonya (2017)", "__typename": "Markdown"}, "height": 3492, "width": 2396, "__typename": "Image"}, "__typename": "ImageEdge"}], "__typename": "ImageConnection"}, "productionStatus": {"currentProductionStage": {"id": "released", "text": "Released", "__typename": "ProductionStage"}, "productionStatusHistory": [{"status": {"id": "optioned_property", "text": "Optioned Property", "__typename": "ProductionStatus"}, "__typename": "ProductionStatusHistory"}, {"status": {"id": "script", "text": "Script", "__typename": "ProductionStatus"}, "__typename": "ProductionStatusHistory"}, {"status": {"id": "script", "text": "Script", "__typename": "ProductionStatus"}, "__typename": "ProductionStatusHistory"}, {"status": {"id": "pre_production", "text": "Pre-production", "__typename": "ProductionStatus"}, "__typename": "ProductionStatusHistory"}, {"status": {"id": "filming", "text": "Filming", "__typename": "ProductionStatus"}, "__typename": "ProductionStatusHistory"}, {"status": {"id": "post_production", "text": "Post-production", "__typename": "ProductionStatus"}, "__typename": "ProductionStatusHistory"}, {"status": {"id": "completed", "text": "Completed", "__typename": "ProductionStatus"}, "__typename": "ProductionStatusHistory"}, {"status": {"id": "released", "text": "Released", "__typename": "ProductionStatus"}, "__typename": "ProductionStatusHistory"}], "restriction": null, "__typename": "ProductionStatusDetails"}, "primaryImage": {"id": "rm4053424128", "__typename": "Image"}, "inIframeAddLink": {"url": "https://contribute.imdb.com/image/tt5580036/add?bus=imdb&return_url=https%3A%2F%2Fwww.imdb.com%2Fclose_me&site=web", "__typename": "ContributionLink"}, "notInIframeAddLink": {"url": "https://contribute.imdb.com/image/tt5580036/add?bus=imdb&return_url=https%3A%2F%2Fwww.imdb.com%2Ftitle%2Ftt5580036%2F&site=mobile", "__typename": "ContributionLink"}, "titleType": {"id": "movie", "canHaveEpisodes": false, "__typename": "TitleType"}, "cast": {"total": 107, "edges": [{"node": {"name": {"id": "nm3053338", "nameText": {"text": "Margot Robbie", "__typename": "NameText"}, "primaryImage": {"url": "https://m.media-amazon.com/images/M/MV5BMTgxNDcwMzU2Nl5BMl5BanBnXkFtZTcwNDc4NzkzOQ@@._V1_.jpg", "width": 1000, "height": 1332, "__typename": "Image"}, "__typename": "Name"}, "attributes": null, "category": {"id": "actress", "__typename": "CreditCategory"}, "characters": [{"name": "Tonya", "__typename": "Character"}], "episodeCredits": {"total": 0, "yearRange": null, "__typename": "EpisodeCastConnection"}, "__typename": "Cast"}, "__typename": "CreditEdge"}, {"node": {"name": {"id": "nm1659221", "nameText": {"text": "Sebastian Stan", "__typename": "NameText"}, "primaryImage": {"url": "https://m.media-amazon.com/images/M/MV5BMWEwYjgxMDQtYmRkOS00MGFiLThjMzMtZGQ2ZjBhMTcyOWNlXkEyXkFqcGc@._V1_.jpg", "width": 3300, "height": 4293, "__typename": "Image"}, "__typename": "Name"}, "attributes": null, "category": {"id": "actor", "__typename": "CreditCategory"}, "characters": [{"name": "Jeff", "__typename": "Character"}], "episodeCredits": {"total": 0, "yearRange": null, "__typename": "EpisodeCastConnection"}, "__typename": "Cast"}, "__typename": "CreditEdge"}, {"node": {"name": {"id": "nm0005049", "nameText": {"text": "Allison Janney", "__typename": "NameText"}, "primaryImage": {"url": "https://m.media-amazon.com/images/M/MV5BMjAyNjc2NzgxM15BMl5BanBnXkFtZTgwODQyMjM1MjE@._V1_.jpg", "width": 1496, "height": 2048, "__typename": "Image"}, "__typename": "Name"}, "attributes": null, "category": {"id": "actress", "__typename": "CreditCategory"}, "characters": [{"name": "LaVona", "__typename": "Character"}], "episodeCredits": {"total": 0, "yearRange": null, "__typename": "EpisodeCastConnection"}, "__typename": "Cast"}, "__typename": "CreditEdge"}, {"node": {"name": {"id": "nm0629855", "nameText": {"text": "Julianne Nicholson", "__typename": "NameText"}, "primaryImage": {"url": "https://m.media-amazon.com/images/M/MV5BMjM1NDk3MTQ1N15BMl5BanBnXkFtZTgwMDMwODEyMDE@._V1_.jpg", "width": 2048, "height": 1360, "__typename": "Image"}, "__typename": "Name"}, "attributes": null, "category": {"id": "actress", "__typename": "CreditCategory"}, "characters": [{"name": "Diane Rawlinson", "__typename": "Character"}], "episodeCredits": {"total": 0, "yearRange": null, "__typename": "EpisodeCastConnection"}, "__typename": "Cast"}, "__typename": "CreditEdge"}, {"node": {"name": {"id": "nm3236159", "nameText": {"text": "Paul Walter Hauser", "__typename": "NameText"}, "primaryImage": {"url": "https://m.media-amazon.com/images/M/MV5BYjY1ZjM1ZDctNWUzNi00YzYxLTk5YmMtNjRmM2IzNGIxNTU2XkEyXkFqcGc@._V1_.jpg", "width": 3081, "height": 3553, "__typename": "Image"}, "__typename": "Name"}, "attributes": null, "category": {"id": "actor", "__typename": "CreditCategory"}, "characters": [{"name": "Shawn", "__typename": "Character"}], "episodeCredits": {"total": 0, "yearRange": null, "__typename": "EpisodeCastConnection"}, "__typename": "Cast"}, "__typename": "CreditEdge"}, {"node": {"name": {"id": "nm0134072", "nameText": {"text": "Bobby Cannavale", "__typename": "NameText"}, "primaryImage": {"url": "https://m.media-amazon.com/images/M/MV5BMTU0NzM3MzQ4Ml5BMl5BanBnXkFtZTgwOTg2MjY4ODE@._V1_.jpg", "width": 693, "height": 390, "__typename": "Image"}, "__typename": "Name"}, "attributes": null, "category": {"id": "actor", "__typename": "CreditCategory"}, "characters": [{"name": "Martin Maddox", "__typename": "Character"}], "episodeCredits": {"total": 0, "yearRange": null, "__typename": "EpisodeCastConnection"}, "__typename": "Cast"}, "__typename": "CreditEdge"}, {"node": {"name": {"id": "nm0636942", "nameText": {"text": "Bojana Novakovic", "__typename": "NameText"}, "primaryImage": {"url": "https://m.media-amazon.com/images/M/MV5BMTE1ZDk0M2YtZjAzMS00ZjFmLTk1MDYtMGM5YmRiZTM5ZGFjXkEyXkFqcGc@._V1_.jpg", "width": 2871, "height": 3600, "__typename": "Image"}, "__typename": "Name"}, "attributes": null, "category": {"id": "actress", "__typename": "CreditCategory"}, "characters": [{"name": "Dody Teachman", "__typename": "Character"}], "episodeCredits": {"total": 0, "yearRange": null, "__typename": "EpisodeCastConnection"}, "__typename": "Cast"}, "__typename": "CreditEdge"}, {"node": {"name": {"id": "nm4850403", "nameText": {"text": "Caitlin Carver", "__typename": "NameText"}, "primaryImage": {"url": "https://m.media-amazon.com/images/M/MV5BNzk4N2E0ZmMtYzIxZS00MmJjLWFhOGItOTU4NTQ2YzkyZGY3XkEyXkFqcGc@._V1_.jpg", "width": 558, "height": 800, "__typename": "Image"}, "__typename": "Name"}, "attributes": null, "category": {"id": "actress", "__typename": "CreditCategory"}, "characters": [{"name": "Nancy Kerrigan", "__typename": "Character"}], "episodeCredits": {"total": 0, "yearRange": null, "__typename": "EpisodeCastConnection"}, "__typename": "Cast"}, "__typename": "CreditEdge"}, {"node": {"name": {"id": "nm7431107", "nameText": {"text": "Maizie Smith", "__typename": "NameText"}, "primaryImage": null, "__typename": "Name"}, "attributes": null, "category": {"id": "actress", "__typename": "CreditCategory"}, "characters": [{"name": "Tonya (3 1", "__typename": "Character"}, {"name": "2 Yrs)", "__typename": "Character"}], "episodeCredits": {"total": 0, "yearRange": null, "__typename": "EpisodeCastConnection"}, "__typename": "Cast"}, "__typename": "CreditEdge"}, {"node": {"name": {"id": "nm5085683", "nameText": {"text": "Mckenna Grace", "__typename": "NameText"}, "primaryImage": {"url": "https://m.media-amazon.com/images/M/MV5BYTYyYzhlOTgtOTIwZC00Mjc4LWIyNjktY2E2NzdiMWQxNzYyXkEyXkFqcGc@._V1_.jpg", "width": 2166, "height": 2240, "__typename": "Image"}, "__typename": "Name"}, "attributes": null, "category": {"id": "actress", "__typename": "CreditCategory"}, "characters": [{"name": "Tonya (8-12 Yrs)", "__typename": "Character"}], "episodeCredits": {"total": 0, "yearRange": null, "__typename": "EpisodeCastConnection"}, "__typename": "Cast"}, "__typename": "CreditEdge"}, {"node": {"name": {"id": "nm2612326", "nameText": {"text": "Suehyla El-Attar Young", "__typename": "NameText"}, "primaryImage": {"url": "https://m.media-amazon.com/images/M/MV5BMjM3ZTRmZTUtNjQzMi00Yjc1LWI2MmQtMDQ5MGI2ZjRjZDNhXkEyXkFqcGc@._V1_.jpg", "width": 1638, "height": 2048, "__typename": "Image"}, "__typename": "Name"}, "attributes": [{"text": "as Suehyla El-Attar", "__typename": "CreditedAsCreditAttribute"}], "category": {"id": "actress", "__typename": "CreditCategory"}, "characters": [{"name": "Skater Mom", "__typename": "Character"}], "episodeCredits": {"total": 0, "yearRange": null, "__typename": "EpisodeCastConnection"}, "__typename": "Cast"}, "__typename": "CreditEdge"}, {"node": {"name": {"id": "nm1151921", "nameText": {"text": "Jason Davis", "__typename": "NameText"}, "primaryImage": {"url": "https://m.media-amazon.com/images/M/MV5BZThlNmNlZTYtNGIyNC00MDRkLWEyYWMtY2E3ZDEwZDc1NDMzXkEyXkFqcGc@._V1_.jpg", "width": 1280, "height": 536, "__typename": "Image"}, "__typename": "Name"}, "attributes": null, "category": {"id": "actor", "__typename": "CreditCategory"}, "characters": [{"name": "Al", "__typename": "Character"}], "episodeCredits": {"total": 0, "yearRange": null, "__typename": "EpisodeCastConnection"}, "__typename": "Cast"}, "__typename": "CreditEdge"}, {"node": {"name": {"id": "nm7556188", "nameText": {"text": "Mea Allen", "__typename": "NameText"}, "primaryImage": {"url": "https://m.media-amazon.com/images/M/MV5BMGU1MTU2NzEtOThjMS00MDQ3LWJlOTgtN2YzNDE3MTUwODE1XkEyXkFqcGc@._V1_.jpg", "width": 1638, "height": 2048, "__typename": "Image"}, "__typename": "Name"}, "attributes": null, "category": {"id": "actor", "__typename": "CreditCategory"}, "characters": [{"name": "Snooty Girl", "__typename": "Character"}], "episodeCredits": {"total": 0, "yearRange": null, "__typename": "EpisodeCastConnection"}, "__typename": "Cast"}, "__typename": "CreditEdge"}, {"node": {"name": {"id": "nm5302034", "nameText": {"text": "Cory Chapman", "__typename": "NameText"}, "primaryImage": {"url": "https://m.media-amazon.com/images/M/MV5BZGU0ZWJhNjUtMmJjOS00YmZkLTg5MTgtZWMzOTk5NGNlMGFmXkEyXkFqcGc@._V1_.jpg", "width": 399, "height": 600, "__typename": "Image"}, "__typename": "Name"}, "attributes": null, "category": {"id": "actor", "__typename": "CreditCategory"}, "characters": [{"name": "Chris", "__typename": "Character"}], "episodeCredits": {"total": 0, "yearRange": null, "__typename": "EpisodeCastConnection"}, "__typename": "Cast"}, "__typename": "CreditEdge"}, {"node": {"name": {"id": "nm4707742", "nameText": {"text": "Amy Fox", "__typename": "NameText"}, "primaryImage": {"url": "https://m.media-amazon.com/images/M/MV5BZDg4MmQyZWUtYjE5Zi00YWIwLThmMmMtM2MzZThjM2EzZmFjXkEyXkFqcGc@._V1_.jpg", "width": 2400, "height": 3598, "__typename": "Image"}, "__typename": "Name"}, "attributes": null, "category": {"id": "actress", "__typename": "CreditCategory"}, "characters": [{"name": "Skating Judge", "__typename": "Character"}], "episodeCredits": {"total": 0, "yearRange": null, "__typename": "EpisodeCastConnection"}, "__typename": "Cast"}, "__typename": "CreditEdge"}, {"node": {"name": {"id": "nm2278056", "nameText": {"text": "Cara Mantella", "__typename": "NameText"}, "primaryImage": {"url": "https://m.media-amazon.com/images/M/MV5BM2U4ZWQ2YjQtMGUxNy00OWI1LThlZmUtYmQxNDU3MWI5MTAxXkEyXkFqcGc@._V1_.jpg", "width": 5464, "height": 8192, "__typename": "Image"}, "__typename": "Name"}, "attributes": null, "category": {"id": "actress", "__typename": "CreditCategory"}, "characters": [{"name": "Choreographer", "__typename": "Character"}], "episodeCredits": {"total": 0, "yearRange": null, "__typename": "EpisodeCastConnection"}, "__typename": "Cast"}, "__typename": "CreditEdge"}, {"node": {"name": {"id": "nm2282254", "nameText": {"text": "Joshua Mikel", "__typename": "NameText"}, "primaryImage": {"url": "https://m.media-amazon.com/images/M/MV5BYmY1ZWFmYzMtOTAxNS00ZmI1LWFiM2YtNWNlZGM1ZWUyZGMyXkEyXkFqcGc@._V1_.jpg", "width": 5304, "height": 7952, "__typename": "Image"}, "__typename": "Name"}, "attributes": null, "category": {"id": "actor", "__typename": "CreditCategory"}, "characters": [{"name": "Heckling Spectator", "__typename": "Character"}], "episodeCredits": {"total": 0, "yearRange": null, "__typename": "EpisodeCastConnection"}, "__typename": "Cast"}, "__typename": "CreditEdge"}, {"node": {"name": {"id": "nm3496235", "nameText": {"text": "Lynne Ashe", "__typename": "NameText"}, "primaryImage": {"url": "https://m.media-amazon.com/images/M/MV5BMjBmYTY1ZjItMjE0MS00NGFlLThjNTItNjk0MmQ1ZmY0NGE2XkEyXkFqcGc@._V1_.jpg", "width": 631, "height": 551, "__typename": "Image"}, "__typename": "Name"}, "attributes": null, "category": {"id": "actress", "__typename": "CreditCategory"}, "characters": [{"name": "Shawn's Mother", "__typename": "Character"}], "episodeCredits": {"total": 0, "yearRange": null, "__typename": "EpisodeCastConnection"}, "__typename": "Cast"}, "__typename": "CreditEdge"}], "__typename": "CreditConnection"}, "creators": [], "directors": [{"totalCredits": 1, "category": {"text": "Director", "id": "director", "__typename": "CreditCategory"}, "credits": [{"name": {"id": "nm0318916", "nameText": {"text": "Craig Gillespie", "__typename": "NameText"}, "__typename": "Name"}, "__typename": "Crew"}], "__typename": "PrincipalCreditsForCategory"}], "writers": [{"totalCredits": 1, "category": {"text": "Writer", "id": "writer", "__typename": "CreditCategory"}, "credits": [{"name": {"id": "nm0737216", "nameText": {"text": "Steven Rogers", "__typename": "NameText"}, "__typename": "Name"}, "__typename": "Crew"}], "__typename": "PrincipalCreditsForCategory"}], "isAdult": false, "moreLikeThisTitles": {"edges": [{"node": {"id": "tt0042960", "titleText": {"text": "Side Street", "__typename": "TitleText"}, "titleType": {"id": "movie", "text": "Movie", "canHaveEpisodes": false, "displayableProperty": {"value": {"plainText": "", "__typename": "Markdown"}, "__typename": "DisplayableTitleTypeProperty"}, "__typename": "TitleType"}, "originalTitleText": {"text": "Side Street", "__typename": "TitleText"}, "primaryImage": {"id": "rm4099749376", "width": 700, "height": 1061, "url": "https://m.media-amazon.com/images/M/MV5BOTRmYWFkNGMtYjYwYy00ZDZhLWEyNzgtY2Q1MmEzOGIyNTAyXkEyXkFqcGc@._V1_.jpg", "caption": {"plainText": "James Craig, Farley Granger, Jean Hagen, and Cathy O'Donnell in Side Street (1949)", "__typename": "Markdown"}, "__typename": "Image"}, "releaseYear": {"year": 1949, "endYear": null, "__typename": "YearRange"}, "ratingsSummary": {"aggregateRating": 7.1, "voteCount": 3535, "__typename": "RatingsSummary"}, "runtime": {"seconds": 4980, "__typename": "Runtime"}, "certificate": {"rating": "Approved", "__typename": "Certificate"}, "canRate": {"isRatable": true, "__typename": "CanRate"}, "titleGenres": {"genres": [{"genre": {"text": "Crime", "__typename": "GenreItem"}, "__typename": "TitleGenre"}, {"genre": {"text": "Drama", "__typename": "GenreItem"}, "__typename": "TitleGenre"}, {"genre": {"text": "Film-Noir", "__typename": "GenreItem"}, "__typename": "TitleGenre"}], "__typename": "TitleGenres"}, "canHaveEpisodes": false, "__typename": "Title"}, "__typename": "MoreLikeThisEdge"}, {"node": {"id": "tt0041790", "titleText": {"text": "Red Light", "__typename": "TitleText"}, "titleType": {"id": "movie", "text": "Movie", "canHaveEpisodes": false, "displayableProperty": {"value": {"plainText": "", "__typename": "Markdown"}, "__typename": "DisplayableTitleTypeProperty"}, "__typename": "TitleType"}, "originalTitleText": {"text": "Red Light", "__typename": "TitleText"}, "primaryImage": {"id": "rm2818525696", "width": 800, "height": 1186, "url": "https://m.media-amazon.com/images/M/MV5BZDUyODRhMmYtZDU3NC00NzVhLTkzMDYtMjY1MDMyMzUxNzNjXkEyXkFqcGc@._V1_.jpg", "caption": {"plainText": "Red Light (1949)", "__typename": "Markdown"}, "__typename": "Image"}, "releaseYear": {"year": 1949, "endYear": null, "__typename": "YearRange"}, "ratingsSummary": {"aggregateRating": 6.4, "voteCount": 1564, "__typename": "RatingsSummary"}, "runtime": {"seconds": 4980, "__typename": "Runtime"}, "certificate": {"rating": "Approved", "__typename": "Certificate"}, "canRate": {"isRatable": true, "__typename": "CanRate"}, "titleGenres": {"genres": [{"genre": {"text": "Crime", "__typename": "GenreItem"}, "__typename": "TitleGenre"}, {"genre": {"text": "Drama", "__typename": "GenreItem"}, "__typename": "TitleGenre"}, {"genre": {"text": "Film-Noir", "__typename": "GenreItem"}, "__typename": "TitleGenre"}], "__typename": "TitleGenres"}, "canHaveEpisodes": false, "__typename": "Title"}, "__typename": "MoreLikeThisEdge"}, {"node": {"id": "tt0023268", "titleText": {"text": "Night Court", "__typename": "TitleText"}, "titleType": {"id": "movie", "text": "Movie", "canHaveEpisodes": false, "displayableProperty": {"value": {"plainText": "", "__typename": "Markdown"}, "__typename": "DisplayableTitleTypeProperty"}, "__typename": "TitleType"}, "originalTitleText": {"text": "Night Court", "__typename": "TitleText"}, "primaryImage": {"id": "rm611786496", "width": 643, "height": 482, "url": "https://m.media-amazon.com/images/M/MV5BNTJmN2JmNjUtOTRiMy00ZTg0LTgzMmMtY2Q2MmQ0NjlkNDY1XkEyXkFqcGc@._V1_.jpg", "caption": {"plainText": "Anita Page in Night Court (1932)", "__typename": "Markdown"}, "__typename": "Image"}, "releaseYear": {"year": 1932, "endYear": null, "__typename": "YearRange"}, "ratingsSummary": {"aggregateRating": 6.9, "voteCount": 672, "__typename": "RatingsSummary"}, "runtime": {"seconds": 5520, "__typename": "Runtime"}, "certificate": {"rating": "Passed", "__typename": "Certificate"}, "canRate": {"isRatable": true, "__typename": "CanRate"}, "titleGenres": {"genres": [{"genre": {"text": "Crime", "__typename": "GenreItem"}, "__typename": "TitleGenre"}, {"genre": {"text": "Film-Noir", "__typename": "GenreItem"}, "__typename": "TitleGenre"}, {"genre": {"text": "Romance", "__typename": "GenreItem"}, "__typename": "TitleGenre"}], "__typename": "TitleGenres"}, "canHaveEpisodes": false, "__typename": "Title"}, "__typename": "MoreLikeThisEdge"}, {"node": {"id": "tt13659418", "titleText": {"text": "Pam and Tommy", "__typename": "TitleText"}, "titleType": {"id": "tvMiniSeries", "text": "TV Mini Series", "canHaveEpisodes": true, "displayableProperty": {"value": {"plainText": "TV Mini Series", "__typename": "Markdown"}, "__typename": "DisplayableTitleTypeProperty"}, "__typename": "TitleType"}, "originalTitleText": {"text": "Pam & Tommy", "__typename": "TitleText"}, "primaryImage": {"id": "rm3891520257", "width": 1080, "height": 1920, "url": "https://m.media-amazon.com/images/M/MV5BNGEyMmIyMDItMDRjYS00NGE2LWEzNDktODM5MjE4ZDQ4ZjdlXkEyXkFqcGc@._V1_.jpg", "caption": {"plainText": "Seth Rogen, Sebastian Stan, and Lily James in Pam and Tommy (2022)", "__typename": "Markdown"}, "__typename": "Image"}, "releaseYear": {"year": 2022, "endYear": 2022, "__typename": "YearRange"}, "ratingsSummary": {"aggregateRating": 7.3, "voteCount": 41022, "__typename": "RatingsSummary"}, "runtime": {"seconds": 2580, "__typename": "Runtime"}, "certificate": {"rating": "A", "__typename": "Certificate"}, "canRate": {"isRatable": true, "__typename": "CanRate"}, "titleGenres": {"genres": [{"genre": {"text": "Biography", "__typename": "GenreItem"}, "__typename": "TitleGenre"}, {"genre": {"text": "Comedy", "__typename": "GenreItem"}, "__typename": "TitleGenre"}, {"genre": {"text": "Drama", "__typename": "GenreItem"}, "__typename": "TitleGenre"}], "__typename": "TitleGenres"}, "canHaveEpisodes": true, "__typename": "Title"}, "__typename": "MoreLikeThisEdge"}, {"node": {"id": "tt0045190", "titleText": {"text": "The Steel Trap", "__typename": "TitleText"}, "titleType": {"id": "movie", "text": "Movie", "canHaveEpisodes": false, "displayableProperty": {"value": {"plainText": "", "__typename": "Markdown"}, "__typename": "DisplayableTitleTypeProperty"}, "__typename": "TitleType"}, "originalTitleText": {"text": "The Steel Trap", "__typename": "TitleText"}, "primaryImage": {"id": "rm4084958209", "width": 1920, "height": 2560, "url": "https://m.media-amazon.com/images/M/MV5BNTA1MzlhM2YtY2M1OC00YzEzLThiNTktMTM0OGM1YTgyM2JkXkEyXkFqcGc@._V1_.jpg", "caption": {"plainText": "Joseph Cotten and Teresa Wright in The Steel Trap (1952)", "__typename": "Markdown"}, "__typename": "Image"}, "releaseYear": {"year": 1952, "endYear": null, "__typename": "YearRange"}, "ratingsSummary": {"aggregateRating": 6.8, "voteCount": 1487, "__typename": "RatingsSummary"}, "runtime": {"seconds": 5100, "__typename": "Runtime"}, "certificate": {"rating": "Approved", "__typename": "Certificate"}, "canRate": {"isRatable": true, "__typename": "CanRate"}, "titleGenres": {"genres": [{"genre": {"text": "Crime", "__typename": "GenreItem"}, "__typename": "TitleGenre"}, {"genre": {"text": "Drama", "__typename": "GenreItem"}, "__typename": "TitleGenre"}, {"genre": {"text": "Film-Noir", "__typename": "GenreItem"}, "__typename": "TitleGenre"}], "__typename": "TitleGenres"}, "canHaveEpisodes": false, "__typename": "Title"}, "__typename": "MoreLikeThisEdge"}, {"node": {"id": "tt0044533", "titleText": {"text": "Deadline - U.S.A.", "__typename": "TitleText"}, "titleType": {"id": "movie", "text": "Movie", "canHaveEpisodes": false, "displayableProperty": {"value": {"plainText": "", "__typename": "Markdown"}, "__typename": "DisplayableTitleTypeProperty"}, "__typename": "TitleType"}, "originalTitleText": {"text": "Deadline - U.S.A.", "__typename": "TitleText"}, "primaryImage": {"id": "rm3225077248", "width": 330, "height": 500, "url": "https://m.media-amazon.com/images/M/MV5BMTQ3MTE5MDQzMV5BMl5BanBnXkFtZTgwNTI2Nzk1MjE@._V1_.jpg", "caption": {"plainText": "Humphrey Bogart in Deadline - U.S.A. (1952)", "__typename": "Markdown"}, "__typename": "Image"}, "releaseYear": {"year": 1952, "endYear": null, "__typename": "YearRange"}, "ratingsSummary": {"aggregateRating": 7.2, "voteCount": 4418, "__typename": "RatingsSummary"}, "runtime": {"seconds": 5220, "__typename": "Runtime"}, "certificate": {"rating": "Approved", "__typename": "Certificate"}, "canRate": {"isRatable": true, "__typename": "CanRate"}, "titleGenres": {"genres": [{"genre": {"text": "Crime", "__typename": "GenreItem"}, "__typename": "TitleGenre"}, {"genre": {"text": "Drama", "__typename": "GenreItem"}, "__typename": "TitleGenre"}, {"genre": {"text": "Film-Noir", "__typename": "GenreItem"}, "__typename": "TitleGenre"}], "__typename": "TitleGenres"}, "canHaveEpisodes": false, "__typename": "Title"}, "__typename": "MoreLikeThisEdge"}, {"node": {"id": "tt3484274", "titleText": {"text": "Are You the One?", "__typename": "TitleText"}, "titleType": {"id": "tvSeries", "text": "TV Series", "canHaveEpisodes": true, "displayableProperty": {"value": {"plainText": "TV Series", "__typename": "Markdown"}, "__typename": "DisplayableTitleTypeProperty"}, "__typename": "TitleType"}, "originalTitleText": {"text": "Are You the One?", "__typename": "TitleText"}, "primaryImage": {"id": "rm2611556865", "width": 700, "height": 1050, "url": "https://m.media-amazon.com/images/M/MV5BOTA5Nzk4ZjQtMTBiOS00ZDYyLThiNmItYzY2NzQxODRkOTIwXkEyXkFqcGc@._V1_.jpg", "caption": {"plainText": "Kamie Crawford in Are You the One? (2014)", "__typename": "Markdown"}, "__typename": "Image"}, "releaseYear": {"year": 2014, "endYear": null, "__typename": "YearRange"}, "ratingsSummary": {"aggregateRating": 6.6, "voteCount": 3093, "__typename": "RatingsSummary"}, "runtime": {"seconds": 2460, "__typename": "Runtime"}, "certificate": {"rating": "TV-14", "__typename": "Certificate"}, "canRate": {"isRatable": true, "__typename": "CanRate"}, "titleGenres": {"genres": [{"genre": {"text": "Game-Show", "__typename": "GenreItem"}, "__typename": "TitleGenre"}, {"genre": {"text": "Reality-TV", "__typename": "GenreItem"}, "__typename": "TitleGenre"}, {"genre": {"text": "Romance", "__typename": "GenreItem"}, "__typename": "TitleGenre"}], "__typename": "TitleGenres"}, "canHaveEpisodes": true, "__typename": "Title"}, "__typename": "MoreLikeThisEdge"}, {"node": {"id": "tt13491734", "titleText": {"text": "Name That Tune", "__typename": "TitleText"}, "titleType": {"id": "tvSeries", "text": "TV Series", "canHaveEpisodes": true, "displayableProperty": {"value": {"plainText": "TV Series", "__typename": "Markdown"}, "__typename": "DisplayableTitleTypeProperty"}, "__typename": "TitleType"}, "originalTitleText": {"text": "Name That Tune", "__typename": "TitleText"}, "primaryImage": {"id": "rm3874509057", "width": 2304, "height": 3072, "url": "https://m.media-amazon.com/images/M/MV5BOGQ2MGUxMjItNzdiNy00NTZlLTg3OTUtMWUyODY4N2VjZjMyXkEyXkFqcGc@._V1_.jpg", "caption": {"plainText": "Jane Krakowski and Randy Jackson in Name That Tune (2021)", "__typename": "Markdown"}, "__typename": "Image"}, "releaseYear": {"year": 2021, "endYear": null, "__typename": "YearRange"}, "ratingsSummary": {"aggregateRating": 5.4, "voteCount": 697, "__typename": "RatingsSummary"}, "runtime": {"seconds": 2520, "__typename": "Runtime"}, "certificate": {"rating": "TV-PG", "__typename": "Certificate"}, "canRate": {"isRatable": true, "__typename": "CanRate"}, "titleGenres": {"genres": [{"genre": {"text": "Game-Show", "__typename": "GenreItem"}, "__typename": "TitleGenre"}, {"genre": {"text": "Music", "__typename": "GenreItem"}, "__typename": "TitleGenre"}], "__typename": "TitleGenres"}, "canHaveEpisodes": true, "__typename": "Title"}, "__typename": "MoreLikeThisEdge"}, {"node": {"id": "tt3069720", "titleText": {"text": "The Amazing Race Canada", "__typename": "TitleText"}, "titleType": {"id": "tvSeries", "text": "TV Series", "canHaveEpisodes": true, "displayableProperty": {"value": {"plainText": "TV Series", "__typename": "Markdown"}, "__typename": "DisplayableTitleTypeProperty"}, "__typename": "TitleType"}, "originalTitleText": {"text": "The Amazing Race Canada", "__typename": "TitleText"}, "primaryImage": {"id": "rm3601430273", "width": 2000, "height": 3000, "url": "https://m.media-amazon.com/images/M/MV5BZGExNDE1YWEtMmQ2OC00NzYwLTkxNzMtNzE5NjkzODdlZjU4XkEyXkFqcGc@._V1_.jpg", "caption": {"plainText": "Jon Montgomery in The Amazing Race Canada (2013)", "__typename": "Markdown"}, "__typename": "Image"}, "releaseYear": {"year": 2013, "endYear": null, "__typename": "YearRange"}, "ratingsSummary": {"aggregateRating": 7.6, "voteCount": 775, "__typename": "RatingsSummary"}, "runtime": null, "certificate": null, "canRate": {"isRatable": true, "__typename": "CanRate"}, "titleGenres": {"genres": [{"genre": {"text": "Game-Show", "__typename": "GenreItem"}, "__typename": "TitleGenre"}, {"genre": {"text": "Reality-TV", "__typename": "GenreItem"}, "__typename": "TitleGenre"}], "__typename": "TitleGenres"}, "canHaveEpisodes": true, "__typename": "Title"}, "__typename": "MoreLikeThisEdge"}, {"node": {"id": "tt0033149", "titleText": {"text": "They Drive by Night", "__typename": "TitleText"}, "titleType": {"id": "movie", "text": "Movie", "canHaveEpisodes": false, "displayableProperty": {"value": {"plainText": "", "__typename": "Markdown"}, "__typename": "DisplayableTitleTypeProperty"}, "__typename": "TitleType"}, "originalTitleText": {"text": "They Drive by Night", "__typename": "TitleText"}, "primaryImage": {"id": "rm3600700416", "width": 1821, "height": 2769, "url": "https://m.media-amazon.com/images/M/MV5BMjExOTM1ZjMtOTZjZC00ODE1LTlhM2QtZGUwZmNhZDQzZmNhXkEyXkFqcGc@._V1_.jpg", "caption": {"plainText": "Humphrey Bogart, Ida Lupino, George Raft, and Ann Sheridan in They Drive by Night (1940)", "__typename": "Markdown"}, "__typename": "Image"}, "releaseYear": {"year": 1940, "endYear": null, "__typename": "YearRange"}, "ratingsSummary": {"aggregateRating": 7.2, "voteCount": 9235, "__typename": "RatingsSummary"}, "runtime": {"seconds": 5700, "__typename": "Runtime"}, "certificate": {"rating": "Approved", "__typename": "Certificate"}, "canRate": {"isRatable": true, "__typename": "CanRate"}, "titleGenres": {"genres": [{"genre": {"text": "Crime", "__typename": "GenreItem"}, "__typename": "TitleGenre"}, {"genre": {"text": "Drama", "__typename": "GenreItem"}, "__typename": "TitleGenre"}, {"genre": {"text": "Film-Noir", "__typename": "GenreItem"}, "__typename": "TitleGenre"}], "__typename": "TitleGenres"}, "canHaveEpisodes": false, "__typename": "Title"}, "__typename": "MoreLikeThisEdge"}, {"node": {"id": "tt12057284", "titleText": {"text": "Who Wants to Be a Millionaire", "__typename": "TitleText"}, "titleType": {"id": "tvSeries", "text": "TV Series", "canHaveEpisodes": true, "displayableProperty": {"value": {"plainText": "TV Series", "__typename": "Markdown"}, "__typename": "DisplayableTitleTypeProperty"}, "__typename": "TitleType"}, "originalTitleText": {"text": "Who Wants to Be a Millionaire", "__typename": "TitleText"}, "primaryImage": {"id": "rm1479504897", "width": 1640, "height": 2050, "url": "https://m.media-amazon.com/images/M/MV5BNzk5ZDhlMDMtYzM1ZS00NzBlLWJiZjMtZDYxNTc5NGQzMTI5XkEyXkFqcGc@._V1_.jpg", "caption": {"plainText": "Who Wants to Be a Millionaire (2020)", "__typename": "Markdown"}, "__typename": "Image"}, "releaseYear": {"year": 2020, "endYear": null, "__typename": "YearRange"}, "ratingsSummary": {"aggregateRating": 6.9, "voteCount": 320, "__typename": "RatingsSummary"}, "runtime": {"seconds": 3600, "__typename": "Runtime"}, "certificate": {"rating": "TV-PG", "__typename": "Certificate"}, "canRate": {"isRatable": true, "__typename": "CanRate"}, "titleGenres": {"genres": [{"genre": {"text": "Documentary", "__typename": "GenreItem"}, "__typename": "TitleGenre"}, {"genre": {"text": "Game-Show", "__typename": "GenreItem"}, "__typename": "TitleGenre"}], "__typename": "TitleGenres"}, "canHaveEpisodes": true, "__typename": "Title"}, "__typename": "MoreLikeThisEdge"}, {"node": {"id": "tt0461723", "titleText": {"text": "Going for a Song", "__typename": "TitleText"}, "titleType": {"id": "tvSeries", "text": "TV Series", "canHaveEpisodes": true, "displayableProperty": {"value": {"plainText": "TV Series", "__typename": "Markdown"}, "__typename": "DisplayableTitleTypeProperty"}, "__typename": "TitleType"}, "originalTitleText": {"text": "Going for a Song", "__typename": "TitleText"}, "primaryImage": {"id": "rm154528001", "width": 600, "height": 450, "url": "https://m.media-amazon.com/images/M/MV5BYTA3OGJmZWQtNTRjNi00ZmQ1LWE3YWItZTVhZTgwOWVkNmIzXkEyXkFqcGc@._V1_.jpg", "caption": {"plainText": "Going for a Song (1965)", "__typename": "Markdown"}, "__typename": "Image"}, "releaseYear": {"year": 1965, "endYear": 1977, "__typename": "YearRange"}, "ratingsSummary": {"aggregateRating": 6, "voteCount": 189, "__typename": "RatingsSummary"}, "runtime": null, "certificate": null, "canRate": {"isRatable": true, "__typename": "CanRate"}, "titleGenres": {"genres": [{"genre": {"text": "Game-Show", "__typename": "GenreItem"}, "__typename": "TitleGenre"}], "__typename": "TitleGenres"}, "canHaveEpisodes": true, "__typename": "Title"}, "__typename": "MoreLikeThisEdge"}], "__typename": "MoreLikeThisConnection"}, "triviaTotal": {"total": 37, "__typename": "TriviaConnection"}, "trivia": {"edges": [{"node": {"text": {"plaidHtml": "<a class=\"ipc-md-link ipc-md-link--entity\" href=\"/name/nm0005049/?ref_=tt_dyk_trv\">Allison Janney</a> filmed her Oscar-winning role in just eight days.", "__typename": "Markdown"}, "trademark": null, "relatedNames": null, "__typename": "TitleTrivia"}, "__typename": "TriviaEdge"}], "__typename": "TriviaConnection"}, "goofsTotal": {"total": 38, "__typename": "GoofConnection"}, "goofs": {"edges": [{"node": {"text": {"plaidHtml": "When Tonya Harding competed, song lyrics were not allowed in competition the way they are today. Although she included &quot;Sleeping Bag&quot; by <a class=\"ipc-md-link ipc-md-link--entity\" href=\"/name/nm1151396/?ref_=tt_dyk_gf\">ZZ Top</a> in the third section of her 1991-1992 program, it was the music only.", "__typename": "Markdown"}, "__typename": "Goof"}, "__typename": "GoofEdge"}], "__typename": "GoofConnection"}, "quotesTotal": {"total": 39, "__typename": "TitleQuoteConnection"}, "quotes": {"edges": [{"node": {"lines": [{"characters": [{"character": "Tonya Harding", "name": {"id": "nm3053338", "__typename": "Name"}, "__typename": "TitleQuoteCharacter"}], "text": "There's no such thing as truth. It's bullshit. Everyone has their own truth, and life just does whatever the fuck it wants.", "stageDirection": null, "__typename": "TitleQuoteLine"}], "__typename": "TitleQuote"}, "__typename": "TitleQuoteEdge"}], "__typename": "TitleQuoteConnection"}, "crazyCredits": {"edges": [{"node": {"text": {"plaidHtml": "At the beginning of the ending crawl, actual interview footage of <a class=\"ipc-md-link ipc-md-link--entity\" href=\"/name/nm8879087/?tt_dyk_cc\">Lavona Golden</a>, Shawn Eckardt, Jeff Gillooly, and <a class=\"ipc-md-link ipc-md-link--entity\" href=\"/name/nm0002125/?tt_dyk_cc\">Tonya Harding</a> is shown that mirrors some of the recreated interviews shown in the film.", "__typename": "Markdown"}, "__typename": "CrazyCredit"}, "__typename": "CrazyCreditEdge"}], "__typename": "CrazyCreditConnection"}, "alternateVersions": {"total": 0, "edges": [], "__typename": "AlternateVersionConnection"}, "connections": {"edges": [{"node": {"associatedTitle": {"id": "tt7543410", "releaseYear": {"year": 2017, "__typename": "YearRange"}, "titleText": {"text": "Episode dated 23 October 2017", "__typename": "TitleText"}, "originalTitleText": {"text": "Episode dated 23 October 2017", "__typename": "TitleText"}, "series": {"series": {"titleText": {"text": "Studio 10", "__typename": "TitleText"}, "originalTitleText": {"text": "Studio 10", "__typename": "TitleText"}, "__typename": "Title"}, "__typename": "Series"}, "__typename": "Title"}, "category": {"text": "Featured in", "__typename": "TitleConnectionCategory"}, "__typename": "TitleConnection"}, "__typename": "TitleConnectionEdge"}], "__typename": "TitleConnectionConnection"}, "soundtrack": {"edges": [{"node": {"text": "Fair to Love Me", "comments": [{"plaidHtml": "Produced, Written &amp; Performed by <a class=\"ipc-md-link ipc-md-link--entity\" href=\"/name/nm0061246/?ref_=tt_dyk_snd\">Mark Batson</a>", "__typename": "Markdown"}, {"plaidHtml": "Courtesy of One Unlimited Media, Inc.", "__typename": "Markdown"}], "__typename": "Track"}, "__typename": "SoundtrackEdge"}], "__typename": "SoundtrackConnection"}, "titleText": {"text": "I, Tonya", "__typename": "TitleText"}, "originalTitleText": {"text": "I, Tonya", "__typename": "TitleText"}, "releaseYear": {"year": 2017, "__typename": "YearRange"}, "reviews": {"total": 598, "__typename": "ReviewsConnection"}, "featuredReviews": {"edges": [{"node": {"id": "rw3876281", "author": {"nickName": "ggallegosgroupuk", "userId": "ur75042462", "__typename": "UserProfile"}, "summary": {"originalText": "Tabloid Times", "__typename": "ReviewSummary"}, "text": {"originalText": {"plaidHtml": "I was going to make a list of people who made extraordinary things during the same period that Tonya Harding monopolized the headlines but then I thought it was a pointless exercise. Charles Manson will always be more famous, much more than Sharon Tate. That&#39;s the world we live in or maybe it always was. The sadness verging on horror of of the Tonya Harding story will win, fascination wise, than any kind of kindness from anyone anywhere. Now that out of my system let me say that I Tonya is an entertaining harrowing tale directed by Craig Gillespie and his extraordinary cinematographer Nicholas Karakatsanis with, clearly, Martin Scorsese in their minds and hearts. Margot Robbie is terrific and Sebastian Stan as the husband from hell, superb but it&#39;s Allison Janney that creates a character that is impossible to take and irresistible at the same time. She is spectacular. So, that&#39;s more than enough to recommend I Tonya but if the Tabloid Times is something you subscribe I will highly recommend Gus Van Sant&#39;s To Die For and Michael Ritchie&#39;s made for television The Positively True Adventures of the Alleged Texas Cheerleader-Murdering Mom.", "__typename": "Markdown"}, "__typename": "ReviewText"}, "authorRating": 7, "submissionDate": "2017-12-07", "helpfulness": {"upVotes": 154, "downVotes": 44, "__typename": "ReviewHelpfulness"}, "__typename": "Review"}, "__typename": "ReviewEdge"}], "__typename": "ReviewsConnection"}, "canRate": {"isRatable": true, "__typename": "CanRate"}, "iframeAddReviewLink": {"url": "https://contribute.imdb.com/review/tt5580036/add?bus=imdb&return_url=https%3A%2F%2Fwww.imdb.com%2Fclose_me&site=web", "__typename": "ContributionLink"}, "topQuestions": {"total": 20, "edges": [{"node": {"attributeId": "run-time", "question": {"plainText": "How long is I, Tonya?", "__typename": "Markdown"}, "__typename": "AlexaQuestion"}, "__typename": "AlexaQuestionEdge"}], "__typename": "AlexaQuestionConnection"}, "faqs": {"total": 0, "edges": [], "__typename": "FaqConnection"}, "releaseDate": {"day": 19, "month": 1, "year": 2018, "country": {"id": "US", "text": "United States", "__typename": "LocalizedDisplayableCountry"}, "__typename": "ReleaseDate"}, "countriesOfOrigin": {"countries": [{"id": "US", "text": "United States", "__typename": "CountryOfOrigin"}, {"id": "GB", "text": "United Kingdom", "__typename": "CountryOfOrigin"}, {"id": "QA", "text": "Qatar", "__typename": "CountryOfOrigin"}], "__typename": "CountriesOfOrigin"}, "detailsExternalLinks": {"edges": [{"node": {"url": "http://www.facebook.com/ITonyaMovie/", "label": "Official Facebook", "externalLinkRegion": null, "__typename": "ExternalLink"}, "__typename": "ExternalLinkEdge"}, {"node": {"url": "http://instagram.com/ITonyaMovie/", "label": "Official Instagram", "externalLinkRegion": null, "__typename": "ExternalLink"}, "__typename": "ExternalLinkEdge"}], "total": 5, "__typename": "ExternalLinkConnection"}, "spokenLanguages": {"spokenLanguages": [{"id": "en", "text": "English", "__typename": "SpokenLanguage"}], "__typename": "SpokenLanguages"}, "akas": {"edges": [{"node": {"text": "Yo, Tonya", "__typename": "Aka"}, "__typename": "AkaEdge"}], "__typename": "AkaConnection"}, "filmingLocations": {"edges": [{"node": {"text": "Macon Centreplex, Macon, Georgia, USA", "location": "Macon Centreplex, Macon, Georgia, USA", "attributes": [{"text": "Skating Arena Scenes", "__typename": "DisplayableAttribute"}], "__typename": "FilmingLocation"}, "__typename": "FilmingLocationEdge"}], "total": 13, "__typename": "FilmingLocationConnection"}, "production": {"edges": [{"node": {"company": {"id": "co0465607", "companyText": {"text": "AI-Film", "__typename": "CompanyText"}, "__typename": "Company"}, "__typename": "CompanyCredit"}, "__typename": "CompanyCreditEdge"}, {"node": {"company": {"id": "co0637285", "companyText": {"text": "Clubhouse Pictures (II)", "__typename": "CompanyText"}, "__typename": "Company"}, "__typename": "CompanyCredit"}, "__typename": "CompanyCreditEdge"}, {"node": {"company": {"id": "co0312433", "companyText": {"text": "Georgia Film, Music & Digital Entertainment Office", "__typename": "CompanyText"}, "__typename": "Company"}, "__typename": "CompanyCredit"}, "__typename": "CompanyCreditEdge"}], "__typename": "CompanyCreditConnection"}, "companies": {"total": 93, "__typename": "CompanyCreditConnection"}, "productionBudget": {"budget": {"amount": 11000000, "currency": "USD", "__typename": "Money"}, "__typename": "ProductionBudget"}, "lifetimeGross": {"total": {"amount": 30014539, "currency": "USD", "__typename": "Money"}, "__typename": "BoxOfficeGross"}, "openingWeekendGross": {"gross": {"total": {"amount": 264155, "currency": "USD", "__typename": "Money"}, "__typename": "BoxOfficeGross"}, "weekendEndDate": "2017-12-10", "__typename": "OpeningWeekendGross"}, "worldwideGross": {"total": {"amount": 53939297, "currency": "USD", "__typename": "Money"}, "__typename": "BoxOfficeGross"}, "technicalSpecifications": {"soundMixes": {"items": [{"id": "dolby_atmos", "text": "Dolby Atmos", "attributes": [], "__typename": "SoundMix"}], "__typename": "SoundMixes"}, "aspectRatios": {"items": [{"aspectRatio": "2.39 : 1", "attributes": [], "__typename": "AspectRatio"}], "__typename": "AspectRatios"}, "colorations": {"items": [{"conceptId": "color", "text": "Color", "attributes": [], "__typename": "Coloration"}], "__typename": "Colorations"}, "__typename": "TechnicalSpecifications"}, "runtime": {"seconds": 7140, "__typename": "Runtime"}, "series": null, "canHaveEpisodes": false, "contributionQuestions": {"contributionLink": {"url": "https://contribute.imdb.com/answers", "__typename": "ContributionQuestionsLink"}, "edges": [{"node": {"entity": {"primaryImage": {"url": "https://m.media-amazon.com/images/M/MV5BMjI5MDY1NjYzMl5BMl5BanBnXkFtZTgwNjIzNDAxNDM@._V1_.jpg", "width": 1012, "height": 1500, "caption": {"plainText": "Margot Robbie in I, Tonya (2017)", "__typename": "Markdown"}, "__typename": "Image"}, "__typename": "Title"}, "questionId": "tt5580036.plot_outline.hi-IN", "questionText": {"plainText": "What is the Hindi language plot outline for I, Tonya (2017)?", "__typename": "Markdown"}, "contributionLink": {"url": "https://contribute.imdb.com/answers?pinnedQuestion=tt5580036.plot_outline.hi-IN", "__typename": "ContributionQuestionsLink"}, "__typename": "Question"}, "__typename": "QuestionEdge"}], "__typename": "QuestionConnection"}, "__typename": "Title"}}