{"ok": true, "error_code": 200, "description": "", "short": {"@context": "https://schema.org", "@type": "Movie", "url": "https://www.imdb.com/title/tt6751668/", "name": "Gisaengchung", "alternateName": "Parasite", "image": "https://m.media-amazon.com/images/M/MV5BYjk1Y2U4MjQtY2ZiNS00OWQyLWI3MmYtZWUwNmRjYWRiNWNhXkEyXkFqcGc@._V1_.jpg", "description": "Greed and class discrimination threaten the newly formed symbiotic relationship between the wealthy Park family and the destitute Kim clan.", "review": {"@type": "Review", "itemReviewed": {"@type": "Movie", "url": "https://www.imdb.com/title/tt6751668/"}, "author": {"@type": "Person", "name": "DJKwa"}, "dateCreated": "2019-07-02", "inLanguage": "English", "name": "Achieves what Jordan Peele set out to do with Us", "reviewBody": "As a film about a family imposing on another, and keeping dark secrets hidden beneath the surface, Parasite achieves what Jordan Peele set out to do with Us: tell a multi-layered story in a widely entertaining manner, but without sacrificing the believability of its central narrative.\n\nThat&apos;s not to say that Us is an ineffective film by any means, but when it comes to crafting weighty social commentaries under the guise of lighter fare, writer-director Bong Joon-ho is in a class of his own.\n\nThe film follows a lower-class South Korean family as they slowly integrate themselves in the lives of an upper-class family and their lavish household. As their entanglement is spun out of a web of deceit, the lowly family find themselves skating on thin ice when it comes to keeping up appearances.\n\nIt&apos;s a twisty satire on social-economic disparities in South Korean society that swings broadly in tone, and sometimes threatens to tip over the edge, but never feels less than meticulously calculated in its tonal shifts.\n\nHowever, to reveal anything more about the story would be to take away from the overall experience, as each act is marked by a major plot twist or revelation that keeps the film one step ahead of the viewer at all times. Go in blind if you can and expect an unforgettable ride.", "reviewRating": {"@type": "Rating", "worstRating": 1, "bestRating": 10, "ratingValue": 9}}, "aggregateRating": {"@type": "AggregateRating", "ratingCount": 1004707, "bestRating": 10, "worstRating": 1, "ratingValue": 8.5}, "contentRating": "A", "genre": ["Drama", "Thriller"], "datePublished": "2020-01-31", "keywords": "class differences,plot twist,fraud,social satire,house", "trailer": {"@type": "VideoObject", "name": "Trailer 2", "embedUrl": "https://www.imdb.com/video/imdb/vi1015463705", "thumbnail": {"@type": "ImageObject", "contentUrl": "https://m.media-amazon.com/images/M/MV5BYWJjNWYzMzItYmEyNC00ODdmLWJmOGEtMWY0N2E2NGJlNTY0XkEyXkFqcGdeQWFybm8@._V1_.jpg"}, "thumbnailUrl": "https://m.media-amazon.com/images/M/MV5BYWJjNWYzMzItYmEyNC00ODdmLWJmOGEtMWY0N2E2NGJlNTY0XkEyXkFqcGdeQWFybm8@._V1_.jpg", "url": "https://www.imdb.com/video/vi1015463705/", "description": "All unemployed, Ki-taek&apos;s family takes peculiar interest in the wealthy and glamorous Parks for their livelihood until they get entangled in an unexpected incident.", "duration": "PT2M3S", "uploadDate": "2019-10-02T15:27:05.936Z"}, "actor": [{"@type": "Person", "url": "https://www.imdb.com/name/nm0814280/", "name": "Song Kang-ho"}, {"@type": "Person", "url": "https://www.imdb.com/name/nm1310525/", "name": "Lee Sun-kyun"}, {"@type": "Person", "url": "https://www.imdb.com/name/nm1856097/", "name": "Cho Yeo-jeong"}], "director": [{"@type": "Person", "url": "https://www.imdb.com/name/nm0094435/", "name": "Bong Joon Ho"}], "creator": [{"@type": "Organization", "url": "https://www.imdb.com/company/co0043365/"}, {"@type": "Organization", "url": "https://www.imdb.com/company/co0197091/"}, {"@type": "Person", "url": "https://www.imdb.com/name/nm0094435/", "name": "Bong Joon Ho"}, {"@type": "Person", "url": "https://www.imdb.com/name/nm8243301/", "name": "Han Jin-won"}], "duration": "PT2H12M"}, "imdbId": "tt6751668", "top": {"id": "tt6751668", "productionStatus": {"currentProductionStage": {"id": "released", "text": "Released", "__typename": "ProductionStage"}, "productionStatusHistory": [{"status": {"id": "pre_production", "text": "Pre-production", "__typename": "ProductionStatus"}, "__typename": "ProductionStatusHistory"}, {"status": {"id": "filming", "text": "Filming", "__typename": "ProductionStatus"}, "__typename": "ProductionStatusHistory"}, {"status": {"id": "post_production", "text": "Post-production", "__typename": "ProductionStatus"}, "__typename": "ProductionStatusHistory"}, {"status": {"id": "completed", "text": "Completed", "__typename": "ProductionStatus"}, "__typename": "ProductionStatusHistory"}, {"status": {"id": "released", "text": "Released", "__typename": "ProductionStatus"}, "__typename": "ProductionStatusHistory"}], "restriction": null, "__typename": "ProductionStatusDetails"}, "canHaveEpisodes": false, "series": null, "titleText": {"text": "Parasite", "__typename": "TitleText"}, "titleType": {"displayableProperty": {"value": {"plainText": "", "__typename": "Markdown"}, "__typename": "DisplayableTitleTypeProperty"}, "text": "Movie", "id": "movie", "isSeries": false, "isEpisode": false, "categories": [{"value": "movie", "__typename": "TitleTypeCategory"}], "canHaveEpisodes": false, "__typename": "TitleType"}, "originalTitleText": {"text": "Gisaengchung", "__typename": "TitleText"}, "certificate": {"rating": "A", "__typename": "Certificate"}, "releaseYear": {"year": 2019, "endYear": null, "__typename": "YearRange"}, "releaseDate": {"day": 31, "month": 1, "year": 2020, "__typename": "ReleaseDate"}, "runtime": {"seconds": 7920, "displayableProperty": {"value": {"plainText": "2h 12m", "__typename": "Markdown"}, "__typename": "DisplayableTitleRuntimeProperty"}, "__typename": "Runtime"}, "canRate": {"isRatable": true, "__typename": "CanRate"}, "ratingsSummary": {"aggregateRating": 8.5, "voteCount": 1004707, "__typename": "RatingsSummary"}, "meterRanking": {"currentRank": 231, "rankChange": {"changeDirection": "DOWN", "difference": 15, "__typename": "MeterRankChange"}, "__typename": "TitleMeterRanking"}, "primaryImage": {"id": "rm3194916865", "width": 2400, "height": 3556, "url": "https://m.media-amazon.com/images/M/MV5BYjk1Y2U4MjQtY2ZiNS00OWQyLWI3MmYtZWUwNmRjYWRiNWNhXkEyXkFqcGc@._V1_.jpg", "caption": {"plainText": "Song Kang-ho, Jung Ik-han, Jung Hyun-jun, Lee Joo-hyung, Lee Ji-hye, Lee Sun-kyun, Cho Yeo-jeong, Park Myeong-hoon, Park Keun-rok, Jang Hye-jin, Lee Jeong-eun, Choi Woo-sik, Park Seo-joon, Park So-dam, and Jung Ji-so in Parasite (2019)", "__typename": "Markdown"}, "__typename": "Image"}, "images": {"total": 267, "edges": [{"node": {"id": "rm1081952513", "__typename": "Image"}, "__typename": "ImageEdge"}], "__typename": "ImageConnection"}, "videos": {"total": 15, "__typename": "TitleRelatedVideosConnection"}, "primaryVideos": {"edges": [{"node": {"id": "vi1015463705", "createdDate": "2019-10-02T15:27:05.936Z", "isMature": false, "runtime": {"value": 123, "__typename": "VideoRuntime"}, "name": {"value": "Trailer 2", "language": "ko", "__typename": "LocalizedString"}, "description": {"value": "All unemployed, Ki-taek's family takes peculiar interest in the wealthy and glamorous Parks for their livelihood until they get entangled in an unexpected incident.", "language": "ko", "__typename": "LocalizedString"}, "timedTextTracks": [], "recommendedTimedTextTrack": null, "thumbnail": {"url": "https://m.media-amazon.com/images/M/MV5BYWJjNWYzMzItYmEyNC00ODdmLWJmOGEtMWY0N2E2NGJlNTY0XkEyXkFqcGdeQWFybm8@._V1_.jpg", "height": 536, "width": 1280, "__typename": "Thumbnail"}, "primaryTitle": {"id": "tt6751668", "titleText": {"text": "Parasite", "__typename": "TitleText"}, "originalTitleText": {"text": "Gisaengchung", "__typename": "TitleText"}, "releaseYear": {"year": 2019, "__typename": "YearRange"}, "__typename": "Title"}, "playbackURLs": [{"displayName": {"value": "480p", "language": "en-US", "__typename": "LocalizedString"}, "videoMimeType": "MP4", "videoDefinition": "DEF_480p", "url": "https://imdb-video.media-imdb.com/vi1015463705/1434659607842-pgv4ql-1606954080073.mp4?Expires=1730927139&Signature=mpCQz0SkIIlxQtVa-ysNgRnnAmuC7s0JV1kmJdetzg46~DoMGX4e~vprKni7OcVgw8HIt-WumDvvzXqXh5On66zlvYAuVTPY8RQc5covCWbZAV5NwiR6rQ1Dez51V102xaJ~4HAxTm6V~AzrfwWgjYaKX4OENdVtAW2DOcH17-b8j-~wYMaMXGGtgnW5gRWnAXlDvbkVDdjGQz7Wz5hDNx1YInr5cceWQuLJGIFPyAhUHXL6iEv6-0BybDu7tCxm0iwEdG~dLB4pZcR8iUn6XgHJQsWibBMcCOxLoEkjUxHBZXvpqgLwB77LtiSF~3Id5tpF4JBLzQJoNwAO2rfdDw__&Key-Pair-Id=APKAIFLZBVQZ24NQH3KA", "__typename": "PlaybackURL"}, {"displayName": {"value": "SD", "language": "en-US", "__typename": "LocalizedString"}, "videoMimeType": "MP4", "videoDefinition": "DEF_SD", "url": "https://imdb-video.media-imdb.com/vi1015463705/1434659454657-dx9ykf-1606954080073.mp4?Expires=1730927139&Signature=O~eTE6VmKCorjuUDJVBo1MC3vtix2yrI7718Ygpxiz6HLWhCuCZphaDd5A1lvGuh~dZxmqWisMSuPpEIlJPd~cywwDOzDUjhu-zj~lz7cFQP3iD0JUA2ajo567KFQ4nEEP5rNSh0-OVwhizri44v0YMLEIo1MXuTKyKqlZToPyF-3hP23yFexK5DAfBCk0YzmJAPtqEEsGsMzMwb~LNS9DXkLFdhCTPIWxo0OTpbgnW1sQIhkfD-8cqtFHKESUieSubcZMrpS8WwALk6ov9MzMTRvEf3WeLt7JO82Pvnmtnumi~vzQ02KBxlBr~ImZFwnJQLlQsoMk0M1fS0wQ3q1A__&Key-Pair-Id=APKAIFLZBVQZ24NQH3KA", "__typename": "PlaybackURL"}], "contentType": {"id": "amzn1.imdb.video.contenttype.trailer", "displayName": {"value": "Trailer", "__typename": "LocalizedString"}, "__typename": "VideoContentType"}, "previewURLs": [{"displayName": {"value": "AUTO", "language": "en-US", "__typename": "LocalizedString"}, "videoMimeType": "M3U8", "videoDefinition": "DEF_AUTO", "url": "https://imdb-video.media-imdb.com/vi1015463705/hls-preview-b76ce5d6-075e-4e6d-b83b-97ed40917555.m3u8?Expires=1730927139&Signature=nu75Adb49pDSs8fR3Fmy3v~YYarAuuHs4TLVD4Td1RvlgHTYQusc02qNYJ-KVPR6yeAWcm1zkG4m4o7TmX4HuTmF5FZJHD58au5xVmjjELK0UghFyL7BEK2k421o7EevWuIwTZdkCvpjJDXvQ31KaIo2wxMcNWpNXuddGPIVQE~iYq6EFKfUPYNQpZUvOSNorjTLj3j5G93pwYQIeTnFl6ArjjA7EhvQvxAzvCT24eCD3akHfIh7z0Y9ThKo~Bn5Qd6BKNVagaX~oyjwLxLsXK1lay0ggE4L7BBI7OFvcV2FLOr-OhmpFwnAavPfJMMzYdzdAVnefnopCwsMBIBIYw__&Key-Pair-Id=APKAIFLZBVQZ24NQH3KA", "__typename": "PlaybackURL"}], "__typename": "Video"}, "__typename": "VideoEdge"}, {"node": {"id": "vi4232428569", "createdDate": "2019-08-14T15:15:18.181Z", "isMature": false, "runtime": {"value": 137, "__typename": "VideoRuntime"}, "name": {"value": "Official Trailer", "language": "ko", "__typename": "LocalizedString"}, "description": {"value": "Ki-taek\u2019s family of four is close, but fully unemployed, with a bleak future ahead of them. The son Ki-woo is recommended by his friend, a student at a prestigious university, for a well-paid tutoring job, spawning hopes of a regular income. Carrying the expectations of all his family, Ki-woo heads to the Park family home for an interview. Arriving at the house of Mr. Park, the owner of a global IT firm, Ki-woo meets Yeon-kyo, the beautiful young lady of the house. But following this first meeting between the two families, an unstoppable string of mishaps lies in wait.", "language": "ko", "__typename": "LocalizedString"}, "timedTextTracks": [], "recommendedTimedTextTrack": null, "thumbnail": {"url": "https://m.media-amazon.com/images/M/MV5BZmYxYmQ4NDUtMjVhNi00YmU3LWFiMWQtZjE4ZDQ2YmE0ZDcyXkEyXkFqcGdeQXRzdGFzaWVr._V1_.jpg", "height": 809, "width": 1445, "__typename": "Thumbnail"}, "primaryTitle": {"id": "tt6751668", "titleText": {"text": "Parasite", "__typename": "TitleText"}, "originalTitleText": {"text": "Gisaengchung", "__typename": "TitleText"}, "releaseYear": {"year": 2019, "__typename": "YearRange"}, "__typename": "Title"}, "playbackURLs": [{"displayName": {"value": "480p", "language": "en-US", "__typename": "LocalizedString"}, "videoMimeType": "MP4", "videoDefinition": "DEF_480p", "url": "https://imdb-video.media-imdb.com/vi4232428569/1434659607842-pgv4ql-1565795718943.mp4?Expires=1730927213&Signature=Z7XuiNHL4TLI94zZZk1BiVIeX1St~ICVQSgZcceYKMHY7kOiETr5-MLHItWbnK-etU1RDU5yY~21pTrHWWrVfFZtxmMacQQHqOVTMzWH1MvTliM339puok~4HMZS3jL6VVaJes1RmWXKE9ef1VpLaAY7lMaYXY53hTOGZ0jsm~cXYtKFWrqAQYvs9xxqhpdSPLYKM2qeFUgKilrM-4mTRERrhAZpQP-HGOV3YWJ7oHzefc5abRXexQXFiExE8GD2g0MjCfbbv-Pzx-K0U36~8fYGzmVFylI-d1rdSY-4MIMsKtk0J71NXm4qmZGB9fri~sN1iAGwJLdbzN6uWbwRFg__&Key-Pair-Id=APKAIFLZBVQZ24NQH3KA", "__typename": "PlaybackURL"}, {"displayName": {"value": "SD", "language": "en-US", "__typename": "LocalizedString"}, "videoMimeType": "MP4", "videoDefinition": "DEF_SD", "url": "https://imdb-video.media-imdb.com/vi4232428569/1434659454657-dx9ykf-1565795718943.mp4?Expires=1730927213&Signature=QsC5NpW4NYv0vh9b9nXELbbxFSNkJXc6rwJVUj4Y9AtZLBxXtlTuS8LoRLrfbbDUME2i5F~~iG50KyYuP3KDhtbsYCj3j~CZw33TxDqx14jkzGYEajKxGmuxD85X5TIn9a7lo2xYKbVMfeBqgyQ1ocIyRLFyhxGQNfVBh3Vpom0qrvd66gRluomPbrvJmMG0Fe2LqpATTAfF0bmKHdrO~FzehgQzekzU1TjvmHYqVd7dbpnlMIsRxYv1ceotJy8-Yc3t~AyHyMS2cqqJo6cX2rcsQTQFa2h6OE6TsdAEljEYF5UHtb6Cw1P7-4MNpcOaYKrHOAfPMXsXTPKYM8xiSg__&Key-Pair-Id=APKAIFLZBVQZ24NQH3KA", "__typename": "PlaybackURL"}], "contentType": {"id": "amzn1.imdb.video.contenttype.trailer", "displayName": {"value": "Trailer", "__typename": "LocalizedString"}, "__typename": "VideoContentType"}, "previewURLs": [{"displayName": {"value": "AUTO", "language": "en-US", "__typename": "LocalizedString"}, "videoMimeType": "M3U8", "videoDefinition": "DEF_AUTO", "url": "https://imdb-video.media-imdb.com/vi4232428569/hls-preview-a905ab92-5b80-4748-9e6a-3e3a25d51a89.m3u8?Expires=1730927213&Signature=p~fX3Tnb-mRTzQVHIP7eX2GpWzD3L6qRi5QKCYvGo97b-tRuRKMZfh1eyMpAEXWvnWKiGFLEuU1vAcp0vk5JIDDZg~~0VSa81hx8EpMGEIr5kisNk0kuX~hPCA4VWThmO4F3-ZxaTKullj1jfTZsaZ9IaAoGHAyA7o2RoMWYMb7af4IHvO-VlRqztKCfZSRvF4uizRjXDh3MtZUwSOQbrGS6o1AHMKW7Y9kYuikToetUCIZORKNuWbU23dMbWmupmGmpgMvKXsa2-PC-L-VtnKhoZds0gm4apngVxq~Za7lx7ZPbyC5I1J0BXs35dZF5Hkrsx7kiWawTVRQ2RAYtBg__&Key-Pair-Id=APKAIFLZBVQZ24NQH3KA", "__typename": "PlaybackURL"}], "__typename": "Video"}, "__typename": "VideoEdge"}], "__typename": "VideoConnection"}, "externalLinks": {"total": 678, "__typename": "ExternalLinkConnection"}, "metacritic": {"metascore": {"score": 97, "__typename": "Metascore"}, "__typename": "Metacritic"}, "keywords": {"total": 318, "edges": [{"node": {"text": "class differences", "__typename": "TitleKeyword"}, "__typename": "TitleKeywordEdge"}, {"node": {"text": "plot twist", "__typename": "TitleKeyword"}, "__typename": "TitleKeywordEdge"}, {"node": {"text": "fraud", "__typename": "TitleKeyword"}, "__typename": "TitleKeywordEdge"}, {"node": {"text": "social satire", "__typename": "TitleKeyword"}, "__typename": "TitleKeywordEdge"}, {"node": {"text": "house", "__typename": "TitleKeyword"}, "__typename": "TitleKeywordEdge"}], "__typename": "TitleKeywordConnection"}, "isAdult": false, "genres": {"genres": [{"text": "Drama", "id": "Drama", "__typename": "Genre"}, {"text": "Thriller", "id": "Thriller", "__typename": "Genre"}], "__typename": "Genres"}, "interests": {"edges": [{"node": {"id": "in0000035", "primaryText": {"text": "Dark Comedy", "__typename": "InterestText"}, "__typename": "Interest"}, "__typename": "InterestEdge"}, {"node": {"id": "in0000182", "primaryText": {"text": "Psychological Thriller", "__typename": "InterestText"}, "__typename": "Interest"}, "__typename": "InterestEdge"}, {"node": {"id": "in0000076", "primaryText": {"text": "Drama", "__typename": "InterestText"}, "__typename": "Interest"}, "__typename": "InterestEdge"}, {"node": {"id": "in0000186", "primaryText": {"text": "Thriller", "__typename": "InterestText"}, "__typename": "Interest"}, "__typename": "InterestEdge"}], "__typename": "InterestConnection"}, "plot": {"plotText": {"plainText": "Greed and class discrimination threaten the newly formed symbiotic relationship between the wealthy Park family and the destitute Kim clan.", "__typename": "Markdown"}, "language": {"id": "en-US", "__typename": "DisplayableLanguage"}, "__typename": "Plot"}, "plotContributionLink": {"url": "https://contribute.imdb.com/updates?update=tt6751668:outlines.add.1.locale~en-US", "__typename": "ContributionLink"}, "credits": {"total": 498, "__typename": "CreditConnection"}, "principalCredits": [{"totalCredits": 1, "category": {"text": "Director", "id": "director", "__typename": "CreditCategory"}, "credits": [{"name": {"nameText": {"text": "Bong Joon Ho", "__typename": "NameText"}, "id": "nm0094435", "__typename": "Name"}, "attributes": null, "__typename": "Crew"}], "__typename": "PrincipalCreditsForCategory"}, {"totalCredits": 3, "category": {"text": "Writers", "id": "writer", "__typename": "CreditCategory"}, "credits": [{"name": {"nameText": {"text": "Bong Joon Ho", "__typename": "NameText"}, "id": "nm0094435", "__typename": "Name"}, "attributes": null, "__typename": "Crew"}, {"name": {"nameText": {"text": "Han Jin-won", "__typename": "NameText"}, "id": "nm8243301", "__typename": "Name"}, "attributes": null, "__typename": "Crew"}], "__typename": "PrincipalCreditsForCategory"}, {"totalCredits": 91, "category": {"text": "Stars", "id": "cast", "__typename": "CreditCategory"}, "credits": [{"name": {"nameText": {"text": "Song Kang-ho", "__typename": "NameText"}, "id": "nm0814280", "__typename": "Name"}, "attributes": null, "__typename": "Cast"}, {"name": {"nameText": {"text": "Lee Sun-kyun", "__typename": "NameText"}, "id": "nm1310525", "__typename": "Name"}, "attributes": null, "__typename": "Cast"}, {"name": {"nameText": {"text": "Cho Yeo-jeong", "__typename": "NameText"}, "id": "nm1856097", "__typename": "Name"}, "attributes": null, "__typename": "Cast"}], "__typename": "PrincipalCreditsForCategory"}], "reviews": {"total": 3665, "__typename": "ReviewsConnection"}, "criticReviewsTotal": {"total": 604, "__typename": "ExternalLinkConnection"}, "triviaTotal": {"total": 110, "__typename": "TriviaConnection"}, "engagementStatistics": {"watchlistStatistics": {"displayableCount": {"text": "Added by 796K users", "__typename": "LocalizedDisplayableCount"}, "__typename": "WatchlistStatistics"}, "__typename": "EngagementStatistics"}, "subNavCredits": {"total": 498, "__typename": "CreditConnection"}, "subNavReviews": {"total": 3665, "__typename": "ReviewsConnection"}, "subNavTrivia": {"total": 110, "__typename": "TriviaConnection"}, "subNavFaqs": {"total": 15, "__typename": "FaqConnection"}, "subNavTopQuestions": {"total": 19, "__typename": "AlexaQuestionConnection"}, "titleGenres": {"genres": [{"genre": {"text": "Drama", "__typename": "GenreItem"}, "__typename": "TitleGenre"}, {"genre": {"text": "Thriller", "__typename": "GenreItem"}, "__typename": "TitleGenre"}], "__typename": "TitleGenres"}, "meta": {"canonicalId": "tt6751668", "publicationStatus": "PUBLISHED", "__typename": "TitleMeta"}, "castPageTitle": {"edges": [{"node": {"name": {"id": "nm0814280", "nameText": {"text": "Song Kang-ho", "__typename": "NameText"}, "__typename": "Name"}, "__typename": "Cast"}, "__typename": "CreditEdge"}, {"node": {"name": {"id": "nm1310525", "nameText": {"text": "Lee Sun-kyun", "__typename": "NameText"}, "__typename": "Name"}, "__typename": "Cast"}, "__typename": "CreditEdge"}, {"node": {"name": {"id": "nm1856097", "nameText": {"text": "Cho Yeo-jeong", "__typename": "NameText"}, "__typename": "Name"}, "__typename": "Cast"}, "__typename": "CreditEdge"}, {"node": {"name": {"id": "nm6079248", "nameText": {"text": "Choi Woo-sik", "__typename": "NameText"}, "__typename": "Name"}, "__typename": "Cast"}, "__typename": "CreditEdge"}], "__typename": "CreditConnection"}, "creatorsPageTitle": [], "directorsPageTitle": [{"credits": [{"name": {"id": "nm0094435", "nameText": {"text": "Bong Joon Ho", "__typename": "NameText"}, "__typename": "Name"}, "__typename": "Crew"}], "__typename": "PrincipalCreditsForCategory"}], "countriesOfOrigin": {"countries": [{"id": "KR", "__typename": "CountryOfOrigin"}], "__typename": "CountriesOfOrigin"}, "production": {"edges": [{"node": {"company": {"id": "co0043365", "companyText": {"text": "CJ Entertainment", "__typename": "CompanyText"}, "__typename": "Company"}, "__typename": "CompanyCredit"}, "__typename": "CompanyCreditEdge"}, {"node": {"company": {"id": "co0197091", "companyText": {"text": "Barunson E&A", "__typename": "CompanyText"}, "__typename": "Company"}, "__typename": "CompanyCredit"}, "__typename": "CompanyCreditEdge"}], "__typename": "CompanyCreditConnection"}, "featuredReviews": {"edges": [{"node": {"author": {"nickName": "DJKwa", "__typename": "UserProfile"}, "summary": {"originalText": "Achieves what Jordan Peele set out to do with Us", "__typename": "ReviewSummary"}, "text": {"originalText": {"plainText": "As a film about a family imposing on another, and keeping dark secrets hidden beneath the surface, Parasite achieves what Jordan Peele set out to do with Us: tell a multi-layered story in a widely entertaining manner, but without sacrificing the believability of its central narrative.\n\nThat's not to say that Us is an ineffective film by any means, but when it comes to crafting weighty social commentaries under the guise of lighter fare, writer-director Bong Joon-ho is in a class of his own.\n\nThe film follows a lower-class South Korean family as they slowly integrate themselves in the lives of an upper-class family and their lavish household. As their entanglement is spun out of a web of deceit, the lowly family find themselves skating on thin ice when it comes to keeping up appearances.\n\nIt's a twisty satire on social-economic disparities in South Korean society that swings broadly in tone, and sometimes threatens to tip over the edge, but never feels less than meticulously calculated in its tonal shifts.\n\nHowever, to reveal anything more about the story would be to take away from the overall experience, as each act is marked by a major plot twist or revelation that keeps the film one step ahead of the viewer at all times. Go in blind if you can and expect an unforgettable ride.", "__typename": "Markdown"}, "__typename": "ReviewText"}, "authorRating": 9, "submissionDate": "2019-07-02", "__typename": "Review"}, "__typename": "ReviewEdge"}], "__typename": "ReviewsConnection"}, "__typename": "Title"}, "main": {"id": "tt6751668", "wins": {"total": 316, "__typename": "AwardNominationConnection"}, "nominationsExcludeWins": {"total": 266, "__typename": "AwardNominationConnection"}, "prestigiousAwardSummary": {"nominations": 2, "wins": 4, "award": {"text": "Oscar", "id": "aw0000016", "event": {"id": "ev0000003", "__typename": "AwardsEvent"}, "__typename": "AwardDetails"}, "__typename": "PrestigiousAwardSummary"}, "ratingsSummary": {"topRanking": {"id": "topRated:tt6751668:en_US", "text": {"value": "Top Rated", "__typename": "LocalizedString"}, "rank": 33, "__typename": "TopRanking"}, "__typename": "RatingsSummary"}, "episodes": null, "videos": {"total": 15, "__typename": "TitleRelatedVideosConnection"}, "videoStrip": {"edges": [{"node": {"id": "vi1015463705", "contentType": {"displayName": {"value": "Trailer", "__typename": "LocalizedString"}, "__typename": "VideoContentType"}, "name": {"value": "Trailer 2", "__typename": "LocalizedString"}, "runtime": {"value": 123, "__typename": "VideoRuntime"}, "thumbnail": {"height": 536, "url": "https://m.media-amazon.com/images/M/MV5BYWJjNWYzMzItYmEyNC00ODdmLWJmOGEtMWY0N2E2NGJlNTY0XkEyXkFqcGdeQWFybm8@._V1_.jpg", "width": 1280, "__typename": "Thumbnail"}, "__typename": "Video"}, "__typename": "VideoEdge"}, {"node": {"id": "vi4232428569", "contentType": {"displayName": {"value": "Trailer", "__typename": "LocalizedString"}, "__typename": "VideoContentType"}, "name": {"value": "Official Trailer", "__typename": "LocalizedString"}, "runtime": {"value": 137, "__typename": "VideoRuntime"}, "thumbnail": {"height": 809, "url": "https://m.media-amazon.com/images/M/MV5BZmYxYmQ4NDUtMjVhNi00YmU3LWFiMWQtZjE4ZDQ2YmE0ZDcyXkEyXkFqcGdeQXRzdGFzaWVr._V1_.jpg", "width": 1445, "__typename": "Thumbnail"}, "__typename": "Video"}, "__typename": "VideoEdge"}, {"node": {"id": "vi3358047513", "contentType": {"displayName": {"value": "Trailer", "__typename": "LocalizedString"}, "__typename": "VideoContentType"}, "name": {"value": "Teaser Trailer", "__typename": "LocalizedString"}, "runtime": {"value": 78, "__typename": "VideoRuntime"}, "thumbnail": {"height": 1080, "url": "https://m.media-amazon.com/images/M/MV5BNTcxNDJkNWEtMGMyZC00NDNlLWJkYzMtZWQzOWNhYmM1YjQyXkEyXkFqcGdeQXRyYW5zY29kZS13b3JrZmxvdw@@._V1_.jpg", "width": 1920, "__typename": "Thumbnail"}, "__typename": "Video"}, "__typename": "VideoEdge"}, {"node": {"id": "vi2240462617", "contentType": {"displayName": {"value": "Trailer", "__typename": "LocalizedString"}, "__typename": "VideoContentType"}, "name": {"value": "Parasite", "__typename": "LocalizedString"}, "runtime": {"value": 63, "__typename": "VideoRuntime"}, "thumbnail": {"height": 1080, "url": "https://m.media-amazon.com/images/M/MV5BNzM2OWM5NGUtNjQ5ZS00MTA1LWI5YzEtN2UzNzM3ZmYxZWM4XkEyXkFqcGdeQTNwaW5nZXN0._V1_.jpg", "width": 1920, "__typename": "Thumbnail"}, "__typename": "Video"}, "__typename": "VideoEdge"}, {"node": {"id": "vi3460938777", "contentType": {"displayName": {"value": "Trailer", "__typename": "LocalizedString"}, "__typename": "VideoContentType"}, "name": {"value": "Parasite", "__typename": "LocalizedString"}, "runtime": {"value": 137, "__typename": "VideoRuntime"}, "thumbnail": {"height": 1080, "url": "https://m.media-amazon.com/images/M/MV5BYWE5NmZiYWMtODlhYS00NmRlLWIzNDItZDBmYWIwNDJmMWNhXkEyXkFqcGdeQTNwaW5nZXN0._V1_.jpg", "width": 1920, "__typename": "Thumbnail"}, "__typename": "Video"}, "__typename": "VideoEdge"}, {"node": {"id": "vi3091382041", "contentType": {"displayName": {"value": "Clip", "__typename": "LocalizedString"}, "__typename": "VideoContentType"}, "name": {"value": "Bong Joon Ho Makes Oscars History", "__typename": "LocalizedString"}, "runtime": {"value": 204, "__typename": "VideoRuntime"}, "thumbnail": {"height": 2995, "url": "https://m.media-amazon.com/images/M/MV5BZTliMDg5MmQtMDE4Ny00M2JhLTg3NzQtMmFhM2ZlNTA1MDM5XkEyXkFqcGdeQWFybm8@._V1_.jpg", "width": 4500, "__typename": "Thumbnail"}, "__typename": "Video"}, "__typename": "VideoEdge"}, {"node": {"id": "vi1950465817", "contentType": {"displayName": {"value": "Clip", "__typename": "LocalizedString"}, "__typename": "VideoContentType"}, "name": {"value": "Bong Joon Ho's \"Parasite\" HBO Series Will Be a 'Six-Hour Film'", "__typename": "LocalizedString"}, "runtime": {"value": 41, "__typename": "VideoRuntime"}, "thumbnail": {"height": 1080, "url": "https://m.media-amazon.com/images/M/MV5BNzY0ZmE4YjEtYTk2NC00YThkLWE0NGYtZWQzODBiMDU5NGM3XkEyXkFqcGdeQW1hcmNtYW5u._V1_.jpg", "width": 1920, "__typename": "Thumbnail"}, "__typename": "Video"}, "__typename": "VideoEdge"}, {"node": {"id": "vi2386607897", "contentType": {"displayName": {"value": "Clip", "__typename": "LocalizedString"}, "__typename": "VideoContentType"}, "name": {"value": "Indie Spirit Stars Suggest Indie Gems You Must Watch Right Now", "__typename": "LocalizedString"}, "runtime": {"value": 169, "__typename": "VideoRuntime"}, "thumbnail": {"height": 702, "url": "https://m.media-amazon.com/images/M/MV5BMmQxNmVjYTAtZmNiZC00NmY5LThjOTAtNjFiZDY0YjAxMjg5XkEyXkFqcGdeQWFybm8@._V1_.jpg", "width": 1248, "__typename": "Thumbnail"}, "__typename": "Video"}, "__typename": "VideoEdge"}, {"node": {"id": "vi912047897", "contentType": {"displayName": {"value": "Clip", "__typename": "LocalizedString"}, "__typename": "VideoContentType"}, "name": {"value": "What BAFTA, SAG, & DGA Wins Predict for the 2020 Oscars", "__typename": "LocalizedString"}, "runtime": {"value": 270, "__typename": "VideoRuntime"}, "thumbnail": {"height": 3016, "url": "https://m.media-amazon.com/images/M/MV5BODkwZWE5Y2EtZmMxMS00ODgxLTgxMmQtYzBjMzgxMzRkNDg2XkEyXkFqcGdeQWFybm8@._V1_.jpg", "width": 4524, "__typename": "Thumbnail"}, "__typename": "Video"}, "__typename": "VideoEdge"}, {"node": {"id": "vi3472211737", "contentType": {"displayName": {"value": "Clip", "__typename": "LocalizedString"}, "__typename": "VideoContentType"}, "name": {"value": "Bong Joon-Ho \u2013 Making the Film You Want", "__typename": "LocalizedString"}, "runtime": {"value": 104, "__typename": "VideoRuntime"}, "thumbnail": {"height": 1080, "url": "https://m.media-amazon.com/images/M/MV5BNzg1ZjMyNzctYjdiZS00OTUzLWFlN2EtYTI3MmY4NzQwYjAzXkEyXkFqcGdeQW1hZGV0aXNj._V1_.jpg", "width": 1920, "__typename": "Thumbnail"}, "__typename": "Video"}, "__typename": "VideoEdge"}, {"node": {"id": "vi598130457", "contentType": {"displayName": {"value": "Clip", "__typename": "LocalizedString"}, "__typename": "VideoContentType"}, "name": {"value": "Bong Joon-Ho Reveals Where He Got the Idea for 'Parasite'", "__typename": "LocalizedString"}, "runtime": {"value": 314, "__typename": "VideoRuntime"}, "thumbnail": {"height": 1080, "url": "https://m.media-amazon.com/images/M/MV5BZDA3OWJkZjktMTk1MS00ODQ0LWI5OGQtY2M5NThiODNhZDI5XkEyXkFqcGdeQWFybm8@._V1_.jpg", "width": 1920, "__typename": "Thumbnail"}, "__typename": "Video"}, "__typename": "VideoEdge"}, {"node": {"id": "vi2057617177", "contentType": {"displayName": {"value": "Clip", "__typename": "LocalizedString"}, "__typename": "VideoContentType"}, "name": {"value": "Everything You Need to Know for TIFF 2019", "__typename": "LocalizedString"}, "runtime": {"value": 423, "__typename": "VideoRuntime"}, "thumbnail": {"height": 1080, "url": "https://m.media-amazon.com/images/M/MV5BYWJlM2EyM2EtYjc2MS00ZmZmLTk3MzUtYWIyNGU2NDgwNGU3XkEyXkFqcGdeQW1yb2Njbw@@._V1_.jpg", "width": 1920, "__typename": "Thumbnail"}, "__typename": "Video"}, "__typename": "VideoEdge"}], "__typename": "VideoConnection"}, "titleMainImages": {"total": 267, "edges": [{"node": {"id": "rm1081952513", "url": "https://m.media-amazon.com/images/M/MV5BZDM2MWYyNTUtZjI4Yy00YTgxLWJlMjktMjUyYTQ0YmM3MjI5XkEyXkFqcGc@._V1_.jpg", "caption": {"plainText": "Lee Sun-kyun at an event for Parasite (2019)", "__typename": "Markdown"}, "height": 4992, "width": 3328, "__typename": "Image"}, "__typename": "ImageEdge"}, {"node": {"id": "rm326977793", "url": "https://m.media-amazon.com/images/M/MV5BMWNiMjc2ZjUtYTNhMS00NDllLWIzOTktMTQ5NmM0ZjU1ZmExXkEyXkFqcGc@._V1_.jpg", "caption": {"plainText": "Lee Sun-kyun at an event for Parasite (2019)", "__typename": "Markdown"}, "height": 3334, "width": 5000, "__typename": "Image"}, "__typename": "ImageEdge"}, {"node": {"id": "rm2849552385", "url": "https://m.media-amazon.com/images/M/MV5BNjk5Mjg0OWMtZTA5Yi00MDEzLThlMDEtZWNhMzVkM2ZkMDljXkEyXkFqcGc@._V1_.jpg", "caption": {"plainText": "Bong Joon Ho, Song Kang-ho, Lee Sun-kyun, and Cho Yeo-jeong at an event for Parasite (2019)", "__typename": "Markdown"}, "height": 3412, "width": 4500, "__typename": "Image"}, "__typename": "ImageEdge"}, {"node": {"id": "rm2612574977", "url": "https://m.media-amazon.com/images/M/MV5BYzQyOThmZWUtMzNjOC00M2RiLWJiYjQtYzA2ZmQ5YjRkYzgyXkEyXkFqcGc@._V1_.jpg", "caption": {"plainText": "Bong Joon Ho at an event for Parasite (2019)", "__typename": "Markdown"}, "height": 2638, "width": 3957, "__typename": "Image"}, "__typename": "ImageEdge"}, {"node": {"id": "rm1173994241", "url": "https://m.media-amazon.com/images/M/MV5BOGJkZWQwMDgtZmJhNi00NzY5LWFlZWEtNjhhOTZjODhiYmM0XkEyXkFqcGc@._V1_.jpg", "caption": {"plainText": "Bong Joon Ho at an event for Parasite (2019)", "__typename": "Markdown"}, "height": 3150, "width": 4726, "__typename": "Image"}, "__typename": "ImageEdge"}, {"node": {"id": "rm770816513", "url": "https://m.media-amazon.com/images/M/MV5BYzU5NWFiZDMtYzE5OC00MDdkLThjNDktZDZkMWQ3ZGM1MWY1XkEyXkFqcGc@._V1_.jpg", "caption": {"plainText": "Bong Joon Ho and Kwak Sin-ae at an event for The Oscars (2020)", "__typename": "Markdown"}, "height": 3689, "width": 2763, "__typename": "Image"}, "__typename": "ImageEdge"}, {"node": {"id": "rm754039297", "url": "https://m.media-amazon.com/images/M/MV5BZjBjZGNlYzAtNWJmYS00YTUyLWE0NDktNGRmYjY4N2Y0Nzk0XkEyXkFqcGc@._V1_.jpg", "caption": {"plainText": "Bong Joon Ho at an event for The Oscars (2020)", "__typename": "Markdown"}, "height": 5017, "width": 3409, "__typename": "Image"}, "__typename": "ImageEdge"}, {"node": {"id": "rm619821569", "url": "https://m.media-amazon.com/images/M/MV5BYTVmZDE2MmQtNDNmNS00YzIzLTg3ZDEtMDI4ZjFkM2FjOTcyXkEyXkFqcGc@._V1_.jpg", "caption": {"plainText": "Bong Joon Ho and Kwak Sin-ae at an event for The Oscars (2020)", "__typename": "Markdown"}, "height": 2450, "width": 3674, "__typename": "Image"}, "__typename": "ImageEdge"}, {"node": {"id": "rm586267137", "url": "https://m.media-amazon.com/images/M/MV5BNjljMTIyMTMtYzFmZi00YWY5LTkyY2UtN2JkMmIyYzk1Mzc2XkEyXkFqcGc@._V1_.jpg", "caption": {"plainText": "Bong Joon Ho and Han Jin-won at an event for The Oscars (2020)", "__typename": "Markdown"}, "height": 5251, "width": 3500, "__typename": "Image"}, "__typename": "ImageEdge"}, {"node": {"id": "rm552712705", "url": "https://m.media-amazon.com/images/M/MV5BZjA3MzA1YzItMTA4NS00MDkyLWJiN2YtZGE4ZTBmNzA4MDdjXkEyXkFqcGc@._V1_.jpg", "caption": {"plainText": "Bong Joon Ho at an event for The Oscars (2020)", "__typename": "Markdown"}, "height": 1732, "width": 2591, "__typename": "Image"}, "__typename": "ImageEdge"}, {"node": {"id": "rm636598785", "url": "https://m.media-amazon.com/images/M/MV5BOTI2OTNjM2EtM2I3OC00MGQ0LTk1MTctNTEyMzQ3ZDgxMzk3XkEyXkFqcGc@._V1_.jpg", "caption": {"plainText": "Bong Joon Ho and Kwak Sin-ae at an event for The Oscars (2020)", "__typename": "Markdown"}, "height": 2016, "width": 3030, "__typename": "Image"}, "__typename": "ImageEdge"}, {"node": {"id": "rm485538305", "url": "https://m.media-amazon.com/images/M/MV5BOTA2ZWRhOWMtMGUxZi00MWVjLWFjYTUtOTJlOTNhNDdjZjBmXkEyXkFqcGc@._V1_.jpg", "caption": {"plainText": "Bong Joon Ho, Kwak Sin-ae, Moon Yang Kwon, Cho Yeo-jeong, Miky Lee, Choi Woo-sik, and Park So-dam at an event for The Oscars (2020)", "__typename": "Markdown"}, "height": 3059, "width": 4589, "__typename": "Image"}, "__typename": "ImageEdge"}, {"node": {"id": "rm368097793", "url": "https://m.media-amazon.com/images/M/MV5BYjE5MTE1MGUtMzJmZC00N2JlLTg2ZDUtMzA2YmQxMDEyM2RlXkEyXkFqcGc@._V1_.jpg", "caption": {"plainText": "Spike Lee and Bong Joon Ho at an event for The Oscars (2020)", "__typename": "Markdown"}, "height": 3593, "width": 2394, "__typename": "Image"}, "__typename": "ImageEdge"}], "__typename": "ImageConnection"}, "productionStatus": {"currentProductionStage": {"id": "released", "text": "Released", "__typename": "ProductionStage"}, "productionStatusHistory": [{"status": {"id": "pre_production", "text": "Pre-production", "__typename": "ProductionStatus"}, "__typename": "ProductionStatusHistory"}, {"status": {"id": "filming", "text": "Filming", "__typename": "ProductionStatus"}, "__typename": "ProductionStatusHistory"}, {"status": {"id": "post_production", "text": "Post-production", "__typename": "ProductionStatus"}, "__typename": "ProductionStatusHistory"}, {"status": {"id": "completed", "text": "Completed", "__typename": "ProductionStatus"}, "__typename": "ProductionStatusHistory"}, {"status": {"id": "released", "text": "Released", "__typename": "ProductionStatus"}, "__typename": "ProductionStatusHistory"}], "restriction": null, "__typename": "ProductionStatusDetails"}, "primaryImage": {"id": "rm3194916865", "__typename": "Image"}, "inIframeAddLink": {"url": "https://contribute.imdb.com/image/tt6751668/add?bus=imdb&return_url=https%3A%2F%2Fwww.imdb.com%2Fclose_me&site=web", "__typename": "ContributionLink"}, "notInIframeAddLink": {"url": "https://contribute.imdb.com/image/tt6751668/add?bus=imdb&return_url=https%3A%2F%2Fwww.imdb.com%2Ftitle%2Ftt6751668%2F&site=mobile", "__typename": "ContributionLink"}, "titleType": {"id": "movie", "canHaveEpisodes": false, "__typename": "TitleType"}, "cast": {"total": 91, "edges": [{"node": {"name": {"id": "nm0814280", "nameText": {"text": "Song Kang-ho", "__typename": "NameText"}, "primaryImage": {"url": "https://m.media-amazon.com/images/M/MV5BYmI2OTQwMmItMDI5OS00OGQxLWIyZGUtNThlNjRjODkwMTI1XkEyXkFqcGc@._V1_.jpg", "width": 2000, "height": 3000, "__typename": "Image"}, "__typename": "Name"}, "attributes": null, "category": {"id": "actor", "__typename": "CreditCategory"}, "characters": [{"name": "Ki Taek", "__typename": "Character"}], "episodeCredits": {"total": 0, "yearRange": null, "__typename": "EpisodeCastConnection"}, "__typename": "Cast"}, "__typename": "CreditEdge"}, {"node": {"name": {"id": "nm1310525", "nameText": {"text": "Lee Sun-kyun", "__typename": "NameText"}, "primaryImage": {"url": "https://m.media-amazon.com/images/M/MV5BNGQxYmRlZjctMWFjYi00MDA5LWE1ZjAtNjlmY2ZjY2U4YzE4XkEyXkFqcGc@._V1_.jpg", "width": 777, "height": 1164, "__typename": "Image"}, "__typename": "Name"}, "attributes": [{"text": "as Lee Sun Kyun", "__typename": "CreditedAsCreditAttribute"}], "category": {"id": "actor", "__typename": "CreditCategory"}, "characters": [{"name": "Dong Ik", "__typename": "Character"}], "episodeCredits": {"total": 0, "yearRange": null, "__typename": "EpisodeCastConnection"}, "__typename": "Cast"}, "__typename": "CreditEdge"}, {"node": {"name": {"id": "nm1856097", "nameText": {"text": "Cho Yeo-jeong", "__typename": "NameText"}, "primaryImage": {"url": "https://m.media-amazon.com/images/M/MV5BZDdlNGIyZTktNTFmYS00ODgwLWEwM2UtZTM3ODJjMjQ0N2ZlXkEyXkFqcGc@._V1_.jpg", "width": 3650, "height": 4563, "__typename": "Image"}, "__typename": "Name"}, "attributes": [{"text": "as Cho Yeo Jeong", "__typename": "CreditedAsCreditAttribute"}], "category": {"id": "actress", "__typename": "CreditCategory"}, "characters": [{"name": "Yeon Kyo", "__typename": "Character"}], "episodeCredits": {"total": 0, "yearRange": null, "__typename": "EpisodeCastConnection"}, "__typename": "Cast"}, "__typename": "CreditEdge"}, {"node": {"name": {"id": "nm6079248", "nameText": {"text": "Choi Woo-sik", "__typename": "NameText"}, "primaryImage": {"url": "https://m.media-amazon.com/images/M/MV5BOGJhMDkyNjctMGM3MS00MDIzLWIxNTQtODIzYzI0MTQxZTljXkEyXkFqcGc@._V1_.jpg", "width": 1500, "height": 2251, "__typename": "Image"}, "__typename": "Name"}, "attributes": [{"text": "as Choi Woo Shik", "__typename": "CreditedAsCreditAttribute"}], "category": {"id": "actor", "__typename": "CreditCategory"}, "characters": [{"name": "Ki Woo", "__typename": "Character"}], "episodeCredits": {"total": 0, "yearRange": null, "__typename": "EpisodeCastConnection"}, "__typename": "Cast"}, "__typename": "CreditEdge"}, {"node": {"name": {"id": "nm6476224", "nameText": {"text": "Park So-dam", "__typename": "NameText"}, "primaryImage": {"url": "https://m.media-amazon.com/images/M/MV5BNzE2ZTM1ZGUtOWM5ZC00ZDU5LWExOTUtM2E5ZGVjNDI4OWQ2XkEyXkFqcGc@._V1_.jpg", "width": 500, "height": 749, "__typename": "Image"}, "__typename": "Name"}, "attributes": [{"text": "as Park So Dam", "__typename": "CreditedAsCreditAttribute"}], "category": {"id": "actress", "__typename": "CreditCategory"}, "characters": [{"name": "Ki Jung", "__typename": "Character"}], "episodeCredits": {"total": 0, "yearRange": null, "__typename": "EpisodeCastConnection"}, "__typename": "Cast"}, "__typename": "CreditEdge"}, {"node": {"name": {"id": "nm5744538", "nameText": {"text": "Lee Jeong-eun", "__typename": "NameText"}, "primaryImage": {"url": "https://m.media-amazon.com/images/M/MV5BYzI5NjExNWUtMmZjNS00YTMzLWJmZDQtY2MzZTg5ZGEzNzE1XkEyXkFqcGc@._V1_.jpg", "width": 530, "height": 795, "__typename": "Image"}, "__typename": "Name"}, "attributes": null, "category": {"id": "actress", "__typename": "CreditCategory"}, "characters": [{"name": "Moon Gwang", "__typename": "Character"}], "episodeCredits": {"total": 0, "yearRange": null, "__typename": "EpisodeCastConnection"}, "__typename": "Cast"}, "__typename": "CreditEdge"}, {"node": {"name": {"id": "nm4525883", "nameText": {"text": "Jang Hye-jin", "__typename": "NameText"}, "primaryImage": {"url": "https://m.media-amazon.com/images/M/MV5BMzNjMTI2NTMtNmI3MS00ZTE1LTk5NTctZTgyZmZmZGQxOGE2XkEyXkFqcGc@._V1_.jpg", "width": 2872, "height": 4308, "__typename": "Image"}, "__typename": "Name"}, "attributes": [{"text": "as Chang Hyae Jin", "__typename": "CreditedAsCreditAttribute"}], "category": {"id": "actress", "__typename": "CreditCategory"}, "characters": [{"name": "Chung Sook", "__typename": "Character"}], "episodeCredits": {"total": 0, "yearRange": null, "__typename": "EpisodeCastConnection"}, "__typename": "Cast"}, "__typename": "CreditEdge"}, {"node": {"name": {"id": "nm3745391", "nameText": {"text": "Park Myeong-hoon", "__typename": "NameText"}, "primaryImage": {"url": "https://m.media-amazon.com/images/M/MV5BOTYyY2JjY2UtZDUzNy00YjEyLWExYmItOTFkNTczY2JjOTQxXkEyXkFqcGc@._V1_.jpg", "width": 740, "height": 1079, "__typename": "Image"}, "__typename": "Name"}, "attributes": [{"text": "as Park Myeong Hoon", "__typename": "CreditedAsCreditAttribute"}], "category": {"id": "actor", "__typename": "CreditCategory"}, "characters": [{"name": "Geun Se", "__typename": "Character"}], "episodeCredits": {"total": 0, "yearRange": null, "__typename": "EpisodeCastConnection"}, "__typename": "Cast"}, "__typename": "CreditEdge"}, {"node": {"name": {"id": "nm7616095", "nameText": {"text": "Jung Ji-so", "__typename": "NameText"}, "primaryImage": {"url": "https://m.media-amazon.com/images/M/MV5BYmJkZDlkMGUtMGIyYS00MzIzLTlkNWQtMWZkZWU0ZTYwMjdjXkEyXkFqcGc@._V1_.jpg", "width": 600, "height": 900, "__typename": "Image"}, "__typename": "Name"}, "attributes": [{"text": "as Jung Ziso", "__typename": "CreditedAsCreditAttribute"}], "category": {"id": "actress", "__typename": "CreditCategory"}, "characters": [{"name": "Da Hye", "__typename": "Character"}], "episodeCredits": {"total": 0, "yearRange": null, "__typename": "EpisodeCastConnection"}, "__typename": "Cast"}, "__typename": "CreditEdge"}, {"node": {"name": {"id": "nm10700274", "nameText": {"text": "Jung Hyun-jun", "__typename": "NameText"}, "primaryImage": {"url": "https://m.media-amazon.com/images/M/MV5BZjUxMzc3MzYtNmVkZC00ZTYzLThjZTktN2YzODFlNGJiMTQ4XkEyXkFqcGc@._V1_.jpg", "width": 660, "height": 880, "__typename": "Image"}, "__typename": "Name"}, "attributes": [{"text": "as Jung Hyeon Jun", "__typename": "CreditedAsCreditAttribute"}], "category": {"id": "actor", "__typename": "CreditCategory"}, "characters": [{"name": "Da Song", "__typename": "Character"}], "episodeCredits": {"total": 0, "yearRange": null, "__typename": "EpisodeCastConnection"}, "__typename": "Cast"}, "__typename": "CreditEdge"}, {"node": {"name": {"id": "nm4522499", "nameText": {"text": "Park Keun-rok", "__typename": "NameText"}, "primaryImage": {"url": "https://m.media-amazon.com/images/M/MV5BZjljMzUwNGUtOGZkMi00ZTRkLTg1YmQtZGJjY2RlYzNiNDQzXkEyXkFqcGc@._V1_.jpg", "width": 540, "height": 827, "__typename": "Image"}, "__typename": "Name"}, "attributes": [{"text": "as Park Keun Rok", "__typename": "CreditedAsCreditAttribute"}], "category": {"id": "actor", "__typename": "CreditCategory"}, "characters": [{"name": "Driver Yoon", "__typename": "Character"}], "episodeCredits": {"total": 0, "yearRange": null, "__typename": "EpisodeCastConnection"}, "__typename": "Cast"}, "__typename": "CreditEdge"}, {"node": {"name": {"id": "nm10860732", "nameText": {"text": "Jung Yi-seo", "__typename": "NameText"}, "primaryImage": {"url": "https://m.media-amazon.com/images/M/MV5BOTE3NjY1MjQtY2FlNS00NTA1LTgwZDQtMjdhYzRlNDdjMmFiXkEyXkFqcGc@._V1_.jpg", "width": 435, "height": 534, "__typename": "Image"}, "__typename": "Name"}, "attributes": [{"text": "as Jeung Esuh", "__typename": "CreditedAsCreditAttribute"}], "category": {"id": "actress", "__typename": "CreditCategory"}, "characters": [{"name": "CEO of Pizza Place", "__typename": "Character"}], "episodeCredits": {"total": 0, "yearRange": null, "__typename": "EpisodeCastConnection"}, "__typename": "Cast"}, "__typename": "CreditEdge"}, {"node": {"name": {"id": "nm11261148", "nameText": {"text": "Jo Jae-myeong", "__typename": "NameText"}, "primaryImage": null, "__typename": "Name"}, "attributes": null, "category": {"id": "actor", "__typename": "CreditCategory"}, "characters": [{"name": "CEO's Brother of Pizza Place", "__typename": "Character"}], "episodeCredits": {"total": 0, "yearRange": null, "__typename": "EpisodeCastConnection"}, "__typename": "Cast"}, "__typename": "CreditEdge"}, {"node": {"name": {"id": "nm10215504", "nameText": {"text": "Jung Ik-han", "__typename": "NameText"}, "primaryImage": {"url": "https://m.media-amazon.com/images/M/MV5BMmJiZTkwZmMtMjIxOC00MzFlLWE1MTMtMThkYzg1MjZlNTkzXkEyXkFqcGc@._V1_.jpg", "width": 1000, "height": 1500, "__typename": "Image"}, "__typename": "Name"}, "attributes": [{"text": "as Jung Ik Han", "__typename": "CreditedAsCreditAttribute"}], "category": {"id": "actor", "__typename": "CreditCategory"}, "characters": [{"name": "Neighbor", "__typename": "Character"}], "episodeCredits": {"total": 0, "yearRange": null, "__typename": "EpisodeCastConnection"}, "__typename": "Cast"}, "__typename": "CreditEdge"}, {"node": {"name": {"id": "nm11044243", "nameText": {"text": "Kim Kyu-baek", "__typename": "NameText"}, "primaryImage": {"url": "https://m.media-amazon.com/images/M/MV5BYWIyZWEwNmItMmRhMy00N2JmLWJhYTItZjA2N2NmZDJkMDVmXkEyXkFqcGc@._V1_.jpg", "width": 800, "height": 1054, "__typename": "Image"}, "__typename": "Name"}, "attributes": null, "category": {"id": "actor", "__typename": "CreditCategory"}, "characters": [{"name": "Drunk Person 1", "__typename": "Character"}], "episodeCredits": {"total": 0, "yearRange": null, "__typename": "EpisodeCastConnection"}, "__typename": "Cast"}, "__typename": "CreditEdge"}, {"node": {"name": {"id": "nm11432327", "nameText": {"text": "Hwang In-kyung", "__typename": "NameText"}, "primaryImage": null, "__typename": "Name"}, "attributes": [{"text": "as Hwang In Kyung", "__typename": "CreditedAsCreditAttribute"}], "category": {"id": "actor", "__typename": "CreditCategory"}, "characters": [{"name": "Internet Cafe Staff", "__typename": "Character"}], "episodeCredits": {"total": 0, "yearRange": null, "__typename": "EpisodeCastConnection"}, "__typename": "Cast"}, "__typename": "CreditEdge"}, {"node": {"name": {"id": "nm9086195", "nameText": {"text": "Ahn Seong-bong", "__typename": "NameText"}, "primaryImage": {"url": "https://m.media-amazon.com/images/M/MV5BMjMzYTRjMGQtMzE1Yy00NjVjLTg1NzMtMGVmYjZjMWI0NzFlXkEyXkFqcGc@._V1_.jpg", "width": 343, "height": 514, "__typename": "Image"}, "__typename": "Name"}, "attributes": [{"text": "as Ahn Seong Bong", "__typename": "CreditedAsCreditAttribute"}], "category": {"id": "actor", "__typename": "CreditCategory"}, "characters": [{"name": "Street Fighting Person 1", "__typename": "Character"}], "episodeCredits": {"total": 0, "yearRange": null, "__typename": "EpisodeCastConnection"}, "__typename": "Cast"}, "__typename": "CreditEdge"}, {"node": {"name": {"id": "nm11432328", "nameText": {"text": "Kim Jin-hyung", "__typename": "NameText"}, "primaryImage": null, "__typename": "Name"}, "attributes": [{"text": "as Kim Jin Hyung", "__typename": "CreditedAsCreditAttribute"}], "category": {"id": "actor", "__typename": "CreditCategory"}, "characters": [{"name": "Street Fighting Person 2", "__typename": "Character"}], "episodeCredits": {"total": 0, "yearRange": null, "__typename": "EpisodeCastConnection"}, "__typename": "Cast"}, "__typename": "CreditEdge"}], "__typename": "CreditConnection"}, "creators": [], "directors": [{"totalCredits": 1, "category": {"text": "Director", "id": "director", "__typename": "CreditCategory"}, "credits": [{"name": {"id": "nm0094435", "nameText": {"text": "Bong Joon Ho", "__typename": "NameText"}, "__typename": "Name"}, "__typename": "Crew"}], "__typename": "PrincipalCreditsForCategory"}], "writers": [{"totalCredits": 3, "category": {"text": "Writers", "id": "writer", "__typename": "CreditCategory"}, "credits": [{"name": {"id": "nm0094435", "nameText": {"text": "Bong Joon Ho", "__typename": "NameText"}, "__typename": "Name"}, "__typename": "Crew"}, {"name": {"id": "nm8243301", "nameText": {"text": "Han Jin-won", "__typename": "NameText"}, "__typename": "Name"}, "__typename": "Crew"}], "__typename": "PrincipalCreditsForCategory"}], "isAdult": false, "moreLikeThisTitles": {"edges": [{"node": {"id": "tt1375666", "titleText": {"text": "Inception", "__typename": "TitleText"}, "titleType": {"id": "movie", "text": "Movie", "canHaveEpisodes": false, "displayableProperty": {"value": {"plainText": "", "__typename": "Markdown"}, "__typename": "DisplayableTitleTypeProperty"}, "__typename": "TitleType"}, "originalTitleText": {"text": "Inception", "__typename": "TitleText"}, "primaryImage": {"id": "rm3426651392", "width": 700, "height": 1037, "url": "https://m.media-amazon.com/images/M/MV5BMjAxMzY3NjcxNF5BMl5BanBnXkFtZTcwNTI5OTM0Mw@@._V1_.jpg", "caption": {"plainText": "Leonardo DiCaprio, Tom Berenger, Michael Caine, Lukas Haas, Marion Cotillard, Joseph Gordon-Levitt, Tom Hardy, Elliot Page, Ken Watanabe, and Dileep Rao in Inception (2010)", "__typename": "Markdown"}, "__typename": "Image"}, "releaseYear": {"year": 2010, "endYear": null, "__typename": "YearRange"}, "ratingsSummary": {"aggregateRating": 8.8, "voteCount": 2609857, "__typename": "RatingsSummary"}, "runtime": {"seconds": 8880, "__typename": "Runtime"}, "certificate": {"rating": "UA", "__typename": "Certificate"}, "canRate": {"isRatable": true, "__typename": "CanRate"}, "titleGenres": {"genres": [{"genre": {"text": "Action", "__typename": "GenreItem"}, "__typename": "TitleGenre"}, {"genre": {"text": "Adventure", "__typename": "GenreItem"}, "__typename": "TitleGenre"}, {"genre": {"text": "Sci-Fi", "__typename": "GenreItem"}, "__typename": "TitleGenre"}], "__typename": "TitleGenres"}, "canHaveEpisodes": false, "__typename": "Title"}, "__typename": "MoreLikeThisEdge"}, {"node": {"id": "tt0137523", "titleText": {"text": "Fight Club", "__typename": "TitleText"}, "titleType": {"id": "movie", "text": "Movie", "canHaveEpisodes": false, "displayableProperty": {"value": {"plainText": "", "__typename": "Markdown"}, "__typename": "DisplayableTitleTypeProperty"}, "__typename": "TitleType"}, "originalTitleText": {"text": "Fight Club", "__typename": "TitleText"}, "primaryImage": {"id": "rm1412004864", "width": 1066, "height": 1600, "url": "https://m.media-amazon.com/images/M/MV5BOTgyOGQ1NDItNGU3Ny00MjU3LTg2YWEtNmEyYjBiMjI1Y2M5XkEyXkFqcGc@._V1_.jpg", "caption": {"plainText": "Brad Pitt and Edward Norton in Fight Club (1999)", "__typename": "Markdown"}, "__typename": "Image"}, "releaseYear": {"year": 1999, "endYear": null, "__typename": "YearRange"}, "ratingsSummary": {"aggregateRating": 8.8, "voteCount": 2391448, "__typename": "RatingsSummary"}, "runtime": {"seconds": 8340, "__typename": "Runtime"}, "certificate": {"rating": "A", "__typename": "Certificate"}, "canRate": {"isRatable": true, "__typename": "CanRate"}, "titleGenres": {"genres": [{"genre": {"text": "Drama", "__typename": "GenreItem"}, "__typename": "TitleGenre"}], "__typename": "TitleGenres"}, "canHaveEpisodes": false, "__typename": "Title"}, "__typename": "MoreLikeThisEdge"}, {"node": {"id": "tt2582802", "titleText": {"text": "Whiplash", "__typename": "TitleText"}, "titleType": {"id": "movie", "text": "Movie", "canHaveEpisodes": false, "displayableProperty": {"value": {"plainText": "", "__typename": "Markdown"}, "__typename": "DisplayableTitleTypeProperty"}, "__typename": "TitleType"}, "originalTitleText": {"text": "Whiplash", "__typename": "TitleText"}, "primaryImage": {"id": "rm1053716225", "width": 1934, "height": 2866, "url": "https://m.media-amazon.com/images/M/MV5BMmNkODhkYjctMDMyOC00ZTNjLTkwZTItM2ExMTAxMGU1ZGQ1XkEyXkFqcGc@._V1_.jpg", "caption": {"plainText": "J.K. Simmons and Miles Teller in Whiplash (2014)", "__typename": "Markdown"}, "__typename": "Image"}, "releaseYear": {"year": 2014, "endYear": null, "__typename": "YearRange"}, "ratingsSummary": {"aggregateRating": 8.5, "voteCount": 1027153, "__typename": "RatingsSummary"}, "runtime": {"seconds": 6360, "__typename": "Runtime"}, "certificate": {"rating": "A", "__typename": "Certificate"}, "canRate": {"isRatable": true, "__typename": "CanRate"}, "titleGenres": {"genres": [{"genre": {"text": "Drama", "__typename": "GenreItem"}, "__typename": "TitleGenre"}, {"genre": {"text": "Music", "__typename": "GenreItem"}, "__typename": "TitleGenre"}], "__typename": "TitleGenres"}, "canHaveEpisodes": false, "__typename": "Title"}, "__typename": "MoreLikeThisEdge"}, {"node": {"id": "tt0114369", "titleText": {"text": "Se7en", "__typename": "TitleText"}, "titleType": {"id": "movie", "text": "Movie", "canHaveEpisodes": false, "displayableProperty": {"value": {"plainText": "", "__typename": "Markdown"}, "__typename": "DisplayableTitleTypeProperty"}, "__typename": "TitleType"}, "originalTitleText": {"text": "Se7en", "__typename": "TitleText"}, "primaryImage": {"id": "rm3116368640", "width": 1801, "height": 2815, "url": "https://m.media-amazon.com/images/M/MV5BY2IzNzMxZjctZjUxZi00YzAxLTk3ZjMtODFjODdhMDU5NDM1XkEyXkFqcGc@._V1_.jpg", "caption": {"plainText": "Brad Pitt and Morgan Freeman in Se7en (1995)", "__typename": "Markdown"}, "__typename": "Image"}, "releaseYear": {"year": 1995, "endYear": null, "__typename": "YearRange"}, "ratingsSummary": {"aggregateRating": 8.6, "voteCount": 1848756, "__typename": "RatingsSummary"}, "runtime": {"seconds": 7620, "__typename": "Runtime"}, "certificate": {"rating": "A", "__typename": "Certificate"}, "canRate": {"isRatable": true, "__typename": "CanRate"}, "titleGenres": {"genres": [{"genre": {"text": "Crime", "__typename": "GenreItem"}, "__typename": "TitleGenre"}, {"genre": {"text": "Drama", "__typename": "GenreItem"}, "__typename": "TitleGenre"}, {"genre": {"text": "Mystery", "__typename": "GenreItem"}, "__typename": "TitleGenre"}], "__typename": "TitleGenres"}, "canHaveEpisodes": false, "__typename": "Title"}, "__typename": "MoreLikeThisEdge"}, {"node": {"id": "tt0109830", "titleText": {"text": "Forrest Gump", "__typename": "TitleText"}, "titleType": {"id": "movie", "text": "Movie", "canHaveEpisodes": false, "displayableProperty": {"value": {"plainText": "", "__typename": "Markdown"}, "__typename": "DisplayableTitleTypeProperty"}, "__typename": "TitleType"}, "originalTitleText": {"text": "Forrest Gump", "__typename": "TitleText"}, "primaryImage": {"id": "rm1710069249", "width": 960, "height": 1413, "url": "https://m.media-amazon.com/images/M/MV5BMzUyOTViYjUtZmMwMC00ZTE5LTg2MWQtYWQzYzE5MDc5MGMxXkEyXkFqcGc@._V1_.jpg", "caption": {"plainText": "Tom Hanks and Mykelti Williamson in Forrest Gump (1994)", "__typename": "Markdown"}, "__typename": "Image"}, "releaseYear": {"year": 1994, "endYear": null, "__typename": "YearRange"}, "ratingsSummary": {"aggregateRating": 8.8, "voteCount": 2315808, "__typename": "RatingsSummary"}, "runtime": {"seconds": 8520, "__typename": "Runtime"}, "certificate": {"rating": "UA", "__typename": "Certificate"}, "canRate": {"isRatable": true, "__typename": "CanRate"}, "titleGenres": {"genres": [{"genre": {"text": "Drama", "__typename": "GenreItem"}, "__typename": "TitleGenre"}, {"genre": {"text": "Romance", "__typename": "GenreItem"}, "__typename": "TitleGenre"}], "__typename": "TitleGenres"}, "canHaveEpisodes": false, "__typename": "Title"}, "__typename": "MoreLikeThisEdge"}, {"node": {"id": "tt0253474", "titleText": {"text": "The Pianist", "__typename": "TitleText"}, "titleType": {"id": "movie", "text": "Movie", "canHaveEpisodes": false, "displayableProperty": {"value": {"plainText": "", "__typename": "Markdown"}, "__typename": "DisplayableTitleTypeProperty"}, "__typename": "TitleType"}, "originalTitleText": {"text": "The Pianist", "__typename": "TitleText"}, "primaryImage": {"id": "rm902038272", "width": 787, "height": 1087, "url": "https://m.media-amazon.com/images/M/MV5BMjEwNmEwYjgtNTk3ZC00NjljLTg5ZDctZTY3ZGQwZjRkZmQxXkEyXkFqcGc@._V1_.jpg", "caption": {"plainText": "The Pianist (2002)", "__typename": "Markdown"}, "__typename": "Image"}, "releaseYear": {"year": 2002, "endYear": null, "__typename": "YearRange"}, "ratingsSummary": {"aggregateRating": 8.5, "voteCount": 937373, "__typename": "RatingsSummary"}, "runtime": {"seconds": 9000, "__typename": "Runtime"}, "certificate": {"rating": "13", "__typename": "Certificate"}, "canRate": {"isRatable": true, "__typename": "CanRate"}, "titleGenres": {"genres": [{"genre": {"text": "Biography", "__typename": "GenreItem"}, "__typename": "TitleGenre"}, {"genre": {"text": "Drama", "__typename": "GenreItem"}, "__typename": "TitleGenre"}, {"genre": {"text": "Music", "__typename": "GenreItem"}, "__typename": "TitleGenre"}], "__typename": "TitleGenres"}, "canHaveEpisodes": false, "__typename": "Title"}, "__typename": "MoreLikeThisEdge"}, {"node": {"id": "tt0482571", "titleText": {"text": "The Prestige", "__typename": "TitleText"}, "titleType": {"id": "movie", "text": "Movie", "canHaveEpisodes": false, "displayableProperty": {"value": {"plainText": "", "__typename": "Markdown"}, "__typename": "DisplayableTitleTypeProperty"}, "__typename": "TitleType"}, "originalTitleText": {"text": "The Prestige", "__typename": "TitleText"}, "primaryImage": {"id": "rm1854900993", "width": 452, "height": 678, "url": "https://m.media-amazon.com/images/M/MV5BYTFkNTMzYjUtYmViNS00MGNiLTg2YTQtMDUwMmFiYzRiODEyXkEyXkFqcGc@._V1_.jpg", "caption": {"plainText": "Christian Bale, Hugh Jackman, and Scarlett Johansson in The Prestige (2006)", "__typename": "Markdown"}, "__typename": "Image"}, "releaseYear": {"year": 2006, "endYear": null, "__typename": "YearRange"}, "ratingsSummary": {"aggregateRating": 8.5, "voteCount": 1474600, "__typename": "RatingsSummary"}, "runtime": {"seconds": 7800, "__typename": "Runtime"}, "certificate": {"rating": "U", "__typename": "Certificate"}, "canRate": {"isRatable": true, "__typename": "CanRate"}, "titleGenres": {"genres": [{"genre": {"text": "Drama", "__typename": "GenreItem"}, "__typename": "TitleGenre"}, {"genre": {"text": "Mystery", "__typename": "GenreItem"}, "__typename": "TitleGenre"}, {"genre": {"text": "Sci-Fi", "__typename": "GenreItem"}, "__typename": "TitleGenre"}], "__typename": "TitleGenres"}, "canHaveEpisodes": false, "__typename": "Title"}, "__typename": "MoreLikeThisEdge"}, {"node": {"id": "tt1130884", "titleText": {"text": "Shutter Island", "__typename": "TitleText"}, "titleType": {"id": "movie", "text": "Movie", "canHaveEpisodes": false, "displayableProperty": {"value": {"plainText": "", "__typename": "Markdown"}, "__typename": "DisplayableTitleTypeProperty"}, "__typename": "TitleType"}, "originalTitleText": {"text": "Shutter Island", "__typename": "TitleText"}, "primaryImage": {"id": "rm1814907136", "width": 2026, "height": 3000, "url": "https://m.media-amazon.com/images/M/MV5BN2FjNWExYzEtY2YzOC00YjNlLTllMTQtNmIwM2Q1YzBhOWM1XkEyXkFqcGc@._V1_.jpg", "caption": {"plainText": "Leonardo DiCaprio in Shutter Island (2010)", "__typename": "Markdown"}, "__typename": "Image"}, "releaseYear": {"year": 2010, "endYear": null, "__typename": "YearRange"}, "ratingsSummary": {"aggregateRating": 8.2, "voteCount": 1501585, "__typename": "RatingsSummary"}, "runtime": {"seconds": 8280, "__typename": "Runtime"}, "certificate": {"rating": "A", "__typename": "Certificate"}, "canRate": {"isRatable": true, "__typename": "CanRate"}, "titleGenres": {"genres": [{"genre": {"text": "Drama", "__typename": "GenreItem"}, "__typename": "TitleGenre"}, {"genre": {"text": "Mystery", "__typename": "GenreItem"}, "__typename": "TitleGenre"}, {"genre": {"text": "Thriller", "__typename": "GenreItem"}, "__typename": "TitleGenre"}], "__typename": "TitleGenres"}, "canHaveEpisodes": false, "__typename": "Title"}, "__typename": "MoreLikeThisEdge"}, {"node": {"id": "tt0110912", "titleText": {"text": "Pulp Fiction", "__typename": "TitleText"}, "titleType": {"id": "movie", "text": "Movie", "canHaveEpisodes": false, "displayableProperty": {"value": {"plainText": "", "__typename": "Markdown"}, "__typename": "DisplayableTitleTypeProperty"}, "__typename": "TitleType"}, "originalTitleText": {"text": "Pulp Fiction", "__typename": "TitleText"}, "primaryImage": {"id": "rm1959546112", "width": 1055, "height": 1536, "url": "https://m.media-amazon.com/images/M/MV5BYTViYTE3ZGQtNDBlMC00ZTAyLTkyODMtZGRiZDg0MjA2YThkXkEyXkFqcGc@._V1_.jpg", "caption": {"plainText": "Uma Thurman in Pulp Fiction (1994)", "__typename": "Markdown"}, "__typename": "Image"}, "releaseYear": {"year": 1994, "endYear": null, "__typename": "YearRange"}, "ratingsSummary": {"aggregateRating": 8.9, "voteCount": 2272592, "__typename": "RatingsSummary"}, "runtime": {"seconds": 9240, "__typename": "Runtime"}, "certificate": {"rating": "A", "__typename": "Certificate"}, "canRate": {"isRatable": true, "__typename": "CanRate"}, "titleGenres": {"genres": [{"genre": {"text": "Crime", "__typename": "GenreItem"}, "__typename": "TitleGenre"}, {"genre": {"text": "Drama", "__typename": "GenreItem"}, "__typename": "TitleGenre"}], "__typename": "TitleGenres"}, "canHaveEpisodes": false, "__typename": "Title"}, "__typename": "MoreLikeThisEdge"}, {"node": {"id": "tt0102926", "titleText": {"text": "The Silence of the Lambs", "__typename": "TitleText"}, "titleType": {"id": "movie", "text": "Movie", "canHaveEpisodes": false, "displayableProperty": {"value": {"plainText": "", "__typename": "Markdown"}, "__typename": "DisplayableTitleTypeProperty"}, "__typename": "TitleType"}, "originalTitleText": {"text": "The Silence of the Lambs", "__typename": "TitleText"}, "primaryImage": {"id": "rm3242988544", "width": 2011, "height": 2968, "url": "https://m.media-amazon.com/images/M/MV5BNDdhOGJhYzctYzYwZC00YmI2LWI0MjctYjg4ODdlMDExYjBlXkEyXkFqcGc@._V1_.jpg", "caption": {"plainText": "Jodie Foster in The Silence of the Lambs (1991)", "__typename": "Markdown"}, "__typename": "Image"}, "releaseYear": {"year": 1991, "endYear": null, "__typename": "YearRange"}, "ratingsSummary": {"aggregateRating": 8.6, "voteCount": 1588654, "__typename": "RatingsSummary"}, "runtime": {"seconds": 7080, "__typename": "Runtime"}, "certificate": {"rating": "A", "__typename": "Certificate"}, "canRate": {"isRatable": true, "__typename": "CanRate"}, "titleGenres": {"genres": [{"genre": {"text": "Crime", "__typename": "GenreItem"}, "__typename": "TitleGenre"}, {"genre": {"text": "Drama", "__typename": "GenreItem"}, "__typename": "TitleGenre"}, {"genre": {"text": "Thriller", "__typename": "GenreItem"}, "__typename": "TitleGenre"}], "__typename": "TitleGenres"}, "canHaveEpisodes": false, "__typename": "Title"}, "__typename": "MoreLikeThisEdge"}, {"node": {"id": "tt0120689", "titleText": {"text": "The Green Mile", "__typename": "TitleText"}, "titleType": {"id": "movie", "text": "Movie", "canHaveEpisodes": false, "displayableProperty": {"value": {"plainText": "", "__typename": "Markdown"}, "__typename": "DisplayableTitleTypeProperty"}, "__typename": "TitleType"}, "originalTitleText": {"text": "The Green Mile", "__typename": "TitleText"}, "primaryImage": {"id": "rm946247936", "width": 500, "height": 740, "url": "https://m.media-amazon.com/images/M/MV5BMTUxMzQyNjA5MF5BMl5BanBnXkFtZTYwOTU2NTY3._V1_.jpg", "caption": {"plainText": "Movie Poster", "__typename": "Markdown"}, "__typename": "Image"}, "releaseYear": {"year": 1999, "endYear": null, "__typename": "YearRange"}, "ratingsSummary": {"aggregateRating": 8.6, "voteCount": 1443093, "__typename": "RatingsSummary"}, "runtime": {"seconds": 11340, "__typename": "Runtime"}, "certificate": {"rating": "UA", "__typename": "Certificate"}, "canRate": {"isRatable": true, "__typename": "CanRate"}, "titleGenres": {"genres": [{"genre": {"text": "Crime", "__typename": "GenreItem"}, "__typename": "TitleGenre"}, {"genre": {"text": "Drama", "__typename": "GenreItem"}, "__typename": "TitleGenre"}, {"genre": {"text": "Fantasy", "__typename": "GenreItem"}, "__typename": "TitleGenre"}], "__typename": "TitleGenres"}, "canHaveEpisodes": false, "__typename": "Title"}, "__typename": "MoreLikeThisEdge"}, {"node": {"id": "tt0993846", "titleText": {"text": "The Wolf of Wall Street", "__typename": "TitleText"}, "titleType": {"id": "movie", "text": "Movie", "canHaveEpisodes": false, "displayableProperty": {"value": {"plainText": "", "__typename": "Markdown"}, "__typename": "DisplayableTitleTypeProperty"}, "__typename": "TitleType"}, "originalTitleText": {"text": "The Wolf of Wall Street", "__typename": "TitleText"}, "primaryImage": {"id": "rm2842940160", "width": 1382, "height": 2048, "url": "https://m.media-amazon.com/images/M/MV5BMjIxMjgxNTk0MF5BMl5BanBnXkFtZTgwNjIyOTg2MDE@._V1_.jpg", "caption": {"plainText": "Leonardo DiCaprio and Jonah Hill in The Wolf of Wall Street (2013)", "__typename": "Markdown"}, "__typename": "Image"}, "releaseYear": {"year": 2013, "endYear": null, "__typename": "YearRange"}, "ratingsSummary": {"aggregateRating": 8.2, "voteCount": 1631236, "__typename": "RatingsSummary"}, "runtime": {"seconds": 10800, "__typename": "Runtime"}, "certificate": {"rating": "A", "__typename": "Certificate"}, "canRate": {"isRatable": true, "__typename": "CanRate"}, "titleGenres": {"genres": [{"genre": {"text": "Biography", "__typename": "GenreItem"}, "__typename": "TitleGenre"}, {"genre": {"text": "Comedy", "__typename": "GenreItem"}, "__typename": "TitleGenre"}, {"genre": {"text": "Crime", "__typename": "GenreItem"}, "__typename": "TitleGenre"}], "__typename": "TitleGenres"}, "canHaveEpisodes": false, "__typename": "Title"}, "__typename": "MoreLikeThisEdge"}], "__typename": "MoreLikeThisConnection"}, "triviaTotal": {"total": 110, "__typename": "TriviaConnection"}, "trivia": {"edges": [{"node": {"text": {"plaidHtml": "Ki-woo&#39;s job, at-home tutor, was chosen because director <a class=\"ipc-md-link ipc-md-link--entity\" href=\"/name/nm0094435/?ref_=tt_dyk_trv\">Bong Joon Ho</a> realized that sadly the job is the only way that families from two extreme ends of the class spectrum in modern-day South Korea can cross their paths convincingly in the story arc.", "__typename": "Markdown"}, "trademark": null, "relatedNames": null, "__typename": "TitleTrivia"}, "__typename": "TriviaEdge"}], "__typename": "TriviaConnection"}, "goofsTotal": {"total": 7, "__typename": "GoofConnection"}, "goofs": {"edges": [{"node": {"text": {"plaidHtml": "(at around 1h 30 mins) When the Kims are sneaking out of the house while the Parks are sleeping on the couch, the Kim&#39;s are barefoot. When seen running home they somehow now have their shoes. If they had left their shoes at the entrance the Parks would likely have noticed them. It would be more likely they would have left them in the garage.", "__typename": "Markdown"}, "__typename": "Goof"}, "__typename": "GoofEdge"}], "__typename": "GoofConnection"}, "quotesTotal": {"total": 64, "__typename": "TitleQuoteConnection"}, "quotes": {"edges": [{"node": {"lines": [{"characters": [{"character": "Ki-taek", "name": {"id": "nm0814280", "__typename": "Name"}, "__typename": "TitleQuoteCharacter"}], "text": "You know what kind of plan never fails? No plan. No plan at all. You know why? Because life cannot be planned. Look around you. Did you think these people made a plan to sleep in the sports hall with you? But here we are now, sleeping together on the floor. So, there's no need for a plan. You can't go wrong with no plans. We don't need to make a plan for anything. It doesn't matter what will happen next. Even if the country gets destroyed or sold out, nobody cares. Got it?", "stageDirection": "to his son", "__typename": "TitleQuoteLine"}], "__typename": "TitleQuote"}, "__typename": "TitleQuoteEdge"}], "__typename": "TitleQuoteConnection"}, "crazyCredits": {"edges": [], "__typename": "CrazyCreditConnection"}, "alternateVersions": {"total": 1, "edges": [{"node": {"text": {"plaidHtml": "Also available in a black-and-white version. Instead of opting for a simple digital bleaching, <a class=\"ipc-md-link ipc-md-link--entity\" href=\"/name/nm0094435/?tt_dyk_alt\">Bong Joon Ho</a> worked with a colorist and cinematographer to make sure each scene retained its texture.", "__typename": "Markdown"}, "__typename": "AlternateVersion"}, "__typename": "AlternateVersionEdge"}], "__typename": "AlternateVersionConnection"}, "connections": {"edges": [{"node": {"associatedTitle": {"id": "tt15654590", "releaseYear": {"year": 2019, "__typename": "YearRange"}, "titleText": {"text": "'Faster than your First Time' Reviews (Joker, Jojo Rabbit, Lucy in the Sky and everything else)", "__typename": "TitleText"}, "originalTitleText": {"text": "'Faster than your First Time' Reviews (Joker, Jojo Rabbit, Lucy in the Sky and everything else)", "__typename": "TitleText"}, "series": {"series": {"titleText": {"text": "Amanda the Jedi Show", "__typename": "TitleText"}, "originalTitleText": {"text": "Amanda the Jedi Show", "__typename": "TitleText"}, "__typename": "Title"}, "__typename": "Series"}, "__typename": "Title"}, "category": {"text": "Featured in", "__typename": "TitleConnectionCategory"}, "__typename": "TitleConnection"}, "__typename": "TitleConnectionEdge"}], "__typename": "TitleConnectionConnection"}, "soundtrack": {"edges": [{"node": {"text": "Rodelinda: Act 2 - Spietati, io vi giurai", "comments": [{"plaidHtml": "Written by <a class=\"ipc-md-link ipc-md-link--entity\" href=\"/name/nm0005594/?ref_=tt_dyk_snd\">George Frideric Handel</a>", "__typename": "Markdown"}, {"plaidHtml": "Universal Music", "__typename": "Markdown"}], "__typename": "Track"}, "__typename": "SoundtrackEdge"}], "__typename": "SoundtrackConnection"}, "titleText": {"text": "Parasite", "__typename": "TitleText"}, "originalTitleText": {"text": "Gisaengchung", "__typename": "TitleText"}, "releaseYear": {"year": 2019, "__typename": "YearRange"}, "reviews": {"total": 3665, "__typename": "ReviewsConnection"}, "featuredReviews": {"edges": [{"node": {"id": "rw4972695", "author": {"nickName": "DJKwa", "userId": "ur19890581", "__typename": "UserProfile"}, "summary": {"originalText": "Achieves what Jordan Peele set out to do with Us", "__typename": "ReviewSummary"}, "text": {"originalText": {"plaidHtml": "As a film about a family imposing on another, and keeping dark secrets hidden beneath the surface, Parasite achieves what Jordan Peele set out to do with Us: tell a multi-layered story in a widely entertaining manner, but without sacrificing the believability of its central narrative.<br/><br/>That&#39;s not to say that Us is an ineffective film by any means, but when it comes to crafting weighty social commentaries under the guise of lighter fare, writer-director Bong Joon-ho is in a class of his own.<br/><br/>The film follows a lower-class South Korean family as they slowly integrate themselves in the lives of an upper-class family and their lavish household. As their entanglement is spun out of a web of deceit, the lowly family find themselves skating on thin ice when it comes to keeping up appearances.<br/><br/>It&#39;s a twisty satire on social-economic disparities in South Korean society that swings broadly in tone, and sometimes threatens to tip over the edge, but never feels less than meticulously calculated in its tonal shifts.<br/><br/>However, to reveal anything more about the story would be to take away from the overall experience, as each act is marked by a major plot twist or revelation that keeps the film one step ahead of the viewer at all times. Go in blind if you can and expect an unforgettable ride.", "__typename": "Markdown"}, "__typename": "ReviewText"}, "authorRating": 9, "submissionDate": "2019-07-02", "helpfulness": {"upVotes": 380, "downVotes": 211, "__typename": "ReviewHelpfulness"}, "__typename": "Review"}, "__typename": "ReviewEdge"}], "__typename": "ReviewsConnection"}, "canRate": {"isRatable": true, "__typename": "CanRate"}, "iframeAddReviewLink": {"url": "https://contribute.imdb.com/review/tt6751668/add?bus=imdb&return_url=https%3A%2F%2Fwww.imdb.com%2Fclose_me&site=web", "__typename": "ContributionLink"}, "topQuestions": {"total": 19, "edges": [{"node": {"attributeId": "run-time", "question": {"plainText": "How long is Parasite?", "__typename": "Markdown"}, "__typename": "AlexaQuestion"}, "__typename": "AlexaQuestionEdge"}], "__typename": "AlexaQuestionConnection"}, "faqs": {"total": 4, "edges": [{"node": {"id": "fq0105027", "question": {"plainText": "Why weren't there any cameras inside Mr. Park's house?", "__typename": "Markdown"}, "__typename": "Faq"}, "__typename": "FaqEdge"}, {"node": {"id": "fq0106769", "question": {"plainText": "Why did the Kim family use English names for themselves when working for the Parks?", "__typename": "Markdown"}, "__typename": "Faq"}, "__typename": "FaqEdge"}, {"node": {"id": "fq0108870", "question": {"plainText": "How is Parasite a comedy? Apart from a couple of lines by the Mrs. Kim, I didn't find anything comedic.", "__typename": "Markdown"}, "__typename": "Faq"}, "__typename": "FaqEdge"}], "__typename": "FaqConnection"}, "releaseDate": {"day": 31, "month": 1, "year": 2020, "country": {"id": "IN", "text": "India", "__typename": "LocalizedDisplayableCountry"}, "__typename": "ReleaseDate"}, "countriesOfOrigin": {"countries": [{"id": "KR", "text": "South Korea", "__typename": "CountryOfOrigin"}], "__typename": "CountriesOfOrigin"}, "detailsExternalLinks": {"edges": [{"node": {"url": "https://www.barunsonena.com/en/contents/10", "label": "Barunson E&A", "externalLinkRegion": {"text": "South Korea", "__typename": "DisplayableCountry"}, "__typename": "ExternalLink"}, "__typename": "ExternalLinkEdge"}, {"node": {"url": "https://www.cjenm.com/en/featured-contents/parasite/", "label": "CJ Entertainment", "externalLinkRegion": {"text": "South Korea", "__typename": "DisplayableCountry"}, "__typename": "ExternalLink"}, "__typename": "ExternalLinkEdge"}], "total": 12, "__typename": "ExternalLinkConnection"}, "spokenLanguages": {"spokenLanguages": [{"id": "ko", "text": "Korean", "__typename": "SpokenLanguage"}, {"id": "en", "text": "English", "__typename": "SpokenLanguage"}], "__typename": "SpokenLanguages"}, "akas": {"edges": [{"node": {"text": "\u092a\u0948\u0930\u093e\u0938\u093e\u0907\u091f", "__typename": "Aka"}, "__typename": "AkaEdge"}], "__typename": "AkaConnection"}, "filmingLocations": {"edges": [{"node": {"text": "Jahamun-ro, Buam-dong, Jongno-gu, Seoul, South Korea", "location": "Jahamun-ro, Buam-dong, Jongno-gu, Seoul, South Korea", "attributes": [{"text": "Ki Taek and family enter Jahamun tunnel, walking back home in the rain", "__typename": "DisplayableAttribute"}], "__typename": "FilmingLocation"}, "__typename": "FilmingLocationEdge"}], "total": 5, "__typename": "FilmingLocationConnection"}, "production": {"edges": [{"node": {"company": {"id": "co0043365", "companyText": {"text": "CJ Entertainment", "__typename": "CompanyText"}, "__typename": "Company"}, "__typename": "CompanyCredit"}, "__typename": "CompanyCreditEdge"}, {"node": {"company": {"id": "co0197091", "companyText": {"text": "Barunson E&A", "__typename": "CompanyText"}, "__typename": "Company"}, "__typename": "CompanyCredit"}, "__typename": "CompanyCreditEdge"}], "__typename": "CompanyCreditConnection"}, "companies": {"total": 87, "__typename": "CompanyCreditConnection"}, "productionBudget": {"budget": {"amount": 11400000, "currency": "USD", "__typename": "Money"}, "__typename": "ProductionBudget"}, "lifetimeGross": {"total": {"amount": 53369749, "currency": "USD", "__typename": "Money"}, "__typename": "BoxOfficeGross"}, "openingWeekendGross": {"gross": {"total": {"amount": 393216, "currency": "USD", "__typename": "Money"}, "__typename": "BoxOfficeGross"}, "weekendEndDate": "2019-10-13", "__typename": "OpeningWeekendGross"}, "worldwideGross": {"total": {"amount": 262129969, "currency": "USD", "__typename": "Money"}, "__typename": "BoxOfficeGross"}, "technicalSpecifications": {"soundMixes": {"items": [{"id": "dolby_atmos", "text": "Dolby Atmos", "attributes": [], "__typename": "SoundMix"}], "__typename": "SoundMixes"}, "aspectRatios": {"items": [{"aspectRatio": "2.39 : 1", "attributes": [], "__typename": "AspectRatio"}], "__typename": "AspectRatios"}, "colorations": {"items": [{"conceptId": "color", "text": "Color", "attributes": [], "__typename": "Coloration"}], "__typename": "Colorations"}, "__typename": "TechnicalSpecifications"}, "runtime": {"seconds": 7920, "__typename": "Runtime"}, "series": null, "canHaveEpisodes": false, "contributionQuestions": {"contributionLink": {"url": "https://contribute.imdb.com/answers", "__typename": "ContributionQuestionsLink"}, "edges": [{"node": {"entity": {"primaryImage": {"url": "https://m.media-amazon.com/images/M/MV5BYjk1Y2U4MjQtY2ZiNS00OWQyLWI3MmYtZWUwNmRjYWRiNWNhXkEyXkFqcGc@._V1_.jpg", "width": 2400, "height": 3556, "caption": {"plainText": "Song Kang-ho, Jung Ik-han, Jung Hyun-jun, Lee Joo-hyung, Lee Ji-hye, Lee Sun-kyun, Cho Yeo-jeong, Park Myeong-hoon, Park Keun-rok, Jang Hye-jin, Lee Jeong-eun, Choi Woo-sik, Park Seo-joon, Park So-dam, and Jung Ji-so in Parasite (2019)", "__typename": "Markdown"}, "__typename": "Image"}, "__typename": "Title"}, "questionId": "tt6751668.release_date:streaming.AU", "questionText": {"plainText": "What is the streaming release date of Parasite (2019) in Australia?", "__typename": "Markdown"}, "contributionLink": {"url": "https://contribute.imdb.com/answers?pinnedQuestion=tt6751668.release_date:streaming.AU", "__typename": "ContributionQuestionsLink"}, "__typename": "Question"}, "__typename": "QuestionEdge"}], "__typename": "QuestionConnection"}, "__typename": "Title"}}