{"ok": true, "error_code": 200, "description": "", "short": {"@context": "https://schema.org", "@type": "Movie", "url": "https://www.imdb.com/title/tt6806448/", "name": "Fast &amp; Furious Presents: Hobbs &amp; Shaw", "image": "https://m.media-amazon.com/images/M/MV5BNmU4OTA5NGYtMTFjMS00MzgxLWFjNTMtYjdlMThlYzc4M2M4XkEyXkFqcGc@._V1_.jpg", "description": "Lawman Luke Hobbs and outcast Deckard Shaw form an unlikely alliance when a cyber-genetically enhanced villain threatens the future of humanity.", "review": {"@type": "Review", "itemReviewed": {"@type": "Movie", "url": "https://www.imdb.com/title/tt6806448/"}, "author": {"@type": "Person", "name": "jonathanbekunda"}, "dateCreated": "2019-10-07", "inLanguage": "English", "name": "Perfect for fast and furious fans", "reviewBody": "Those who liked to see Hobbs do his thing as well as Shaw...this movie will definitely make them happy.", "reviewRating": {"@type": "Rating", "worstRating": 1, "bestRating": 10, "ratingValue": 6}}, "aggregateRating": {"@type": "AggregateRating", "ratingCount": 242275, "bestRating": 10, "worstRating": 1, "ratingValue": 6.5}, "contentRating": "A", "genre": ["Action", "Adventure", "Thriller"], "datePublished": "2019-08-02", "keywords": "samoa,flamethrower,fast and furious franchise,spin off,shared universe", "trailer": {"@type": "VideoObject", "name": "Trailer", "embedUrl": "https://www.imdb.com/video/imdb/vi3698310169", "thumbnail": {"@type": "ImageObject", "contentUrl": "https://m.media-amazon.com/images/M/MV5BZWM1YjU1ODUtYTQyMi00ZTJhLWJhNmYtYTVhZGU3NDgxZTNmXkEyXkFqcGdeQXRyYW5zY29kZS13b3JrZmxvdw@@._V1_.jpg"}, "thumbnailUrl": "https://m.media-amazon.com/images/M/MV5BZWM1YjU1ODUtYTQyMi00ZTJhLWJhNmYtYTVhZGU3NDgxZTNmXkEyXkFqcGdeQXRyYW5zY29kZS13b3JrZmxvdw@@._V1_.jpg", "url": "https://www.imdb.com/video/vi3698310169/", "description": "Dwayne Johnson and Jason Statham star in &apos;Fast &amp; Furious Presents: Hobbs &amp; Shaw.&apos; ", "duration": "PT31S", "uploadDate": "2019-07-30T16:39:12.922Z"}, "actor": [{"@type": "Person", "url": "https://www.imdb.com/name/nm0425005/", "name": "Dwayne Johnson"}, {"@type": "Person", "url": "https://www.imdb.com/name/nm0005458/", "name": "Jason Statham"}, {"@type": "Person", "url": "https://www.imdb.com/name/nm0252961/", "name": "Idris Elba"}], "director": [{"@type": "Person", "url": "https://www.imdb.com/name/nm0500610/", "name": "David Leitch"}], "creator": [{"@type": "Organization", "url": "https://www.imdb.com/company/co0353093/"}, {"@type": "Organization", "url": "https://www.imdb.com/company/co0169264/"}, {"@type": "Organization", "url": "https://www.imdb.com/company/co0536392/"}, {"@type": "Person", "url": "https://www.imdb.com/name/nm0604555/", "name": "Chris Morgan"}, {"@type": "Person", "url": "https://www.imdb.com/name/nm1510800/", "name": "Drew Pearce"}, {"@type": "Person", "url": "https://www.imdb.com/name/nm0860155/", "name": "Gary Scott Thompson"}], "duration": "PT2H17M"}, "imdbId": "tt6806448", "top": {"id": "tt6806448", "productionStatus": {"currentProductionStage": {"id": "released", "text": "Released", "__typename": "ProductionStage"}, "productionStatusHistory": [{"status": {"id": "script", "text": "Script", "__typename": "ProductionStatus"}, "__typename": "ProductionStatusHistory"}, {"status": {"id": "pre_production", "text": "Pre-production", "__typename": "ProductionStatus"}, "__typename": "ProductionStatusHistory"}, {"status": {"id": "filming", "text": "Filming", "__typename": "ProductionStatus"}, "__typename": "ProductionStatusHistory"}, {"status": {"id": "post_production", "text": "Post-production", "__typename": "ProductionStatus"}, "__typename": "ProductionStatusHistory"}, {"status": {"id": "completed", "text": "Completed", "__typename": "ProductionStatus"}, "__typename": "ProductionStatusHistory"}, {"status": {"id": "released", "text": "Released", "__typename": "ProductionStatus"}, "__typename": "ProductionStatusHistory"}], "restriction": null, "__typename": "ProductionStatusDetails"}, "canHaveEpisodes": false, "series": null, "titleText": {"text": "Fast & Furious Presents: Hobbs & Shaw", "__typename": "TitleText"}, "titleType": {"displayableProperty": {"value": {"plainText": "", "__typename": "Markdown"}, "__typename": "DisplayableTitleTypeProperty"}, "text": "Movie", "id": "movie", "isSeries": false, "isEpisode": false, "categories": [{"value": "movie", "__typename": "TitleTypeCategory"}], "canHaveEpisodes": false, "__typename": "TitleType"}, "originalTitleText": {"text": "Fast & Furious Presents: Hobbs & Shaw", "__typename": "TitleText"}, "certificate": {"rating": "A", "__typename": "Certificate"}, "releaseYear": {"year": 2019, "endYear": null, "__typename": "YearRange"}, "releaseDate": {"day": 2, "month": 8, "year": 2019, "__typename": "ReleaseDate"}, "runtime": {"seconds": 8220, "displayableProperty": {"value": {"plainText": "2h 17m", "__typename": "Markdown"}, "__typename": "DisplayableTitleRuntimeProperty"}, "__typename": "Runtime"}, "canRate": {"isRatable": true, "__typename": "CanRate"}, "ratingsSummary": {"aggregateRating": 6.5, "voteCount": 242275, "__typename": "RatingsSummary"}, "meterRanking": {"currentRank": 2386, "rankChange": {"changeDirection": "DOWN", "difference": 207, "__typename": "MeterRankChange"}, "__typename": "TitleMeterRanking"}, "primaryImage": {"id": "rm2147389953", "width": 4088, "height": 5963, "url": "https://m.media-amazon.com/images/M/MV5BNmU4OTA5NGYtMTFjMS00MzgxLWFjNTMtYjdlMThlYzc4M2M4XkEyXkFqcGc@._V1_.jpg", "caption": {"plainText": "Ryan Reynolds, Jason Statham, Idris Elba, Dwayne Johnson, Eiza Gonz\u00e1lez, and Vanessa Kirby in Fast & Furious Presents: Hobbs & Shaw (2019)", "__typename": "Markdown"}, "__typename": "Image"}, "images": {"total": 206, "edges": [{"node": {"id": "rm1855755009", "__typename": "Image"}, "__typename": "ImageEdge"}], "__typename": "ImageConnection"}, "videos": {"total": 54, "__typename": "TitleRelatedVideosConnection"}, "primaryVideos": {"edges": [{"node": {"id": "vi3698310169", "createdDate": "2019-07-30T16:39:12.922Z", "isMature": false, "runtime": {"value": 31, "__typename": "VideoRuntime"}, "name": {"value": "Trailer", "language": "en", "__typename": "LocalizedString"}, "description": {"value": "Dwayne Johnson and Jason Statham star in 'Fast & Furious Presents: Hobbs & Shaw.' ", "language": "en", "__typename": "LocalizedString"}, "timedTextTracks": [], "recommendedTimedTextTrack": null, "thumbnail": {"url": "https://m.media-amazon.com/images/M/MV5BZWM1YjU1ODUtYTQyMi00ZTJhLWJhNmYtYTVhZGU3NDgxZTNmXkEyXkFqcGdeQXRyYW5zY29kZS13b3JrZmxvdw@@._V1_.jpg", "height": 1080, "width": 1920, "__typename": "Thumbnail"}, "primaryTitle": {"id": "tt6806448", "titleText": {"text": "Fast & Furious Presents: Hobbs & Shaw", "__typename": "TitleText"}, "originalTitleText": {"text": "Fast & Furious Presents: Hobbs & Shaw", "__typename": "TitleText"}, "releaseYear": {"year": 2019, "__typename": "YearRange"}, "__typename": "Title"}, "playbackURLs": [{"displayName": {"value": "480p", "language": "en-US", "__typename": "LocalizedString"}, "videoMimeType": "MP4", "videoDefinition": "DEF_480p", "url": "https://imdb-video.media-imdb.com/vi3698310169/1434659607842-pgv4ql-1564504753739.mp4?Expires=1730927623&Signature=AyRRu5kctTHNMM8dawgirLIYRD0TewfWaZcD4~ksssjXgJnBvc8vJr7rYuXeqPgEkb4hzyAhmk8UdjoST50SxFZk~gYc87bHMwJvjZbegxUC~b27eIb1XnkFp7OCl377-GwZ3C1FCPFZjv9AoRqMOFaiG-7v-gUu4Tyeq1k~UnkdF3~0kVmzz7sZZVd5ir9SYY5ZwSMvetO~gfR3NPnXo8ZvBFM8rmoaQ-WzRM-TiHEOOddrJPuHxrwB~GRVAEOh0jvR5i9A0LNp5xfObMI-ecfkGoMHN2au7ZS-XH5egcJv3Cgy-uPPzO5JsVrkHwoDbYMC7q8Z7-A3AqqRWnepjQ__&Key-Pair-Id=APKAIFLZBVQZ24NQH3KA", "__typename": "PlaybackURL"}, {"displayName": {"value": "SD", "language": "en-US", "__typename": "LocalizedString"}, "videoMimeType": "MP4", "videoDefinition": "DEF_SD", "url": "https://imdb-video.media-imdb.com/vi3698310169/1434659454657-dx9ykf-1564504753739.mp4?Expires=1730927623&Signature=mVsIcTbN7tSkK2~YS89Kw8fTOk4NbAOPWBlRWFcHezPZnYaP3ygFCbVzqC5F1oYRnJeXZJ-Yr4hg~UDih331SRBdWXAsE68ea-x-YOVOt58OUbOp8od1QDPLwV5HG73Ss10s3gshtJvDQ4STup3VO55xcwTsveNj2Dgjovo3rBE3jpSSEHzcdgY3TGEhfBJ~8ebyUW7AX8MuHKJoD~wt45TRuWflCL5NoGULH0OiQ9MeIS0Aicn6aR-B1CfauGNr7ryvR704qQvs7yIYNCRNyGRSS9vgw7iIkzrkj3WfbpGegKvM-OXfc02KArb~0RIZvGCZqD76~xMTuX7SsWLZhQ__&Key-Pair-Id=APKAIFLZBVQZ24NQH3KA", "__typename": "PlaybackURL"}], "contentType": {"id": "amzn1.imdb.video.contenttype.trailer", "displayName": {"value": "Trailer", "__typename": "LocalizedString"}, "__typename": "VideoContentType"}, "previewURLs": [{"displayName": {"value": "AUTO", "language": "en-US", "__typename": "LocalizedString"}, "videoMimeType": "M3U8", "videoDefinition": "DEF_AUTO", "url": "https://imdb-video.media-imdb.com/vi3698310169/hls-preview-fdbef362-93ac-4607-85c8-e9d7d3010866.m3u8?Expires=1730927623&Signature=LnOPdJflSuZN8Q04QXE8VNVzbpHkKYHAVKbcyPnmrO~lBAMU8B4pFytcI8~KNtqx3G6mDsYaRJX1q2KJqP~7hP-C2LxKsxpRLdhJZEaQqEDq4yAnd73Qf5JMXrSFAaq6zKHnXx5Uc1muZi3bG1lbJWtSXnEzGWw4MxhHCu7r~OlgfGZcM24Ko6UWXNM7B4YFVmmRWZKgCaCPQW6wgW0qsdMZbA7R9HEe0J195F1vO94ShKMyGnSbXJwNz6y3~L6f8HuQ~WqrBp8dtB6r22ucxb3RYt9V7cybCm-StpOMDK6nIffz97QyH-Wrm9i-U7z~~9DeS2CXPD0pkKw1clNv0A__&Key-Pair-Id=APKAIFLZBVQZ24NQH3KA", "__typename": "PlaybackURL"}], "__typename": "Video"}, "__typename": "VideoEdge"}, {"node": {"id": "vi3211246617", "createdDate": "2019-07-24T22:00:57.229Z", "isMature": false, "runtime": {"value": 31, "__typename": "VideoRuntime"}, "name": {"value": "In Theatres Friday!", "language": "en", "__typename": "LocalizedString"}, "description": {"value": "", "language": "en", "__typename": "LocalizedString"}, "timedTextTracks": [], "recommendedTimedTextTrack": null, "thumbnail": {"url": "https://m.media-amazon.com/images/M/MV5BZGFjMGE4OWItZTI2Yi00MTNhLWE2NzItOTQxZmRjNGIwZTYzXkEyXkFqcGdeQXZ3ZXNsZXk@._V1_.jpg", "height": 1080, "width": 1920, "__typename": "Thumbnail"}, "primaryTitle": {"id": "tt6806448", "titleText": {"text": "Fast & Furious Presents: Hobbs & Shaw", "__typename": "TitleText"}, "originalTitleText": {"text": "Fast & Furious Presents: Hobbs & Shaw", "__typename": "TitleText"}, "releaseYear": {"year": 2019, "__typename": "YearRange"}, "__typename": "Title"}, "playbackURLs": [{"displayName": {"value": "480p", "language": "en-US", "__typename": "LocalizedString"}, "videoMimeType": "MP4", "videoDefinition": "DEF_480p", "url": "https://imdb-video.media-imdb.com/vi3211246617/1434659607842-pgv4ql-1564005657928.mp4?Expires=1730927623&Signature=pUBIJzYTwbiGVl0y9rk8DqFLS-kBQtZNLVcOODJI8J0lb5XmVrubMjs0mDy9AsuMhWX8ZjIP0vKoZnmsvn6gcMKTMJQS0LfFb3sE8zcQ5EtUt2sIvcMQsA0ziPHF-VhwruSM-hZ~oKazc2KWrt~xh8QS5xfVIIEMzvQKVg62Chd2PMCGL0OBKnwDB25j4NBpRQj2D6nXgRn0jrulqMccmTsp5iMqxVEYTwZSNVnrH1723XCA-b6xnKQqWkVpZYf9xFA~a-bM5tWcyLQJzdhYRRiNXnDFSuHrAhmtBtcaTfPTJC1Yyrdd0ELkT~cjNoJYC2rwUOiLnTu3BFzHuI9s9A__&Key-Pair-Id=APKAIFLZBVQZ24NQH3KA", "__typename": "PlaybackURL"}, {"displayName": {"value": "SD", "language": "en-US", "__typename": "LocalizedString"}, "videoMimeType": "MP4", "videoDefinition": "DEF_SD", "url": "https://imdb-video.media-imdb.com/vi3211246617/1434659454657-dx9ykf-1564005657928.mp4?Expires=1730927623&Signature=EJDZcopFRJRn5GoLRf8gWE6~jIv-iCbsejXo2ObT5luiZ2RpNy3hGk~CZgtnhOFQa58wdnRGVcqPQMafIgq4wL3v76yu-bb-U3KxeWH762Kfm3Q6-RlaqyfXpfw0-9JrBpHul1etDmmSvaxzBxLnFxXD~I4ZjC1jhTBdzHSuL~bvuWgEATHtczFOKL2C7mbJRubbWkaot2rjsgv0YnAMbe9olSwoJCe2vSyIMtp5WorZSCa0KmWUgNsVHLjhFB3H-StaqA2kZih5wu9pgkjjrue9IhpaO9Hc56nSSjFzdx7oYB5oCAWam3LcJtERznaQdokr8AwMfRGDCS49fY00iQ__&Key-Pair-Id=APKAIFLZBVQZ24NQH3KA", "__typename": "PlaybackURL"}], "contentType": {"id": "amzn1.imdb.video.contenttype.trailer", "displayName": {"value": "Trailer", "__typename": "LocalizedString"}, "__typename": "VideoContentType"}, "previewURLs": [{"displayName": {"value": "AUTO", "language": "en-US", "__typename": "LocalizedString"}, "videoMimeType": "M3U8", "videoDefinition": "DEF_AUTO", "url": "https://imdb-video.media-imdb.com/vi3211246617/hls-preview-5db8fe95-4194-409e-bdc1-94d2bb08d4df.m3u8?Expires=1730927623&Signature=OnOfxYm-tE~ml4oKo1lKYhC85Fl4f0ASFNDnmH6jGKr4vwX0iPiGwQQeG3gtUE0KyhpXkMtsph814jFXzAA~rq1bTvpphANmd0CR0uvRpifGBGpKHC9syhtdXxM32JJsQvo8IlAVpY4ahO7P2rxid1mV8cPnl-JYKnD11CpVH45t0MeitBx9SRBQLNZkH3mtG9k6ys13~6dYuGoZYXSLLpJf0lkBq1McVjMpCmKxLAUBOqlUVOKHk~k1JALYoqVDqnUbHyM5Sv0UVBuyK~tROMmZTWr2IsU0gaMl26kx6IQIH7M01pNNlVmDCGmj03rxK6fnvTXnTzQ5ExURzkkrWA__&Key-Pair-Id=APKAIFLZBVQZ24NQH3KA", "__typename": "PlaybackURL"}], "__typename": "Video"}, "__typename": "VideoEdge"}], "__typename": "VideoConnection"}, "externalLinks": {"total": 398, "__typename": "ExternalLinkConnection"}, "metacritic": {"metascore": {"score": 60, "__typename": "Metascore"}, "__typename": "Metacritic"}, "keywords": {"total": 525, "edges": [{"node": {"text": "samoa", "__typename": "TitleKeyword"}, "__typename": "TitleKeywordEdge"}, {"node": {"text": "flamethrower", "__typename": "TitleKeyword"}, "__typename": "TitleKeywordEdge"}, {"node": {"text": "fast and furious franchise", "__typename": "TitleKeyword"}, "__typename": "TitleKeywordEdge"}, {"node": {"text": "spin off", "__typename": "TitleKeyword"}, "__typename": "TitleKeywordEdge"}, {"node": {"text": "shared universe", "__typename": "TitleKeyword"}, "__typename": "TitleKeywordEdge"}], "__typename": "TitleKeywordConnection"}, "isAdult": false, "genres": {"genres": [{"text": "Action", "id": "Action", "__typename": "Genre"}, {"text": "Adventure", "id": "Adventure", "__typename": "Genre"}, {"text": "Thriller", "id": "Thriller", "__typename": "Genre"}], "__typename": "Genres"}, "interests": {"edges": [{"node": {"id": "in0000001", "primaryText": {"text": "Action", "__typename": "InterestText"}, "__typename": "Interest"}, "__typename": "InterestEdge"}, {"node": {"id": "in0000012", "primaryText": {"text": "Adventure", "__typename": "InterestText"}, "__typename": "Interest"}, "__typename": "InterestEdge"}, {"node": {"id": "in0000186", "primaryText": {"text": "Thriller", "__typename": "InterestText"}, "__typename": "Interest"}, "__typename": "InterestEdge"}], "__typename": "InterestConnection"}, "plot": {"plotText": {"plainText": "Lawman Luke Hobbs and outcast Deckard Shaw form an unlikely alliance when a cyber-genetically enhanced villain threatens the future of humanity.", "__typename": "Markdown"}, "language": {"id": "en-US", "__typename": "DisplayableLanguage"}, "__typename": "Plot"}, "plotContributionLink": {"url": "https://contribute.imdb.com/updates?update=tt6806448:outlines.add.1.locale~en-US", "__typename": "ContributionLink"}, "credits": {"total": 2746, "__typename": "CreditConnection"}, "principalCredits": [{"totalCredits": 1, "category": {"text": "Director", "id": "director", "__typename": "CreditCategory"}, "credits": [{"name": {"nameText": {"text": "David Leitch", "__typename": "NameText"}, "id": "nm0500610", "__typename": "Name"}, "attributes": null, "__typename": "Crew"}], "__typename": "PrincipalCreditsForCategory"}, {"totalCredits": 4, "category": {"text": "Writers", "id": "writer", "__typename": "CreditCategory"}, "credits": [{"name": {"nameText": {"text": "Chris Morgan", "__typename": "NameText"}, "id": "nm0604555", "__typename": "Name"}, "attributes": null, "__typename": "Crew"}, {"name": {"nameText": {"text": "Drew Pearce", "__typename": "NameText"}, "id": "nm1510800", "__typename": "Name"}, "attributes": null, "__typename": "Crew"}, {"name": {"nameText": {"text": "Gary Scott Thompson", "__typename": "NameText"}, "id": "nm0860155", "__typename": "Name"}, "attributes": null, "__typename": "Crew"}], "__typename": "PrincipalCreditsForCategory"}, {"totalCredits": 124, "category": {"text": "Stars", "id": "cast", "__typename": "CreditCategory"}, "credits": [{"name": {"nameText": {"text": "Dwayne Johnson", "__typename": "NameText"}, "id": "nm0425005", "__typename": "Name"}, "attributes": null, "__typename": "Cast"}, {"name": {"nameText": {"text": "Jason Statham", "__typename": "NameText"}, "id": "nm0005458", "__typename": "Name"}, "attributes": null, "__typename": "Cast"}, {"name": {"nameText": {"text": "Idris Elba", "__typename": "NameText"}, "id": "nm0252961", "__typename": "Name"}, "attributes": null, "__typename": "Cast"}], "__typename": "PrincipalCreditsForCategory"}], "reviews": {"total": 1426, "__typename": "ReviewsConnection"}, "criticReviewsTotal": {"total": 330, "__typename": "ExternalLinkConnection"}, "triviaTotal": {"total": 66, "__typename": "TriviaConnection"}, "engagementStatistics": {"watchlistStatistics": {"displayableCount": {"text": "Added by 277K users", "__typename": "LocalizedDisplayableCount"}, "__typename": "WatchlistStatistics"}, "__typename": "EngagementStatistics"}, "subNavCredits": {"total": 2746, "__typename": "CreditConnection"}, "subNavReviews": {"total": 1426, "__typename": "ReviewsConnection"}, "subNavTrivia": {"total": 66, "__typename": "TriviaConnection"}, "subNavFaqs": {"total": 2, "__typename": "FaqConnection"}, "subNavTopQuestions": {"total": 19, "__typename": "AlexaQuestionConnection"}, "titleGenres": {"genres": [{"genre": {"text": "Action", "__typename": "GenreItem"}, "__typename": "TitleGenre"}, {"genre": {"text": "Adventure", "__typename": "GenreItem"}, "__typename": "TitleGenre"}, {"genre": {"text": "Thriller", "__typename": "GenreItem"}, "__typename": "TitleGenre"}], "__typename": "TitleGenres"}, "meta": {"canonicalId": "tt6806448", "publicationStatus": "PUBLISHED", "__typename": "TitleMeta"}, "castPageTitle": {"edges": [{"node": {"name": {"id": "nm0425005", "nameText": {"text": "Dwayne Johnson", "__typename": "NameText"}, "__typename": "Name"}, "__typename": "Cast"}, "__typename": "CreditEdge"}, {"node": {"name": {"id": "nm0005458", "nameText": {"text": "Jason Statham", "__typename": "NameText"}, "__typename": "Name"}, "__typename": "Cast"}, "__typename": "CreditEdge"}, {"node": {"name": {"id": "nm0252961", "nameText": {"text": "Idris Elba", "__typename": "NameText"}, "__typename": "Name"}, "__typename": "Cast"}, "__typename": "CreditEdge"}, {"node": {"name": {"id": "nm3948952", "nameText": {"text": "Vanessa Kirby", "__typename": "NameText"}, "__typename": "Name"}, "__typename": "Cast"}, "__typename": "CreditEdge"}], "__typename": "CreditConnection"}, "creatorsPageTitle": [], "directorsPageTitle": [{"credits": [{"name": {"id": "nm0500610", "nameText": {"text": "David Leitch", "__typename": "NameText"}, "__typename": "Name"}, "__typename": "Crew"}], "__typename": "PrincipalCreditsForCategory"}], "countriesOfOrigin": {"countries": [{"id": "US", "__typename": "CountryOfOrigin"}], "__typename": "CountriesOfOrigin"}, "production": {"edges": [{"node": {"company": {"id": "co0353093", "companyText": {"text": "Chris Morgan Productions", "__typename": "CompanyText"}, "__typename": "Company"}, "__typename": "CompanyCredit"}, "__typename": "CompanyCreditEdge"}, {"node": {"company": {"id": "co0169264", "companyText": {"text": "Dentsu", "__typename": "CompanyText"}, "__typename": "Company"}, "__typename": "CompanyCredit"}, "__typename": "CompanyCreditEdge"}, {"node": {"company": {"id": "co0536392", "companyText": {"text": "Seven Bucks Productions", "__typename": "CompanyText"}, "__typename": "Company"}, "__typename": "CompanyCredit"}, "__typename": "CompanyCreditEdge"}], "__typename": "CompanyCreditConnection"}, "featuredReviews": {"edges": [{"node": {"author": {"nickName": "jonathanbekunda", "__typename": "UserProfile"}, "summary": {"originalText": "Perfect for fast and furious fans", "__typename": "ReviewSummary"}, "text": {"originalText": {"plainText": "Those who liked to see Hobbs do his thing as well as Shaw...this movie will definitely make them happy.", "__typename": "Markdown"}, "__typename": "ReviewText"}, "authorRating": 6, "submissionDate": "2019-10-07", "__typename": "Review"}, "__typename": "ReviewEdge"}], "__typename": "ReviewsConnection"}, "__typename": "Title"}, "main": {"id": "tt6806448", "wins": {"total": 1, "__typename": "AwardNominationConnection"}, "nominationsExcludeWins": {"total": 25, "__typename": "AwardNominationConnection"}, "prestigiousAwardSummary": null, "ratingsSummary": {"topRanking": {"id": "topRated:tt6806448:en_US", "text": {"value": "Top Rated", "__typename": "LocalizedString"}, "rank": 4278, "__typename": "TopRanking"}, "__typename": "RatingsSummary"}, "episodes": null, "videos": {"total": 54, "__typename": "TitleRelatedVideosConnection"}, "videoStrip": {"edges": [{"node": {"id": "vi3698310169", "contentType": {"displayName": {"value": "Trailer", "__typename": "LocalizedString"}, "__typename": "VideoContentType"}, "name": {"value": "Trailer", "__typename": "LocalizedString"}, "runtime": {"value": 31, "__typename": "VideoRuntime"}, "thumbnail": {"height": 1080, "url": "https://m.media-amazon.com/images/M/MV5BZWM1YjU1ODUtYTQyMi00ZTJhLWJhNmYtYTVhZGU3NDgxZTNmXkEyXkFqcGdeQXRyYW5zY29kZS13b3JrZmxvdw@@._V1_.jpg", "width": 1920, "__typename": "Thumbnail"}, "__typename": "Video"}, "__typename": "VideoEdge"}, {"node": {"id": "vi3211246617", "contentType": {"displayName": {"value": "Trailer", "__typename": "LocalizedString"}, "__typename": "VideoContentType"}, "name": {"value": "In Theatres Friday!", "__typename": "LocalizedString"}, "runtime": {"value": 31, "__typename": "VideoRuntime"}, "thumbnail": {"height": 1080, "url": "https://m.media-amazon.com/images/M/MV5BZGFjMGE4OWItZTI2Yi00MTNhLWE2NzItOTQxZmRjNGIwZTYzXkEyXkFqcGdeQXZ3ZXNsZXk@._V1_.jpg", "width": 1920, "__typename": "Thumbnail"}, "__typename": "Video"}, "__typename": "VideoEdge"}, {"node": {"id": "vi2771237913", "contentType": {"displayName": {"value": "Trailer", "__typename": "LocalizedString"}, "__typename": "VideoContentType"}, "name": {"value": "Final Trailer", "__typename": "LocalizedString"}, "runtime": {"value": 146, "__typename": "VideoRuntime"}, "thumbnail": {"height": 1080, "url": "https://m.media-amazon.com/images/M/MV5BMGI3MjhlODQtMTk3MS00ZWVkLWE3YzAtODM1NTk5Y2NhNjYxXkEyXkFqcGdeQWpnYW1i._V1_.jpg", "width": 1920, "__typename": "Thumbnail"}, "__typename": "Video"}, "__typename": "VideoEdge"}, {"node": {"id": "vi3820141593", "contentType": {"displayName": {"value": "Trailer", "__typename": "LocalizedString"}, "__typename": "VideoContentType"}, "name": {"value": "Official Trailer #2", "__typename": "LocalizedString"}, "runtime": {"value": 218, "__typename": "VideoRuntime"}, "thumbnail": {"height": 835, "url": "https://m.media-amazon.com/images/M/MV5BOGZkMDdkYWMtN2JjYS00OTllLThlMDYtMWIwZWIxMDg4MDRhXkEyXkFqcGdeQW1yb3NzZXI@._V1_.jpg", "width": 1541, "__typename": "Thumbnail"}, "__typename": "Video"}, "__typename": "VideoEdge"}, {"node": {"id": "vi4067932697", "contentType": {"displayName": {"value": "Trailer", "__typename": "LocalizedString"}, "__typename": "VideoContentType"}, "name": {"value": "Big Game Spot", "__typename": "LocalizedString"}, "runtime": {"value": 61, "__typename": "VideoRuntime"}, "thumbnail": {"height": 792, "url": "https://m.media-amazon.com/images/M/MV5BYjJhODJhOTEtYjk5NS00MWU4LWE5NzEtYjQzZDdlYWMyMzE3XkEyXkFqcGdeQXRzdGFzaWVr._V1_.jpg", "width": 1503, "__typename": "Thumbnail"}, "__typename": "Video"}, "__typename": "VideoEdge"}, {"node": {"id": "vi3195320857", "contentType": {"displayName": {"value": "Trailer", "__typename": "LocalizedString"}, "__typename": "VideoContentType"}, "name": {"value": "Official Trailer", "__typename": "LocalizedString"}, "runtime": {"value": 177, "__typename": "VideoRuntime"}, "thumbnail": {"height": 2521, "url": "https://m.media-amazon.com/images/M/MV5BOWZmMGVhMzktMjQ2OC00MTRjLWJjMTgtZDE4NmRjZTkwMzQ2XkEyXkFqcGdeQW1yb3NzZXI@._V1_.jpg", "width": 4525, "__typename": "Thumbnail"}, "__typename": "Video"}, "__typename": "VideoEdge"}, {"node": {"id": "vi3281305369", "contentType": {"displayName": {"value": "Trailer", "__typename": "LocalizedString"}, "__typename": "VideoContentType"}, "name": {"value": "Fast & Furious Presents: Hobbs & Shaw", "__typename": "LocalizedString"}, "runtime": {"value": 216, "__typename": "VideoRuntime"}, "thumbnail": {"height": 1080, "url": "https://m.media-amazon.com/images/M/MV5BZjQ4ZDg2ZTctMDY0NC00ODJlLWFmZDktYjczMzEyZGJkOTk2XkEyXkFqcGdeQTNwaW5nZXN0._V1_.jpg", "width": 1920, "__typename": "Thumbnail"}, "__typename": "Video"}, "__typename": "VideoEdge"}, {"node": {"id": "vi2505688345", "contentType": {"displayName": {"value": "Clip", "__typename": "LocalizedString"}, "__typename": "VideoContentType"}, "name": {"value": "All About the 'Fast X' Family", "__typename": "LocalizedString"}, "runtime": {"value": 187, "__typename": "VideoRuntime"}, "thumbnail": {"height": 1080, "url": "https://m.media-amazon.com/images/M/MV5BZTc0NmUzMGMtZmEyOS00YTNkLTgwYzktYTMwMmU5ZWExMTk1XkEyXkFqcGdeQWFsZWxvZw@@._V1_.jpg", "width": 1920, "__typename": "Thumbnail"}, "__typename": "Video"}, "__typename": "VideoEdge"}, {"node": {"id": "vi2943402009", "contentType": {"displayName": {"value": "Clip", "__typename": "LocalizedString"}, "__typename": "VideoContentType"}, "name": {"value": "Everything We Know About 'F9'", "__typename": "LocalizedString"}, "runtime": {"value": 211, "__typename": "VideoRuntime"}, "thumbnail": {"height": 1080, "url": "https://m.media-amazon.com/images/M/MV5BMzk5ODI0YjUtN2VkYy00YTgyLTg5NGQtYmE1MzQ4MTVhOTA3XkEyXkFqcGdeQWFsZWxvZw@@._V1_.jpg", "width": 1920, "__typename": "Thumbnail"}, "__typename": "Video"}, "__typename": "VideoEdge"}, {"node": {"id": "vi3056779289", "contentType": {"displayName": {"value": "Clip", "__typename": "LocalizedString"}, "__typename": "VideoContentType"}, "name": {"value": "How Well Does Eiza Gonz\u00e1lez Know Her Own Career?", "__typename": "LocalizedString"}, "runtime": {"value": 244, "__typename": "VideoRuntime"}, "thumbnail": {"height": 1080, "url": "https://m.media-amazon.com/images/M/MV5BNDEwYjE5ZjMtYmJiZS00OTAyLTkwNjgtYjhlNWJkYTUwYTE3XkEyXkFqcGdeQWxpenpp._V1_.jpg", "width": 1920, "__typename": "Thumbnail"}, "__typename": "Video"}, "__typename": "VideoEdge"}, {"node": {"id": "vi633912857", "contentType": {"displayName": {"value": "Clip", "__typename": "LocalizedString"}, "__typename": "VideoContentType"}, "name": {"value": "How Fans Resurrected a Beloved Character for 'F9'", "__typename": "LocalizedString"}, "runtime": {"value": 278, "__typename": "VideoRuntime"}, "thumbnail": {"height": 1080, "url": "https://m.media-amazon.com/images/M/MV5BY2U3YWE3YmEtNWNlNi00YTI3LTg5OTItN2M3NWQ0N2IyOTk2XkEyXkFqcGdeQW1yb2Njbw@@._V1_.jpg", "width": 1920, "__typename": "Thumbnail"}, "__typename": "Video"}, "__typename": "VideoEdge"}, {"node": {"id": "vi245808921", "contentType": {"displayName": {"value": "Clip", "__typename": "LocalizedString"}, "__typename": "VideoContentType"}, "name": {"value": "Weekend Box Office: Sept. 6 to 8", "__typename": "LocalizedString"}, "runtime": {"value": 60, "__typename": "VideoRuntime"}, "thumbnail": {"height": 1080, "url": "https://m.media-amazon.com/images/M/MV5BMWQyZjE0NTMtOGM5OS00Mzc2LWI0MjItMWNlNTY4NWM0YmI4XkEyXkFqcGdeQW1pYnJ5YW50._V1_.jpg", "width": 1920, "__typename": "Thumbnail"}, "__typename": "Video"}, "__typename": "VideoEdge"}], "__typename": "VideoConnection"}, "titleMainImages": {"total": 206, "edges": [{"node": {"id": "rm1855755009", "url": "https://m.media-amazon.com/images/M/MV5BYmNmODIzOTMtZjY0Mi00NGUwLWE3ZTctY2E2YjA4Y2U0NWVjXkEyXkFqcGc@._V1_.jpg", "caption": {"plainText": "Vanessa Kirby in Fast & Furious Presents: Hobbs & Shaw (2019)", "__typename": "Markdown"}, "height": 1334, "width": 2000, "__typename": "Image"}, "__typename": "ImageEdge"}, {"node": {"id": "rm1838977793", "url": "https://m.media-amazon.com/images/M/MV5BY2I1MzdhZGMtMTQ5Zi00NjA3LTk2YWUtYmIxM2MzYjdkOWE5XkEyXkFqcGc@._V1_.jpg", "caption": {"plainText": "Vanessa Kirby in Fast & Furious Presents: Hobbs & Shaw (2019)", "__typename": "Markdown"}, "height": 1334, "width": 2000, "__typename": "Image"}, "__typename": "ImageEdge"}, {"node": {"id": "rm1822200577", "url": "https://m.media-amazon.com/images/M/MV5BOWRhYjY3YTgtMTViYi00OWY0LTljOGQtZWQxMjg4ZWYxOGYwXkEyXkFqcGc@._V1_.jpg", "caption": {"plainText": "Vanessa Kirby in Fast & Furious Presents: Hobbs & Shaw (2019)", "__typename": "Markdown"}, "height": 1334, "width": 2000, "__typename": "Image"}, "__typename": "ImageEdge"}, {"node": {"id": "rm207068161", "url": "https://m.media-amazon.com/images/M/MV5BYmFlYjQ4NzUtNTE4ZS00OTc0LWI0NjQtNjM5MTg4YmI4OWY1XkEyXkFqcGc@._V1_.jpg", "caption": {"plainText": "Jason Statham and Dwayne Johnson in Fast & Furious Presents: Hobbs & Shaw (2019)", "__typename": "Markdown"}, "height": 5056, "width": 7299, "__typename": "Image"}, "__typename": "ImageEdge"}, {"node": {"id": "rm223845377", "url": "https://m.media-amazon.com/images/M/MV5BZGY5MWU0ZmQtYTk1NC00MzE1LTg2MzYtMTE2MDIxYjNkZjQxXkEyXkFqcGc@._V1_.jpg", "caption": {"plainText": "Jason Statham and Dwayne Johnson in Fast & Furious Presents: Hobbs & Shaw (2019)", "__typename": "Markdown"}, "height": 4160, "width": 6240, "__typename": "Image"}, "__typename": "ImageEdge"}, {"node": {"id": "rm240622593", "url": "https://m.media-amazon.com/images/M/MV5BMmQ5MTMwNzgtYTQ0Ny00MDI0LWI5ZTgtYTBjMmIwN2RhNTBkXkEyXkFqcGc@._V1_.jpg", "caption": {"plainText": "Jason Statham and Dwayne Johnson in Fast & Furious Presents: Hobbs & Shaw (2019)", "__typename": "Markdown"}, "height": 5304, "width": 7952, "__typename": "Image"}, "__typename": "ImageEdge"}, {"node": {"id": "rm257399809", "url": "https://m.media-amazon.com/images/M/MV5BMWVhNTY0NjktOGNmYi00YTNkLTliNzEtZTdjOGQzODRjNDFhXkEyXkFqcGc@._V1_.jpg", "caption": {"plainText": "Jason Statham, Dwayne Johnson, and David Leitch in Fast & Furious Presents: Hobbs & Shaw (2019)", "__typename": "Markdown"}, "height": 3819, "width": 5898, "__typename": "Image"}, "__typename": "ImageEdge"}, {"node": {"id": "rm56073217", "url": "https://m.media-amazon.com/images/M/MV5BM2NkY2I1MzEtMDEzOS00NjliLThkNjItZmU0MDI2YmJhYWQ3XkEyXkFqcGc@._V1_.jpg", "caption": {"plainText": "Dwayne Johnson in Fast & Furious Presents: Hobbs & Shaw (2019)", "__typename": "Markdown"}, "height": 3926, "width": 5783, "__typename": "Image"}, "__typename": "ImageEdge"}, {"node": {"id": "rm39296001", "url": "https://m.media-amazon.com/images/M/MV5BNDA2NTUyZDUtYzJjNy00ZGM3LTg5MzctYjVlMDcxMjBiNzNiXkEyXkFqcGc@._V1_.jpg", "caption": {"plainText": "Jason Statham and Dwayne Johnson in Fast & Furious Presents: Hobbs & Shaw (2019)", "__typename": "Markdown"}, "height": 1500, "width": 3580, "__typename": "Image"}, "__typename": "ImageEdge"}, {"node": {"id": "rm5741569", "url": "https://m.media-amazon.com/images/M/MV5BZTFmNTU2NGMtNjA1ZC00YWM1LWE4NTQtOGE5M2UyNDdmYmIzXkEyXkFqcGc@._V1_.jpg", "caption": {"plainText": "Jason Statham and Dwayne Johnson in Fast & Furious Presents: Hobbs & Shaw (2019)", "__typename": "Markdown"}, "height": 4657, "width": 8768, "__typename": "Image"}, "__typename": "ImageEdge"}, {"node": {"id": "rm89627649", "url": "https://m.media-amazon.com/images/M/MV5BM2UzMmQ4YjQtZWMwZC00MzU4LWEyY2MtMTdhOGI0MTUzYzhlXkEyXkFqcGc@._V1_.jpg", "caption": {"plainText": "Idris Elba and Axel Nu in Fast & Furious Presents: Hobbs & Shaw (2019)", "__typename": "Markdown"}, "height": 5304, "width": 7952, "__typename": "Image"}, "__typename": "ImageEdge"}, {"node": {"id": "rm72850433", "url": "https://m.media-amazon.com/images/M/MV5BMTc1YzY1YzgtN2MwMy00ZGUwLWFmMTItMTljN2M3YzczYTEwXkEyXkFqcGc@._V1_.jpg", "caption": {"plainText": "Dwayne Johnson in Fast & Furious Presents: Hobbs & Shaw (2019)", "__typename": "Markdown"}, "height": 2504, "width": 3744, "__typename": "Image"}, "__typename": "ImageEdge"}, {"node": {"id": "rm106404865", "url": "https://m.media-amazon.com/images/M/MV5BOTdjYWU3YzEtYmFmOC00ZThmLWE2YmQtMzhjZDhhYTMyYWQ0XkEyXkFqcGc@._V1_.jpg", "caption": {"plainText": "Jason Statham, Dwayne Johnson, and Vanessa Kirby in Fast & Furious Presents: Hobbs & Shaw (2019)", "__typename": "Markdown"}, "height": 5304, "width": 7952, "__typename": "Image"}, "__typename": "ImageEdge"}], "__typename": "ImageConnection"}, "productionStatus": {"currentProductionStage": {"id": "released", "text": "Released", "__typename": "ProductionStage"}, "productionStatusHistory": [{"status": {"id": "script", "text": "Script", "__typename": "ProductionStatus"}, "__typename": "ProductionStatusHistory"}, {"status": {"id": "pre_production", "text": "Pre-production", "__typename": "ProductionStatus"}, "__typename": "ProductionStatusHistory"}, {"status": {"id": "filming", "text": "Filming", "__typename": "ProductionStatus"}, "__typename": "ProductionStatusHistory"}, {"status": {"id": "post_production", "text": "Post-production", "__typename": "ProductionStatus"}, "__typename": "ProductionStatusHistory"}, {"status": {"id": "completed", "text": "Completed", "__typename": "ProductionStatus"}, "__typename": "ProductionStatusHistory"}, {"status": {"id": "released", "text": "Released", "__typename": "ProductionStatus"}, "__typename": "ProductionStatusHistory"}], "restriction": null, "__typename": "ProductionStatusDetails"}, "primaryImage": {"id": "rm2147389953", "__typename": "Image"}, "inIframeAddLink": {"url": "https://contribute.imdb.com/image/tt6806448/add?bus=imdb&return_url=https%3A%2F%2Fwww.imdb.com%2Fclose_me&site=web", "__typename": "ContributionLink"}, "notInIframeAddLink": {"url": "https://contribute.imdb.com/image/tt6806448/add?bus=imdb&return_url=https%3A%2F%2Fwww.imdb.com%2Ftitle%2Ftt6806448%2F&site=mobile", "__typename": "ContributionLink"}, "titleType": {"id": "movie", "canHaveEpisodes": false, "__typename": "TitleType"}, "cast": {"total": 124, "edges": [{"node": {"name": {"id": "nm0425005", "nameText": {"text": "Dwayne Johnson", "__typename": "NameText"}, "primaryImage": {"url": "https://m.media-amazon.com/images/M/MV5BOWUzNzIzMzQtNzMxYi00OWRiLTlhZjEtZTRjYWVkYzI4ZjMwXkEyXkFqcGc@._V1_.jpg", "width": 5464, "height": 8192, "__typename": "Image"}, "__typename": "Name"}, "attributes": null, "category": {"id": "actor", "__typename": "CreditCategory"}, "characters": [{"name": "Hobbs", "__typename": "Character"}], "episodeCredits": {"total": 0, "yearRange": null, "__typename": "EpisodeCastConnection"}, "__typename": "Cast"}, "__typename": "CreditEdge"}, {"node": {"name": {"id": "nm0005458", "nameText": {"text": "Jason Statham", "__typename": "NameText"}, "primaryImage": {"url": "https://m.media-amazon.com/images/M/MV5BMTkxMzk2MDkwOV5BMl5BanBnXkFtZTcwMDAxODQwMg@@._V1_.jpg", "width": 263, "height": 400, "__typename": "Image"}, "__typename": "Name"}, "attributes": null, "category": {"id": "actor", "__typename": "CreditCategory"}, "characters": [{"name": "Shaw", "__typename": "Character"}], "episodeCredits": {"total": 0, "yearRange": null, "__typename": "EpisodeCastConnection"}, "__typename": "Cast"}, "__typename": "CreditEdge"}, {"node": {"name": {"id": "nm0252961", "nameText": {"text": "Idris Elba", "__typename": "NameText"}, "primaryImage": {"url": "https://m.media-amazon.com/images/M/MV5BNzEzMTI2NjEyNF5BMl5BanBnXkFtZTcwNTA0OTE4OA@@._V1_.jpg", "width": 1363, "height": 2048, "__typename": "Image"}, "__typename": "Name"}, "attributes": null, "category": {"id": "actor", "__typename": "CreditCategory"}, "characters": [{"name": "Brixton", "__typename": "Character"}], "episodeCredits": {"total": 0, "yearRange": null, "__typename": "EpisodeCastConnection"}, "__typename": "Cast"}, "__typename": "CreditEdge"}, {"node": {"name": {"id": "nm3948952", "nameText": {"text": "Vanessa Kirby", "__typename": "NameText"}, "primaryImage": {"url": "https://m.media-amazon.com/images/M/MV5BZTgyMDhmYWUtZWUzZS00ODBiLWIyMzctMTM3ODZlNmU0ZTg1XkEyXkFqcGc@._V1_.jpg", "width": 1000, "height": 1462, "__typename": "Image"}, "__typename": "Name"}, "attributes": null, "category": {"id": "actress", "__typename": "CreditCategory"}, "characters": [{"name": "Hattie", "__typename": "Character"}], "episodeCredits": {"total": 0, "yearRange": null, "__typename": "EpisodeCastConnection"}, "__typename": "Cast"}, "__typename": "CreditEdge"}, {"node": {"name": {"id": "nm0000545", "nameText": {"text": "Helen Mirren", "__typename": "NameText"}, "primaryImage": {"url": "https://m.media-amazon.com/images/M/MV5BMjA4MzY2ODU2MV5BMl5BanBnXkFtZTcwOTQ3ODY4OQ@@._V1_.jpg", "width": 1617, "height": 2048, "__typename": "Image"}, "__typename": "Name"}, "attributes": null, "category": {"id": "actress", "__typename": "CreditCategory"}, "characters": [{"name": "Queenie", "__typename": "Character"}], "episodeCredits": {"total": 0, "yearRange": null, "__typename": "EpisodeCastConnection"}, "__typename": "Cast"}, "__typename": "CreditEdge"}, {"node": {"name": {"id": "nm2555462", "nameText": {"text": "Eiza Gonz\u00e1lez", "__typename": "NameText"}, "primaryImage": {"url": "https://m.media-amazon.com/images/M/MV5BZTNiNDUxNTYtZWE5Zi00NTA5LWIwMTgtOTViYzI5ZDQ5Mjc4XkEyXkFqcGc@._V1_.jpg", "width": 1440, "height": 1800, "__typename": "Image"}, "__typename": "Name"}, "attributes": [{"text": "as Eiza Gonzalez", "__typename": "CreditedAsCreditAttribute"}], "category": {"id": "actress", "__typename": "CreditCategory"}, "characters": [{"name": "Madame M", "__typename": "Character"}], "episodeCredits": {"total": 0, "yearRange": null, "__typename": "EpisodeCastConnection"}, "__typename": "Cast"}, "__typename": "CreditEdge"}, {"node": {"name": {"id": "nm0550371", "nameText": {"text": "Eddie Marsan", "__typename": "NameText"}, "primaryImage": {"url": "https://m.media-amazon.com/images/M/MV5BMTYyMTA0MTYwOF5BMl5BanBnXkFtZTgwMjY5MzkzNzM@._V1_.jpg", "width": 1330, "height": 2048, "__typename": "Image"}, "__typename": "Name"}, "attributes": null, "category": {"id": "actor", "__typename": "CreditCategory"}, "characters": [{"name": "Professor Andreiko", "__typename": "Character"}], "episodeCredits": {"total": 0, "yearRange": null, "__typename": "EpisodeCastConnection"}, "__typename": "Cast"}, "__typename": "CreditEdge"}, {"node": {"name": {"id": "nm8071293", "nameText": {"text": "Eliana Sua", "__typename": "NameText"}, "primaryImage": {"url": "https://m.media-amazon.com/images/M/MV5BM2M4ZmJmMTMtY2RmMC00ZDQyLTkwY2QtZGQ1ZGI0YWJmMTk4XkEyXkFqcGc@._V1_.jpg", "width": 1200, "height": 1800, "__typename": "Image"}, "__typename": "Name"}, "attributes": [{"text": "as Eliana Su'a", "__typename": "CreditedAsCreditAttribute"}], "category": {"id": "actress", "__typename": "CreditCategory"}, "characters": [{"name": "Sam", "__typename": "Character"}], "episodeCredits": {"total": 0, "yearRange": null, "__typename": "EpisodeCastConnection"}, "__typename": "Cast"}, "__typename": "CreditEdge"}, {"node": {"name": {"id": "nm0193295", "nameText": {"text": "Cliff Curtis", "__typename": "NameText"}, "primaryImage": {"url": "https://m.media-amazon.com/images/M/MV5BMzNlNThkMWEtMmFlZS00ZGQ5LTk0ZWMtNzg3ODEyNGIwYjY0XkEyXkFqcGc@._V1_.jpg", "width": 2658, "height": 3904, "__typename": "Image"}, "__typename": "Name"}, "attributes": null, "category": {"id": "actor", "__typename": "CreditCategory"}, "characters": [{"name": "Jonah", "__typename": "Character"}], "episodeCredits": {"total": 0, "yearRange": null, "__typename": "EpisodeCastConnection"}, "__typename": "Cast"}, "__typename": "CreditEdge"}, {"node": {"name": {"id": "nm5329331", "nameText": {"text": "Lori Pelenise Tuisano", "__typename": "NameText"}, "primaryImage": {"url": "https://m.media-amazon.com/images/M/MV5BYTE4ZDg4NzMtOTljOC00YTAyLWJkYmEtNWZlZjA0YWZkNDMyXkEyXkFqcGc@._V1_.jpg", "width": 452, "height": 600, "__typename": "Image"}, "__typename": "Name"}, "attributes": null, "category": {"id": "actress", "__typename": "CreditCategory"}, "characters": [{"name": "Sefina", "__typename": "Character"}], "episodeCredits": {"total": 0, "yearRange": null, "__typename": "EpisodeCastConnection"}, "__typename": "Cast"}, "__typename": "CreditEdge"}, {"node": {"name": {"id": "nm1732270", "nameText": {"text": "John Tui", "__typename": "NameText"}, "primaryImage": {"url": "https://m.media-amazon.com/images/M/MV5BMGIyMDk5OGMtOWQyNC00M2Y0LWI0ODMtMjUyODc5NDhkODQ2XkEyXkFqcGc@._V1_.jpg", "width": 4000, "height": 2667, "__typename": "Image"}, "__typename": "Name"}, "attributes": null, "category": {"id": "actor", "__typename": "CreditCategory"}, "characters": [{"name": "Kal", "__typename": "Character"}], "episodeCredits": {"total": 0, "yearRange": null, "__typename": "EpisodeCastConnection"}, "__typename": "Cast"}, "__typename": "CreditEdge"}, {"node": {"name": {"id": "nm10461180", "nameText": {"text": "Joshua Mauga", "__typename": "NameText"}, "primaryImage": null, "__typename": "Name"}, "attributes": null, "category": {"id": "actor", "__typename": "CreditCategory"}, "characters": [{"name": "Timo", "__typename": "Character"}], "episodeCredits": {"total": 0, "yearRange": null, "__typename": "EpisodeCastConnection"}, "__typename": "Cast"}, "__typename": "CreditEdge"}, {"node": {"name": {"id": "nm5195221", "nameText": {"text": "Joe Anoa'i", "__typename": "NameText"}, "primaryImage": {"url": "https://m.media-amazon.com/images/M/MV5BZjFkZTFiYWMtMDVlOC00ODY1LThiMzQtOGRkZGE5MmFmNDhjXkEyXkFqcGc@._V1_.jpg", "width": 960, "height": 540, "__typename": "Image"}, "__typename": "Name"}, "attributes": [{"text": "as Joe 'Roman Reigns' Anoai", "__typename": "CreditedAsCreditAttribute"}], "category": {"id": "actor", "__typename": "CreditCategory"}, "characters": [{"name": "Mateo", "__typename": "Character"}], "episodeCredits": {"total": 0, "yearRange": null, "__typename": "EpisodeCastConnection"}, "__typename": "Cast"}, "__typename": "CreditEdge"}, {"node": {"name": {"id": "nm3008739", "nameText": {"text": "Rob Delaney", "__typename": "NameText"}, "primaryImage": {"url": "https://m.media-amazon.com/images/M/MV5BZGJjM2MzMTAtMTZiNi00ZDEyLWI2YmEtNWMxYzI0YjA5ZGZiXkEyXkFqcGc@._V1_.jpg", "width": 4000, "height": 5000, "__typename": "Image"}, "__typename": "Name"}, "attributes": null, "category": {"id": "actor", "__typename": "CreditCategory"}, "characters": [{"name": "Agent Loeb", "__typename": "Character"}], "episodeCredits": {"total": 0, "yearRange": null, "__typename": "EpisodeCastConnection"}, "__typename": "Cast"}, "__typename": "CreditEdge"}, {"node": {"name": {"id": "nm5900311", "nameText": {"text": "Alex King", "__typename": "NameText"}, "primaryImage": null, "__typename": "Name"}, "attributes": null, "category": {"id": "actor", "__typename": "CreditCategory"}, "characters": [{"name": "Lt. Grapefruit", "__typename": "Character"}], "episodeCredits": {"total": 0, "yearRange": null, "__typename": "EpisodeCastConnection"}, "__typename": "Cast"}, "__typename": "CreditEdge"}, {"node": {"name": {"id": "nm0943179", "nameText": {"text": "Tom Wu", "__typename": "NameText"}, "primaryImage": {"url": "https://m.media-amazon.com/images/M/MV5BNjQ4NTA4NzMxMl5BMl5BanBnXkFtZTgwNTQzMDg4ODE@._V1_.jpg", "width": 1247, "height": 1593, "__typename": "Image"}, "__typename": "Name"}, "attributes": null, "category": {"id": "actor", "__typename": "CreditCategory"}, "characters": [{"name": "Tsoi", "__typename": "Character"}], "episodeCredits": {"total": 0, "yearRange": null, "__typename": "EpisodeCastConnection"}, "__typename": "Cast"}, "__typename": "CreditEdge"}, {"node": {"name": {"id": "nm7517591", "nameText": {"text": "John Macdonald", "__typename": "NameText"}, "primaryImage": {"url": "https://m.media-amazon.com/images/M/MV5BNTFkYzAzMWUtYWMxNS00ZTZmLTk0YzgtYzQ3NDg2Y2M5ZWYyXkEyXkFqcGc@._V1_.jpg", "width": 5464, "height": 8192, "__typename": "Image"}, "__typename": "Name"}, "attributes": null, "category": {"id": "actor", "__typename": "CreditCategory"}, "characters": [{"name": "Lermotov", "__typename": "Character"}], "episodeCredits": {"total": 0, "yearRange": null, "__typename": "EpisodeCastConnection"}, "__typename": "Cast"}, "__typename": "CreditEdge"}, {"node": {"name": {"id": "nm7433077", "nameText": {"text": "Georgia Meacham", "__typename": "NameText"}, "primaryImage": null, "__typename": "Name"}, "attributes": [{"text": "as Georgie Meacham", "__typename": "CreditedAsCreditAttribute"}], "category": {"id": "actress", "__typename": "CreditCategory"}, "characters": [{"name": "Party Model", "__typename": "Character"}], "episodeCredits": {"total": 0, "yearRange": null, "__typename": "EpisodeCastConnection"}, "__typename": "Cast"}, "__typename": "CreditEdge"}], "__typename": "CreditConnection"}, "creators": [], "directors": [{"totalCredits": 1, "category": {"text": "Director", "id": "director", "__typename": "CreditCategory"}, "credits": [{"name": {"id": "nm0500610", "nameText": {"text": "David Leitch", "__typename": "NameText"}, "__typename": "Name"}, "__typename": "Crew"}], "__typename": "PrincipalCreditsForCategory"}], "writers": [{"totalCredits": 4, "category": {"text": "Writers", "id": "writer", "__typename": "CreditCategory"}, "credits": [{"name": {"id": "nm0604555", "nameText": {"text": "Chris Morgan", "__typename": "NameText"}, "__typename": "Name"}, "__typename": "Crew"}, {"name": {"id": "nm1510800", "nameText": {"text": "Drew Pearce", "__typename": "NameText"}, "__typename": "Name"}, "__typename": "Crew"}, {"name": {"id": "nm0860155", "nameText": {"text": "Gary Scott Thompson", "__typename": "NameText"}, "__typename": "Name"}, "__typename": "Crew"}], "__typename": "PrincipalCreditsForCategory"}], "isAdult": false, "moreLikeThisTitles": {"edges": [{"node": {"id": "tt4630562", "titleText": {"text": "The Fate of the Furious", "__typename": "TitleText"}, "titleType": {"id": "movie", "text": "Movie", "canHaveEpisodes": false, "displayableProperty": {"value": {"plainText": "", "__typename": "Markdown"}, "__typename": "DisplayableTitleTypeProperty"}, "__typename": "TitleType"}, "originalTitleText": {"text": "The Fate of the Furious", "__typename": "TitleText"}, "primaryImage": {"id": "rm2675061248", "width": 1293, "height": 2048, "url": "https://m.media-amazon.com/images/M/MV5BMjMxODI2NDM5Nl5BMl5BanBnXkFtZTgwNjgzOTk1MTI@._V1_.jpg", "caption": {"plainText": "Vin Diesel, Dwayne Johnson, Ludacris, Michelle Rodriguez, Tyrese Gibson, and Nathalie Emmanuel in The Fate of the Furious (2017)", "__typename": "Markdown"}, "__typename": "Image"}, "releaseYear": {"year": 2017, "endYear": null, "__typename": "YearRange"}, "ratingsSummary": {"aggregateRating": 6.6, "voteCount": 259078, "__typename": "RatingsSummary"}, "runtime": {"seconds": 8160, "__typename": "Runtime"}, "certificate": {"rating": "UA", "__typename": "Certificate"}, "canRate": {"isRatable": true, "__typename": "CanRate"}, "titleGenres": {"genres": [{"genre": {"text": "Action", "__typename": "GenreItem"}, "__typename": "TitleGenre"}, {"genre": {"text": "Crime", "__typename": "GenreItem"}, "__typename": "TitleGenre"}, {"genre": {"text": "Thriller", "__typename": "GenreItem"}, "__typename": "TitleGenre"}], "__typename": "TitleGenres"}, "canHaveEpisodes": false, "__typename": "Title"}, "__typename": "MoreLikeThisEdge"}, {"node": {"id": "tt2820852", "titleText": {"text": "Fast & Furious 7", "__typename": "TitleText"}, "titleType": {"id": "movie", "text": "Movie", "canHaveEpisodes": false, "displayableProperty": {"value": {"plainText": "", "__typename": "Markdown"}, "__typename": "DisplayableTitleTypeProperty"}, "__typename": "TitleType"}, "originalTitleText": {"text": "Fast & Furious 7", "__typename": "TitleText"}, "primaryImage": {"id": "rm3501718272", "width": 1579, "height": 2500, "url": "https://m.media-amazon.com/images/M/MV5BMTQxOTA2NDUzOV5BMl5BanBnXkFtZTgwNzY2MTMxMzE@._V1_.jpg", "caption": {"plainText": "Fast & Furious 7 (2015)", "__typename": "Markdown"}, "__typename": "Image"}, "releaseYear": {"year": 2015, "endYear": null, "__typename": "YearRange"}, "ratingsSummary": {"aggregateRating": 7.1, "voteCount": 420698, "__typename": "RatingsSummary"}, "runtime": {"seconds": 8220, "__typename": "Runtime"}, "certificate": {"rating": "A", "__typename": "Certificate"}, "canRate": {"isRatable": true, "__typename": "CanRate"}, "titleGenres": {"genres": [{"genre": {"text": "Action", "__typename": "GenreItem"}, "__typename": "TitleGenre"}, {"genre": {"text": "Crime", "__typename": "GenreItem"}, "__typename": "TitleGenre"}, {"genre": {"text": "Thriller", "__typename": "GenreItem"}, "__typename": "TitleGenre"}], "__typename": "TitleGenres"}, "canHaveEpisodes": false, "__typename": "Title"}, "__typename": "MoreLikeThisEdge"}, {"node": {"id": "tt1905041", "titleText": {"text": "Furious 6", "__typename": "TitleText"}, "titleType": {"id": "movie", "text": "Movie", "canHaveEpisodes": false, "displayableProperty": {"value": {"plainText": "", "__typename": "Markdown"}, "__typename": "DisplayableTitleTypeProperty"}, "__typename": "TitleType"}, "originalTitleText": {"text": "Furious 6", "__typename": "TitleText"}, "primaryImage": {"id": "rm3465715968", "width": 1012, "height": 1500, "url": "https://m.media-amazon.com/images/M/MV5BMTM3NTg2NDQzOF5BMl5BanBnXkFtZTcwNjc2NzQzOQ@@._V1_.jpg", "caption": {"plainText": "Furious 6 (2013)", "__typename": "Markdown"}, "__typename": "Image"}, "releaseYear": {"year": 2013, "endYear": null, "__typename": "YearRange"}, "ratingsSummary": {"aggregateRating": 7, "voteCount": 422471, "__typename": "RatingsSummary"}, "runtime": {"seconds": 7800, "__typename": "Runtime"}, "certificate": {"rating": "UA", "__typename": "Certificate"}, "canRate": {"isRatable": true, "__typename": "CanRate"}, "titleGenres": {"genres": [{"genre": {"text": "Action", "__typename": "GenreItem"}, "__typename": "TitleGenre"}, {"genre": {"text": "Crime", "__typename": "GenreItem"}, "__typename": "TitleGenre"}, {"genre": {"text": "Thriller", "__typename": "GenreItem"}, "__typename": "TitleGenre"}], "__typename": "TitleGenres"}, "canHaveEpisodes": false, "__typename": "Title"}, "__typename": "MoreLikeThisEdge"}, {"node": {"id": "tt1596343", "titleText": {"text": "Fast Five", "__typename": "TitleText"}, "titleType": {"id": "movie", "text": "Movie", "canHaveEpisodes": false, "displayableProperty": {"value": {"plainText": "", "__typename": "Markdown"}, "__typename": "DisplayableTitleTypeProperty"}, "__typename": "TitleType"}, "originalTitleText": {"text": "Fast Five", "__typename": "TitleText"}, "primaryImage": {"id": "rm1398323968", "width": 1013, "height": 1500, "url": "https://m.media-amazon.com/images/M/MV5BMTUxNTk5MTE0OF5BMl5BanBnXkFtZTcwMjA2NzY3NA@@._V1_.jpg", "caption": {"plainText": "Vin Diesel, Jordana Brewster, Dwayne Johnson, Sung Kang, Ludacris, Elsa Pataky, Matt Schulze, Tyrese Gibson, Paul Walker, Tego Calderon, Don Omar, and Gal Gadot in Fast Five (2011)", "__typename": "Markdown"}, "__typename": "Image"}, "releaseYear": {"year": 2011, "endYear": null, "__typename": "YearRange"}, "ratingsSummary": {"aggregateRating": 7.3, "voteCount": 413457, "__typename": "RatingsSummary"}, "runtime": {"seconds": 7800, "__typename": "Runtime"}, "certificate": {"rating": "UA", "__typename": "Certificate"}, "canRate": {"isRatable": true, "__typename": "CanRate"}, "titleGenres": {"genres": [{"genre": {"text": "Action", "__typename": "GenreItem"}, "__typename": "TitleGenre"}, {"genre": {"text": "Crime", "__typename": "GenreItem"}, "__typename": "TitleGenre"}, {"genre": {"text": "Thriller", "__typename": "GenreItem"}, "__typename": "TitleGenre"}], "__typename": "TitleGenres"}, "canHaveEpisodes": false, "__typename": "Title"}, "__typename": "MoreLikeThisEdge"}, {"node": {"id": "tt5433138", "titleText": {"text": "Fast & Furious 9", "__typename": "TitleText"}, "titleType": {"id": "movie", "text": "Movie", "canHaveEpisodes": false, "displayableProperty": {"value": {"plainText": "", "__typename": "Markdown"}, "__typename": "DisplayableTitleTypeProperty"}, "__typename": "TitleType"}, "originalTitleText": {"text": "F9", "__typename": "TitleText"}, "primaryImage": {"id": "rm3998661377", "width": 1080, "height": 1350, "url": "https://m.media-amazon.com/images/M/MV5BZDNmYTVjMTItYWZhMS00YTE5LWIwYjgtMWFhNDI0MjhkMGFjXkEyXkFqcGc@._V1_.jpg", "caption": {"plainText": "Vin Diesel, Jordana Brewster, Ludacris, Michelle Rodriguez, Tyrese Gibson, and Nathalie Emmanuel in Fast & Furious 9 (2021)", "__typename": "Markdown"}, "__typename": "Image"}, "releaseYear": {"year": 2021, "endYear": null, "__typename": "YearRange"}, "ratingsSummary": {"aggregateRating": 5.2, "voteCount": 166862, "__typename": "RatingsSummary"}, "runtime": {"seconds": 8580, "__typename": "Runtime"}, "certificate": {"rating": "UA", "__typename": "Certificate"}, "canRate": {"isRatable": true, "__typename": "CanRate"}, "titleGenres": {"genres": [{"genre": {"text": "Action", "__typename": "GenreItem"}, "__typename": "TitleGenre"}, {"genre": {"text": "Crime", "__typename": "GenreItem"}, "__typename": "TitleGenre"}, {"genre": {"text": "Thriller", "__typename": "GenreItem"}, "__typename": "TitleGenre"}], "__typename": "TitleGenres"}, "canHaveEpisodes": false, "__typename": "Title"}, "__typename": "MoreLikeThisEdge"}, {"node": {"id": "tt1013752", "titleText": {"text": "Fast & Furious", "__typename": "TitleText"}, "titleType": {"id": "movie", "text": "Movie", "canHaveEpisodes": false, "displayableProperty": {"value": {"plainText": "", "__typename": "Markdown"}, "__typename": "DisplayableTitleTypeProperty"}, "__typename": "TitleType"}, "originalTitleText": {"text": "Fast & Furious", "__typename": "TitleText"}, "primaryImage": {"id": "rm1916359168", "width": 1010, "height": 1500, "url": "https://m.media-amazon.com/images/M/MV5BM2Y1YzhkNzUtMzhmZC00OTFkLWJjZDktMWYzZmQ0Y2Y5ODcwXkEyXkFqcGc@._V1_.jpg", "caption": {"plainText": "Vin Diesel, Jordana Brewster, Michelle Rodriguez, and Paul Walker in Fast & Furious (2009)", "__typename": "Markdown"}, "__typename": "Image"}, "releaseYear": {"year": 2009, "endYear": null, "__typename": "YearRange"}, "ratingsSummary": {"aggregateRating": 6.5, "voteCount": 317049, "__typename": "RatingsSummary"}, "runtime": {"seconds": 6420, "__typename": "Runtime"}, "certificate": {"rating": "UA", "__typename": "Certificate"}, "canRate": {"isRatable": true, "__typename": "CanRate"}, "titleGenres": {"genres": [{"genre": {"text": "Action", "__typename": "GenreItem"}, "__typename": "TitleGenre"}, {"genre": {"text": "Crime", "__typename": "GenreItem"}, "__typename": "TitleGenre"}, {"genre": {"text": "Thriller", "__typename": "GenreItem"}, "__typename": "TitleGenre"}], "__typename": "TitleGenres"}, "canHaveEpisodes": false, "__typename": "Title"}, "__typename": "MoreLikeThisEdge"}, {"node": {"id": "tt0232500", "titleText": {"text": "The Fast and the Furious", "__typename": "TitleText"}, "titleType": {"id": "movie", "text": "Movie", "canHaveEpisodes": false, "displayableProperty": {"value": {"plainText": "", "__typename": "Markdown"}, "__typename": "DisplayableTitleTypeProperty"}, "__typename": "TitleType"}, "originalTitleText": {"text": "The Fast and the Furious", "__typename": "TitleText"}, "primaryImage": {"id": "rm3153527296", "width": 3092, "height": 4598, "url": "https://m.media-amazon.com/images/M/MV5BZGRiMDE1NTMtMThmZS00YjE4LWI1ODQtNjRkZGZlOTg2MGE1XkEyXkFqcGc@._V1_.jpg", "caption": {"plainText": "Rob Cohen, Vin Diesel, David Ayer, Jordana Brewster, Chad Lindberg, Michelle Rodriguez, Johnny Strong, Gary Scott Thompson, and Paul Walker in The Fast and the Furious (2001)", "__typename": "Markdown"}, "__typename": "Image"}, "releaseYear": {"year": 2001, "endYear": null, "__typename": "YearRange"}, "ratingsSummary": {"aggregateRating": 6.8, "voteCount": 428149, "__typename": "RatingsSummary"}, "runtime": {"seconds": 6360, "__typename": "Runtime"}, "certificate": {"rating": "A", "__typename": "Certificate"}, "canRate": {"isRatable": true, "__typename": "CanRate"}, "titleGenres": {"genres": [{"genre": {"text": "Action", "__typename": "GenreItem"}, "__typename": "TitleGenre"}, {"genre": {"text": "Crime", "__typename": "GenreItem"}, "__typename": "TitleGenre"}, {"genre": {"text": "Thriller", "__typename": "GenreItem"}, "__typename": "TitleGenre"}], "__typename": "TitleGenres"}, "canHaveEpisodes": false, "__typename": "Title"}, "__typename": "MoreLikeThisEdge"}, {"node": {"id": "tt5433140", "titleText": {"text": "Fast X", "__typename": "TitleText"}, "titleType": {"id": "movie", "text": "Movie", "canHaveEpisodes": false, "displayableProperty": {"value": {"plainText": "", "__typename": "Markdown"}, "__typename": "DisplayableTitleTypeProperty"}, "__typename": "TitleType"}, "originalTitleText": {"text": "Fast X", "__typename": "TitleText"}, "primaryImage": {"id": "rm2554213633", "width": 3158, "height": 5000, "url": "https://m.media-amazon.com/images/M/MV5BYzEwZjczOTktYzU1OS00YjJlLTgyY2UtNWEzODBlN2RjZDEwXkEyXkFqcGc@._V1_.jpg", "caption": {"plainText": "Charlize Theron, Vin Diesel, Jason Statham, Jordana Brewster, Sung Kang, Brie Larson, Ludacris, Jason Momoa, Michelle Rodriguez, Tyrese Gibson, John Cena, Alan Ritchson, Nathalie Emmanuel, and Daniela Melchior in Fast X (2023)", "__typename": "Markdown"}, "__typename": "Image"}, "releaseYear": {"year": 2023, "endYear": null, "__typename": "YearRange"}, "ratingsSummary": {"aggregateRating": 5.7, "voteCount": 126842, "__typename": "RatingsSummary"}, "runtime": {"seconds": 8460, "__typename": "Runtime"}, "certificate": {"rating": "UA", "__typename": "Certificate"}, "canRate": {"isRatable": true, "__typename": "CanRate"}, "titleGenres": {"genres": [{"genre": {"text": "Action", "__typename": "GenreItem"}, "__typename": "TitleGenre"}, {"genre": {"text": "Adventure", "__typename": "GenreItem"}, "__typename": "TitleGenre"}, {"genre": {"text": "Crime", "__typename": "GenreItem"}, "__typename": "TitleGenre"}], "__typename": "TitleGenres"}, "canHaveEpisodes": false, "__typename": "Title"}, "__typename": "MoreLikeThisEdge"}, {"node": {"id": "tt0463985", "titleText": {"text": "The Fast and the Furious: Tokyo Drift", "__typename": "TitleText"}, "titleType": {"id": "movie", "text": "Movie", "canHaveEpisodes": false, "displayableProperty": {"value": {"plainText": "", "__typename": "Markdown"}, "__typename": "DisplayableTitleTypeProperty"}, "__typename": "TitleType"}, "originalTitleText": {"text": "The Fast and the Furious: Tokyo Drift", "__typename": "TitleText"}, "primaryImage": {"id": "rm296653312", "width": 1500, "height": 2216, "url": "https://m.media-amazon.com/images/M/MV5BMTQ2NTMxODEyNV5BMl5BanBnXkFtZTcwMDgxMjA0MQ@@._V1_.jpg", "caption": {"plainText": "Lucas Black, Zachery Ty Bryan, Trula M. Marcus, and Damien Marzette in The Fast and the Furious: Tokyo Drift (2006)", "__typename": "Markdown"}, "__typename": "Image"}, "releaseYear": {"year": 2006, "endYear": null, "__typename": "YearRange"}, "ratingsSummary": {"aggregateRating": 6.1, "voteCount": 307175, "__typename": "RatingsSummary"}, "runtime": {"seconds": 6240, "__typename": "Runtime"}, "certificate": {"rating": "UA", "__typename": "Certificate"}, "canRate": {"isRatable": true, "__typename": "CanRate"}, "titleGenres": {"genres": [{"genre": {"text": "Action", "__typename": "GenreItem"}, "__typename": "TitleGenre"}, {"genre": {"text": "Crime", "__typename": "GenreItem"}, "__typename": "TitleGenre"}, {"genre": {"text": "Thriller", "__typename": "GenreItem"}, "__typename": "TitleGenre"}], "__typename": "TitleGenres"}, "canHaveEpisodes": false, "__typename": "Title"}, "__typename": "MoreLikeThisEdge"}, {"node": {"id": "tt0322259", "titleText": {"text": "2 Fast 2 Furious", "__typename": "TitleText"}, "titleType": {"id": "movie", "text": "Movie", "canHaveEpisodes": false, "displayableProperty": {"value": {"plainText": "", "__typename": "Markdown"}, "__typename": "DisplayableTitleTypeProperty"}, "__typename": "TitleType"}, "originalTitleText": {"text": "2 Fast 2 Furious", "__typename": "TitleText"}, "primaryImage": {"id": "rm808455680", "width": 1200, "height": 1800, "url": "https://m.media-amazon.com/images/M/MV5BOTQzYzEwNWMtOTAwYy00YWYwLWE1NTEtZTkxOGQxZTM0M2VhXkEyXkFqcGc@._V1_.jpg", "caption": {"plainText": "Ludacris, Eva Mendes, Tyrese Gibson, Paul Walker, and Devon Aoki in 2 Fast 2 Furious (2003)", "__typename": "Markdown"}, "__typename": "Image"}, "releaseYear": {"year": 2003, "endYear": null, "__typename": "YearRange"}, "ratingsSummary": {"aggregateRating": 5.9, "voteCount": 303519, "__typename": "RatingsSummary"}, "runtime": {"seconds": 6420, "__typename": "Runtime"}, "certificate": {"rating": "A", "__typename": "Certificate"}, "canRate": {"isRatable": true, "__typename": "CanRate"}, "titleGenres": {"genres": [{"genre": {"text": "Action", "__typename": "GenreItem"}, "__typename": "TitleGenre"}, {"genre": {"text": "Crime", "__typename": "GenreItem"}, "__typename": "TitleGenre"}, {"genre": {"text": "Thriller", "__typename": "GenreItem"}, "__typename": "TitleGenre"}], "__typename": "TitleGenres"}, "canHaveEpisodes": false, "__typename": "Title"}, "__typename": "MoreLikeThisEdge"}, {"node": {"id": "tt15783114", "titleText": {"text": "Fast & Furious - Hobbs & Shaw: Special", "__typename": "TitleText"}, "titleType": {"id": "tvSpecial", "text": "TV Special", "canHaveEpisodes": false, "displayableProperty": {"value": {"plainText": "TV Special", "__typename": "Markdown"}, "__typename": "DisplayableTitleTypeProperty"}, "__typename": "TitleType"}, "originalTitleText": {"text": "Fast & Furious - Hobbs & Shaw: Special", "__typename": "TitleText"}, "primaryImage": {"id": "rm2850155009", "width": 900, "height": 506, "url": "https://m.media-amazon.com/images/M/MV5BNzQxMzNlZjEtOTA2Ni00MTZmLThhZTAtMjI1YjhmYzdmYTE5XkEyXkFqcGc@._V1_.jpg", "caption": {"plainText": "Fast & Furious - Hobbs & Shaw: Special (2019)", "__typename": "Markdown"}, "__typename": "Image"}, "releaseYear": {"year": 2019, "endYear": null, "__typename": "YearRange"}, "ratingsSummary": {"aggregateRating": 7.2, "voteCount": 94, "__typename": "RatingsSummary"}, "runtime": null, "certificate": null, "canRate": {"isRatable": true, "__typename": "CanRate"}, "titleGenres": {"genres": [{"genre": {"text": "Documentary", "__typename": "GenreItem"}, "__typename": "TitleGenre"}], "__typename": "TitleGenres"}, "canHaveEpisodes": false, "__typename": "Title"}, "__typename": "MoreLikeThisEdge"}, {"node": {"id": "tt3401738", "titleText": {"text": "Fast & Furious 6: Take Control", "__typename": "TitleText"}, "titleType": {"id": "video", "text": "Video", "canHaveEpisodes": false, "displayableProperty": {"value": {"plainText": "Video", "__typename": "Markdown"}, "__typename": "DisplayableTitleTypeProperty"}, "__typename": "TitleType"}, "originalTitleText": {"text": "Fast & Furious 6: Take Control", "__typename": "TitleText"}, "primaryImage": {"id": "rm912209152", "width": 1600, "height": 1200, "url": "https://m.media-amazon.com/images/M/MV5BZjFiNmQxOGEtODNkNC00NDk0LTljNzktMGRiODIzMDljNjA0XkEyXkFqcGc@._V1_.jpg", "caption": {"plainText": "Fast & Furious 6: Take Control (2013)", "__typename": "Markdown"}, "__typename": "Image"}, "releaseYear": {"year": 2013, "endYear": null, "__typename": "YearRange"}, "ratingsSummary": {"aggregateRating": 6.6, "voteCount": 11844, "__typename": "RatingsSummary"}, "runtime": {"seconds": 1140, "__typename": "Runtime"}, "certificate": null, "canRate": {"isRatable": true, "__typename": "CanRate"}, "titleGenres": {"genres": [{"genre": {"text": "Documentary", "__typename": "GenreItem"}, "__typename": "TitleGenre"}, {"genre": {"text": "Short", "__typename": "GenreItem"}, "__typename": "TitleGenre"}], "__typename": "TitleGenres"}, "canHaveEpisodes": false, "__typename": "Title"}, "__typename": "MoreLikeThisEdge"}], "__typename": "MoreLikeThisConnection"}, "triviaTotal": {"total": 66, "__typename": "TriviaConnection"}, "trivia": {"edges": [{"node": {"text": {"plaidHtml": "<a class=\"ipc-md-link ipc-md-link--entity\" href=\"/name/nm0425005/?ref_=tt_dyk_trv\">Dwayne Johnson</a> said he tried hard to get <a class=\"ipc-md-link ipc-md-link--entity\" href=\"/name/nm0597388/?ref_=tt_dyk_trv\">Jason Momoa</a> to play the role of Hobbs&#39;s brother, but scheduling issues prevented it from happening. However, Johnson gave fans hope for a future collaboration, adding, &quot;Next Hobbs movie for sure.&quot; Vin Diesel then proceeded to go against Dwayne&#39;s plans by casting Momoa in Fast X as the sadistic, androgynous and flamboyant son of Fast Five&#39;s main villain, Hernan Reyes.", "__typename": "Markdown"}, "trademark": null, "relatedNames": null, "__typename": "TitleTrivia"}, "__typename": "TriviaEdge"}], "__typename": "TriviaConnection"}, "goofsTotal": {"total": 28, "__typename": "GoofConnection"}, "goofs": {"edges": [{"node": {"text": {"plaidHtml": "When the attack on Samoa begins, it is supposed to be right before dawn. However, by the end of the attack it is midday. Since there was a 30 minute timer set right before the battle starts and just finishing up when the battle ends, it is clear that only 30 minutes passed. It should still be just after dawn when the action completes.", "__typename": "Markdown"}, "__typename": "Goof"}, "__typename": "GoofEdge"}], "__typename": "GoofConnection"}, "quotesTotal": {"total": 31, "__typename": "TitleQuoteConnection"}, "quotes": {"edges": [{"node": {"lines": [{"characters": [{"character": "British Customs Officer", "name": {"id": "nm5770115", "__typename": "Name"}, "__typename": "TitleQuoteCharacter"}], "text": "My cock's small?", "stageDirection": "sees the name Mike Oxsmaull on Luke's boarding pass", "__typename": "TitleQuoteLine"}, {"characters": [{"character": "Luke Hobbs", "name": {"id": "nm0425005", "__typename": "Name"}, "__typename": "TitleQuoteCharacter"}], "text": "I go by Michael.", "stageDirection": "Embarrassed", "__typename": "TitleQuoteLine"}], "__typename": "TitleQuote"}, "__typename": "TitleQuoteEdge"}], "__typename": "TitleQuoteConnection"}, "crazyCredits": {"edges": [{"node": {"text": {"plaidHtml": "2 mid-credits scenes with Ryan Reynolds, and one post-credits scene with Hobbs getting his own back on Shaw, for his airport stop &#39;n&#39; search.", "__typename": "Markdown"}, "__typename": "CrazyCredit"}, "__typename": "CrazyCreditEdge"}], "__typename": "CrazyCreditConnection"}, "alternateVersions": {"total": 1, "edges": [{"node": {"text": {"plaidHtml": "The ending is slightly different, depending on where you watch it. On TubiTV, for example, the climax is followed by a denouement consisting of Hobbs with Shaw arguing the various merits of sidekicks; shots of a cityscape; Queenie in jail and visited by Shaw and Hattie, who give her a suspicious birthday cake; Hobbs going home and introducing Sam to her grandmother. This is followed by a short scene with Champ calling Hobbs, warning him about a second virus, then more credits, then Hobbs calling Shaw, whom has been snitched out to the police, then the remainder of the credits. Finally, we return to the Hobbs and Champ phone call, and the film ends. In a version shown in Russia, however, after Champ has warned Hobbs about the second virus and the credits restart, the rest of Champ&#39;s call is shown on a side-by-side with the credits, followed by the remaining credits, and finally the Hobbs call to Shaw, ending the film. In summary, the order of the calls with Champ and Shaw have been reversed.", "__typename": "Markdown"}, "__typename": "AlternateVersion"}, "__typename": "AlternateVersionEdge"}], "__typename": "AlternateVersionConnection"}, "connections": {"edges": [{"node": {"associatedTitle": {"id": "tt12929774", "releaseYear": {"year": 2019, "__typename": "YearRange"}, "titleText": {"text": "Super Bowl Trailers 2019", "__typename": "TitleText"}, "originalTitleText": {"text": "Super Bowl Trailers 2019", "__typename": "TitleText"}, "series": {"series": {"titleText": {"text": "Diminishing Returns Diminisodes", "__typename": "TitleText"}, "originalTitleText": {"text": "Diminishing Returns Diminisodes", "__typename": "TitleText"}, "__typename": "Title"}, "__typename": "Series"}, "__typename": "Title"}, "category": {"text": "Featured in", "__typename": "TitleConnectionCategory"}, "__typename": "TitleConnection"}, "__typename": "TitleConnectionEdge"}], "__typename": "TitleConnectionConnection"}, "soundtrack": {"edges": [{"node": {"text": "Time In A Bottle", "comments": [{"plaidHtml": "Written by <a class=\"ipc-md-link ipc-md-link--entity\" href=\"/name/nm0188321/?ref_=tt_dyk_snd\">Jim Croce</a>", "__typename": "Markdown"}, {"plaidHtml": "Performed by <a class=\"ipc-md-link ipc-md-link--entity\" href=\"/name/nm7742957/?ref_=tt_dyk_snd\">Yungblud</a>", "__typename": "Markdown"}, {"plaidHtml": "Produced by <a class=\"ipc-md-link ipc-md-link--entity\" href=\"/name/nm10838584/?ref_=tt_dyk_snd\">Chris Greatti</a> &amp; <a class=\"ipc-md-link ipc-md-link--entity\" href=\"/name/nm10838585/?ref_=tt_dyk_snd\">Zakk Cervini</a>", "__typename": "Markdown"}, {"plaidHtml": "YUNGBLUD appears courtesy of Locomotion Recordings and Geffen Records", "__typename": "Markdown"}], "__typename": "Track"}, "__typename": "SoundtrackEdge"}], "__typename": "SoundtrackConnection"}, "titleText": {"text": "Fast & Furious Presents: Hobbs & Shaw", "__typename": "TitleText"}, "originalTitleText": {"text": "Fast & Furious Presents: Hobbs & Shaw", "__typename": "TitleText"}, "releaseYear": {"year": 2019, "__typename": "YearRange"}, "reviews": {"total": 1426, "__typename": "ReviewsConnection"}, "featuredReviews": {"edges": [{"node": {"id": "rw5170490", "author": {"nickName": "jonathanbekunda", "userId": "ur107314317", "__typename": "UserProfile"}, "summary": {"originalText": "Perfect for fast and furious fans", "__typename": "ReviewSummary"}, "text": {"originalText": {"plaidHtml": "Those who liked to see Hobbs do his thing as well as Shaw...this movie will definitely make them happy.", "__typename": "Markdown"}, "__typename": "ReviewText"}, "authorRating": 6, "submissionDate": "2019-10-07", "helpfulness": {"upVotes": 62, "downVotes": 29, "__typename": "ReviewHelpfulness"}, "__typename": "Review"}, "__typename": "ReviewEdge"}], "__typename": "ReviewsConnection"}, "canRate": {"isRatable": true, "__typename": "CanRate"}, "iframeAddReviewLink": {"url": "https://contribute.imdb.com/review/tt6806448/add?bus=imdb&return_url=https%3A%2F%2Fwww.imdb.com%2Fclose_me&site=web", "__typename": "ContributionLink"}, "topQuestions": {"total": 19, "edges": [{"node": {"attributeId": "run-time", "question": {"plainText": "How long is Fast & Furious Presents: Hobbs & Shaw?", "__typename": "Markdown"}, "__typename": "AlexaQuestion"}, "__typename": "AlexaQuestionEdge"}], "__typename": "AlexaQuestionConnection"}, "faqs": {"total": 1, "edges": [{"node": {"id": "fq0099810", "question": {"plainText": "Is \"Fast & Furious Presents: Hobbs & Shaw\" an official installment in the F&F franchise?", "__typename": "Markdown"}, "__typename": "Faq"}, "__typename": "FaqEdge"}], "__typename": "FaqConnection"}, "releaseDate": {"day": 2, "month": 8, "year": 2019, "country": {"id": "IN", "text": "India", "__typename": "LocalizedDisplayableCountry"}, "__typename": "ReleaseDate"}, "countriesOfOrigin": {"countries": [{"id": "US", "text": "United States", "__typename": "CountryOfOrigin"}, {"id": "JP", "text": "Japan", "__typename": "CountryOfOrigin"}], "__typename": "CountriesOfOrigin"}, "detailsExternalLinks": {"edges": [{"node": {"url": "http://www.facebook.com/HobbsAndShaw/", "label": "Official Facebook", "externalLinkRegion": null, "__typename": "ExternalLink"}, "__typename": "ExternalLinkEdge"}, {"node": {"url": "http://www.hobbsandshaw.com/", "label": "Official Site", "externalLinkRegion": null, "__typename": "ExternalLink"}, "__typename": "ExternalLinkEdge"}], "total": 4, "__typename": "ExternalLinkConnection"}, "spokenLanguages": {"spokenLanguages": [{"id": "en", "text": "English", "__typename": "SpokenLanguage"}, {"id": "sm", "text": "Samoan", "__typename": "SpokenLanguage"}, {"id": "ru", "text": "Russian", "__typename": "SpokenLanguage"}], "__typename": "SpokenLanguages"}, "akas": {"edges": [{"node": {"text": "\u092b\u093c\u093e\u0938\u094d\u091f \u090f\u0902\u0921 \u092b\u094d\u092f\u0942\u0930\u093f\u092f\u0938: \u0939\u0949\u092c\u094d\u0938 \u090f\u0902\u0921 \u0936\u0949", "__typename": "Aka"}, "__typename": "AkaEdge"}], "__typename": "AkaConnection"}, "filmingLocations": {"edges": [{"node": {"text": "Kaua'i, Hawaii, USA", "location": "Kaua'i, Hawaii, USA", "attributes": [{"text": "scenes set in Samoa", "__typename": "DisplayableAttribute"}], "__typename": "FilmingLocation"}, "__typename": "FilmingLocationEdge"}], "total": 25, "__typename": "FilmingLocationConnection"}, "production": {"edges": [{"node": {"company": {"id": "co0353093", "companyText": {"text": "Chris Morgan Productions", "__typename": "CompanyText"}, "__typename": "Company"}, "__typename": "CompanyCredit"}, "__typename": "CompanyCreditEdge"}, {"node": {"company": {"id": "co0169264", "companyText": {"text": "Dentsu", "__typename": "CompanyText"}, "__typename": "Company"}, "__typename": "CompanyCredit"}, "__typename": "CompanyCreditEdge"}, {"node": {"company": {"id": "co0536392", "companyText": {"text": "Seven Bucks Productions", "__typename": "CompanyText"}, "__typename": "Company"}, "__typename": "CompanyCredit"}, "__typename": "CompanyCreditEdge"}], "__typename": "CompanyCreditConnection"}, "companies": {"total": 99, "__typename": "CompanyCreditConnection"}, "productionBudget": {"budget": {"amount": 200000000, "currency": "USD", "__typename": "Money"}, "__typename": "ProductionBudget"}, "lifetimeGross": {"total": {"amount": 173956935, "currency": "USD", "__typename": "Money"}, "__typename": "BoxOfficeGross"}, "openingWeekendGross": {"gross": {"total": {"amount": 60038950, "currency": "USD", "__typename": "Money"}, "__typename": "BoxOfficeGross"}, "weekendEndDate": "2019-08-04", "__typename": "OpeningWeekendGross"}, "worldwideGross": {"total": {"amount": 760732926, "currency": "USD", "__typename": "Money"}, "__typename": "BoxOfficeGross"}, "technicalSpecifications": {"soundMixes": {"items": [{"id": "dolby_atmos", "text": "Dolby Atmos", "attributes": [], "__typename": "SoundMix"}, {"id": "auro_11.1", "text": "Auro 11.1", "attributes": [], "__typename": "SoundMix"}, {"id": "dolby_surround 7.1", "text": "Dolby Surround 7.1", "attributes": [], "__typename": "SoundMix"}], "__typename": "SoundMixes"}, "aspectRatios": {"items": [{"aspectRatio": "2.39 : 1", "attributes": [], "__typename": "AspectRatio"}], "__typename": "AspectRatios"}, "colorations": {"items": [], "__typename": "Colorations"}, "__typename": "TechnicalSpecifications"}, "runtime": {"seconds": 8220, "__typename": "Runtime"}, "series": null, "canHaveEpisodes": false, "contributionQuestions": {"contributionLink": {"url": "https://contribute.imdb.com/answers", "__typename": "ContributionQuestionsLink"}, "edges": [], "__typename": "QuestionConnection"}, "__typename": "Title"}}