{"ok": true, "error_code": 200, "description": "", "short": {"@context": "https://schema.org", "@type": "Movie", "url": "https://www.imdb.com/title/tt7504818/", "name": "Ron&apos;s Gone Wrong", "image": "https://m.media-amazon.com/images/M/MV5BZDg1MzU2OGMtMDIyNi00YjUzLWIzNjMtZGY4OTM3ZmM0MzY4XkEyXkFqcGc@._V1_.jpg", "description": "The story of Barney, an awkward middle-schooler and Ron, his new walking, talking, digitally-connected device. Ron&apos;s malfunctions set against the backdrop of the social media age launch them on a journey to learn about true friend...", "review": {"@type": "Review", "itemReviewed": {"@type": "Movie", "url": "https://www.imdb.com/title/tt7504818/"}, "author": {"@type": "Person", "name": "Movi3DO"}, "dateCreated": "2021-10-22", "inLanguage": "English", "name": "Not bad", "reviewBody": "Ron: &quot;Are you my best friend?&quot; Oh damn.\n\nBeing alone in the theater was a blessing because I was able to laugh out loud with this one. The story was super formulaic with concrete acts and turning points. The theme was nothing new and felt redundant.\n\nHowever, I adored the relationship between the main kid Barney and the malfunctioning bebot Ron. They cracked me up multiple times. The more I watched, the more I became invested in their relationship.\n\nOverall, it&apos;s a movie that you have seen many times before, but the strong and sweet relationship between the two main characters made this worth a watch. 7.5/10.", "reviewRating": {"@type": "Rating", "worstRating": 1, "bestRating": 10, "ratingValue": 7}}, "aggregateRating": {"@type": "AggregateRating", "ratingCount": 41649, "bestRating": 10, "worstRating": 1, "ratingValue": 7.1}, "contentRating": "U", "genre": ["Animation", "Adventure", "Comedy"], "datePublished": "2021-10-29", "keywords": "robot,friendship,school,scooter,woods", "trailer": {"@type": "VideoObject", "name": "Official Trailer", "embedUrl": "https://www.imdb.com/video/imdb/vi481674009", "thumbnail": {"@type": "ImageObject", "contentUrl": "https://m.media-amazon.com/images/M/MV5BZTZmZTMwYWEtMGI1My00OWUzLThhYzktY2RiNzIwYTllMjY1XkEyXkFqcGdeQXNuZXNodQ@@._V1_.jpg"}, "thumbnailUrl": "https://m.media-amazon.com/images/M/MV5BZTZmZTMwYWEtMGI1My00OWUzLThhYzktY2RiNzIwYTllMjY1XkEyXkFqcGdeQXNuZXNodQ@@._V1_.jpg", "url": "https://www.imdb.com/video/vi481674009/", "description": "&apos;Ron\u2019s Gone Wrong&apos; is the story of Barney, a socially awkward middle-schooler and Ron, his new walking, talking, digitally-connected device, which is supposed to be his \u201cBest Friend out of the Box.\u201d Ron\u2019s hilarious malfunctions set against the backdrop of the social media age, launch them into an action-packed journey in which boy and robot come to terms with the wonderful messiness of true friendship. &apos;Ron\u2019s Gone Wrong&apos; features the voices of Zach Galifianakis, Jack Dylan Grazer, Olivia Colman, Ed Helms, Justice Smith, Rob Delaney, Kylie Cantrall, Ricardo Hurtado, Marcus Scribner, Thomas Barbusca.", "duration": "PT2M25S", "uploadDate": "2021-09-09T16:02:09.945Z"}, "actor": [{"@type": "Person", "url": "https://www.imdb.com/name/nm6244013/", "name": "Jack Dylan Grazer"}, {"@type": "Person", "url": "https://www.imdb.com/name/nm0302108/", "name": "Zach Galifianakis"}, {"@type": "Person", "url": "https://www.imdb.com/name/nm1159180/", "name": "Ed Helms"}], "director": [{"@type": "Person", "url": "https://www.imdb.com/name/nm0809877/", "name": "Sarah Smith"}, {"@type": "Person", "url": "https://www.imdb.com/name/nm2190815/", "name": "Jean-Philippe Vine"}, {"@type": "Person", "url": "https://www.imdb.com/name/nm3185614/", "name": "Octavio E. Rodriguez"}], "creator": [{"@type": "Organization", "url": "https://www.imdb.com/company/co0781821/"}, {"@type": "Organization", "url": "https://www.imdb.com/company/co0420822/"}, {"@type": "Organization", "url": "https://www.imdb.com/company/co0477951/"}, {"@type": "Person", "url": "https://www.imdb.com/name/nm0063165/", "name": "Peter Baynham"}, {"@type": "Person", "url": "https://www.imdb.com/name/nm0809877/", "name": "Sarah Smith"}], "duration": "PT1H47M"}, "imdbId": "tt7504818", "top": {"id": "tt7504818", "productionStatus": {"currentProductionStage": {"id": "released", "text": "Released", "__typename": "ProductionStage"}, "productionStatusHistory": [{"status": {"id": "pre_production", "text": "Pre-production", "__typename": "ProductionStatus"}, "__typename": "ProductionStatusHistory"}, {"status": {"id": "filming", "text": "Filming", "__typename": "ProductionStatus"}, "__typename": "ProductionStatusHistory"}, {"status": {"id": "post_production", "text": "Post-production", "__typename": "ProductionStatus"}, "__typename": "ProductionStatusHistory"}, {"status": {"id": "released", "text": "Released", "__typename": "ProductionStatus"}, "__typename": "ProductionStatusHistory"}], "restriction": null, "__typename": "ProductionStatusDetails"}, "canHaveEpisodes": false, "series": null, "titleText": {"text": "Ron's Gone Wrong", "__typename": "TitleText"}, "titleType": {"displayableProperty": {"value": {"plainText": "", "__typename": "Markdown"}, "__typename": "DisplayableTitleTypeProperty"}, "text": "Movie", "id": "movie", "isSeries": false, "isEpisode": false, "categories": [{"value": "movie", "__typename": "TitleTypeCategory"}], "canHaveEpisodes": false, "__typename": "TitleType"}, "originalTitleText": {"text": "Ron's Gone Wrong", "__typename": "TitleText"}, "certificate": {"rating": "U", "__typename": "Certificate"}, "releaseYear": {"year": 2021, "endYear": null, "__typename": "YearRange"}, "releaseDate": {"day": 29, "month": 10, "year": 2021, "__typename": "ReleaseDate"}, "runtime": {"seconds": 6420, "displayableProperty": {"value": {"plainText": "1h 47m", "__typename": "Markdown"}, "__typename": "DisplayableTitleRuntimeProperty"}, "__typename": "Runtime"}, "canRate": {"isRatable": true, "__typename": "CanRate"}, "ratingsSummary": {"aggregateRating": 7.1, "voteCount": 41649, "__typename": "RatingsSummary"}, "meterRanking": null, "primaryImage": {"id": "rm2383803137", "width": 1086, "height": 1609, "url": "https://m.media-amazon.com/images/M/MV5BZDg1MzU2OGMtMDIyNi00YjUzLWIzNjMtZGY4OTM3ZmM0MzY4XkEyXkFqcGc@._V1_.jpg", "caption": {"plainText": "Zach Galifianakis, Jack Dylan Grazer, and Kyliegh Curran in Ron's Gone Wrong (2021)", "__typename": "Markdown"}, "__typename": "Image"}, "images": {"total": 446, "edges": [{"node": {"id": "rm2367025921", "__typename": "Image"}, "__typename": "ImageEdge"}], "__typename": "ImageConnection"}, "videos": {"total": 15, "__typename": "TitleRelatedVideosConnection"}, "primaryVideos": {"edges": [{"node": {"id": "vi481674009", "createdDate": "2021-09-09T16:02:09.945Z", "isMature": false, "runtime": {"value": 145, "__typename": "VideoRuntime"}, "name": {"value": "Official Trailer", "language": "en", "__typename": "LocalizedString"}, "description": {"value": "'Ron\u2019s Gone Wrong' is the story of Barney, a socially awkward middle-schooler and Ron, his new walking, talking, digitally-connected device, which is supposed to be his \u201cBest Friend out of the Box.\u201d Ron\u2019s hilarious malfunctions set against the backdrop of the social media age, launch them into an action-packed journey in which boy and robot come to terms with the wonderful messiness of true friendship. 'Ron\u2019s Gone Wrong' features the voices of Zach Galifianakis, Jack Dylan Grazer, Olivia Colman, Ed Helms, Justice Smith, Rob Delaney, Kylie Cantrall, Ricardo Hurtado, Marcus Scribner, Thomas Barbusca.", "language": "en", "__typename": "LocalizedString"}, "timedTextTracks": [], "recommendedTimedTextTrack": null, "thumbnail": {"url": "https://m.media-amazon.com/images/M/MV5BZTZmZTMwYWEtMGI1My00OWUzLThhYzktY2RiNzIwYTllMjY1XkEyXkFqcGdeQXNuZXNodQ@@._V1_.jpg", "height": 1716, "width": 3051, "__typename": "Thumbnail"}, "primaryTitle": {"id": "tt7504818", "titleText": {"text": "Ron's Gone Wrong", "__typename": "TitleText"}, "originalTitleText": {"text": "Ron's Gone Wrong", "__typename": "TitleText"}, "releaseYear": {"year": 2021, "__typename": "YearRange"}, "__typename": "Title"}, "playbackURLs": [{"displayName": {"value": "480p", "language": "en-US", "__typename": "LocalizedString"}, "videoMimeType": "MP4", "videoDefinition": "DEF_480p", "url": "https://imdb-video.media-imdb.com/vi481674009/1434659607842-pgv4ql-1631203330346.mp4?Expires=1730927577&Signature=cZxU3s6-XQUZPfb2kGIPpqtHc5GDdBGxitc196U6m6XiRGzccpgyspf1jaeLLMyCGmrv2MqS3QF--xT6VhMwMmCBi1XuBl477lBvzV0w1Jir53U1JhaYzsAOz8K37O1G1xw~tRWzdouK2bEe~T1kzU-UoIflEmVSPX6jiutkE1naVNIm1Z40z6ezAykRRFxkusIvZgamk8X5A0vN1MROKTFm8SYD6X~q80zglcTzBLMW209MiGiSPDeVYO8yEBQsN-rXqTL-hVJYdr-mrVrgbDmQh0E5uh1voPs18h1qwVp2vkmexxAwREvvgmbaFgypejUKTRGa2dT6nTxYr1cCYg__&Key-Pair-Id=APKAIFLZBVQZ24NQH3KA", "__typename": "PlaybackURL"}, {"displayName": {"value": "SD", "language": "en-US", "__typename": "LocalizedString"}, "videoMimeType": "MP4", "videoDefinition": "DEF_SD", "url": "https://imdb-video.media-imdb.com/vi481674009/1434659454657-dx9ykf-1631203330347.mp4?Expires=1730927577&Signature=GpbtwCd~EiRF4KBKm7PVwIpGPy0eXpQ1bf-v~xicB8ZJ0cPhul22WZJVrSLqBTRdXurFMgBmK9k-1YmV8ElpOADVqUxGBsTNdo9aR8rnyQpcwWTmzII8XqAw7JRRWK3movpjyOGEA2weHJXWPEEU~gNBYHski0fbqikN-erVdbHbgavhAmnaZma~j3a-L2x8yz9ILYFqweg0ubyTjc-IPpXh8ELegFzJ6NpCdmKInLGkuA1VRAenqNKD2ueWyln7ig5KyicxcIxlMDe-7QoJDlqOQO1HzcRLZ5~hpJGUwF9t9kX9ctBi7ZehOY88cRMooVDjQ~POMAhamfn1TiDMbg__&Key-Pair-Id=APKAIFLZBVQZ24NQH3KA", "__typename": "PlaybackURL"}], "contentType": {"id": "amzn1.imdb.video.contenttype.trailer", "displayName": {"value": "Trailer", "__typename": "LocalizedString"}, "__typename": "VideoContentType"}, "previewURLs": [{"displayName": {"value": "AUTO", "language": "en-US", "__typename": "LocalizedString"}, "videoMimeType": "M3U8", "videoDefinition": "DEF_AUTO", "url": "https://imdb-video.media-imdb.com/vi481674009/hls-preview-55fda44f-516b-44a8-a15f-17bc2dfec0ba.m3u8?Expires=1730927577&Signature=VoywL7wIMPZRTi8rOjY2SzcxO4B3Q61REFUIjK5HEaNTO50Qu2FUN6OczInXHNIrNwCSeDvPhqTZcaFJsgcXjzQGbqHa-H3NGn7OZ6a~tvZMwMbATolnSWqSblEQbsZRmBABYPZ~7IZpYDs8oQ9TPAG~IM4X0BXh-pGL34oYxaP8kLg3nRXaxkecNXvecR7w8p5OBoP5DhiUChvoec-aRhZKY-3v9Zi~dT-hyR~64WJpYfZRtQzsZ6G-AFWydbgum44gC490u-M0W15N3b1nw0zN7ODvCZ76kHClvlvSFB58Y8hI2h0AfYo~OX392GwsugltyonMb64yk-ZjeTUApA__&Key-Pair-Id=APKAIFLZBVQZ24NQH3KA", "__typename": "PlaybackURL"}], "__typename": "Video"}, "__typename": "VideoEdge"}, {"node": {"id": "vi3862806553", "createdDate": "2021-06-08T14:57:23.962Z", "isMature": false, "runtime": {"value": 123, "__typename": "VideoRuntime"}, "name": {"value": "Official Trailer", "language": "en", "__typename": "LocalizedString"}, "description": {"value": "20th Century Studios and Locksmith Animation\u2019s \u201cRon\u2019s Gone Wrong\u201d is the story of Barney, a socially awkward middle-schooler and Ron, his new walking, talking, digitally-connected device, which is supposed to be his \u201cBest Friend out of the Box.\u201d Ron\u2019s hilarious malfunctions, set against the backdrop of the social media age, launch them into an action-packed journey in which boy and robot come to terms with the wonderful messiness of true friendship. ", "language": "en", "__typename": "LocalizedString"}, "timedTextTracks": [], "recommendedTimedTextTrack": null, "thumbnail": {"url": "https://m.media-amazon.com/images/M/MV5BZmVhMTc4YWMtZjhkOS00ZWVhLWExNWEtMWQ5OWI4MmUyNzVhXkEyXkFqcGdeQWRvb2xpbmhk._V1_.jpg", "height": 847, "width": 1507, "__typename": "Thumbnail"}, "primaryTitle": {"id": "tt7504818", "titleText": {"text": "Ron's Gone Wrong", "__typename": "TitleText"}, "originalTitleText": {"text": "Ron's Gone Wrong", "__typename": "TitleText"}, "releaseYear": {"year": 2021, "__typename": "YearRange"}, "__typename": "Title"}, "playbackURLs": [{"displayName": {"value": "480p", "language": "en-US", "__typename": "LocalizedString"}, "videoMimeType": "MP4", "videoDefinition": "DEF_480p", "url": "https://imdb-video.media-imdb.com/vi3862806553/1434659607842-pgv4ql-1623164244311.mp4?Expires=1730927577&Signature=OQ60dY0bhshccbNbmiiWEXS4jPMLzafXxasRCqur71EXZpz~mNg3HpAwmVWNC9EKItAA9~UT0pHogZUdmxg9EBqA43jZ6Y4GQ3Ldzl24B04rVdu3lzV8QM7RZ8i95o-Sbrtp7Hjl1Bz9L14ILeTZ26rGCDLjnTc9b~EEivsQMbvYOJazhqhFe7rpBCQsoeFbCsFPSNehUA10hhJV0JFVNN0OVQHxqR~FQGHd1geL-~9qV1FaNpI1qYglkgGGJvrYMFBg2Bg19-p3SeCmUw4SFu5gvdxCrYa0Jo2O2Srhd~TZuKQy~aRcU7P1vdbWO9niis92qvEytGoLlihaGYdmfw__&Key-Pair-Id=APKAIFLZBVQZ24NQH3KA", "__typename": "PlaybackURL"}, {"displayName": {"value": "SD", "language": "en-US", "__typename": "LocalizedString"}, "videoMimeType": "MP4", "videoDefinition": "DEF_SD", "url": "https://imdb-video.media-imdb.com/vi3862806553/1434659454657-dx9ykf-1623164244311.mp4?Expires=1730927577&Signature=jqK3p9y4ghIe6BBLadq6F8zDc-MkB-W4lLOQWSs9zMb60NszLp4T4VSnepu9PElK9v3lNcWbxrm94ZR4raCc6c6GlUXG0kco8pNHIrAwTfyr92P2-Ltpom3cdh7e5tu6IAqgZreHuo~eaHK1aTNbzMpyHlP94eWL-a9rInqYatRn354ctrzFImNaOsmseWggpn6-EjV5lLkMkmNcj7WiTOiN8N74lFlFtneMwXK6zxk-scehUZhn~7Uhxk243nWKQYNiKB5zTCljOZ473aL0dbjO77hRuSP554MDkcChn6jEHRKV30pLm6j~RObd7ywQEgDyIXare~pC8F7nx1Y6dw__&Key-Pair-Id=APKAIFLZBVQZ24NQH3KA", "__typename": "PlaybackURL"}], "contentType": {"id": "amzn1.imdb.video.contenttype.trailer", "displayName": {"value": "Trailer", "__typename": "LocalizedString"}, "__typename": "VideoContentType"}, "previewURLs": [{"displayName": {"value": "AUTO", "language": "en-US", "__typename": "LocalizedString"}, "videoMimeType": "M3U8", "videoDefinition": "DEF_AUTO", "url": "https://imdb-video.media-imdb.com/vi3862806553/hls-preview-0b454ea2-74e1-498e-99df-8f76a095abd2.m3u8?Expires=1730927577&Signature=uTTk3-E0sk1HZimgilcwAZxAnjb2pv03xWeUvIP963j-coa9nrTIjFhzFeCWV6HtWrZW3dCN~4TMXJkflYlx~1gAsnGbpEByuxMB9~ZlQg-7NEXEjicJPtesUOpRNBL8xvfGQERKTcQq9SJ5QHgnmOTV3SgRbk3Q~s4DEBmNDOGmtTwKTKvillbOHz4PbjD5dDXMlF2SmEZV2rBNvE--8zGjKcz3JzML9hfl3RDYVRYFzBYtYyYFFjITihDUF3QmueOxMFV~dsC7DU8jUOO5hJJyqzx~1lgXyKg0HNaT47g~qGyvD9OQv9vYVS111ia0N-ObfqyRQVq~5Ftqn7MKDA__&Key-Pair-Id=APKAIFLZBVQZ24NQH3KA", "__typename": "PlaybackURL"}], "__typename": "Video"}, "__typename": "VideoEdge"}], "__typename": "VideoConnection"}, "externalLinks": {"total": 161, "__typename": "ExternalLinkConnection"}, "metacritic": {"metascore": {"score": 65, "__typename": "Metascore"}, "__typename": "Metacritic"}, "keywords": {"total": 91, "edges": [{"node": {"text": "robot", "__typename": "TitleKeyword"}, "__typename": "TitleKeywordEdge"}, {"node": {"text": "friendship", "__typename": "TitleKeyword"}, "__typename": "TitleKeywordEdge"}, {"node": {"text": "school", "__typename": "TitleKeyword"}, "__typename": "TitleKeywordEdge"}, {"node": {"text": "scooter", "__typename": "TitleKeyword"}, "__typename": "TitleKeywordEdge"}, {"node": {"text": "woods", "__typename": "TitleKeyword"}, "__typename": "TitleKeywordEdge"}], "__typename": "TitleKeywordConnection"}, "isAdult": false, "genres": {"genres": [{"text": "Animation", "id": "Animation", "__typename": "Genre"}, {"text": "Adventure", "id": "Adventure", "__typename": "Genre"}, {"text": "Comedy", "id": "Comedy", "__typename": "Genre"}, {"text": "Family", "id": "Family", "__typename": "Genre"}, {"text": "Sci-Fi", "id": "Sci-Fi", "__typename": "Genre"}], "__typename": "Genres"}, "interests": {"edges": [{"node": {"id": "in0000028", "primaryText": {"text": "Computer Animation", "__typename": "InterestText"}, "__typename": "Interest"}, "__typename": "InterestEdge"}, {"node": {"id": "in0000012", "primaryText": {"text": "Adventure", "__typename": "InterestText"}, "__typename": "Interest"}, "__typename": "InterestEdge"}, {"node": {"id": "in0000026", "primaryText": {"text": "Animation", "__typename": "InterestText"}, "__typename": "Interest"}, "__typename": "InterestEdge"}, {"node": {"id": "in0000034", "primaryText": {"text": "Comedy", "__typename": "InterestText"}, "__typename": "Interest"}, "__typename": "InterestEdge"}, {"node": {"id": "in0000093", "primaryText": {"text": "Family", "__typename": "InterestText"}, "__typename": "Interest"}, "__typename": "InterestEdge"}, {"node": {"id": "in0000162", "primaryText": {"text": "Sci-Fi", "__typename": "InterestText"}, "__typename": "Interest"}, "__typename": "InterestEdge"}], "__typename": "InterestConnection"}, "plot": {"plotText": {"plainText": "The story of Barney, an awkward middle-schooler and Ron, his new walking, talking, digitally-connected device. Ron's malfunctions set against the backdrop of the social media age launch them on a journey to learn about true friendship.", "__typename": "Markdown"}, "language": {"id": "en-US", "__typename": "DisplayableLanguage"}, "__typename": "Plot"}, "plotContributionLink": {"url": "https://contribute.imdb.com/updates?update=tt7504818:outlines.add.1.locale~en-US", "__typename": "ContributionLink"}, "credits": {"total": 638, "__typename": "CreditConnection"}, "principalCredits": [{"totalCredits": 3, "category": {"text": "Directors", "id": "director", "__typename": "CreditCategory"}, "credits": [{"name": {"nameText": {"text": "Sarah Smith", "__typename": "NameText"}, "id": "nm0809877", "__typename": "Name"}, "attributes": null, "__typename": "Crew"}, {"name": {"nameText": {"text": "Jean-Philippe Vine", "__typename": "NameText"}, "id": "nm2190815", "__typename": "Name"}, "attributes": null, "__typename": "Crew"}, {"name": {"nameText": {"text": "Octavio E. Rodriguez", "__typename": "NameText"}, "id": "nm3185614", "__typename": "Name"}, "attributes": null, "__typename": "Crew"}], "__typename": "PrincipalCreditsForCategory"}, {"totalCredits": 2, "category": {"text": "Writers", "id": "writer", "__typename": "CreditCategory"}, "credits": [{"name": {"nameText": {"text": "Peter Baynham", "__typename": "NameText"}, "id": "nm0063165", "__typename": "Name"}, "attributes": null, "__typename": "Crew"}, {"name": {"nameText": {"text": "Sarah Smith", "__typename": "NameText"}, "id": "nm0809877", "__typename": "Name"}, "attributes": null, "__typename": "Crew"}], "__typename": "PrincipalCreditsForCategory"}, {"totalCredits": 54, "category": {"text": "Stars", "id": "cast", "__typename": "CreditCategory"}, "credits": [{"name": {"nameText": {"text": "Jack Dylan Grazer", "__typename": "NameText"}, "id": "nm6244013", "__typename": "Name"}, "attributes": [{"text": "voice", "__typename": "MiscellaneousCreditAttribute"}], "__typename": "Cast"}, {"name": {"nameText": {"text": "Zach Galifianakis", "__typename": "NameText"}, "id": "nm0302108", "__typename": "Name"}, "attributes": [{"text": "voice", "__typename": "MiscellaneousCreditAttribute"}], "__typename": "Cast"}, {"name": {"nameText": {"text": "Ed Helms", "__typename": "NameText"}, "id": "nm1159180", "__typename": "Name"}, "attributes": [{"text": "voice", "__typename": "MiscellaneousCreditAttribute"}], "__typename": "Cast"}], "__typename": "PrincipalCreditsForCategory"}], "reviews": {"total": 212, "__typename": "ReviewsConnection"}, "criticReviewsTotal": {"total": 118, "__typename": "ExternalLinkConnection"}, "triviaTotal": {"total": 22, "__typename": "TriviaConnection"}, "engagementStatistics": {"watchlistStatistics": {"displayableCount": {"text": "Added by 44.2K users", "__typename": "LocalizedDisplayableCount"}, "__typename": "WatchlistStatistics"}, "__typename": "EngagementStatistics"}, "subNavCredits": {"total": 638, "__typename": "CreditConnection"}, "subNavReviews": {"total": 212, "__typename": "ReviewsConnection"}, "subNavTrivia": {"total": 22, "__typename": "TriviaConnection"}, "subNavFaqs": {"total": 0, "__typename": "FaqConnection"}, "subNavTopQuestions": {"total": 17, "__typename": "AlexaQuestionConnection"}, "titleGenres": {"genres": [{"genre": {"text": "Animation", "__typename": "GenreItem"}, "__typename": "TitleGenre"}, {"genre": {"text": "Adventure", "__typename": "GenreItem"}, "__typename": "TitleGenre"}, {"genre": {"text": "Comedy", "__typename": "GenreItem"}, "__typename": "TitleGenre"}], "__typename": "TitleGenres"}, "meta": {"canonicalId": "tt7504818", "publicationStatus": "PUBLISHED", "__typename": "TitleMeta"}, "castPageTitle": {"edges": [{"node": {"name": {"id": "nm6244013", "nameText": {"text": "Jack Dylan Grazer", "__typename": "NameText"}, "__typename": "Name"}, "__typename": "Cast"}, "__typename": "CreditEdge"}, {"node": {"name": {"id": "nm0302108", "nameText": {"text": "Zach Galifianakis", "__typename": "NameText"}, "__typename": "Name"}, "__typename": "Cast"}, "__typename": "CreditEdge"}, {"node": {"name": {"id": "nm1159180", "nameText": {"text": "Ed Helms", "__typename": "NameText"}, "__typename": "Name"}, "__typename": "Cast"}, "__typename": "CreditEdge"}, {"node": {"name": {"id": "nm1469236", "nameText": {"text": "Olivia Colman", "__typename": "NameText"}, "__typename": "Name"}, "__typename": "Cast"}, "__typename": "CreditEdge"}], "__typename": "CreditConnection"}, "creatorsPageTitle": [], "directorsPageTitle": [{"credits": [{"name": {"id": "nm0809877", "nameText": {"text": "Sarah Smith", "__typename": "NameText"}, "__typename": "Name"}, "__typename": "Crew"}, {"name": {"id": "nm2190815", "nameText": {"text": "Jean-Philippe Vine", "__typename": "NameText"}, "__typename": "Name"}, "__typename": "Crew"}, {"name": {"id": "nm3185614", "nameText": {"text": "Octavio E. Rodriguez", "__typename": "NameText"}, "__typename": "Name"}, "__typename": "Crew"}], "__typename": "PrincipalCreditsForCategory"}], "countriesOfOrigin": {"countries": [{"id": "US", "__typename": "CountryOfOrigin"}], "__typename": "CountriesOfOrigin"}, "production": {"edges": [{"node": {"company": {"id": "co0781821", "companyText": {"text": "20th Century Studios", "__typename": "CompanyText"}, "__typename": "Company"}, "__typename": "CompanyCredit"}, "__typename": "CompanyCreditEdge"}, {"node": {"company": {"id": "co0420822", "companyText": {"text": "TSG Entertainment", "__typename": "CompanyText"}, "__typename": "Company"}, "__typename": "CompanyCredit"}, "__typename": "CompanyCreditEdge"}, {"node": {"company": {"id": "co0477951", "companyText": {"text": "Locksmith Animation", "__typename": "CompanyText"}, "__typename": "Company"}, "__typename": "CompanyCredit"}, "__typename": "CompanyCreditEdge"}], "__typename": "CompanyCreditConnection"}, "featuredReviews": {"edges": [{"node": {"author": {"nickName": "Movi3DO", "__typename": "UserProfile"}, "summary": {"originalText": "Not bad", "__typename": "ReviewSummary"}, "text": {"originalText": {"plainText": "Ron: \"Are you my best friend?\" Oh damn.\n\nBeing alone in the theater was a blessing because I was able to laugh out loud with this one. The story was super formulaic with concrete acts and turning points. The theme was nothing new and felt redundant.\n\nHowever, I adored the relationship between the main kid Barney and the malfunctioning bebot Ron. They cracked me up multiple times. The more I watched, the more I became invested in their relationship.\n\nOverall, it's a movie that you have seen many times before, but the strong and sweet relationship between the two main characters made this worth a watch. 7.5/10.", "__typename": "Markdown"}, "__typename": "ReviewText"}, "authorRating": 7, "submissionDate": "2021-10-22", "__typename": "Review"}, "__typename": "ReviewEdge"}], "__typename": "ReviewsConnection"}, "__typename": "Title"}, "main": {"id": "tt7504818", "wins": {"total": 0, "__typename": "AwardNominationConnection"}, "nominationsExcludeWins": {"total": 10, "__typename": "AwardNominationConnection"}, "prestigiousAwardSummary": null, "ratingsSummary": {"topRanking": {"id": "topRated:tt7504818:en_US", "text": {"value": "Top Rated", "__typename": "LocalizedString"}, "rank": 2446, "__typename": "TopRanking"}, "__typename": "RatingsSummary"}, "episodes": null, "videos": {"total": 15, "__typename": "TitleRelatedVideosConnection"}, "videoStrip": {"edges": [{"node": {"id": "vi481674009", "contentType": {"displayName": {"value": "Trailer", "__typename": "LocalizedString"}, "__typename": "VideoContentType"}, "name": {"value": "Official Trailer", "__typename": "LocalizedString"}, "runtime": {"value": 145, "__typename": "VideoRuntime"}, "thumbnail": {"height": 1716, "url": "https://m.media-amazon.com/images/M/MV5BZTZmZTMwYWEtMGI1My00OWUzLThhYzktY2RiNzIwYTllMjY1XkEyXkFqcGdeQXNuZXNodQ@@._V1_.jpg", "width": 3051, "__typename": "Thumbnail"}, "__typename": "Video"}, "__typename": "VideoEdge"}, {"node": {"id": "vi3862806553", "contentType": {"displayName": {"value": "Trailer", "__typename": "LocalizedString"}, "__typename": "VideoContentType"}, "name": {"value": "Official Trailer", "__typename": "LocalizedString"}, "runtime": {"value": 123, "__typename": "VideoRuntime"}, "thumbnail": {"height": 847, "url": "https://m.media-amazon.com/images/M/MV5BZmVhMTc4YWMtZjhkOS00ZWVhLWExNWEtMWQ5OWI4MmUyNzVhXkEyXkFqcGdeQWRvb2xpbmhk._V1_.jpg", "width": 1507, "__typename": "Thumbnail"}, "__typename": "Video"}, "__typename": "VideoEdge"}, {"node": {"id": "vi1039123225", "contentType": {"displayName": {"value": "Trailer", "__typename": "LocalizedString"}, "__typename": "VideoContentType"}, "name": {"value": "Ron's Gone Wrong", "__typename": "LocalizedString"}, "runtime": {"value": 150, "__typename": "VideoRuntime"}, "thumbnail": {"height": 1080, "url": "https://m.media-amazon.com/images/M/MV5BZDk3YmFkMjYtZTFlNy00MjQxLTg0ZjQtZDVlMDI2NDNlZTViXkEyXkFqcGdeQVRoaXJkUGFydHlJbmdlc3Rpb25Xb3JrZmxvdw@@._V1_.jpg", "width": 1920, "__typename": "Thumbnail"}, "__typename": "Video"}, "__typename": "VideoEdge"}, {"node": {"id": "vi884392729", "contentType": {"displayName": {"value": "Trailer", "__typename": "LocalizedString"}, "__typename": "VideoContentType"}, "name": {"value": "Ron's Gone Wrong", "__typename": "LocalizedString"}, "runtime": {"value": 153, "__typename": "VideoRuntime"}, "thumbnail": {"height": 1080, "url": "https://m.media-amazon.com/images/M/MV5BNTFhNmYwZjAtNDJkNC00MDA3LWExMDAtMDViYmZhM2U3NDcwXkEyXkFqcGdeQVRoaXJkUGFydHlJbmdlc3Rpb25Xb3JrZmxvdw@@._V1_.jpg", "width": 1920, "__typename": "Thumbnail"}, "__typename": "Video"}, "__typename": "VideoEdge"}, {"node": {"id": "vi2772418585", "contentType": {"displayName": {"value": "Trailer", "__typename": "LocalizedString"}, "__typename": "VideoContentType"}, "name": {"value": "Ron's Gone Wrong", "__typename": "LocalizedString"}, "runtime": {"value": 126, "__typename": "VideoRuntime"}, "thumbnail": {"height": 1080, "url": "https://m.media-amazon.com/images/M/MV5BNzA5ZDlhNDAtNTY2YS00MTg4LTlhZGUtOTIxYjIzMjY3YzAxXkEyXkFqcGdeQVRoaXJkUGFydHlJbmdlc3Rpb25Xb3JrZmxvdw@@._V1_.jpg", "width": 1920, "__typename": "Thumbnail"}, "__typename": "Video"}, "__typename": "VideoEdge"}, {"node": {"id": "vi2755641369", "contentType": {"displayName": {"value": "Trailer", "__typename": "LocalizedString"}, "__typename": "VideoContentType"}, "name": {"value": "Ron's Gone Wrong", "__typename": "LocalizedString"}, "runtime": {"value": 130, "__typename": "VideoRuntime"}, "thumbnail": {"height": 1080, "url": "https://m.media-amazon.com/images/M/MV5BYjhhMDk2MDEtMWI3OC00NDkxLTg5ZTgtY2ViOTNjNDVmOTcyXkEyXkFqcGdeQVRoaXJkUGFydHlJbmdlc3Rpb25Xb3JrZmxvdw@@._V1_.jpg", "width": 1920, "__typename": "Thumbnail"}, "__typename": "Video"}, "__typename": "VideoEdge"}, {"node": {"id": "vi8766233", "contentType": {"displayName": {"value": "Clip", "__typename": "LocalizedString"}, "__typename": "VideoContentType"}, "name": {"value": "'Ron's Gone Wrong' Stars Reveal the Robots Who First Stole Their Hearts", "__typename": "LocalizedString"}, "runtime": {"value": 185, "__typename": "VideoRuntime"}, "thumbnail": {"height": 1080, "url": "https://m.media-amazon.com/images/M/MV5BNjk0YjAxZTEtZjJlZS00ZGU3LWExNGUtODM5MDAwOTQxMzdjXkEyXkFqcGdeQXJoYW5uYWg@._V1_.jpg", "width": 1920, "__typename": "Thumbnail"}, "__typename": "Video"}, "__typename": "VideoEdge"}, {"node": {"id": "vi4206674713", "contentType": {"displayName": {"value": "Clip", "__typename": "LocalizedString"}, "__typename": "VideoContentType"}, "name": {"value": "Highly Anticipated Movies and TV Shows to Watch in October 2021", "__typename": "LocalizedString"}, "runtime": {"value": 170, "__typename": "VideoRuntime"}, "thumbnail": {"height": 1080, "url": "https://m.media-amazon.com/images/M/MV5BNzY4NDk3MjAtNDBkOC00OTMyLWE5OTEtZjBhYWQ5YTIwODZiXkEyXkFqcGdeQWplZmZscA@@._V1_.jpg", "width": 1920, "__typename": "Thumbnail"}, "__typename": "Video"}, "__typename": "VideoEdge"}, {"node": {"id": "vi2217133337", "contentType": {"displayName": {"value": "Clip", "__typename": "LocalizedString"}, "__typename": "VideoContentType"}, "name": {"value": "Ron's Gone Wrong: Illegal Bot (UK)", "__typename": "LocalizedString"}, "runtime": {"value": 56, "__typename": "VideoRuntime"}, "thumbnail": {"height": 729, "url": "https://m.media-amazon.com/images/M/MV5BZTFiNmMyNTYtZDA5OC00MmNkLWE1NWEtMDdhYTBiY2VkM2JjXkEyXkFqcGdeQVRoaXJkUGFydHlJbmdlc3Rpb25Xb3JrZmxvdw@@._V1_.jpg", "width": 1296, "__typename": "Thumbnail"}, "__typename": "Video"}, "__typename": "VideoEdge"}, {"node": {"id": "vi2150024473", "contentType": {"displayName": {"value": "Clip", "__typename": "LocalizedString"}, "__typename": "VideoContentType"}, "name": {"value": "Ron's Gone Wrong: Friend Request", "__typename": "LocalizedString"}, "runtime": {"value": 56, "__typename": "VideoRuntime"}, "thumbnail": {"height": 559, "url": "https://m.media-amazon.com/images/M/MV5BMDJkNzk4NjQtMmJlNS00OGE5LWJkODUtM2FiODE3NjRjYTZjXkEyXkFqcGdeQVRoaXJkUGFydHlJbmdlc3Rpb25Xb3JrZmxvdw@@._V1_.jpg", "width": 994, "__typename": "Thumbnail"}, "__typename": "Video"}, "__typename": "VideoEdge"}, {"node": {"id": "vi2401682713", "contentType": {"displayName": {"value": "Clip", "__typename": "LocalizedString"}, "__typename": "VideoContentType"}, "name": {"value": "Ron's Gone Wrong: Insert Registered Name (Canada)", "__typename": "LocalizedString"}, "runtime": {"value": 69, "__typename": "VideoRuntime"}, "thumbnail": {"height": 748, "url": "https://m.media-amazon.com/images/M/MV5BOWM4ODA3ZGMtOTMyZS00YThlLWFmNGItOTM1NzBiYTczZWQ1XkEyXkFqcGdeQVRoaXJkUGFydHlJbmdlc3Rpb25Xb3JrZmxvdw@@._V1_.jpg", "width": 1329, "__typename": "Thumbnail"}, "__typename": "Video"}, "__typename": "VideoEdge"}, {"node": {"id": "vi2384905497", "contentType": {"displayName": {"value": "Clip", "__typename": "LocalizedString"}, "__typename": "VideoContentType"}, "name": {"value": "Ron's Gone Wrong: Insert Registered Name", "__typename": "LocalizedString"}, "runtime": {"value": 69, "__typename": "VideoRuntime"}, "thumbnail": {"height": 627, "url": "https://m.media-amazon.com/images/M/MV5BOWU2MTBhMDctMjI3OC00NzZmLWJjYmYtZjdhMDgyY2I2Nzg5XkEyXkFqcGdeQVRoaXJkUGFydHlJbmdlc3Rpb25Xb3JrZmxvdw@@._V1_.jpg", "width": 1115, "__typename": "Thumbnail"}, "__typename": "Video"}, "__typename": "VideoEdge"}], "__typename": "VideoConnection"}, "titleMainImages": {"total": 446, "edges": [{"node": {"id": "rm2367025921", "url": "https://m.media-amazon.com/images/M/MV5BMDg1ZjA4MDMtY2ZkMS00ODJlLTg0ZWYtMmRjZWQ5ZDdiYzA3XkEyXkFqcGc@._V1_.jpg", "caption": {"plainText": "Zach Galifianakis and Jack Dylan Grazer in Ron's Gone Wrong (2021)", "__typename": "Markdown"}, "height": 1716, "width": 4096, "__typename": "Image"}, "__typename": "ImageEdge"}, {"node": {"id": "rm2350248705", "url": "https://m.media-amazon.com/images/M/MV5BMzU4ZDk1MDEtYzAyMy00NTFiLThhZmItYzdiMzFlOGE2NjhlXkEyXkFqcGc@._V1_.jpg", "caption": {"plainText": "Zach Galifianakis in Ron's Gone Wrong (2021)", "__typename": "Markdown"}, "height": 1716, "width": 4096, "__typename": "Image"}, "__typename": "ImageEdge"}, {"node": {"id": "rm2478949633", "url": "https://m.media-amazon.com/images/M/MV5BZDc3MWNlMDYtYTE1YS00ZmI4LTk1ZjMtZGYyMTc0MWYzZTUyXkEyXkFqcGc@._V1_.jpg", "caption": {"plainText": "Zach Galifianakis and Jack Dylan Grazer in Ron's Gone Wrong (2021)", "__typename": "Markdown"}, "height": 858, "width": 2048, "__typename": "Image"}, "__typename": "ImageEdge"}, {"node": {"id": "rm2462172417", "url": "https://m.media-amazon.com/images/M/MV5BYmNkZjFjYWEtMjk4NS00MTM4LTk2NzMtNmRlNmU0MTZjNGE3XkEyXkFqcGc@._V1_.jpg", "caption": {"plainText": "Zach Galifianakis in Ron's Gone Wrong (2021)", "__typename": "Markdown"}, "height": 1716, "width": 4096, "__typename": "Image"}, "__typename": "ImageEdge"}, {"node": {"id": "rm3910391553", "url": "https://m.media-amazon.com/images/M/MV5BYmY4YTZkNWMtOTdiMS00ZTk3LWJiY2EtNTc1ZWNmOGVkMTQ4XkEyXkFqcGc@._V1_.jpg", "caption": {"plainText": "Zach Galifianakis and Jack Dylan Grazer in Ron's Gone Wrong (2021)", "__typename": "Markdown"}, "height": 858, "width": 2048, "__typename": "Image"}, "__typename": "ImageEdge"}, {"node": {"id": "rm3927168769", "url": "https://m.media-amazon.com/images/M/MV5BNDA0MjJhNjMtNmZkYy00ZmJkLWE2NWYtYzE5NDA0M2ZjOGUyXkEyXkFqcGc@._V1_.jpg", "caption": {"plainText": "Zach Galifianakis and Jack Dylan Grazer in Ron's Gone Wrong (2021)", "__typename": "Markdown"}, "height": 858, "width": 2048, "__typename": "Image"}, "__typename": "ImageEdge"}, {"node": {"id": "rm1040719361", "url": "https://m.media-amazon.com/images/M/MV5BMjFjMDhiM2QtMzFjNi00ZjY0LWIwYzQtNTc0OTE4Nzg2ZWQ3XkEyXkFqcGc@._V1_.jpg", "caption": {"plainText": "Zach Galifianakis in Ron's Gone Wrong (2021)", "__typename": "Markdown"}, "height": 429, "width": 300, "__typename": "Image"}, "__typename": "ImageEdge"}, {"node": {"id": "rm1248458497", "url": "https://m.media-amazon.com/images/M/MV5BNWE0MDVhZDMtZTVjMi00ZmFjLWFkMTItMTNiOTU2ZGI1NzE4XkEyXkFqcGc@._V1_.jpg", "caption": {"plainText": "Zach Galifianakis, Marcus Scribner, Cullen McCarthy, Jack Dylan Grazer, Ricardo Hurtado, and Kylie Cantrall in Ron's Gone Wrong (2021)", "__typename": "Markdown"}, "height": 1100, "width": 743, "__typename": "Image"}, "__typename": "ImageEdge"}, {"node": {"id": "rm2650271745", "url": "https://m.media-amazon.com/images/M/MV5BMDQyNzk0N2ItMTdlMy00NjkzLTkyNzUtMWY1YmQxNGFhYmM4XkEyXkFqcGc@._V1_.jpg", "caption": {"plainText": "Zach Galifianakis, Ed Helms, Rob Delaney, Marcus Scribner, Thomas Barbusca, Jack Dylan Grazer, and Kylie Cantrall in Ron's Gone Wrong (2021)", "__typename": "Markdown"}, "height": 1500, "width": 1012, "__typename": "Image"}, "__typename": "ImageEdge"}, {"node": {"id": "rm2383803137", "url": "https://m.media-amazon.com/images/M/MV5BZDg1MzU2OGMtMDIyNi00YjUzLWIzNjMtZGY4OTM3ZmM0MzY4XkEyXkFqcGc@._V1_.jpg", "caption": {"plainText": "Zach Galifianakis, Jack Dylan Grazer, and Kyliegh Curran in Ron's Gone Wrong (2021)", "__typename": "Markdown"}, "height": 1609, "width": 1086, "__typename": "Image"}, "__typename": "ImageEdge"}, {"node": {"id": "rm1684325633", "url": "https://m.media-amazon.com/images/M/MV5BZmMzNTYyMWMtYTU0Ny00NDRiLWI1MGMtNzdmOTJlZjA4MDBlXkEyXkFqcGc@._V1_.jpg", "caption": {"plainText": "Zach Galifianakis in Ron's Gone Wrong (2021)", "__typename": "Markdown"}, "height": 1100, "width": 770, "__typename": "Image"}, "__typename": "ImageEdge"}, {"node": {"id": "rm2445395201", "url": "https://m.media-amazon.com/images/M/MV5BNThhZDNjODgtNjI3Zi00ZTU2LWI2MjctMjc1ZTI2ODcwYjFlXkEyXkFqcGc@._V1_.jpg", "caption": {"plainText": "Zach Galifianakis in Ron's Gone Wrong (2021)", "__typename": "Markdown"}, "height": 3500, "width": 2363, "__typename": "Image"}, "__typename": "ImageEdge"}, {"node": {"id": "rm2465911809", "url": "https://m.media-amazon.com/images/M/MV5BNTY5MGJlNmEtZmY2Mi00M2MyLWJhNTMtOGQzODg0OTcxZTg0XkEyXkFqcGc@._V1_.jpg", "caption": {"plainText": "Ron's Gone Wrong (2021)", "__typename": "Markdown"}, "height": 3098, "width": 2048, "__typename": "Image"}, "__typename": "ImageEdge"}], "__typename": "ImageConnection"}, "productionStatus": {"currentProductionStage": {"id": "released", "text": "Released", "__typename": "ProductionStage"}, "productionStatusHistory": [{"status": {"id": "pre_production", "text": "Pre-production", "__typename": "ProductionStatus"}, "__typename": "ProductionStatusHistory"}, {"status": {"id": "filming", "text": "Filming", "__typename": "ProductionStatus"}, "__typename": "ProductionStatusHistory"}, {"status": {"id": "post_production", "text": "Post-production", "__typename": "ProductionStatus"}, "__typename": "ProductionStatusHistory"}, {"status": {"id": "released", "text": "Released", "__typename": "ProductionStatus"}, "__typename": "ProductionStatusHistory"}], "restriction": null, "__typename": "ProductionStatusDetails"}, "primaryImage": {"id": "rm2383803137", "__typename": "Image"}, "inIframeAddLink": {"url": "https://contribute.imdb.com/image/tt7504818/add?bus=imdb&return_url=https%3A%2F%2Fwww.imdb.com%2Fclose_me&site=web", "__typename": "ContributionLink"}, "notInIframeAddLink": {"url": "https://contribute.imdb.com/image/tt7504818/add?bus=imdb&return_url=https%3A%2F%2Fwww.imdb.com%2Ftitle%2Ftt7504818%2F&site=mobile", "__typename": "ContributionLink"}, "titleType": {"id": "movie", "canHaveEpisodes": false, "__typename": "TitleType"}, "cast": {"total": 54, "edges": [{"node": {"name": {"id": "nm6244013", "nameText": {"text": "Jack Dylan Grazer", "__typename": "NameText"}, "primaryImage": {"url": "https://m.media-amazon.com/images/M/MV5BNjA4M2MxN2QtYTBkOC00NmY4LWI2ZTMtMGY5ZTE2ZjBiOWFjXkEyXkFqcGc@._V1_.jpg", "width": 1580, "height": 2016, "__typename": "Image"}, "__typename": "Name"}, "attributes": [{"text": "voice", "__typename": "MiscellaneousCreditAttribute"}], "category": {"id": "actor", "__typename": "CreditCategory"}, "characters": [{"name": "Barney", "__typename": "Character"}], "episodeCredits": {"total": 0, "yearRange": null, "__typename": "EpisodeCastConnection"}, "__typename": "Cast"}, "__typename": "CreditEdge"}, {"node": {"name": {"id": "nm0302108", "nameText": {"text": "Zach Galifianakis", "__typename": "NameText"}, "primaryImage": {"url": "https://m.media-amazon.com/images/M/MV5BMTQwNzI3NjIwMV5BMl5BanBnXkFtZTcwMzA1OTIwMw@@._V1_.jpg", "width": 273, "height": 400, "__typename": "Image"}, "__typename": "Name"}, "attributes": [{"text": "voice", "__typename": "MiscellaneousCreditAttribute"}], "category": {"id": "actor", "__typename": "CreditCategory"}, "characters": [{"name": "Ron", "__typename": "Character"}], "episodeCredits": {"total": 0, "yearRange": null, "__typename": "EpisodeCastConnection"}, "__typename": "Cast"}, "__typename": "CreditEdge"}, {"node": {"name": {"id": "nm1159180", "nameText": {"text": "Ed Helms", "__typename": "NameText"}, "primaryImage": {"url": "https://m.media-amazon.com/images/M/MV5BMTk2MDQwODEwNV5BMl5BanBnXkFtZTcwNjc4MTY0NA@@._V1_.jpg", "width": 1605, "height": 2048, "__typename": "Image"}, "__typename": "Name"}, "attributes": [{"text": "voice", "__typename": "MiscellaneousCreditAttribute"}], "category": {"id": "actor", "__typename": "CreditCategory"}, "characters": [{"name": "Graham", "__typename": "Character"}], "episodeCredits": {"total": 0, "yearRange": null, "__typename": "EpisodeCastConnection"}, "__typename": "Cast"}, "__typename": "CreditEdge"}, {"node": {"name": {"id": "nm1469236", "nameText": {"text": "Olivia Colman", "__typename": "NameText"}, "primaryImage": {"url": "https://m.media-amazon.com/images/M/MV5BMTY4MzU2ODIzNl5BMl5BanBnXkFtZTgwMTM2OTA1NzM@._V1_.jpg", "width": 1365, "height": 2048, "__typename": "Image"}, "__typename": "Name"}, "attributes": [{"text": "voice", "__typename": "MiscellaneousCreditAttribute"}], "category": {"id": "actress", "__typename": "CreditCategory"}, "characters": [{"name": "Donka", "__typename": "Character"}], "episodeCredits": {"total": 0, "yearRange": null, "__typename": "EpisodeCastConnection"}, "__typename": "Cast"}, "__typename": "CreditEdge"}, {"node": {"name": {"id": "nm3008739", "nameText": {"text": "Rob Delaney", "__typename": "NameText"}, "primaryImage": {"url": "https://m.media-amazon.com/images/M/MV5BZGJjM2MzMTAtMTZiNi00ZDEyLWI2YmEtNWMxYzI0YjA5ZGZiXkEyXkFqcGc@._V1_.jpg", "width": 4000, "height": 5000, "__typename": "Image"}, "__typename": "Name"}, "attributes": [{"text": "voice", "__typename": "MiscellaneousCreditAttribute"}], "category": {"id": "actor", "__typename": "CreditCategory"}, "characters": [{"name": "Andrew", "__typename": "Character"}], "episodeCredits": {"total": 0, "yearRange": null, "__typename": "EpisodeCastConnection"}, "__typename": "Cast"}, "__typename": "CreditEdge"}, {"node": {"name": {"id": "nm6819854", "nameText": {"text": "Justice Smith", "__typename": "NameText"}, "primaryImage": {"url": "https://m.media-amazon.com/images/M/MV5BNjA3ZDE0YmUtMDViNS00MzVhLWE0ZDctYWVkZmU1MGNlMzAzXkEyXkFqcGc@._V1_.jpg", "width": 4704, "height": 3136, "__typename": "Image"}, "__typename": "Name"}, "attributes": [{"text": "voice", "__typename": "MiscellaneousCreditAttribute"}], "category": {"id": "actor", "__typename": "CreditCategory"}, "characters": [{"name": "Marc", "__typename": "Character"}], "episodeCredits": {"total": 0, "yearRange": null, "__typename": "EpisodeCastConnection"}, "__typename": "Cast"}, "__typename": "CreditEdge"}, {"node": {"name": {"id": "nm8492826", "nameText": {"text": "Kylie Cantrall", "__typename": "NameText"}, "primaryImage": {"url": "https://m.media-amazon.com/images/M/MV5BMjdiMWJlOWQtMGNiOC00NzcyLThlYjgtMzUzNjNjNWIxMTZiXkEyXkFqcGc@._V1_.jpg", "width": 1442, "height": 2170, "__typename": "Image"}, "__typename": "Name"}, "attributes": [{"text": "voice", "__typename": "MiscellaneousCreditAttribute"}], "category": {"id": "actress", "__typename": "CreditCategory"}, "characters": [{"name": "Savannah", "__typename": "Character"}], "episodeCredits": {"total": 0, "yearRange": null, "__typename": "EpisodeCastConnection"}, "__typename": "Cast"}, "__typename": "CreditEdge"}, {"node": {"name": {"id": "nm7221817", "nameText": {"text": "Ricardo Hurtado", "__typename": "NameText"}, "primaryImage": {"url": "https://m.media-amazon.com/images/M/MV5BYmQ0Mjk0ZTAtZjBmZC00MGRmLTk1MTMtMDY4NmNiNjM3MTA3XkEyXkFqcGc@._V1_.jpg", "width": 1600, "height": 2000, "__typename": "Image"}, "__typename": "Name"}, "attributes": [{"text": "voice", "__typename": "MiscellaneousCreditAttribute"}], "category": {"id": "actor", "__typename": "CreditCategory"}, "characters": [{"name": "Rich", "__typename": "Character"}], "episodeCredits": {"total": 0, "yearRange": null, "__typename": "EpisodeCastConnection"}, "__typename": "Cast"}, "__typename": "CreditEdge"}, {"node": {"name": {"id": "nm5408447", "nameText": {"text": "Cullen McCarthy", "__typename": "NameText"}, "primaryImage": {"url": "https://m.media-amazon.com/images/M/MV5BOWZmY2NiMWEtYzUxMC00MmE2LTg3MGItN2VhMjQwOTMzZDNiXkEyXkFqcGc@._V1_.jpg", "width": 1200, "height": 1800, "__typename": "Image"}, "__typename": "Name"}, "attributes": [{"text": "voice", "__typename": "MiscellaneousCreditAttribute"}, {"text": "as Cullen James McCarthy", "__typename": "CreditedAsCreditAttribute"}], "category": {"id": "actor", "__typename": "CreditCategory"}, "characters": [{"name": "Noah", "__typename": "Character"}], "episodeCredits": {"total": 0, "yearRange": null, "__typename": "EpisodeCastConnection"}, "__typename": "Cast"}, "__typename": "CreditEdge"}, {"node": {"name": {"id": "nm6205098", "nameText": {"text": "Ava Morse", "__typename": "NameText"}, "primaryImage": {"url": "https://m.media-amazon.com/images/M/MV5BNDJiYThlM2YtMjg0MC00MTg0LTk2MjYtYjNjNmI5NzllODBlXkEyXkFqcGc@._V1_.jpg", "width": 5464, "height": 8192, "__typename": "Image"}, "__typename": "Name"}, "attributes": [{"text": "voice", "__typename": "MiscellaneousCreditAttribute"}], "category": {"id": "actress", "__typename": "CreditCategory"}, "characters": [{"name": "Ava", "__typename": "Character"}], "episodeCredits": {"total": 0, "yearRange": null, "__typename": "EpisodeCastConnection"}, "__typename": "Cast"}, "__typename": "CreditEdge"}, {"node": {"name": {"id": "nm3851090", "nameText": {"text": "Marcus Scribner", "__typename": "NameText"}, "primaryImage": {"url": "https://m.media-amazon.com/images/M/MV5BMWFjMzYxNjYtOTdkMC00NzczLWIwZTQtYjlkZmQ2MDAzMGQ5XkEyXkFqcGc@._V1_.jpg", "width": 2397, "height": 3600, "__typename": "Image"}, "__typename": "Name"}, "attributes": [{"text": "voice", "__typename": "MiscellaneousCreditAttribute"}], "category": {"id": "actor", "__typename": "CreditCategory"}, "characters": [{"name": "Alex", "__typename": "Character"}], "episodeCredits": {"total": 0, "yearRange": null, "__typename": "EpisodeCastConnection"}, "__typename": "Cast"}, "__typename": "CreditEdge"}, {"node": {"name": {"id": "nm4564958", "nameText": {"text": "Thomas Barbusca", "__typename": "NameText"}, "primaryImage": {"url": "https://m.media-amazon.com/images/M/MV5BNmQ3MGEwMDUtMDMwZC00ZmVmLTk5NTYtNWI3YjAwMTllODQyXkEyXkFqcGc@._V1_.jpg", "width": 672, "height": 517, "__typename": "Image"}, "__typename": "Name"}, "attributes": [{"text": "voice", "__typename": "MiscellaneousCreditAttribute"}], "category": {"id": "actor", "__typename": "CreditCategory"}, "characters": [{"name": "Jayden", "__typename": "Character"}], "episodeCredits": {"total": 0, "yearRange": null, "__typename": "EpisodeCastConnection"}, "__typename": "Cast"}, "__typename": "CreditEdge"}, {"node": {"name": {"id": "nm0589294", "nameText": {"text": "Sarah Miller", "__typename": "NameText"}, "primaryImage": {"url": "https://m.media-amazon.com/images/M/MV5BODQ1ZmM1YTAtYTM3Zi00YWUwLWFjYmQtZmE5NDc4NTFiNDUzXkEyXkFqcGc@._V1_.jpg", "width": 935, "height": 720, "__typename": "Image"}, "__typename": "Name"}, "attributes": [{"text": "voice", "__typename": "MiscellaneousCreditAttribute"}], "category": {"id": "actress", "__typename": "CreditCategory"}, "characters": [{"name": "Bree", "__typename": "Character"}], "episodeCredits": {"total": 0, "yearRange": null, "__typename": "EpisodeCastConnection"}, "__typename": "Cast"}, "__typename": "CreditEdge"}, {"node": {"name": {"id": "nm3021103", "nameText": {"text": "Bentley Kalu", "__typename": "NameText"}, "primaryImage": {"url": "https://m.media-amazon.com/images/M/MV5BMTcxODY4NjM1MF5BMl5BanBnXkFtZTgwODY3NjQxMjE@._V1_.jpg", "width": 768, "height": 960, "__typename": "Image"}, "__typename": "Name"}, "attributes": [{"text": "voice", "__typename": "MiscellaneousCreditAttribute"}], "category": {"id": "actor", "__typename": "CreditCategory"}, "characters": [{"name": "Cop", "__typename": "Character"}], "episodeCredits": {"total": 0, "yearRange": null, "__typename": "EpisodeCastConnection"}, "__typename": "Cast"}, "__typename": "CreditEdge"}, {"node": {"name": {"id": "nm1544537", "nameText": {"text": "Krupa Pattani", "__typename": "NameText"}, "primaryImage": null, "__typename": "Name"}, "attributes": [{"text": "voice", "__typename": "MiscellaneousCreditAttribute"}], "category": {"id": "actress", "__typename": "CreditCategory"}, "characters": [{"name": "Sita", "__typename": "Character"}], "episodeCredits": {"total": 0, "yearRange": null, "__typename": "EpisodeCastConnection"}, "__typename": "Cast"}, "__typename": "CreditEdge"}, {"node": {"name": {"id": "nm3025293", "nameText": {"text": "John Macmillan", "__typename": "NameText"}, "primaryImage": {"url": "https://m.media-amazon.com/images/M/MV5BODg0ODIxNjUtZjlmMy00MDA0LWI5YTYtOTAxNDVmYTU5ZmE4XkEyXkFqcGc@._V1_.jpg", "width": 1120, "height": 1400, "__typename": "Image"}, "__typename": "Name"}, "attributes": [{"text": "voice", "__typename": "MiscellaneousCreditAttribute"}], "category": {"id": "actor", "__typename": "CreditCategory"}, "characters": [{"name": "Bubble Techs", "__typename": "Character"}], "episodeCredits": {"total": 0, "yearRange": null, "__typename": "EpisodeCastConnection"}, "__typename": "Cast"}, "__typename": "CreditEdge"}, {"node": {"name": {"id": "nm2756650", "nameText": {"text": "Megan Maczko", "__typename": "NameText"}, "primaryImage": {"url": "https://m.media-amazon.com/images/M/MV5BZDE0OWMxMzktYzk5MC00Y2YyLWFkYjEtMGNiYWFjNjFhYmQ4XkEyXkFqcGc@._V1_.jpg", "width": 2573, "height": 3462, "__typename": "Image"}, "__typename": "Name"}, "attributes": [{"text": "voice", "__typename": "MiscellaneousCreditAttribute"}], "category": {"id": "actress", "__typename": "CreditCategory"}, "characters": [{"name": "Miss Thomas", "__typename": "Character"}], "episodeCredits": {"total": 0, "yearRange": null, "__typename": "EpisodeCastConnection"}, "__typename": "Cast"}, "__typename": "CreditEdge"}, {"node": {"name": {"id": "nm0915375", "nameText": {"text": "Ruby Wax", "__typename": "NameText"}, "primaryImage": {"url": "https://m.media-amazon.com/images/M/MV5BMTEzMzc1MjY4NDJeQTJeQWpwZ15BbWU3MDE0ODMwMjg@._V1_.jpg", "width": 1362, "height": 2048, "__typename": "Image"}, "__typename": "Name"}, "attributes": [{"text": "voice", "__typename": "MiscellaneousCreditAttribute"}], "category": {"id": "actress", "__typename": "CreditCategory"}, "characters": [{"name": "Ms Hartley", "__typename": "Character"}], "episodeCredits": {"total": 0, "yearRange": null, "__typename": "EpisodeCastConnection"}, "__typename": "Cast"}, "__typename": "CreditEdge"}], "__typename": "CreditConnection"}, "creators": [], "directors": [{"totalCredits": 3, "category": {"text": "Directors", "id": "director", "__typename": "CreditCategory"}, "credits": [{"name": {"id": "nm0809877", "nameText": {"text": "Sarah Smith", "__typename": "NameText"}, "__typename": "Name"}, "__typename": "Crew"}, {"name": {"id": "nm2190815", "nameText": {"text": "Jean-Philippe Vine", "__typename": "NameText"}, "__typename": "Name"}, "__typename": "Crew"}, {"name": {"id": "nm3185614", "nameText": {"text": "Octavio E. Rodriguez", "__typename": "NameText"}, "__typename": "Name"}, "__typename": "Crew"}], "__typename": "PrincipalCreditsForCategory"}], "writers": [{"totalCredits": 2, "category": {"text": "Writers", "id": "writer", "__typename": "CreditCategory"}, "credits": [{"name": {"id": "nm0063165", "nameText": {"text": "Peter Baynham", "__typename": "NameText"}, "__typename": "Name"}, "__typename": "Crew"}, {"name": {"id": "nm0809877", "nameText": {"text": "Sarah Smith", "__typename": "NameText"}, "__typename": "Name"}, "__typename": "Crew"}], "__typename": "PrincipalCreditsForCategory"}], "isAdult": false, "moreLikeThisTitles": {"edges": [{"node": {"id": "tt5814534", "titleText": {"text": "Spies in Disguise", "__typename": "TitleText"}, "titleType": {"id": "movie", "text": "Movie", "canHaveEpisodes": false, "displayableProperty": {"value": {"plainText": "", "__typename": "Markdown"}, "__typename": "DisplayableTitleTypeProperty"}, "__typename": "TitleType"}, "originalTitleText": {"text": "Spies in Disguise", "__typename": "TitleText"}, "primaryImage": {"id": "rm3825243393", "width": 2025, "height": 3000, "url": "https://m.media-amazon.com/images/M/MV5BZDk1M2NiMjktMjJmMC00MWNiLThhM2MtNjZkZGM1M2Y5NTMxXkEyXkFqcGc@._V1_.jpg", "caption": {"plainText": "Will Smith, Rashida Jones, Ben Mendelsohn, DJ Khaled, Karen Gillan, and Tom Holland in Spies in Disguise (2019)", "__typename": "Markdown"}, "__typename": "Image"}, "releaseYear": {"year": 2019, "endYear": null, "__typename": "YearRange"}, "ratingsSummary": {"aggregateRating": 6.8, "voteCount": 58484, "__typename": "RatingsSummary"}, "runtime": {"seconds": 6120, "__typename": "Runtime"}, "certificate": {"rating": "U", "__typename": "Certificate"}, "canRate": {"isRatable": true, "__typename": "CanRate"}, "titleGenres": {"genres": [{"genre": {"text": "Animation", "__typename": "GenreItem"}, "__typename": "TitleGenre"}, {"genre": {"text": "Action", "__typename": "GenreItem"}, "__typename": "TitleGenre"}, {"genre": {"text": "Adventure", "__typename": "GenreItem"}, "__typename": "TitleGenre"}], "__typename": "TitleGenres"}, "canHaveEpisodes": false, "__typename": "Title"}, "__typename": "MoreLikeThisEdge"}, {"node": {"id": "tt7979580", "titleText": {"text": "Connected", "__typename": "TitleText"}, "titleType": {"id": "movie", "text": "Movie", "canHaveEpisodes": false, "displayableProperty": {"value": {"plainText": "", "__typename": "Markdown"}, "__typename": "DisplayableTitleTypeProperty"}, "__typename": "TitleType"}, "originalTitleText": {"text": "The Mitchells vs the Machines", "__typename": "TitleText"}, "primaryImage": {"id": "rm1959841025", "width": 1500, "height": 2222, "url": "https://m.media-amazon.com/images/M/MV5BNzAyOWNiMjAtNWUzMi00ZDk1LWE5NzYtNDUzMWE1Y2M0NDM2XkEyXkFqcGc@._V1_.jpg", "caption": {"plainText": "Maya Rudolph, Danny McBride, Olivia Colman, Abbi Jacobson, Michael Rianda, and Doug the Pug in Connected (2021)", "__typename": "Markdown"}, "__typename": "Image"}, "releaseYear": {"year": 2021, "endYear": null, "__typename": "YearRange"}, "ratingsSummary": {"aggregateRating": 7.6, "voteCount": 130910, "__typename": "RatingsSummary"}, "runtime": {"seconds": 6840, "__typename": "Runtime"}, "certificate": {"rating": "13", "__typename": "Certificate"}, "canRate": {"isRatable": true, "__typename": "CanRate"}, "titleGenres": {"genres": [{"genre": {"text": "Animation", "__typename": "GenreItem"}, "__typename": "TitleGenre"}, {"genre": {"text": "Adventure", "__typename": "GenreItem"}, "__typename": "TitleGenre"}, {"genre": {"text": "Comedy", "__typename": "GenreItem"}, "__typename": "TitleGenre"}], "__typename": "TitleGenres"}, "canHaveEpisodes": false, "__typename": "Title"}, "__typename": "MoreLikeThisEdge"}, {"node": {"id": "tt5562070", "titleText": {"text": "Wish Dragon", "__typename": "TitleText"}, "titleType": {"id": "movie", "text": "Movie", "canHaveEpisodes": false, "displayableProperty": {"value": {"plainText": "", "__typename": "Markdown"}, "__typename": "DisplayableTitleTypeProperty"}, "__typename": "TitleType"}, "originalTitleText": {"text": "Wish Dragon", "__typename": "TitleText"}, "primaryImage": {"id": "rm2117648641", "width": 1500, "height": 2222, "url": "https://m.media-amazon.com/images/M/MV5BMWM1YmJmYWMtMDM1Ni00ZGM2LTkxODYtOTU1ZjA4MTFkMDM1XkEyXkFqcGc@._V1_.jpg", "caption": {"plainText": "John Cho, Jimmy Wong, and Natasha Liu Bordizzo in Wish Dragon (2021)", "__typename": "Markdown"}, "__typename": "Image"}, "releaseYear": {"year": 2021, "endYear": null, "__typename": "YearRange"}, "ratingsSummary": {"aggregateRating": 7.2, "voteCount": 34884, "__typename": "RatingsSummary"}, "runtime": {"seconds": 5880, "__typename": "Runtime"}, "certificate": {"rating": "7", "__typename": "Certificate"}, "canRate": {"isRatable": true, "__typename": "CanRate"}, "titleGenres": {"genres": [{"genre": {"text": "Animation", "__typename": "GenreItem"}, "__typename": "TitleGenre"}, {"genre": {"text": "Adventure", "__typename": "GenreItem"}, "__typename": "TitleGenre"}, {"genre": {"text": "Comedy", "__typename": "GenreItem"}, "__typename": "TitleGenre"}], "__typename": "TitleGenres"}, "canHaveEpisodes": false, "__typename": "Title"}, "__typename": "MoreLikeThisEdge"}, {"node": {"id": "tt5109280", "titleText": {"text": "Raya and the Last Dragon", "__typename": "TitleText"}, "titleType": {"id": "movie", "text": "Movie", "canHaveEpisodes": false, "displayableProperty": {"value": {"plainText": "", "__typename": "Markdown"}, "__typename": "DisplayableTitleTypeProperty"}, "__typename": "TitleType"}, "originalTitleText": {"text": "Raya and the Last Dragon", "__typename": "TitleText"}, "primaryImage": {"id": "rm2414269697", "width": 1085, "height": 1608, "url": "https://m.media-amazon.com/images/M/MV5BN2QzZTQ3MzktN2JiYS00MDEzLTgxMWQtZWFmMDI3NWFkZTY0XkEyXkFqcGc@._V1_.jpg", "caption": {"plainText": "Alan Tudyk, Benedict Wong, Gemma Chan, Kelly Marie Tran, Awkwafina, Thalia Tran, and Izaac Wang in Raya and the Last Dragon (2021)", "__typename": "Markdown"}, "__typename": "Image"}, "releaseYear": {"year": 2021, "endYear": null, "__typename": "YearRange"}, "ratingsSummary": {"aggregateRating": 7.3, "voteCount": 176439, "__typename": "RatingsSummary"}, "runtime": {"seconds": 6420, "__typename": "Runtime"}, "certificate": {"rating": "U", "__typename": "Certificate"}, "canRate": {"isRatable": true, "__typename": "CanRate"}, "titleGenres": {"genres": [{"genre": {"text": "Animation", "__typename": "GenreItem"}, "__typename": "TitleGenre"}, {"genre": {"text": "Action", "__typename": "GenreItem"}, "__typename": "TitleGenre"}, {"genre": {"text": "Adventure", "__typename": "GenreItem"}, "__typename": "TitleGenre"}], "__typename": "TitleGenres"}, "canHaveEpisodes": false, "__typename": "Title"}, "__typename": "MoreLikeThisEdge"}, {"node": {"id": "tt7146812", "titleText": {"text": "Onward", "__typename": "TitleText"}, "titleType": {"id": "movie", "text": "Movie", "canHaveEpisodes": false, "displayableProperty": {"value": {"plainText": "", "__typename": "Markdown"}, "__typename": "DisplayableTitleTypeProperty"}, "__typename": "TitleType"}, "originalTitleText": {"text": "Onward", "__typename": "TitleText"}, "primaryImage": {"id": "rm2806809345", "width": 1800, "height": 2667, "url": "https://m.media-amazon.com/images/M/MV5BODYyM2I0YTItODA2MC00NDc0LTgyZmEtODM1MWQwZmY4YzY4XkEyXkFqcGc@._V1_.jpg", "caption": {"plainText": "Julia Louis-Dreyfus, John Ratzenberger, Tracey Ullman, Mychael Danna, Jeff Danna, Wilmer Valderrama, Catherine Apple, Sharon Calahan, Grey Griffin, Chris Pratt, Kori Rae, Mel Rodriguez, Dan Scanlon, Octavia Spencer, Keith Bunin, Kyle Bornheimer, Noah Klocek, Lena Waithe, Adam Habib, Jason Headley, Tom Holland, Ali Wong, and George Psarras in Onward (2020)", "__typename": "Markdown"}, "__typename": "Image"}, "releaseYear": {"year": 2020, "endYear": null, "__typename": "YearRange"}, "ratingsSummary": {"aggregateRating": 7.4, "voteCount": 175036, "__typename": "RatingsSummary"}, "runtime": {"seconds": 6120, "__typename": "Runtime"}, "certificate": {"rating": "U", "__typename": "Certificate"}, "canRate": {"isRatable": true, "__typename": "CanRate"}, "titleGenres": {"genres": [{"genre": {"text": "Animation", "__typename": "GenreItem"}, "__typename": "TitleGenre"}, {"genre": {"text": "Adventure", "__typename": "GenreItem"}, "__typename": "TitleGenre"}, {"genre": {"text": "Comedy", "__typename": "GenreItem"}, "__typename": "TitleGenre"}], "__typename": "TitleGenres"}, "canHaveEpisodes": false, "__typename": "Title"}, "__typename": "MoreLikeThisEdge"}, {"node": {"id": "tt12801262", "titleText": {"text": "Luca", "__typename": "TitleText"}, "titleType": {"id": "movie", "text": "Movie", "canHaveEpisodes": false, "displayableProperty": {"value": {"plainText": "", "__typename": "Markdown"}, "__typename": "DisplayableTitleTypeProperty"}, "__typename": "TitleType"}, "originalTitleText": {"text": "Luca", "__typename": "TitleText"}, "primaryImage": {"id": "rm3522740225", "width": 2025, "height": 3000, "url": "https://m.media-amazon.com/images/M/MV5BMWMyNGNlZTktODVkNS00ZmMyLTk0NmUtNWVjOWU1MWMzZGMzXkEyXkFqcGc@._V1_.jpg", "caption": {"plainText": "Marco Barricelli, Jim Gaffigan, Maya Rudolph, Peter Sohn, Emma Berman, Jacob Tremblay, Jack Dylan Grazer, and Saverio Raimondo in Luca (2021)", "__typename": "Markdown"}, "__typename": "Image"}, "releaseYear": {"year": 2021, "endYear": null, "__typename": "YearRange"}, "ratingsSummary": {"aggregateRating": 7.4, "voteCount": 202565, "__typename": "RatingsSummary"}, "runtime": {"seconds": 5700, "__typename": "Runtime"}, "certificate": {"rating": "PG", "__typename": "Certificate"}, "canRate": {"isRatable": true, "__typename": "CanRate"}, "titleGenres": {"genres": [{"genre": {"text": "Animation", "__typename": "GenreItem"}, "__typename": "TitleGenre"}, {"genre": {"text": "Adventure", "__typename": "GenreItem"}, "__typename": "TitleGenre"}, {"genre": {"text": "Comedy", "__typename": "GenreItem"}, "__typename": "TitleGenre"}], "__typename": "TitleGenres"}, "canHaveEpisodes": false, "__typename": "Title"}, "__typename": "MoreLikeThisEdge"}, {"node": {"id": "tt9288046", "titleText": {"text": "The Sea Beast", "__typename": "TitleText"}, "titleType": {"id": "movie", "text": "Movie", "canHaveEpisodes": false, "displayableProperty": {"value": {"plainText": "", "__typename": "Markdown"}, "__typename": "DisplayableTitleTypeProperty"}, "__typename": "TitleType"}, "originalTitleText": {"text": "The Sea Beast", "__typename": "TitleText"}, "primaryImage": {"id": "rm3043235329", "width": 1013, "height": 1500, "url": "https://m.media-amazon.com/images/M/MV5BZDhjZmY1ZDEtNGQ1ZC00ZDgwLWI2YjEtMWFiOGY3M2Q2YWViXkEyXkFqcGc@._V1_.jpg", "caption": {"plainText": "Karl Urban and Zaris-Angel Hator in The Sea Beast (2022)", "__typename": "Markdown"}, "__typename": "Image"}, "releaseYear": {"year": 2022, "endYear": null, "__typename": "YearRange"}, "ratingsSummary": {"aggregateRating": 7, "voteCount": 60184, "__typename": "RatingsSummary"}, "runtime": {"seconds": 6900, "__typename": "Runtime"}, "certificate": {"rating": "UA 7+", "__typename": "Certificate"}, "canRate": {"isRatable": true, "__typename": "CanRate"}, "titleGenres": {"genres": [{"genre": {"text": "Animation", "__typename": "GenreItem"}, "__typename": "TitleGenre"}, {"genre": {"text": "Action", "__typename": "GenreItem"}, "__typename": "TitleGenre"}, {"genre": {"text": "Adventure", "__typename": "GenreItem"}, "__typename": "TitleGenre"}], "__typename": "TitleGenres"}, "canHaveEpisodes": false, "__typename": "Title"}, "__typename": "MoreLikeThisEdge"}, {"node": {"id": "tt6324278", "titleText": {"text": "Abominable", "__typename": "TitleText"}, "titleType": {"id": "movie", "text": "Movie", "canHaveEpisodes": false, "displayableProperty": {"value": {"plainText": "", "__typename": "Markdown"}, "__typename": "DisplayableTitleTypeProperty"}, "__typename": "TitleType"}, "originalTitleText": {"text": "Abominable", "__typename": "TitleText"}, "primaryImage": {"id": "rm3617232385", "width": 429, "height": 680, "url": "https://m.media-amazon.com/images/M/MV5BOGE1YTQ2N2YtZTdlMC00ZDViLTk2NTAtNmJkOTAzYWFiMGI1XkEyXkFqcGc@._V1_.jpg", "caption": {"plainText": "Abominable (2019)", "__typename": "Markdown"}, "__typename": "Image"}, "releaseYear": {"year": 2019, "endYear": null, "__typename": "YearRange"}, "ratingsSummary": {"aggregateRating": 7, "voteCount": 43597, "__typename": "RatingsSummary"}, "runtime": {"seconds": 5820, "__typename": "Runtime"}, "certificate": {"rating": "U", "__typename": "Certificate"}, "canRate": {"isRatable": true, "__typename": "CanRate"}, "titleGenres": {"genres": [{"genre": {"text": "Animation", "__typename": "GenreItem"}, "__typename": "TitleGenre"}, {"genre": {"text": "Adventure", "__typename": "GenreItem"}, "__typename": "TitleGenre"}, {"genre": {"text": "Comedy", "__typename": "GenreItem"}, "__typename": "TitleGenre"}], "__typename": "TitleGenres"}, "canHaveEpisodes": false, "__typename": "Title"}, "__typename": "MoreLikeThisEdge"}, {"node": {"id": "tt8115900", "titleText": {"text": "The Bad Guys", "__typename": "TitleText"}, "titleType": {"id": "movie", "text": "Movie", "canHaveEpisodes": false, "displayableProperty": {"value": {"plainText": "", "__typename": "Markdown"}, "__typename": "DisplayableTitleTypeProperty"}, "__typename": "TitleType"}, "originalTitleText": {"text": "The Bad Guys", "__typename": "TitleText"}, "primaryImage": {"id": "rm241363969", "width": 3158, "height": 5000, "url": "https://m.media-amazon.com/images/M/MV5BODNlYmQzY2MtZWZiZS00Y2I0LTkwNjItNjg3MjY5YTFkNWI3XkEyXkFqcGc@._V1_.jpg", "caption": {"plainText": "Sam Rockwell, Marc Maron, Craig Robinson, Awkwafina, and Anthony Ramos in The Bad Guys (2022)", "__typename": "Markdown"}, "__typename": "Image"}, "releaseYear": {"year": 2022, "endYear": null, "__typename": "YearRange"}, "ratingsSummary": {"aggregateRating": 6.8, "voteCount": 63388, "__typename": "RatingsSummary"}, "runtime": {"seconds": 6000, "__typename": "Runtime"}, "certificate": {"rating": "U", "__typename": "Certificate"}, "canRate": {"isRatable": true, "__typename": "CanRate"}, "titleGenres": {"genres": [{"genre": {"text": "Animation", "__typename": "GenreItem"}, "__typename": "TitleGenre"}, {"genre": {"text": "Adventure", "__typename": "GenreItem"}, "__typename": "TitleGenre"}, {"genre": {"text": "Comedy", "__typename": "GenreItem"}, "__typename": "TitleGenre"}], "__typename": "TitleGenres"}, "canHaveEpisodes": false, "__typename": "Title"}, "__typename": "MoreLikeThisEdge"}, {"node": {"id": "tt8097030", "titleText": {"text": "Turning Red", "__typename": "TitleText"}, "titleType": {"id": "movie", "text": "Movie", "canHaveEpisodes": false, "displayableProperty": {"value": {"plainText": "", "__typename": "Markdown"}, "__typename": "DisplayableTitleTypeProperty"}, "__typename": "TitleType"}, "originalTitleText": {"text": "Turning Red", "__typename": "TitleText"}, "primaryImage": {"id": "rm1685446657", "width": 1350, "height": 2000, "url": "https://m.media-amazon.com/images/M/MV5BODY2NjExYmUtZTQ4NS00NzM2LWE2NWYtZWY2NGIyOTBmNzI3XkEyXkFqcGc@._V1_.jpg", "caption": {"plainText": "Maitreyi Ramakrishnan, Tristan Allerick Chen, Ava Morse, Hyein Park, and Rosalie Chiang in Turning Red (2022)", "__typename": "Markdown"}, "__typename": "Image"}, "releaseYear": {"year": 2022, "endYear": null, "__typename": "YearRange"}, "ratingsSummary": {"aggregateRating": 7, "voteCount": 159453, "__typename": "RatingsSummary"}, "runtime": {"seconds": 6000, "__typename": "Runtime"}, "certificate": {"rating": "UA 7+", "__typename": "Certificate"}, "canRate": {"isRatable": true, "__typename": "CanRate"}, "titleGenres": {"genres": [{"genre": {"text": "Animation", "__typename": "GenreItem"}, "__typename": "TitleGenre"}, {"genre": {"text": "Adventure", "__typename": "GenreItem"}, "__typename": "TitleGenre"}, {"genre": {"text": "Comedy", "__typename": "GenreItem"}, "__typename": "TitleGenre"}], "__typename": "TitleGenres"}, "canHaveEpisodes": false, "__typename": "Title"}, "__typename": "MoreLikeThisEdge"}, {"node": {"id": "tt6338498", "titleText": {"text": "Vivo", "__typename": "TitleText"}, "titleType": {"id": "movie", "text": "Movie", "canHaveEpisodes": false, "displayableProperty": {"value": {"plainText": "", "__typename": "Markdown"}, "__typename": "DisplayableTitleTypeProperty"}, "__typename": "TitleType"}, "originalTitleText": {"text": "Vivo", "__typename": "TitleText"}, "primaryImage": {"id": "rm3307341825", "width": 2109, "height": 3000, "url": "https://m.media-amazon.com/images/M/MV5BYzMyNzUyNWQtNzU4Ni00ZTkxLWIwMzctODNhOTNlN2QyYTM3XkEyXkFqcGc@._V1_.jpg", "caption": {"plainText": "Gloria Estefan, Juan de Marcos Gonz\u00e1lez, Lin-Manuel Miranda, Brian Tyree Henry, Nicole Byer, and Ynairaly Simo in Vivo (2021)", "__typename": "Markdown"}, "__typename": "Image"}, "releaseYear": {"year": 2021, "endYear": null, "__typename": "YearRange"}, "ratingsSummary": {"aggregateRating": 6.7, "voteCount": 22125, "__typename": "RatingsSummary"}, "runtime": {"seconds": 5700, "__typename": "Runtime"}, "certificate": {"rating": "7", "__typename": "Certificate"}, "canRate": {"isRatable": true, "__typename": "CanRate"}, "titleGenres": {"genres": [{"genre": {"text": "Animation", "__typename": "GenreItem"}, "__typename": "TitleGenre"}, {"genre": {"text": "Adventure", "__typename": "GenreItem"}, "__typename": "TitleGenre"}, {"genre": {"text": "Comedy", "__typename": "GenreItem"}, "__typename": "TitleGenre"}], "__typename": "TitleGenres"}, "canHaveEpisodes": false, "__typename": "Title"}, "__typename": "MoreLikeThisEdge"}, {"node": {"id": "tt2709768", "titleText": {"text": "The Secret Life of Pets", "__typename": "TitleText"}, "titleType": {"id": "movie", "text": "Movie", "canHaveEpisodes": false, "displayableProperty": {"value": {"plainText": "", "__typename": "Markdown"}, "__typename": "DisplayableTitleTypeProperty"}, "__typename": "TitleType"}, "originalTitleText": {"text": "The Secret Life of Pets", "__typename": "TitleText"}, "primaryImage": {"id": "rm260629504", "width": 480, "height": 760, "url": "https://m.media-amazon.com/images/M/MV5BMjIzMzA1OTkzNV5BMl5BanBnXkFtZTgwODE3MjM4NzE@._V1_.jpg", "caption": {"plainText": "The Secret Life of Pets (2016)", "__typename": "Markdown"}, "__typename": "Image"}, "releaseYear": {"year": 2016, "endYear": null, "__typename": "YearRange"}, "ratingsSummary": {"aggregateRating": 6.5, "voteCount": 222102, "__typename": "RatingsSummary"}, "runtime": {"seconds": 5160, "__typename": "Runtime"}, "certificate": {"rating": "UA", "__typename": "Certificate"}, "canRate": {"isRatable": true, "__typename": "CanRate"}, "titleGenres": {"genres": [{"genre": {"text": "Animation", "__typename": "GenreItem"}, "__typename": "TitleGenre"}, {"genre": {"text": "Adventure", "__typename": "GenreItem"}, "__typename": "TitleGenre"}, {"genre": {"text": "Comedy", "__typename": "GenreItem"}, "__typename": "TitleGenre"}], "__typename": "TitleGenres"}, "canHaveEpisodes": false, "__typename": "Title"}, "__typename": "MoreLikeThisEdge"}], "__typename": "MoreLikeThisConnection"}, "triviaTotal": {"total": 22, "__typename": "TriviaConnection"}, "trivia": {"edges": [{"node": {"text": {"plaidHtml": "This is the debut feature of Locksmith Animation.", "__typename": "Markdown"}, "trademark": null, "relatedNames": null, "__typename": "TitleTrivia"}, "__typename": "TriviaEdge"}], "__typename": "TriviaConnection"}, "goofsTotal": {"total": 2, "__typename": "GoofConnection"}, "goofs": {"edges": [{"node": {"text": {"plaidHtml": "When Rich tries the jump scare on Savannah in the school corridor, he rips the clock off the wall as he falls. But in the next shot it is still on the wall.", "__typename": "Markdown"}, "__typename": "Goof"}, "__typename": "GoofEdge"}], "__typename": "GoofConnection"}, "quotesTotal": {"total": 18, "__typename": "TitleQuoteConnection"}, "quotes": {"edges": [{"node": {"lines": [{"characters": [{"character": "Ron", "name": {"id": "nm0302108", "__typename": "Name"}, "__typename": "TitleQuoteCharacter"}], "text": "A bird has commented on your face", "stageDirection": null, "__typename": "TitleQuoteLine"}], "__typename": "TitleQuote"}, "__typename": "TitleQuoteEdge"}], "__typename": "TitleQuoteConnection"}, "crazyCredits": {"edges": [{"node": {"text": {"plaidHtml": "Ron waves to the viewers as the end credit roll finishes.", "__typename": "Markdown"}, "__typename": "CrazyCredit"}, "__typename": "CrazyCreditEdge"}], "__typename": "CrazyCreditConnection"}, "alternateVersions": {"total": 0, "edges": [], "__typename": "AlternateVersionConnection"}, "connections": {"edges": [{"node": {"associatedTitle": {"id": "tt14849586", "releaseYear": {"year": 2021, "__typename": "YearRange"}, "titleText": {"text": "Geeked Week for Freaks", "__typename": "TitleText"}, "originalTitleText": {"text": "Geeked Week for Freaks", "__typename": "TitleText"}, "series": {"series": {"titleText": {"text": "AniMat's Crazy Cartoon Cast", "__typename": "TitleText"}, "originalTitleText": {"text": "AniMat's Crazy Cartoon Cast", "__typename": "TitleText"}, "__typename": "Title"}, "__typename": "Series"}, "__typename": "Title"}, "category": {"text": "Featured in", "__typename": "TitleConnectionCategory"}, "__typename": "TitleConnection"}, "__typename": "TitleConnectionEdge"}], "__typename": "TitleConnectionConnection"}, "soundtrack": {"edges": [{"node": {"text": "New Friends", "comments": [{"plaidHtml": "Written by <a class=\"ipc-md-link ipc-md-link--entity\" href=\"/name/nm9700688/?ref_=tt_dyk_snd\">Clive Bayley</a> &amp; <a class=\"ipc-md-link ipc-md-link--entity\" href=\"/name/nm2273444/?ref_=tt_dyk_snd\">Henry Jackman</a>", "__typename": "Markdown"}, {"plaidHtml": "Performed by <a class=\"ipc-md-link ipc-md-link--entity\" href=\"/name/nm9700688/?ref_=tt_dyk_snd\">Clive Bayley</a>", "__typename": "Markdown"}, {"plaidHtml": "Produced by <a class=\"ipc-md-link ipc-md-link--entity\" href=\"/name/nm2273444/?ref_=tt_dyk_snd\">Henry Jackman</a> &amp; <a class=\"ipc-md-link ipc-md-link--entity\" href=\"/name/nm9700688/?ref_=tt_dyk_snd\">Clive Bayley</a>", "__typename": "Markdown"}, {"plaidHtml": "Dave Bayley performs courtesy of Polydor Records, a division of Universal Music Operations, Ltd.", "__typename": "Markdown"}], "__typename": "Track"}, "__typename": "SoundtrackEdge"}], "__typename": "SoundtrackConnection"}, "titleText": {"text": "Ron's Gone Wrong", "__typename": "TitleText"}, "originalTitleText": {"text": "Ron's Gone Wrong", "__typename": "TitleText"}, "releaseYear": {"year": 2021, "__typename": "YearRange"}, "reviews": {"total": 212, "__typename": "ReviewsConnection"}, "featuredReviews": {"edges": [{"node": {"id": "rw7468831", "author": {"nickName": "Movi3DO", "userId": "ur130195767", "__typename": "UserProfile"}, "summary": {"originalText": "Not bad", "__typename": "ReviewSummary"}, "text": {"originalText": {"plaidHtml": "Ron: &quot;Are you my best friend?&quot; Oh damn.<br/><br/>Being alone in the theater was a blessing because I was able to laugh out loud with this one. The story was super formulaic with concrete acts and turning points. The theme was nothing new and felt redundant.<br/><br/>However, I adored the relationship between the main kid Barney and the malfunctioning bebot Ron. They cracked me up multiple times. The more I watched, the more I became invested in their relationship.<br/><br/>Overall, it&#39;s a movie that you have seen many times before, but the strong and sweet relationship between the two main characters made this worth a watch. 7.5/10.", "__typename": "Markdown"}, "__typename": "ReviewText"}, "authorRating": 7, "submissionDate": "2021-10-22", "helpfulness": {"upVotes": 32, "downVotes": 8, "__typename": "ReviewHelpfulness"}, "__typename": "Review"}, "__typename": "ReviewEdge"}], "__typename": "ReviewsConnection"}, "canRate": {"isRatable": true, "__typename": "CanRate"}, "iframeAddReviewLink": {"url": "https://contribute.imdb.com/review/tt7504818/add?bus=imdb&return_url=https%3A%2F%2Fwww.imdb.com%2Fclose_me&site=web", "__typename": "ContributionLink"}, "topQuestions": {"total": 17, "edges": [{"node": {"attributeId": "run-time", "question": {"plainText": "How long is Ron's Gone Wrong?", "__typename": "Markdown"}, "__typename": "AlexaQuestion"}, "__typename": "AlexaQuestionEdge"}], "__typename": "AlexaQuestionConnection"}, "faqs": {"total": 0, "edges": [], "__typename": "FaqConnection"}, "releaseDate": {"day": 29, "month": 10, "year": 2021, "country": {"id": "IN", "text": "India", "__typename": "LocalizedDisplayableCountry"}, "__typename": "ReleaseDate"}, "countriesOfOrigin": {"countries": [{"id": "US", "text": "United States", "__typename": "CountryOfOrigin"}, {"id": "GB", "text": "United Kingdom", "__typename": "CountryOfOrigin"}, {"id": "IN", "text": "India", "__typename": "CountryOfOrigin"}], "__typename": "CountriesOfOrigin"}, "detailsExternalLinks": {"edges": [{"node": {"url": "https://www.hotstar.com/id/movies/rons-gone-wrong/1260075328", "label": "Disney+ Hotstar Indonesia", "externalLinkRegion": null, "__typename": "ExternalLink"}, "__typename": "ExternalLinkEdge"}, {"node": {"url": "https://family.20thcenturystudios.com/movies/rons-gone-wrong", "label": "Official site", "externalLinkRegion": null, "__typename": "ExternalLink"}, "__typename": "ExternalLinkEdge"}], "total": 2, "__typename": "ExternalLinkConnection"}, "spokenLanguages": {"spokenLanguages": [{"id": "en", "text": "English", "__typename": "SpokenLanguage"}], "__typename": "SpokenLanguages"}, "akas": {"edges": [{"node": {"text": "Ron: Ch\u00fa Robot Kh\u00e1c Bi\u1ec7t", "__typename": "Aka"}, "__typename": "AkaEdge"}], "__typename": "AkaConnection"}, "filmingLocations": {"edges": [], "total": 0, "__typename": "FilmingLocationConnection"}, "production": {"edges": [{"node": {"company": {"id": "co0781821", "companyText": {"text": "20th Century Studios", "__typename": "CompanyText"}, "__typename": "Company"}, "__typename": "CompanyCredit"}, "__typename": "CompanyCreditEdge"}, {"node": {"company": {"id": "co0420822", "companyText": {"text": "TSG Entertainment", "__typename": "CompanyText"}, "__typename": "Company"}, "__typename": "CompanyCredit"}, "__typename": "CompanyCreditEdge"}, {"node": {"company": {"id": "co0477951", "companyText": {"text": "Locksmith Animation", "__typename": "CompanyText"}, "__typename": "Company"}, "__typename": "CompanyCredit"}, "__typename": "CompanyCreditEdge"}], "__typename": "CompanyCreditConnection"}, "companies": {"total": 60, "__typename": "CompanyCreditConnection"}, "productionBudget": null, "lifetimeGross": {"total": {"amount": 23009270, "currency": "USD", "__typename": "Money"}, "__typename": "BoxOfficeGross"}, "openingWeekendGross": {"gross": {"total": {"amount": 7300225, "currency": "USD", "__typename": "Money"}, "__typename": "BoxOfficeGross"}, "weekendEndDate": "2021-10-24", "__typename": "OpeningWeekendGross"}, "worldwideGross": {"total": {"amount": 60692022, "currency": "USD", "__typename": "Money"}, "__typename": "BoxOfficeGross"}, "technicalSpecifications": {"soundMixes": {"items": [{"id": "dolby_digital", "text": "Dolby Digital", "attributes": [], "__typename": "SoundMix"}, {"id": "dolby_atmos", "text": "Dolby Atmos", "attributes": [], "__typename": "SoundMix"}], "__typename": "SoundMixes"}, "aspectRatios": {"items": [{"aspectRatio": "2.35 : 1", "attributes": [], "__typename": "AspectRatio"}], "__typename": "AspectRatios"}, "colorations": {"items": [{"conceptId": "color", "text": "Color", "attributes": [], "__typename": "Coloration"}], "__typename": "Colorations"}, "__typename": "TechnicalSpecifications"}, "runtime": {"seconds": 6420, "__typename": "Runtime"}, "series": null, "canHaveEpisodes": false, "contributionQuestions": {"contributionLink": {"url": "https://contribute.imdb.com/answers", "__typename": "ContributionQuestionsLink"}, "edges": [], "__typename": "QuestionConnection"}, "__typename": "Title"}}