{"ok": true, "error_code": 200, "description": "", "short": {"@context": "https://schema.org", "@type": "Movie", "url": "https://www.imdb.com/title/tt7984734/", "name": "The Lighthouse", "image": "https://m.media-amazon.com/images/M/MV5BMTI4MjFhMjAtNmQxYi00N2IxLWJjMGEtYWY1YmU3OTQ0Zjk3XkEyXkFqcGc@._V1_.jpg", "description": "Two lighthouse keepers try to maintain their sanity while living on a remote and mysterious New England island in the 1890s.", "review": {"@type": "Review", "itemReviewed": {"@type": "Movie", "url": "https://www.imdb.com/title/tt7984734/"}, "author": {"@type": "Person", "name": "P-Sibencus"}, "dateCreated": "2019-12-24", "inLanguage": "English", "name": "Let&apos;s just be honest here", "reviewBody": "This is precisely the type of film that will garner equal amounts of unbridled praise by the arthouse diehards, as well as criticism (and likely rejection) from a lot of other viewers. My opinion lies somewhere in the middle. I give it 6 stars for the undeniably outstanding acting (obviously, Dafoe)... and Pattinson is very impressive. Something new, yes. Effective at mood-setting, check. The b&amp;w filming, the shots, the scenery itself... even the set, the old dilapidated coastal shack, all excellent. The dynamic between the two characters is raw and real. Is it a thought-provoking free-fall into insanity? Maybe. But... there is a such a fine line between &quot;arthouse&quot;, trying something different, leaving much up to subjectivity and imagination, and... just trying a bit too hard. Mermaid labia? Hmmm. But, if part of the definition of a cinematic &quot;success&quot; is evoking emotion, then mission accomplished. Total despair, pity, fear, disgust, and a general feeling of creepery, all there.", "reviewRating": {"@type": "Rating", "worstRating": 1, "bestRating": 10, "ratingValue": 7}}, "aggregateRating": {"@type": "AggregateRating", "ratingCount": 266740, "bestRating": 10, "worstRating": 1, "ratingValue": 7.4}, "contentRating": "18", "genre": ["Drama", "Fantasy", "Horror"], "datePublished": "2019-10-25", "keywords": "lighthouse,drunkenness,minimal cast,hallucination,lighthouse keeper", "trailer": {"@type": "VideoObject", "name": "Official Trailer 2", "embedUrl": "https://www.imdb.com/video/imdb/vi195542809", "thumbnail": {"@type": "ImageObject", "contentUrl": "https://m.media-amazon.com/images/M/MV5BZjk2YTdmMWUtNjdiYS00ZGFkLTljZGEtMTE4Zjc5MjA2OGE0XkEyXkFqcGdeQXRyYW5zY29kZS13b3JrZmxvdw@@._V1_.jpg"}, "thumbnailUrl": "https://m.media-amazon.com/images/M/MV5BZjk2YTdmMWUtNjdiYS00ZGFkLTljZGEtMTE4Zjc5MjA2OGE0XkEyXkFqcGdeQXRyYW5zY29kZS13b3JrZmxvdw@@._V1_.jpg", "url": "https://www.imdb.com/video/vi195542809/", "description": "Keeping secrets, are ye? From Robert Eggers, acclaimed director of &apos;The Witch,&apos; and starring Willem Dafoe and Robert Pattinson. THE LIGHTHOUSE \u2014 In Theaters October 18", "duration": "PT1M27S", "uploadDate": "2019-09-09T15:04:15.742Z"}, "actor": [{"@type": "Person", "url": "https://www.imdb.com/name/nm1500155/", "name": "Robert Pattinson"}, {"@type": "Person", "url": "https://www.imdb.com/name/nm0000353/", "name": "Willem Dafoe"}, {"@type": "Person", "url": "https://www.imdb.com/name/nm10840078/", "name": "Valeriia Karaman"}], "director": [{"@type": "Person", "url": "https://www.imdb.com/name/nm3211470/", "name": "Robert Eggers"}], "creator": [{"@type": "Organization", "url": "https://www.imdb.com/company/co0867908/"}, {"@type": "Organization", "url": "https://www.imdb.com/company/co0770908/"}, {"@type": "Organization", "url": "https://www.imdb.com/company/co0226159/"}, {"@type": "Person", "url": "https://www.imdb.com/name/nm3211470/", "name": "Robert Eggers"}, {"@type": "Person", "url": "https://www.imdb.com/name/nm3220455/", "name": "Max Eggers"}], "duration": "PT1H49M"}, "imdbId": "tt7984734", "top": {"id": "tt7984734", "productionStatus": {"currentProductionStage": {"id": "released", "text": "Released", "__typename": "ProductionStage"}, "productionStatusHistory": [{"status": {"id": "pre_production", "text": "Pre-production", "__typename": "ProductionStatus"}, "__typename": "ProductionStatusHistory"}, {"status": {"id": "filming", "text": "Filming", "__typename": "ProductionStatus"}, "__typename": "ProductionStatusHistory"}, {"status": {"id": "post_production", "text": "Post-production", "__typename": "ProductionStatus"}, "__typename": "ProductionStatusHistory"}, {"status": {"id": "released", "text": "Released", "__typename": "ProductionStatus"}, "__typename": "ProductionStatusHistory"}], "restriction": null, "__typename": "ProductionStatusDetails"}, "canHaveEpisodes": false, "series": null, "titleText": {"text": "The Lighthouse", "__typename": "TitleText"}, "titleType": {"displayableProperty": {"value": {"plainText": "", "__typename": "Markdown"}, "__typename": "DisplayableTitleTypeProperty"}, "text": "Movie", "id": "movie", "isSeries": false, "isEpisode": false, "categories": [{"value": "movie", "__typename": "TitleTypeCategory"}], "canHaveEpisodes": false, "__typename": "TitleType"}, "originalTitleText": {"text": "The Lighthouse", "__typename": "TitleText"}, "certificate": {"rating": "18", "__typename": "Certificate"}, "releaseYear": {"year": 2019, "endYear": null, "__typename": "YearRange"}, "releaseDate": {"day": 25, "month": 10, "year": 2019, "__typename": "ReleaseDate"}, "runtime": {"seconds": 6540, "displayableProperty": {"value": {"plainText": "1h 49m", "__typename": "Markdown"}, "__typename": "DisplayableTitleRuntimeProperty"}, "__typename": "Runtime"}, "canRate": {"isRatable": true, "__typename": "CanRate"}, "ratingsSummary": {"aggregateRating": 7.4, "voteCount": 266740, "__typename": "RatingsSummary"}, "meterRanking": {"currentRank": 251, "rankChange": {"changeDirection": "UP", "difference": 166, "__typename": "MeterRankChange"}, "__typename": "TitleMeterRanking"}, "primaryImage": {"id": "rm2114754305", "width": 1013, "height": 1500, "url": "https://m.media-amazon.com/images/M/MV5BMTI4MjFhMjAtNmQxYi00N2IxLWJjMGEtYWY1YmU3OTQ0Zjk3XkEyXkFqcGc@._V1_.jpg", "caption": {"plainText": "Willem Dafoe and Robert Pattinson in The Lighthouse (2019)", "__typename": "Markdown"}, "__typename": "Image"}, "images": {"total": 285, "edges": [{"node": {"id": "rm3520960001", "__typename": "Image"}, "__typename": "ImageEdge"}], "__typename": "ImageConnection"}, "videos": {"total": 14, "__typename": "TitleRelatedVideosConnection"}, "primaryVideos": {"edges": [{"node": {"id": "vi195542809", "createdDate": "2019-09-09T15:04:15.742Z", "isMature": false, "runtime": {"value": 87, "__typename": "VideoRuntime"}, "name": {"value": "Official Trailer 2", "language": "en", "__typename": "LocalizedString"}, "description": {"value": "Keeping secrets, are ye? From Robert Eggers, acclaimed director of 'The Witch,' and starring Willem Dafoe and Robert Pattinson. THE LIGHTHOUSE \u2014 In Theaters October 18", "language": "en", "__typename": "LocalizedString"}, "timedTextTracks": [], "recommendedTimedTextTrack": null, "thumbnail": {"url": "https://m.media-amazon.com/images/M/MV5BZjk2YTdmMWUtNjdiYS00ZGFkLTljZGEtMTE4Zjc5MjA2OGE0XkEyXkFqcGdeQXRyYW5zY29kZS13b3JrZmxvdw@@._V1_.jpg", "height": 1080, "width": 1920, "__typename": "Thumbnail"}, "primaryTitle": {"id": "tt7984734", "titleText": {"text": "The Lighthouse", "__typename": "TitleText"}, "originalTitleText": {"text": "The Lighthouse", "__typename": "TitleText"}, "releaseYear": {"year": 2019, "__typename": "YearRange"}, "__typename": "Title"}, "playbackURLs": [{"displayName": {"value": "480p", "language": "en-US", "__typename": "LocalizedString"}, "videoMimeType": "MP4", "videoDefinition": "DEF_480p", "url": "https://imdb-video.media-imdb.com/vi195542809/1434659607842-pgv4ql-1568041456593.mp4?Expires=1730926982&Signature=FSlsdNfPjh1RuHhObK~Enqa5EbMTeICQmIobl~MrlSFeUXdXN1gUCPp5NRwy-3TlxAEd0zeu6vkaa0KP59AYZnNv5~JEmyeSQG9BizljqEcdo2vZgbQdrTjYvh~6Jfkj1p4HGls4OhkgggxLH8EiMay88vo0VweZw0B045b00esMm3dI-ggHBpxVWudFm4f-BH7szar7gdFxw4~Rd5tsAJKbH5petASXZ7MDsm7xmVlHhHLOsO4c7hS4tlE-UuHHsjsbF25T3MyIenUWni-tYkOHtdpPrG1fcQ5GIKvpihjBbWjjVbSn~jNU8EdGSU3s4FiAoy-YSWH6lA09V~R7yw__&Key-Pair-Id=APKAIFLZBVQZ24NQH3KA", "__typename": "PlaybackURL"}, {"displayName": {"value": "SD", "language": "en-US", "__typename": "LocalizedString"}, "videoMimeType": "MP4", "videoDefinition": "DEF_SD", "url": "https://imdb-video.media-imdb.com/vi195542809/1434659454657-dx9ykf-1568041456593.mp4?Expires=1730926982&Signature=NUY98qulO7Nmbopqyb6PuyTF~p9MOzyKyIm7wAQBAf3oFj4kcieG8hfMLyTsqkA4-Qu1SoD4apJuh83s7FD0t5K4qNKPhhizALT0Wl3CFUHBjZNVxx0qGTvC7QVa~owBcReqx-wTwEk7StBmMqVxsVgr1Vo0TdBYGfe6CsCvPbbwneDDw8GC0IK9maC1TfgiGoVD3zg9RM6yC5DbzLho4MkPCTR9mi4QqdVBYXAkP-JwToE1BAPAzmoa0H4cuirxHZN3KKT0tNUcYwI2q-paY17ZHmJpRHjwY73-n1-a-eDQmXOKlJVRNxi-QZQzCK2MyJ6~KROB161yzZ8rItOA5g__&Key-Pair-Id=APKAIFLZBVQZ24NQH3KA", "__typename": "PlaybackURL"}], "contentType": {"id": "amzn1.imdb.video.contenttype.trailer", "displayName": {"value": "Trailer", "__typename": "LocalizedString"}, "__typename": "VideoContentType"}, "previewURLs": [{"displayName": {"value": "AUTO", "language": "en-US", "__typename": "LocalizedString"}, "videoMimeType": "M3U8", "videoDefinition": "DEF_AUTO", "url": "https://imdb-video.media-imdb.com/vi195542809/hls-preview-4464f2f0-0ab6-4487-8fa1-b7092a8f02da.m3u8?Expires=1730926982&Signature=Y3Buu3ZuoO0YpZlq4ysnAKyiDtlzUJXQZQB0PRz4iPi6piWLw68fnoj41PZ9hb6tjFprWMe24N3yVAmhe2vLDAASVA4wRiepi3a5XW4-gQikP0Qit9s1v8cZfXqA1P~29MtgvBut-YoswFwXGglnp3qEsnhutW9yLOjscDgXkQPdvx0VZtxbqLKPy9Addy26OYbFDzyK7sR-~~M6nID7pPHVf0d~tCVoExLauBzb~G4jJbiIUT-jHRi4DwVt~UP3zHLFIPUNbvwzTn3KU1OTuWracHo8OLKuHXAcvyXm5lMDN9lq1g9SPgExUwGoKh7CM2rWLWv3TYGRFK5c5Qh6mQ__&Key-Pair-Id=APKAIFLZBVQZ24NQH3KA", "__typename": "PlaybackURL"}], "__typename": "Video"}, "__typename": "VideoEdge"}, {"node": {"id": "vi363314969", "createdDate": "2019-09-09T14:19:33.086Z", "isMature": false, "runtime": {"value": 87, "__typename": "VideoRuntime"}, "name": {"value": "Official Trailer 2", "language": "en", "__typename": "LocalizedString"}, "description": {"value": "The story of two lighthouse keepers on a remote and mysterious New England island in the 1890s.", "language": "en", "__typename": "LocalizedString"}, "timedTextTracks": [], "recommendedTimedTextTrack": null, "thumbnail": {"url": "https://m.media-amazon.com/images/M/MV5BMDMzYWYwNGItNjNkZi00M2RjLTkyYWUtYzYyYTQ0MDJmNDhhXkEyXkFqcGdeQXRyYW5zY29kZS13b3JrZmxvdw@@._V1_.jpg", "height": 1080, "width": 1920, "__typename": "Thumbnail"}, "primaryTitle": {"id": "tt7984734", "titleText": {"text": "The Lighthouse", "__typename": "TitleText"}, "originalTitleText": {"text": "The Lighthouse", "__typename": "TitleText"}, "releaseYear": {"year": 2019, "__typename": "YearRange"}, "__typename": "Title"}, "playbackURLs": [{"displayName": {"value": "480p", "language": "en-US", "__typename": "LocalizedString"}, "videoMimeType": "MP4", "videoDefinition": "DEF_480p", "url": "https://imdb-video.media-imdb.com/vi363314969/1434659607842-pgv4ql-1568038773942.mp4?Expires=1730926982&Signature=Q25WQ8PoEinVp7twj-xCt2efvrDHavUdEPJPfUhRrzOhWtWf3x7~~1e0t~D0dNg5nOQwA3MeE0YFJc0ZxjKvcIjIeazXVKusgVXmejTPO58HOS0wgipdyn02rrudGxJM4lJKd6Rb26up2jrai3I6AOM6Pr~MpSlykVEAldod1Y-McyghSgBXVRFbNkM-HGspqwO1uZrwTG3Sql4lCekPUskHqW8uFtm6c-gNmKwm2CV1xZ0w1MweWyETW71zURF~8t2P5QPV~R~t9Ay7pp46jm9oVG7WGYeArcFHjqcV9-IJXFy6U2LzZHtDT6HEiJk4EoeS83ggQ-Lq9BlrsEVf~Q__&Key-Pair-Id=APKAIFLZBVQZ24NQH3KA", "__typename": "PlaybackURL"}, {"displayName": {"value": "SD", "language": "en-US", "__typename": "LocalizedString"}, "videoMimeType": "MP4", "videoDefinition": "DEF_SD", "url": "https://imdb-video.media-imdb.com/vi363314969/1434659454657-dx9ykf-1568038773942.mp4?Expires=1730926982&Signature=MUyjg1d~XMoQ2DIgXg~ojYSOey1YWHY~tXayl-YlABsYoyqx7yrX5Lr7~3VF2CHSQNadEmB0waO5W8mKM9bgBjhkEA6VCk6GCdVbZ~yIAG5B03RQZEKrFX~RsYF72QJfbiMJAjO9VqEFwA~N~7P1MJW6okeDKfXA91CreScUR-jTZsmsuzYRrPjk1ViNxO2WY4oJsK-Us2mJwdQlk5XaSPO2GQI3Wjl8S4vw5zgsDujkH3YDFPi2IjYdpu0lKoA8HXhVh-sOfivL4BtZ5A14CIKaqtZNtHqsWC2029Hw0wE8sfsXoEbjlO2HNj7EPWOK5Swb-J05iywzd3pPRSKlFQ__&Key-Pair-Id=APKAIFLZBVQZ24NQH3KA", "__typename": "PlaybackURL"}], "contentType": {"id": "amzn1.imdb.video.contenttype.trailer", "displayName": {"value": "Trailer", "__typename": "LocalizedString"}, "__typename": "VideoContentType"}, "previewURLs": [{"displayName": {"value": "AUTO", "language": "en-US", "__typename": "LocalizedString"}, "videoMimeType": "M3U8", "videoDefinition": "DEF_AUTO", "url": "https://imdb-video.media-imdb.com/vi363314969/hls-preview-4a5205a1-cfb6-441d-afc4-67c19466a383.m3u8?Expires=1730926982&Signature=ZvauM3tO61T~hfg40kPRBn8y7cy13o5T0fhJq7qSYb-~letYfK8ARc~Q34XPPA3pulKcHZcmsitDmtUOu5jAM7muziTaAJcrzs4RY~zJwwUrPLodRVDqpXK3fCvqcZhKpogSKKztanF80yWe3vlVyfWfK~dBtKhCf2VYNFH3g7oolNVwPOuLVpqfdUqLqzcgE0BTGWopUGr2e7I9AKOiwoTFQ6qxVTorTzZxoUcU3dp9AJ3chXpclV2UZoXabiFewBR3cFqOqB~wJPIYV3keuZ~INS4XKSxmxD4qrf2udtpn9SICgmka5lpJBguJ7ILDMJk6huXLMFrTSRgCGDVzNw__&Key-Pair-Id=APKAIFLZBVQZ24NQH3KA", "__typename": "PlaybackURL"}], "__typename": "Video"}, "__typename": "VideoEdge"}], "__typename": "VideoConnection"}, "externalLinks": {"total": 517, "__typename": "ExternalLinkConnection"}, "metacritic": {"metascore": {"score": 83, "__typename": "Metascore"}, "__typename": "Metacritic"}, "keywords": {"total": 222, "edges": [{"node": {"text": "lighthouse", "__typename": "TitleKeyword"}, "__typename": "TitleKeywordEdge"}, {"node": {"text": "drunkenness", "__typename": "TitleKeyword"}, "__typename": "TitleKeywordEdge"}, {"node": {"text": "minimal cast", "__typename": "TitleKeyword"}, "__typename": "TitleKeywordEdge"}, {"node": {"text": "hallucination", "__typename": "TitleKeyword"}, "__typename": "TitleKeywordEdge"}, {"node": {"text": "lighthouse keeper", "__typename": "TitleKeyword"}, "__typename": "TitleKeywordEdge"}], "__typename": "TitleKeywordConnection"}, "isAdult": false, "genres": {"genres": [{"text": "Drama", "id": "Drama", "__typename": "Genre"}, {"text": "Fantasy", "id": "Fantasy", "__typename": "Genre"}, {"text": "Horror", "id": "Horror", "__typename": "Genre"}, {"text": "Mystery", "id": "Mystery", "__typename": "Genre"}, {"text": "Thriller", "id": "Thriller", "__typename": "Genre"}], "__typename": "Genres"}, "interests": {"edges": [{"node": {"id": "in0000083", "primaryText": {"text": "Period Drama", "__typename": "InterestText"}, "__typename": "Interest"}, "__typename": "InterestEdge"}, {"node": {"id": "in0000114", "primaryText": {"text": "Psychological Horror", "__typename": "InterestText"}, "__typename": "Interest"}, "__typename": "InterestEdge"}, {"node": {"id": "in0000140", "primaryText": {"text": "Suspense Mystery", "__typename": "InterestText"}, "__typename": "Interest"}, "__typename": "InterestEdge"}, {"node": {"id": "in0000076", "primaryText": {"text": "Drama", "__typename": "InterestText"}, "__typename": "Interest"}, "__typename": "InterestEdge"}, {"node": {"id": "in0000098", "primaryText": {"text": "Fantasy", "__typename": "InterestText"}, "__typename": "Interest"}, "__typename": "InterestEdge"}, {"node": {"id": "in0000112", "primaryText": {"text": "Horror", "__typename": "InterestText"}, "__typename": "Interest"}, "__typename": "InterestEdge"}, {"node": {"id": "in0000139", "primaryText": {"text": "Mystery", "__typename": "InterestText"}, "__typename": "Interest"}, "__typename": "InterestEdge"}, {"node": {"id": "in0000186", "primaryText": {"text": "Thriller", "__typename": "InterestText"}, "__typename": "Interest"}, "__typename": "InterestEdge"}], "__typename": "InterestConnection"}, "plot": {"plotText": {"plainText": "Two lighthouse keepers try to maintain their sanity while living on a remote and mysterious New England island in the 1890s.", "__typename": "Markdown"}, "language": {"id": "en-US", "__typename": "DisplayableLanguage"}, "__typename": "Plot"}, "plotContributionLink": {"url": "https://contribute.imdb.com/updates?update=tt7984734:outlines.add.1.locale~en-US", "__typename": "ContributionLink"}, "credits": {"total": 458, "__typename": "CreditConnection"}, "principalCredits": [{"totalCredits": 1, "category": {"text": "Director", "id": "director", "__typename": "CreditCategory"}, "credits": [{"name": {"nameText": {"text": "Robert Eggers", "__typename": "NameText"}, "id": "nm3211470", "__typename": "Name"}, "attributes": null, "__typename": "Crew"}], "__typename": "PrincipalCreditsForCategory"}, {"totalCredits": 2, "category": {"text": "Writers", "id": "writer", "__typename": "CreditCategory"}, "credits": [{"name": {"nameText": {"text": "Robert Eggers", "__typename": "NameText"}, "id": "nm3211470", "__typename": "Name"}, "attributes": null, "__typename": "Crew"}, {"name": {"nameText": {"text": "Max Eggers", "__typename": "NameText"}, "id": "nm3220455", "__typename": "Name"}, "attributes": null, "__typename": "Crew"}], "__typename": "PrincipalCreditsForCategory"}, {"totalCredits": 10, "category": {"text": "Stars", "id": "cast", "__typename": "CreditCategory"}, "credits": [{"name": {"nameText": {"text": "Robert Pattinson", "__typename": "NameText"}, "id": "nm1500155", "__typename": "Name"}, "attributes": null, "__typename": "Cast"}, {"name": {"nameText": {"text": "Willem Dafoe", "__typename": "NameText"}, "id": "nm0000353", "__typename": "Name"}, "attributes": null, "__typename": "Cast"}, {"name": {"nameText": {"text": "Valeriia Karaman", "__typename": "NameText"}, "id": "nm10840078", "__typename": "Name"}, "attributes": null, "__typename": "Cast"}], "__typename": "PrincipalCreditsForCategory"}], "reviews": {"total": 1628, "__typename": "ReviewsConnection"}, "criticReviewsTotal": {"total": 461, "__typename": "ExternalLinkConnection"}, "triviaTotal": {"total": 71, "__typename": "TriviaConnection"}, "engagementStatistics": {"watchlistStatistics": {"displayableCount": {"text": "Added by 382K users", "__typename": "LocalizedDisplayableCount"}, "__typename": "WatchlistStatistics"}, "__typename": "EngagementStatistics"}, "subNavCredits": {"total": 458, "__typename": "CreditConnection"}, "subNavReviews": {"total": 1628, "__typename": "ReviewsConnection"}, "subNavTrivia": {"total": 71, "__typename": "TriviaConnection"}, "subNavFaqs": {"total": 15, "__typename": "FaqConnection"}, "subNavTopQuestions": {"total": 19, "__typename": "AlexaQuestionConnection"}, "titleGenres": {"genres": [{"genre": {"text": "Drama", "__typename": "GenreItem"}, "__typename": "TitleGenre"}, {"genre": {"text": "Fantasy", "__typename": "GenreItem"}, "__typename": "TitleGenre"}, {"genre": {"text": "Horror", "__typename": "GenreItem"}, "__typename": "TitleGenre"}], "__typename": "TitleGenres"}, "meta": {"canonicalId": "tt7984734", "publicationStatus": "PUBLISHED", "__typename": "TitleMeta"}, "castPageTitle": {"edges": [{"node": {"name": {"id": "nm1500155", "nameText": {"text": "Robert Pattinson", "__typename": "NameText"}, "__typename": "Name"}, "__typename": "Cast"}, "__typename": "CreditEdge"}, {"node": {"name": {"id": "nm0000353", "nameText": {"text": "Willem Dafoe", "__typename": "NameText"}, "__typename": "Name"}, "__typename": "Cast"}, "__typename": "CreditEdge"}, {"node": {"name": {"id": "nm10840078", "nameText": {"text": "Valeriia Karaman", "__typename": "NameText"}, "__typename": "Name"}, "__typename": "Cast"}, "__typename": "CreditEdge"}, {"node": {"name": {"id": "nm11125041", "nameText": {"text": "Logan Hawkes", "__typename": "NameText"}, "__typename": "Name"}, "__typename": "Cast"}, "__typename": "CreditEdge"}], "__typename": "CreditConnection"}, "creatorsPageTitle": [], "directorsPageTitle": [{"credits": [{"name": {"id": "nm3211470", "nameText": {"text": "Robert Eggers", "__typename": "NameText"}, "__typename": "Name"}, "__typename": "Crew"}], "__typename": "PrincipalCreditsForCategory"}], "countriesOfOrigin": {"countries": [{"id": "CA", "__typename": "CountryOfOrigin"}], "__typename": "CountriesOfOrigin"}, "production": {"edges": [{"node": {"company": {"id": "co0867908", "companyText": {"text": "Regency Enterprises", "__typename": "CompanyText"}, "__typename": "Company"}, "__typename": "CompanyCredit"}, "__typename": "CompanyCreditEdge"}, {"node": {"company": {"id": "co0770908", "companyText": {"text": "RT Features", "__typename": "CompanyText"}, "__typename": "Company"}, "__typename": "CompanyCredit"}, "__typename": "CompanyCreditEdge"}, {"node": {"company": {"id": "co0226159", "companyText": {"text": "Parts and Labor", "__typename": "CompanyText"}, "__typename": "Company"}, "__typename": "CompanyCredit"}, "__typename": "CompanyCreditEdge"}], "__typename": "CompanyCreditConnection"}, "featuredReviews": {"edges": [{"node": {"author": {"nickName": "P-Sibencus", "__typename": "UserProfile"}, "summary": {"originalText": "Let's just be honest here", "__typename": "ReviewSummary"}, "text": {"originalText": {"plainText": "This is precisely the type of film that will garner equal amounts of unbridled praise by the arthouse diehards, as well as criticism (and likely rejection) from a lot of other viewers. My opinion lies somewhere in the middle. I give it 6 stars for the undeniably outstanding acting (obviously, Dafoe)... and Pattinson is very impressive. Something new, yes. Effective at mood-setting, check. The b&w filming, the shots, the scenery itself... even the set, the old dilapidated coastal shack, all excellent. The dynamic between the two characters is raw and real. Is it a thought-provoking free-fall into insanity? Maybe. But... there is a such a fine line between \"arthouse\", trying something different, leaving much up to subjectivity and imagination, and... just trying a bit too hard. Mermaid labia? Hmmm. But, if part of the definition of a cinematic \"success\" is evoking emotion, then mission accomplished. Total despair, pity, fear, disgust, and a general feeling of creepery, all there.", "__typename": "Markdown"}, "__typename": "ReviewText"}, "authorRating": 7, "submissionDate": "2019-12-24", "__typename": "Review"}, "__typename": "ReviewEdge"}], "__typename": "ReviewsConnection"}, "__typename": "Title"}, "main": {"id": "tt7984734", "wins": {"total": 34, "__typename": "AwardNominationConnection"}, "nominationsExcludeWins": {"total": 143, "__typename": "AwardNominationConnection"}, "prestigiousAwardSummary": {"nominations": 1, "wins": 0, "award": {"text": "Oscar", "id": "aw0000016", "event": {"id": "ev0000003", "__typename": "AwardsEvent"}, "__typename": "AwardDetails"}, "__typename": "PrestigiousAwardSummary"}, "ratingsSummary": {"topRanking": {"id": "topRated:tt7984734:en_US", "text": {"value": "Top Rated", "__typename": "LocalizedString"}, "rank": 1533, "__typename": "TopRanking"}, "__typename": "RatingsSummary"}, "episodes": null, "videos": {"total": 14, "__typename": "TitleRelatedVideosConnection"}, "videoStrip": {"edges": [{"node": {"id": "vi195542809", "contentType": {"displayName": {"value": "Trailer", "__typename": "LocalizedString"}, "__typename": "VideoContentType"}, "name": {"value": "Official Trailer 2", "__typename": "LocalizedString"}, "runtime": {"value": 87, "__typename": "VideoRuntime"}, "thumbnail": {"height": 1080, "url": "https://m.media-amazon.com/images/M/MV5BZjk2YTdmMWUtNjdiYS00ZGFkLTljZGEtMTE4Zjc5MjA2OGE0XkEyXkFqcGdeQXRyYW5zY29kZS13b3JrZmxvdw@@._V1_.jpg", "width": 1920, "__typename": "Thumbnail"}, "__typename": "Video"}, "__typename": "VideoEdge"}, {"node": {"id": "vi363314969", "contentType": {"displayName": {"value": "Trailer", "__typename": "LocalizedString"}, "__typename": "VideoContentType"}, "name": {"value": "Official Trailer 2", "__typename": "LocalizedString"}, "runtime": {"value": 87, "__typename": "VideoRuntime"}, "thumbnail": {"height": 1080, "url": "https://m.media-amazon.com/images/M/MV5BMDMzYWYwNGItNjNkZi00M2RjLTkyYWUtYzYyYTQ0MDJmNDhhXkEyXkFqcGdeQXRyYW5zY29kZS13b3JrZmxvdw@@._V1_.jpg", "width": 1920, "__typename": "Thumbnail"}, "__typename": "Video"}, "__typename": "VideoEdge"}, {"node": {"id": "vi2473573401", "contentType": {"displayName": {"value": "Trailer", "__typename": "LocalizedString"}, "__typename": "VideoContentType"}, "name": {"value": "Official Trailer", "__typename": "LocalizedString"}, "runtime": {"value": 92, "__typename": "VideoRuntime"}, "thumbnail": {"height": 1080, "url": "https://m.media-amazon.com/images/M/MV5BY2NiZmNiMjMtMTBkMi00ODM3LTlhOGYtNTdhZmIwNmZmMzBiXkEyXkFqcGdeQXRzdGFzaWVr._V1_.jpg", "width": 1920, "__typename": "Thumbnail"}, "__typename": "Video"}, "__typename": "VideoEdge"}, {"node": {"id": "vi3307192089", "contentType": {"displayName": {"value": "Trailer", "__typename": "LocalizedString"}, "__typename": "VideoContentType"}, "name": {"value": "The Lighthouse", "__typename": "LocalizedString"}, "runtime": {"value": 101, "__typename": "VideoRuntime"}, "thumbnail": {"height": 1080, "url": "https://m.media-amazon.com/images/M/MV5BZDNhMWE5MTgtMDIyNC00YjQ0LWIyZjctNDIzMzJmNDI4NzJkXkEyXkFqcGdeQVRoaXJkUGFydHlJbmdlc3Rpb25Xb3JrZmxvdw@@._V1_.jpg", "width": 1920, "__typename": "Thumbnail"}, "__typename": "Video"}, "__typename": "VideoEdge"}, {"node": {"id": "vi3366633241", "contentType": {"displayName": {"value": "Trailer", "__typename": "LocalizedString"}, "__typename": "VideoContentType"}, "name": {"value": "The Lighthouse", "__typename": "LocalizedString"}, "runtime": {"value": 87, "__typename": "VideoRuntime"}, "thumbnail": {"height": 1080, "url": "https://m.media-amazon.com/images/M/MV5BMTgzYmYwZjAtMzkzOS00MjZlLWIwYjgtMmQzZThkOWI0YjFmXkEyXkFqcGdeQTNwaW5nZXN0._V1_.jpg", "width": 1920, "__typename": "Thumbnail"}, "__typename": "Video"}, "__typename": "VideoEdge"}, {"node": {"id": "vi1264040985", "contentType": {"displayName": {"value": "Trailer", "__typename": "LocalizedString"}, "__typename": "VideoContentType"}, "name": {"value": "The Lighthouse ", "__typename": "LocalizedString"}, "runtime": {"value": 92, "__typename": "VideoRuntime"}, "thumbnail": {"height": 1080, "url": "https://m.media-amazon.com/images/M/MV5BNDkzMDY2NzMtMGJjZS00ZTY5LWFlNjQtYTYxYjkzZTMwMWM4XkEyXkFqcGdeQTNwaW5nZXN0._V1_.jpg", "width": 1920, "__typename": "Thumbnail"}, "__typename": "Video"}, "__typename": "VideoEdge"}, {"node": {"id": "vi2386607897", "contentType": {"displayName": {"value": "Clip", "__typename": "LocalizedString"}, "__typename": "VideoContentType"}, "name": {"value": "Indie Spirit Stars Suggest Indie Gems You Must Watch Right Now", "__typename": "LocalizedString"}, "runtime": {"value": 169, "__typename": "VideoRuntime"}, "thumbnail": {"height": 702, "url": "https://m.media-amazon.com/images/M/MV5BMmQxNmVjYTAtZmNiZC00NmY5LThjOTAtNjFiZDY0YjAxMjg5XkEyXkFqcGdeQWFybm8@._V1_.jpg", "width": 1248, "__typename": "Thumbnail"}, "__typename": "Video"}, "__typename": "VideoEdge"}, {"node": {"id": "vi685162265", "contentType": {"displayName": {"value": "Clip", "__typename": "LocalizedString"}, "__typename": "VideoContentType"}, "name": {"value": "Bowl Cuts, Wild Accents, & an Epic Mud Battle: What to Watch After 'The King'", "__typename": "LocalizedString"}, "runtime": {"value": 257, "__typename": "VideoRuntime"}, "thumbnail": {"height": 1080, "url": "https://m.media-amazon.com/images/M/MV5BN2IxZGNlMDQtMzg4OS00YWZhLTg3MmItYzU3N2ExODJhZWM0XkEyXkFqcGdeQWFsZWxvZw@@._V1_.jpg", "width": 1920, "__typename": "Thumbnail"}, "__typename": "Video"}, "__typename": "VideoEdge"}, {"node": {"id": "vi3907108633", "contentType": {"displayName": {"value": "Clip", "__typename": "LocalizedString"}, "__typename": "VideoContentType"}, "name": {"value": "'The Lighthouse' Trailer With Directors' Commentary", "__typename": "LocalizedString"}, "runtime": {"value": 95, "__typename": "VideoRuntime"}, "thumbnail": {"height": 1080, "url": "https://m.media-amazon.com/images/M/MV5BZTg1ZjMyZmQtMDlkMi00MTBmLWJhNDItODdlNTgxOWJjZTQ4XkEyXkFqcGdeQW1hZGV0aXNj._V1_.jpg", "width": 1920, "__typename": "Thumbnail"}, "__typename": "Video"}, "__typename": "VideoEdge"}, {"node": {"id": "vi1028703513", "contentType": {"displayName": {"value": "Clip", "__typename": "LocalizedString"}, "__typename": "VideoContentType"}, "name": {"value": "The Lighthouse: J'aime Votre Cuisine (French Subtitled)", "__typename": "LocalizedString"}, "runtime": {"value": 131, "__typename": "VideoRuntime"}, "thumbnail": {"height": 720, "url": "https://m.media-amazon.com/images/M/MV5BMGU4ZGIwYWUtMTU1My00ZjQwLWI5ZDktZWZjOWUyMzBjYTUwXkEyXkFqcGdeQVRoaXJkUGFydHlJbmdlc3Rpb25Xb3JrZmxvdw@@._V1_.jpg", "width": 1280, "__typename": "Thumbnail"}, "__typename": "Video"}, "__typename": "VideoEdge"}, {"node": {"id": "vi1011926297", "contentType": {"displayName": {"value": "Clip", "__typename": "LocalizedString"}, "__typename": "VideoContentType"}, "name": {"value": "The Lighthouse: Negligences (French Subtitled)", "__typename": "LocalizedString"}, "runtime": {"value": 70, "__typename": "VideoRuntime"}, "thumbnail": {"height": 720, "url": "https://m.media-amazon.com/images/M/MV5BZDA2MDRhYjUtNDA0MC00NTQ3LTg4YTAtMmMzZDE3NTFkNjYyXkEyXkFqcGdeQVRoaXJkUGFydHlJbmdlc3Rpb25Xb3JrZmxvdw@@._V1_.jpg", "width": 1280, "__typename": "Thumbnail"}, "__typename": "Video"}, "__typename": "VideoEdge"}, {"node": {"id": "vi105956633", "contentType": {"displayName": {"value": "Clip", "__typename": "LocalizedString"}, "__typename": "VideoContentType"}, "name": {"value": "The Lighthouse: Voila Que Tu Pleures (French Subtitled)", "__typename": "LocalizedString"}, "runtime": {"value": 50, "__typename": "VideoRuntime"}, "thumbnail": {"height": 720, "url": "https://m.media-amazon.com/images/M/MV5BMmQzMDQ5MjAtNThhZS00ODYxLWI2ZDMtOTU5YTBlMzRkMGE1XkEyXkFqcGdeQVRoaXJkUGFydHlJbmdlc3Rpb25Xb3JrZmxvdw@@._V1_.jpg", "width": 1280, "__typename": "Thumbnail"}, "__typename": "Video"}, "__typename": "VideoEdge"}], "__typename": "VideoConnection"}, "titleMainImages": {"total": 285, "edges": [{"node": {"id": "rm3520960001", "url": "https://m.media-amazon.com/images/M/MV5BNGNlMTY1ZTYtZTAwYS00ZGZmLWFhYjItMWM0M2Y3NDBlNjIzXkEyXkFqcGc@._V1_.jpg", "caption": {"plainText": "Willem Dafoe and Robert Pattinson in The Lighthouse (2019)", "__typename": "Markdown"}, "height": 2510, "width": 3000, "__typename": "Image"}, "__typename": "ImageEdge"}, {"node": {"id": "rm3537737217", "url": "https://m.media-amazon.com/images/M/MV5BMzM5NWVhZGMtZGZiMS00NzAzLTk3NjItN2U2Yzk2YjU2MWNkXkEyXkFqcGc@._V1_.jpg", "caption": {"plainText": "Willem Dafoe and Robert Pattinson in The Lighthouse (2019)", "__typename": "Markdown"}, "height": 2510, "width": 3000, "__typename": "Image"}, "__typename": "ImageEdge"}, {"node": {"id": "rm3571291649", "url": "https://m.media-amazon.com/images/M/MV5BMTc1ZDAwMDItNDk2ZC00MmNkLWE2MWMtYTc2ZDhmZDI4ZTgxXkEyXkFqcGc@._V1_.jpg", "caption": {"plainText": "Robert Pattinson in The Lighthouse (2019)", "__typename": "Markdown"}, "height": 2510, "width": 3000, "__typename": "Image"}, "__typename": "ImageEdge"}, {"node": {"id": "rm3588068865", "url": "https://m.media-amazon.com/images/M/MV5BMDE1YzJiMTgtZmU4Yi00YWYwLTgxOWMtYTdiOWFiNjc4ODU2XkEyXkFqcGc@._V1_.jpg", "caption": {"plainText": "Willem Dafoe and Robert Pattinson in The Lighthouse (2019)", "__typename": "Markdown"}, "height": 2263, "width": 2700, "__typename": "Image"}, "__typename": "ImageEdge"}, {"node": {"id": "rm3621623297", "url": "https://m.media-amazon.com/images/M/MV5BYzBlYTI2YjEtOWIwOS00NGQ2LWI0N2EtZTdhYTlmZDhjMjU5XkEyXkFqcGc@._V1_.jpg", "caption": {"plainText": "Willem Dafoe and Robert Pattinson in The Lighthouse (2019)", "__typename": "Markdown"}, "height": 2510, "width": 3000, "__typename": "Image"}, "__typename": "ImageEdge"}, {"node": {"id": "rm3604846081", "url": "https://m.media-amazon.com/images/M/MV5BZTc1YzJjYzEtNjg5OS00YTA0LWE2ZmMtOThlMDY1OTEwNDUyXkEyXkFqcGc@._V1_.jpg", "caption": {"plainText": "Willem Dafoe in The Lighthouse (2019)", "__typename": "Markdown"}, "height": 2510, "width": 3000, "__typename": "Image"}, "__typename": "ImageEdge"}, {"node": {"id": "rm4118320897", "url": "https://m.media-amazon.com/images/M/MV5BMjA0NjExZTQtZDgxNy00NjliLTlhNGItMzRhMzhlZDEyOWJhXkEyXkFqcGc@._V1_.jpg", "caption": {"plainText": "Willem Dafoe at an event for The Lighthouse (2019)", "__typename": "Markdown"}, "height": 3333, "width": 5000, "__typename": "Image"}, "__typename": "ImageEdge"}, {"node": {"id": "rm3967325953", "url": "https://m.media-amazon.com/images/M/MV5BMGRlZWFjMmMtOTRiOS00NmM2LWE3MTMtNjM4ZWUxM2RhYTQ2XkEyXkFqcGc@._V1_.jpg", "caption": {"plainText": "Willem Dafoe at an event for The Lighthouse (2019)", "__typename": "Markdown"}, "height": 3333, "width": 5000, "__typename": "Image"}, "__typename": "ImageEdge"}, {"node": {"id": "rm3883439873", "url": "https://m.media-amazon.com/images/M/MV5BNzAwYTk0ZTYtMzI2NS00MTg5LTgwODYtMDg2YjJhM2EwMGRhXkEyXkFqcGc@._V1_.jpg", "caption": {"plainText": "Robert Pattinson at an event for The Lighthouse (2019)", "__typename": "Markdown"}, "height": 5000, "width": 3333, "__typename": "Image"}, "__typename": "ImageEdge"}, {"node": {"id": "rm3866662657", "url": "https://m.media-amazon.com/images/M/MV5BNDIyZjBiY2YtYTY1OC00Yjg0LWEwYzktZTJmZjhmMTQ4YzI3XkEyXkFqcGc@._V1_.jpg", "caption": {"plainText": "Robert Pattinson, Robert Eggers, and Louren\u00e7o Sant'Anna at an event for The Lighthouse (2019)", "__typename": "Markdown"}, "height": 3332, "width": 5000, "__typename": "Image"}, "__typename": "ImageEdge"}, {"node": {"id": "rm2457376513", "url": "https://m.media-amazon.com/images/M/MV5BZWU0ZGYyYjQtZTY4ZS00MWRlLTk2MzYtNmE2MmZkOGU3NjFhXkEyXkFqcGc@._V1_.jpg", "caption": {"plainText": "Willem Dafoe at an event for The Lighthouse (2019)", "__typename": "Markdown"}, "height": 5000, "width": 3333, "__typename": "Image"}, "__typename": "ImageEdge"}, {"node": {"id": "rm2761488385", "url": "https://m.media-amazon.com/images/M/MV5BMTAxMjUwMmYtNWI3Yi00NTRhLTliYTktMGZmMjcwYmE0ZDRlXkEyXkFqcGc@._V1_.jpg", "caption": {"plainText": "Willem Dafoe and Robert Pattinson in The Lighthouse (2019)", "__typename": "Markdown"}, "height": 800, "width": 566, "__typename": "Image"}, "__typename": "ImageEdge"}, {"node": {"id": "rm615293697", "url": "https://m.media-amazon.com/images/M/MV5BMzJmMDA0OTAtMTFiZS00NGVjLWE2NTctZjJiMjY2ZjYzMTNjXkEyXkFqcGc@._V1_.jpg", "caption": {"plainText": "Willem Dafoe and Robert Pattinson in The Lighthouse (2019)", "__typename": "Markdown"}, "height": 773, "width": 489, "__typename": "Image"}, "__typename": "ImageEdge"}], "__typename": "ImageConnection"}, "productionStatus": {"currentProductionStage": {"id": "released", "text": "Released", "__typename": "ProductionStage"}, "productionStatusHistory": [{"status": {"id": "pre_production", "text": "Pre-production", "__typename": "ProductionStatus"}, "__typename": "ProductionStatusHistory"}, {"status": {"id": "filming", "text": "Filming", "__typename": "ProductionStatus"}, "__typename": "ProductionStatusHistory"}, {"status": {"id": "post_production", "text": "Post-production", "__typename": "ProductionStatus"}, "__typename": "ProductionStatusHistory"}, {"status": {"id": "released", "text": "Released", "__typename": "ProductionStatus"}, "__typename": "ProductionStatusHistory"}], "restriction": null, "__typename": "ProductionStatusDetails"}, "primaryImage": {"id": "rm2114754305", "__typename": "Image"}, "inIframeAddLink": {"url": "https://contribute.imdb.com/image/tt7984734/add?bus=imdb&return_url=https%3A%2F%2Fwww.imdb.com%2Fclose_me&site=web", "__typename": "ContributionLink"}, "notInIframeAddLink": {"url": "https://contribute.imdb.com/image/tt7984734/add?bus=imdb&return_url=https%3A%2F%2Fwww.imdb.com%2Ftitle%2Ftt7984734%2F&site=mobile", "__typename": "ContributionLink"}, "titleType": {"id": "movie", "canHaveEpisodes": false, "__typename": "TitleType"}, "cast": {"total": 10, "edges": [{"node": {"name": {"id": "nm1500155", "nameText": {"text": "Robert Pattinson", "__typename": "NameText"}, "primaryImage": {"url": "https://m.media-amazon.com/images/M/MV5BNzk0MDQ5OTUxMV5BMl5BanBnXkFtZTcwMDM5ODk5Mg@@._V1_.jpg", "width": 301, "height": 400, "__typename": "Image"}, "__typename": "Name"}, "attributes": null, "category": {"id": "actor", "__typename": "CreditCategory"}, "characters": [{"name": "Thomas Howard", "__typename": "Character"}], "episodeCredits": {"total": 0, "yearRange": null, "__typename": "EpisodeCastConnection"}, "__typename": "Cast"}, "__typename": "CreditEdge"}, {"node": {"name": {"id": "nm0000353", "nameText": {"text": "Willem Dafoe", "__typename": "NameText"}, "primaryImage": {"url": "https://m.media-amazon.com/images/M/MV5BOTBjNWMzMDEtZGZiZi00ZTEyLWEzMDUtZGFiYTE0ODQwZWU5XkEyXkFqcGc@._V1_.jpg", "width": 921, "height": 1152, "__typename": "Image"}, "__typename": "Name"}, "attributes": null, "category": {"id": "actor", "__typename": "CreditCategory"}, "characters": [{"name": "Thomas Wake", "__typename": "Character"}], "episodeCredits": {"total": 0, "yearRange": null, "__typename": "EpisodeCastConnection"}, "__typename": "Cast"}, "__typename": "CreditEdge"}, {"node": {"name": {"id": "nm10840078", "nameText": {"text": "Valeriia Karaman", "__typename": "NameText"}, "primaryImage": {"url": "https://m.media-amazon.com/images/M/MV5BOGZiNjYxZGMtZGMzOC00YjA5LTlmODgtNGQzMDYxZjk0YTZjXkEyXkFqcGc@._V1_.jpg", "width": 900, "height": 600, "__typename": "Image"}, "__typename": "Name"}, "attributes": null, "category": {"id": "actress", "__typename": "CreditCategory"}, "characters": [{"name": "Mermaid", "__typename": "Character"}], "episodeCredits": {"total": 0, "yearRange": null, "__typename": "EpisodeCastConnection"}, "__typename": "Cast"}, "__typename": "CreditEdge"}, {"node": {"name": {"id": "nm11125041", "nameText": {"text": "Logan Hawkes", "__typename": "NameText"}, "primaryImage": null, "__typename": "Name"}, "attributes": null, "category": {"id": "actor", "__typename": "CreditCategory"}, "characters": [{"name": "Ephraim Winslow", "__typename": "Character"}], "episodeCredits": {"total": 0, "yearRange": null, "__typename": "EpisodeCastConnection"}, "__typename": "Cast"}, "__typename": "CreditEdge"}, {"node": {"name": {"id": "nm5777181", "nameText": {"text": "Kyla Nicolle", "__typename": "NameText"}, "primaryImage": null, "__typename": "Name"}, "attributes": null, "category": {"id": "actress", "__typename": "CreditCategory"}, "characters": [{"name": "Woman on the Rocks", "__typename": "Character"}], "episodeCredits": {"total": 0, "yearRange": null, "__typename": "EpisodeCastConnection"}, "__typename": "Cast"}, "__typename": "CreditEdge"}, {"node": {"name": {"id": "nm0164996", "nameText": {"text": "Shaun Clarke", "__typename": "NameText"}, "primaryImage": null, "__typename": "Name"}, "attributes": null, "category": {"id": "actor", "__typename": "CreditCategory"}, "characters": [{"name": "Departing Wickie", "__typename": "Character"}], "episodeCredits": {"total": 0, "yearRange": null, "__typename": "EpisodeCastConnection"}, "__typename": "Cast"}, "__typename": "CreditEdge"}, {"node": {"name": {"id": "nm2652673", "nameText": {"text": "Pierre Richard", "__typename": "NameText"}, "primaryImage": null, "__typename": "Name"}, "attributes": null, "category": {"id": "actor", "__typename": "CreditCategory"}, "characters": [{"name": "Departing Assistant Wickie", "__typename": "Character"}], "episodeCredits": {"total": 0, "yearRange": null, "__typename": "EpisodeCastConnection"}, "__typename": "Cast"}, "__typename": "CreditEdge"}, {"node": {"name": {"id": "nm1860965", "nameText": {"text": "Preston Hudson", "__typename": "NameText"}, "primaryImage": null, "__typename": "Name"}, "attributes": null, "category": {"id": "actor", "__typename": "CreditCategory"}, "characters": [{"name": "Tender Mate", "__typename": "Character"}], "episodeCredits": {"total": 0, "yearRange": null, "__typename": "EpisodeCastConnection"}, "__typename": "Cast"}, "__typename": "CreditEdge"}, {"node": {"name": {"id": "nm2496005", "nameText": {"text": "Jeffrey Cruts", "__typename": "NameText"}, "primaryImage": null, "__typename": "Name"}, "attributes": [{"text": "as Jeff Cruts", "__typename": "CreditedAsCreditAttribute"}], "category": {"id": "actor", "__typename": "CreditCategory"}, "characters": [{"name": "Tender Mate", "__typename": "Character"}], "episodeCredits": {"total": 0, "yearRange": null, "__typename": "EpisodeCastConnection"}, "__typename": "Cast"}, "__typename": "CreditEdge"}, {"node": {"name": {"id": "nm8257932", "nameText": {"text": "Sully Seagull", "__typename": "NameText"}, "primaryImage": null, "__typename": "Name"}, "attributes": [{"text": "uncredited", "__typename": "MiscellaneousCreditAttribute"}], "category": {"id": "actor", "__typename": "CreditCategory"}, "characters": [{"name": "Seagull", "__typename": "Character"}], "episodeCredits": {"total": 0, "yearRange": null, "__typename": "EpisodeCastConnection"}, "__typename": "Cast"}, "__typename": "CreditEdge"}], "__typename": "CreditConnection"}, "creators": [], "directors": [{"totalCredits": 1, "category": {"text": "Director", "id": "director", "__typename": "CreditCategory"}, "credits": [{"name": {"id": "nm3211470", "nameText": {"text": "Robert Eggers", "__typename": "NameText"}, "__typename": "Name"}, "__typename": "Crew"}], "__typename": "PrincipalCreditsForCategory"}], "writers": [{"totalCredits": 2, "category": {"text": "Writers", "id": "writer", "__typename": "CreditCategory"}, "credits": [{"name": {"id": "nm3211470", "nameText": {"text": "Robert Eggers", "__typename": "NameText"}, "__typename": "Name"}, "__typename": "Crew"}, {"name": {"id": "nm3220455", "nameText": {"text": "Max Eggers", "__typename": "NameText"}, "__typename": "Name"}, "__typename": "Crew"}], "__typename": "PrincipalCreditsForCategory"}], "isAdult": false, "moreLikeThisTitles": {"edges": [{"node": {"id": "tt4263482", "titleText": {"text": "The VVitch: A New-England Folktale", "__typename": "TitleText"}, "titleType": {"id": "movie", "text": "Movie", "canHaveEpisodes": false, "displayableProperty": {"value": {"plainText": "", "__typename": "Markdown"}, "__typename": "DisplayableTitleTypeProperty"}, "__typename": "TitleType"}, "originalTitleText": {"text": "The VVitch: A New-England Folktale", "__typename": "TitleText"}, "primaryImage": {"id": "rm2328686080", "width": 4050, "height": 6000, "url": "https://m.media-amazon.com/images/M/MV5BMTUyNzkwMzAxOF5BMl5BanBnXkFtZTgwMzc1OTk1NjE@._V1_.jpg", "caption": {"plainText": "The VVitch: A New-England Folktale (2015)", "__typename": "Markdown"}, "__typename": "Image"}, "releaseYear": {"year": 2015, "endYear": null, "__typename": "YearRange"}, "ratingsSummary": {"aggregateRating": 7, "voteCount": 315524, "__typename": "RatingsSummary"}, "runtime": {"seconds": 5520, "__typename": "Runtime"}, "certificate": {"rating": "R", "__typename": "Certificate"}, "canRate": {"isRatable": true, "__typename": "CanRate"}, "titleGenres": {"genres": [{"genre": {"text": "Drama", "__typename": "GenreItem"}, "__typename": "TitleGenre"}, {"genre": {"text": "Fantasy", "__typename": "GenreItem"}, "__typename": "TitleGenre"}, {"genre": {"text": "Horror", "__typename": "GenreItem"}, "__typename": "TitleGenre"}], "__typename": "TitleGenres"}, "canHaveEpisodes": false, "__typename": "Title"}, "__typename": "MoreLikeThisEdge"}, {"node": {"id": "tt8772262", "titleText": {"text": "Midsommar", "__typename": "TitleText"}, "titleType": {"id": "movie", "text": "Movie", "canHaveEpisodes": false, "displayableProperty": {"value": {"plainText": "", "__typename": "Markdown"}, "__typename": "DisplayableTitleTypeProperty"}, "__typename": "TitleType"}, "originalTitleText": {"text": "Midsommar", "__typename": "TitleText"}, "primaryImage": {"id": "rm3772802304", "width": 1382, "height": 2048, "url": "https://m.media-amazon.com/images/M/MV5BMzQxNzQzOTQwM15BMl5BanBnXkFtZTgwMDQ2NTcwODM@._V1_.jpg", "caption": {"plainText": "Florence Pugh in Midsommar (2019)", "__typename": "Markdown"}, "__typename": "Image"}, "releaseYear": {"year": 2019, "endYear": null, "__typename": "YearRange"}, "ratingsSummary": {"aggregateRating": 7.1, "voteCount": 427806, "__typename": "RatingsSummary"}, "runtime": {"seconds": 8880, "__typename": "Runtime"}, "certificate": {"rating": "A", "__typename": "Certificate"}, "canRate": {"isRatable": true, "__typename": "CanRate"}, "titleGenres": {"genres": [{"genre": {"text": "Drama", "__typename": "GenreItem"}, "__typename": "TitleGenre"}, {"genre": {"text": "Horror", "__typename": "GenreItem"}, "__typename": "TitleGenre"}, {"genre": {"text": "Mystery", "__typename": "GenreItem"}, "__typename": "TitleGenre"}], "__typename": "TitleGenres"}, "canHaveEpisodes": false, "__typename": "Title"}, "__typename": "MoreLikeThisEdge"}, {"node": {"id": "tt7784604", "titleText": {"text": "Hereditary", "__typename": "TitleText"}, "titleType": {"id": "movie", "text": "Movie", "canHaveEpisodes": false, "displayableProperty": {"value": {"plainText": "", "__typename": "Markdown"}, "__typename": "DisplayableTitleTypeProperty"}, "__typename": "TitleType"}, "originalTitleText": {"text": "Hereditary", "__typename": "TitleText"}, "primaryImage": {"id": "rm519258624", "width": 2025, "height": 3000, "url": "https://m.media-amazon.com/images/M/MV5BNTEyZGQwODctYWJjZi00NjFmLTg3YmEtMzlhNjljOGZhMWMyXkEyXkFqcGc@._V1_.jpg", "caption": {"plainText": "Toni Collette and Milly Shapiro in Hereditary (2018)", "__typename": "Markdown"}, "__typename": "Image"}, "releaseYear": {"year": 2018, "endYear": null, "__typename": "YearRange"}, "ratingsSummary": {"aggregateRating": 7.3, "voteCount": 399973, "__typename": "RatingsSummary"}, "runtime": {"seconds": 7620, "__typename": "Runtime"}, "certificate": {"rating": "A", "__typename": "Certificate"}, "canRate": {"isRatable": true, "__typename": "CanRate"}, "titleGenres": {"genres": [{"genre": {"text": "Drama", "__typename": "GenreItem"}, "__typename": "TitleGenre"}, {"genre": {"text": "Horror", "__typename": "GenreItem"}, "__typename": "TitleGenre"}, {"genre": {"text": "Mystery", "__typename": "GenreItem"}, "__typename": "TitleGenre"}], "__typename": "TitleGenres"}, "canHaveEpisodes": false, "__typename": "Title"}, "__typename": "MoreLikeThisEdge"}, {"node": {"id": "tt11138512", "titleText": {"text": "The Northman", "__typename": "TitleText"}, "titleType": {"id": "movie", "text": "Movie", "canHaveEpisodes": false, "displayableProperty": {"value": {"plainText": "", "__typename": "Markdown"}, "__typename": "DisplayableTitleTypeProperty"}, "__typename": "TitleType"}, "originalTitleText": {"text": "The Northman", "__typename": "TitleText"}, "primaryImage": {"id": "rm2924419329", "width": 1382, "height": 2048, "url": "https://m.media-amazon.com/images/M/MV5BYzgwM2JiY2MtNWQ5OC00NDc1LWExMjYtYmY2YjViZmViYWM5XkEyXkFqcGc@._V1_.jpg", "caption": {"plainText": "Ethan Hawke, Nicole Kidman, Willem Dafoe, Bj\u00f6rk, Alexander Skarsg\u00e5rd, Claes Bang, and Anya Taylor-Joy in The Northman (2022)", "__typename": "Markdown"}, "__typename": "Image"}, "releaseYear": {"year": 2022, "endYear": null, "__typename": "YearRange"}, "ratingsSummary": {"aggregateRating": 7, "voteCount": 263797, "__typename": "RatingsSummary"}, "runtime": {"seconds": 8220, "__typename": "Runtime"}, "certificate": {"rating": "R", "__typename": "Certificate"}, "canRate": {"isRatable": true, "__typename": "CanRate"}, "titleGenres": {"genres": [{"genre": {"text": "Action", "__typename": "GenreItem"}, "__typename": "TitleGenre"}, {"genre": {"text": "Adventure", "__typename": "GenreItem"}, "__typename": "TitleGenre"}, {"genre": {"text": "Drama", "__typename": "GenreItem"}, "__typename": "TitleGenre"}], "__typename": "TitleGenres"}, "canHaveEpisodes": false, "__typename": "Title"}, "__typename": "MoreLikeThisEdge"}, {"node": {"id": "tt5715874", "titleText": {"text": "The Killing of a Sacred Deer", "__typename": "TitleText"}, "titleType": {"id": "movie", "text": "Movie", "canHaveEpisodes": false, "displayableProperty": {"value": {"plainText": "", "__typename": "Markdown"}, "__typename": "DisplayableTitleTypeProperty"}, "__typename": "TitleType"}, "originalTitleText": {"text": "The Killing of a Sacred Deer", "__typename": "TitleText"}, "primaryImage": {"id": "rm2314426880", "width": 1382, "height": 2048, "url": "https://m.media-amazon.com/images/M/MV5BMjU4NDcwOTA2NF5BMl5BanBnXkFtZTgwMjE2OTg4MzI@._V1_.jpg", "caption": {"plainText": "Nicole Kidman, Colin Farrell, and Barry Keoghan in The Killing of a Sacred Deer (2017)", "__typename": "Markdown"}, "__typename": "Image"}, "releaseYear": {"year": 2017, "endYear": null, "__typename": "YearRange"}, "ratingsSummary": {"aggregateRating": 7, "voteCount": 196891, "__typename": "RatingsSummary"}, "runtime": {"seconds": 7260, "__typename": "Runtime"}, "certificate": {"rating": "18", "__typename": "Certificate"}, "canRate": {"isRatable": true, "__typename": "CanRate"}, "titleGenres": {"genres": [{"genre": {"text": "Drama", "__typename": "GenreItem"}, "__typename": "TitleGenre"}, {"genre": {"text": "Horror", "__typename": "GenreItem"}, "__typename": "TitleGenre"}, {"genre": {"text": "Mystery", "__typename": "GenreItem"}, "__typename": "TitleGenre"}], "__typename": "TitleGenres"}, "canHaveEpisodes": false, "__typename": "Title"}, "__typename": "MoreLikeThisEdge"}, {"node": {"id": "tt10638522", "titleText": {"text": "Talk to Me", "__typename": "TitleText"}, "titleType": {"id": "movie", "text": "Movie", "canHaveEpisodes": false, "displayableProperty": {"value": {"plainText": "", "__typename": "Markdown"}, "__typename": "DisplayableTitleTypeProperty"}, "__typename": "TitleType"}, "originalTitleText": {"text": "Talk to Me", "__typename": "TitleText"}, "primaryImage": {"id": "rm628500737", "width": 2700, "height": 4000, "url": "https://m.media-amazon.com/images/M/MV5BY2I2NzJmY2YtYTM3Ni00ZGJhLThkZTItODFhMzhlZjZkMDQ5XkEyXkFqcGc@._V1_.jpg", "caption": {"plainText": "Talk to Me (2022)", "__typename": "Markdown"}, "__typename": "Image"}, "releaseYear": {"year": 2022, "endYear": null, "__typename": "YearRange"}, "ratingsSummary": {"aggregateRating": 7.1, "voteCount": 168440, "__typename": "RatingsSummary"}, "runtime": {"seconds": 5700, "__typename": "Runtime"}, "certificate": {"rating": "R", "__typename": "Certificate"}, "canRate": {"isRatable": true, "__typename": "CanRate"}, "titleGenres": {"genres": [{"genre": {"text": "Horror", "__typename": "GenreItem"}, "__typename": "TitleGenre"}, {"genre": {"text": "Thriller", "__typename": "GenreItem"}, "__typename": "TitleGenre"}], "__typename": "TitleGenres"}, "canHaveEpisodes": false, "__typename": "Title"}, "__typename": "MoreLikeThisEdge"}, {"node": {"id": "tt4062536", "titleText": {"text": "Green Room", "__typename": "TitleText"}, "titleType": {"id": "movie", "text": "Movie", "canHaveEpisodes": false, "displayableProperty": {"value": {"plainText": "", "__typename": "Markdown"}, "__typename": "DisplayableTitleTypeProperty"}, "__typename": "TitleType"}, "originalTitleText": {"text": "Green Room", "__typename": "TitleText"}, "primaryImage": {"id": "rm3621840128", "width": 1400, "height": 2074, "url": "https://m.media-amazon.com/images/M/MV5BMjU1ODQ5NzA0N15BMl5BanBnXkFtZTgwMDg5MTA5NzE@._V1_.jpg", "caption": {"plainText": "Anton Yelchin in Green Room (2015)", "__typename": "Markdown"}, "__typename": "Image"}, "releaseYear": {"year": 2015, "endYear": null, "__typename": "YearRange"}, "ratingsSummary": {"aggregateRating": 7, "voteCount": 143689, "__typename": "RatingsSummary"}, "runtime": {"seconds": 5700, "__typename": "Runtime"}, "certificate": {"rating": "18", "__typename": "Certificate"}, "canRate": {"isRatable": true, "__typename": "CanRate"}, "titleGenres": {"genres": [{"genre": {"text": "Crime", "__typename": "GenreItem"}, "__typename": "TitleGenre"}, {"genre": {"text": "Horror", "__typename": "GenreItem"}, "__typename": "TitleGenre"}, {"genre": {"text": "Music", "__typename": "GenreItem"}, "__typename": "TitleGenre"}], "__typename": "TitleGenres"}, "canHaveEpisodes": false, "__typename": "Title"}, "__typename": "MoreLikeThisEdge"}, {"node": {"id": "tt9812474", "titleText": {"text": "Lamb", "__typename": "TitleText"}, "titleType": {"id": "movie", "text": "Movie", "canHaveEpisodes": false, "displayableProperty": {"value": {"plainText": "", "__typename": "Markdown"}, "__typename": "DisplayableTitleTypeProperty"}, "__typename": "TitleType"}, "originalTitleText": {"text": "D\u00fdri\u00f0", "__typename": "TitleText"}, "primaryImage": {"id": "rm1130626561", "width": 896, "height": 1280, "url": "https://m.media-amazon.com/images/M/MV5BOWM1ZjViN2MtNGVjMS00MTgxLWJjZTQtMmI1YWJiZTgxZGMwXkEyXkFqcGc@._V1_.jpg", "caption": {"plainText": "Hilmir Sn\u00e6r Gu\u00f0nason and Noomi Rapace in Lamb (2021)", "__typename": "Markdown"}, "__typename": "Image"}, "releaseYear": {"year": 2021, "endYear": null, "__typename": "YearRange"}, "ratingsSummary": {"aggregateRating": 6.3, "voteCount": 40610, "__typename": "RatingsSummary"}, "runtime": {"seconds": 6360, "__typename": "Runtime"}, "certificate": {"rating": "R", "__typename": "Certificate"}, "canRate": {"isRatable": true, "__typename": "CanRate"}, "titleGenres": {"genres": [{"genre": {"text": "Drama", "__typename": "GenreItem"}, "__typename": "TitleGenre"}, {"genre": {"text": "Fantasy", "__typename": "GenreItem"}, "__typename": "TitleGenre"}, {"genre": {"text": "Horror", "__typename": "GenreItem"}, "__typename": "TitleGenre"}], "__typename": "TitleGenres"}, "canHaveEpisodes": false, "__typename": "Title"}, "__typename": "MoreLikeThisEdge"}, {"node": {"id": "tt1441395", "titleText": {"text": "Under the Skin", "__typename": "TitleText"}, "titleType": {"id": "movie", "text": "Movie", "canHaveEpisodes": false, "displayableProperty": {"value": {"plainText": "", "__typename": "Markdown"}, "__typename": "DisplayableTitleTypeProperty"}, "__typename": "TitleType"}, "originalTitleText": {"text": "Under the Skin", "__typename": "TitleText"}, "primaryImage": {"id": "rm4065514496", "width": 680, "height": 1007, "url": "https://m.media-amazon.com/images/M/MV5BMTU1MDEwMDg4Nl5BMl5BanBnXkFtZTgwOTk3NTcxMTE@._V1_.jpg", "caption": {"plainText": "Scarlett Johansson in Under the Skin (2013)", "__typename": "Markdown"}, "__typename": "Image"}, "releaseYear": {"year": 2013, "endYear": null, "__typename": "YearRange"}, "ratingsSummary": {"aggregateRating": 6.3, "voteCount": 161862, "__typename": "RatingsSummary"}, "runtime": {"seconds": 6480, "__typename": "Runtime"}, "certificate": {"rating": "R", "__typename": "Certificate"}, "canRate": {"isRatable": true, "__typename": "CanRate"}, "titleGenres": {"genres": [{"genre": {"text": "Drama", "__typename": "GenreItem"}, "__typename": "TitleGenre"}, {"genre": {"text": "Horror", "__typename": "GenreItem"}, "__typename": "TitleGenre"}, {"genre": {"text": "Mystery", "__typename": "GenreItem"}, "__typename": "TitleGenre"}], "__typename": "TitleGenres"}, "canHaveEpisodes": false, "__typename": "Title"}, "__typename": "MoreLikeThisEdge"}, {"node": {"id": "tt3520714", "titleText": {"text": "The Lighthouse", "__typename": "TitleText"}, "titleType": {"id": "movie", "text": "Movie", "canHaveEpisodes": false, "displayableProperty": {"value": {"plainText": "", "__typename": "Markdown"}, "__typename": "DisplayableTitleTypeProperty"}, "__typename": "TitleType"}, "originalTitleText": {"text": "The Lighthouse", "__typename": "TitleText"}, "primaryImage": {"id": "rm2134347521", "width": 2000, "height": 3000, "url": "https://m.media-amazon.com/images/M/MV5BODljZmFmMTUtNDA1ZS00ZmViLTlhYjMtZDQ5YjAwOGNiMzFjXkEyXkFqcGc@._V1_.jpg", "caption": {"plainText": "Mark Lewis Jones and Michael Jibson in The Lighthouse (2016)", "__typename": "Markdown"}, "__typename": "Image"}, "releaseYear": {"year": 2016, "endYear": null, "__typename": "YearRange"}, "ratingsSummary": {"aggregateRating": 5.3, "voteCount": 1186, "__typename": "RatingsSummary"}, "runtime": {"seconds": 6120, "__typename": "Runtime"}, "certificate": null, "canRate": {"isRatable": true, "__typename": "CanRate"}, "titleGenres": {"genres": [{"genre": {"text": "Thriller", "__typename": "GenreItem"}, "__typename": "TitleGenre"}], "__typename": "TitleGenres"}, "canHaveEpisodes": false, "__typename": "Title"}, "__typename": "MoreLikeThisEdge"}, {"node": {"id": "tt1330057", "titleText": {"text": "The Tell-Tale Heart", "__typename": "TitleText"}, "titleType": {"id": "short", "text": "Short", "canHaveEpisodes": false, "displayableProperty": {"value": {"plainText": "Short", "__typename": "Markdown"}, "__typename": "DisplayableTitleTypeProperty"}, "__typename": "TitleType"}, "originalTitleText": {"text": "The Tell-Tale Heart", "__typename": "TitleText"}, "primaryImage": {"id": "rm1304463872", "width": 2400, "height": 3454, "url": "https://m.media-amazon.com/images/M/MV5BMjE5NjQwODI5M15BMl5BanBnXkFtZTcwMzg2OTQxMg@@._V1_.jpg", "caption": {"plainText": "The Tell-Tale Heart (2008)", "__typename": "Markdown"}, "__typename": "Image"}, "releaseYear": {"year": 2008, "endYear": null, "__typename": "YearRange"}, "ratingsSummary": {"aggregateRating": 6.7, "voteCount": 579, "__typename": "RatingsSummary"}, "runtime": {"seconds": 1260, "__typename": "Runtime"}, "certificate": null, "canRate": {"isRatable": true, "__typename": "CanRate"}, "titleGenres": {"genres": [{"genre": {"text": "Short", "__typename": "GenreItem"}, "__typename": "TitleGenre"}, {"genre": {"text": "Drama", "__typename": "GenreItem"}, "__typename": "TitleGenre"}, {"genre": {"text": "Fantasy", "__typename": "GenreItem"}, "__typename": "TitleGenre"}], "__typename": "TitleGenres"}, "canHaveEpisodes": false, "__typename": "Title"}, "__typename": "MoreLikeThisEdge"}, {"node": {"id": "tt8359848", "titleText": {"text": "Climax", "__typename": "TitleText"}, "titleType": {"id": "movie", "text": "Movie", "canHaveEpisodes": false, "displayableProperty": {"value": {"plainText": "", "__typename": "Markdown"}, "__typename": "DisplayableTitleTypeProperty"}, "__typename": "TitleType"}, "originalTitleText": {"text": "Climax", "__typename": "TitleText"}, "primaryImage": {"id": "rm3352722176", "width": 2687, "height": 3657, "url": "https://m.media-amazon.com/images/M/MV5BYWQwOTVmNGQtNGU1Ny00ODNkLTkzMmMtYzY1ZWQyMzk0Y2ZiXkEyXkFqcGc@._V1_.jpg", "caption": {"plainText": "Sofia Boutella and Kiddy Smile in Climax (2018)", "__typename": "Markdown"}, "__typename": "Image"}, "releaseYear": {"year": 2018, "endYear": null, "__typename": "YearRange"}, "ratingsSummary": {"aggregateRating": 6.9, "voteCount": 82484, "__typename": "RatingsSummary"}, "runtime": {"seconds": 5820, "__typename": "Runtime"}, "certificate": {"rating": "A", "__typename": "Certificate"}, "canRate": {"isRatable": true, "__typename": "CanRate"}, "titleGenres": {"genres": [{"genre": {"text": "Drama", "__typename": "GenreItem"}, "__typename": "TitleGenre"}, {"genre": {"text": "Horror", "__typename": "GenreItem"}, "__typename": "TitleGenre"}, {"genre": {"text": "Music", "__typename": "GenreItem"}, "__typename": "TitleGenre"}], "__typename": "TitleGenres"}, "canHaveEpisodes": false, "__typename": "Title"}, "__typename": "MoreLikeThisEdge"}], "__typename": "MoreLikeThisConnection"}, "triviaTotal": {"total": 71, "__typename": "TriviaConnection"}, "trivia": {"edges": [{"node": {"text": {"plaidHtml": "<a class=\"ipc-md-link ipc-md-link--entity\" href=\"/name/nm0000353/?ref_=tt_dyk_trv\">Willem Dafoe</a> and <a class=\"ipc-md-link ipc-md-link--entity\" href=\"/name/nm1500155/?ref_=tt_dyk_trv\">Robert Pattinson</a> stated that they barely spoke a word to each other on set and were too exhausted to hang out together after a day of shooting because filming was so physically demanding due to the miserable weather conditions. While Pattinson stayed at a normal hotel with the rest of the film crew during the shoot, Dafoe lived in a little fisherman&#39;s cottage in solitude. On set, on the other hand, Pattinson would tend to eat and stay by himself during filming breaks, while Dafoe stayed with the crew. Both stated that they liked each other very much as soon as they had their first real conversation a few months later.", "__typename": "Markdown"}, "trademark": null, "relatedNames": null, "__typename": "TitleTrivia"}, "__typename": "TriviaEdge"}], "__typename": "TriviaConnection"}, "goofsTotal": {"total": 1, "__typename": "GoofConnection"}, "goofs": {"edges": [{"node": {"text": {"plaidHtml": "One of the folk songs used during one of the drunken sessions in the film is &#39;On a Monday Morning&#39;, written by Cyril Tawney in about 1966 - but the film is supposedly set in the C19th.", "__typename": "Markdown"}, "__typename": "Goof"}, "__typename": "GoofEdge"}], "__typename": "GoofConnection"}, "quotesTotal": {"total": 33, "__typename": "TitleQuoteConnection"}, "quotes": {"edges": [{"node": {"lines": [{"characters": [{"character": "Thomas Wake", "name": {"id": "nm0000353", "__typename": "Name"}, "__typename": "TitleQuoteCharacter"}], "text": "Yer fond of me lobster aint' ye? I seen it - yer fond of me lobster! Say it! Say it. Say it!", "stageDirection": null, "__typename": "TitleQuoteLine"}, {"characters": [{"character": "Ephraim Winslow", "name": {"id": "nm1500155", "__typename": "Name"}, "__typename": "TitleQuoteCharacter"}], "text": "I don't have to say nothin'.", "stageDirection": null, "__typename": "TitleQuoteLine"}, {"characters": [{"character": "Thomas Wake", "name": {"id": "nm0000353", "__typename": "Name"}, "__typename": "TitleQuoteCharacter"}], "text": "Damn ye! Let Neptune strike ye dead Winslow! HAAARK!", "stageDirection": null, "__typename": "TitleQuoteLine"}, {"characters": [{"character": "Thomas Wake", "name": {"id": "nm0000353", "__typename": "Name"}, "__typename": "TitleQuoteCharacter"}], "text": "Hark Triton, hark! Bellow, bid our father the Sea King rise from the depths full foul in his fury! Black waves teeming with salt foam to smother this young mouth with pungent slime, to choke ye, engorging your organs til' ye turn blue and bloated with bilge and brine and can scream no more - only when he, crowned in cockle shells with slitherin' tentacle tail and steaming beard take up his fell be-finned arm, his coral-tine trident screeches banshee-like in the tempest and plunges right through yer gullet, bursting ye - a bulging bladder no more, but a blasted bloody film now and nothing for the harpies and the souls of dead sailors to peck and claw and feed upon only to be lapped up and swallowed by the infinite waters of the Dread Emperor himself - forgotten to any man, to any time, forgotten to any god or devil, forgotten even to the sea, for any stuff for part of Winslow, even any scantling of your soul is Winslow no more, but is now itself the sea!", "stageDirection": null, "__typename": "TitleQuoteLine"}, {"characters": [{"character": "Ephraim Winslow", "name": {"id": "nm1500155", "__typename": "Name"}, "__typename": "TitleQuoteCharacter"}], "text": "Alright, have it your way. I like your cookin'.", "stageDirection": null, "__typename": "TitleQuoteLine"}], "__typename": "TitleQuote"}, "__typename": "TitleQuoteEdge"}], "__typename": "TitleQuoteConnection"}, "crazyCredits": {"edges": [], "__typename": "CrazyCreditConnection"}, "alternateVersions": {"total": 0, "edges": [], "__typename": "AlternateVersionConnection"}, "connections": {"edges": [{"node": {"associatedTitle": {"id": "tt15654590", "releaseYear": {"year": 2019, "__typename": "YearRange"}, "titleText": {"text": "'Faster than your First Time' Reviews (Joker, Jojo Rabbit, Lucy in the Sky and everything else)", "__typename": "TitleText"}, "originalTitleText": {"text": "'Faster than your First Time' Reviews (Joker, Jojo Rabbit, Lucy in the Sky and everything else)", "__typename": "TitleText"}, "series": {"series": {"titleText": {"text": "Amanda the Jedi Show", "__typename": "TitleText"}, "originalTitleText": {"text": "Amanda the Jedi Show", "__typename": "TitleText"}, "__typename": "Title"}, "__typename": "Series"}, "__typename": "Title"}, "category": {"text": "Featured in", "__typename": "TitleConnectionCategory"}, "__typename": "TitleConnection"}, "__typename": "TitleConnectionEdge"}], "__typename": "TitleConnectionConnection"}, "soundtrack": {"edges": [{"node": {"text": "Tis Brasswork", "comments": [{"plaidHtml": "Based on the Poem: &quot;Brasswork: The Light-Keepers Lament&quot; by Frederic W. Morong, Jr.", "__typename": "Markdown"}, {"plaidHtml": "Melody by <a class=\"ipc-md-link ipc-md-link--entity\" href=\"/name/nm0466805/?ref_=tt_dyk_snd\">Mark Korven</a>", "__typename": "Markdown"}, {"plaidHtml": "Performed by <a class=\"ipc-md-link ipc-md-link--entity\" href=\"/name/nm0000353/?ref_=tt_dyk_snd\">Willem Dafoe</a>", "__typename": "Markdown"}], "__typename": "Track"}, "__typename": "SoundtrackEdge"}], "__typename": "SoundtrackConnection"}, "titleText": {"text": "The Lighthouse", "__typename": "TitleText"}, "originalTitleText": {"text": "The Lighthouse", "__typename": "TitleText"}, "releaseYear": {"year": 2019, "__typename": "YearRange"}, "reviews": {"total": 1628, "__typename": "ReviewsConnection"}, "featuredReviews": {"edges": [{"node": {"id": "rw5348767", "author": {"nickName": "P-Sibencus", "userId": "ur65739952", "__typename": "UserProfile"}, "summary": {"originalText": "Let's just be honest here", "__typename": "ReviewSummary"}, "text": {"originalText": {"plaidHtml": "This is precisely the type of film that will garner equal amounts of unbridled praise by the arthouse diehards, as well as criticism (and likely rejection) from a lot of other viewers. My opinion lies somewhere in the middle. I give it 6 stars for the undeniably outstanding acting (obviously, Dafoe)... and Pattinson is very impressive. Something new, yes. Effective at mood-setting, check. The b&amp;w filming, the shots, the scenery itself... even the set, the old dilapidated coastal shack, all excellent. The dynamic between the two characters is raw and real. Is it a thought-provoking free-fall into insanity? Maybe. But... there is a such a fine line between &quot;arthouse&quot;, trying something different, leaving much up to subjectivity and imagination, and... just trying a bit too hard. Mermaid labia? Hmmm. But, if part of the definition of a cinematic &quot;success&quot; is evoking emotion, then mission accomplished. Total despair, pity, fear, disgust, and a general feeling of creepery, all there.", "__typename": "Markdown"}, "__typename": "ReviewText"}, "authorRating": 7, "submissionDate": "2019-12-24", "helpfulness": {"upVotes": 530, "downVotes": 188, "__typename": "ReviewHelpfulness"}, "__typename": "Review"}, "__typename": "ReviewEdge"}], "__typename": "ReviewsConnection"}, "canRate": {"isRatable": true, "__typename": "CanRate"}, "iframeAddReviewLink": {"url": "https://contribute.imdb.com/review/tt7984734/add?bus=imdb&return_url=https%3A%2F%2Fwww.imdb.com%2Fclose_me&site=web", "__typename": "ContributionLink"}, "topQuestions": {"total": 19, "edges": [{"node": {"attributeId": "run-time", "question": {"plainText": "How long is The Lighthouse?", "__typename": "Markdown"}, "__typename": "AlexaQuestion"}, "__typename": "AlexaQuestionEdge"}], "__typename": "AlexaQuestionConnection"}, "faqs": {"total": 10, "edges": [{"node": {"id": "fq0096884", "question": {"plainText": "Where we can watch this? Ever coming out in theaters?", "__typename": "Markdown"}, "__typename": "Faq"}, "__typename": "FaqEdge"}, {"node": {"id": "fq0100979", "question": {"plainText": "What's the song that plays during the credits?", "__typename": "Markdown"}, "__typename": "Faq"}, "__typename": "FaqEdge"}, {"node": {"id": "fq0103679", "question": {"plainText": "Is this based on the Edgar Allen Poe story titled 'The Lighthouse Keeper'?", "__typename": "Markdown"}, "__typename": "Faq"}, "__typename": "FaqEdge"}], "__typename": "FaqConnection"}, "releaseDate": {"day": 25, "month": 10, "year": 2019, "country": {"id": "CA", "text": "Canada", "__typename": "LocalizedDisplayableCountry"}, "__typename": "ReleaseDate"}, "countriesOfOrigin": {"countries": [{"id": "CA", "text": "Canada", "__typename": "CountryOfOrigin"}, {"id": "US", "text": "United States", "__typename": "CountryOfOrigin"}], "__typename": "CountriesOfOrigin"}, "detailsExternalLinks": {"edges": [{"node": {"url": "https://www.facebook.com/LighthouseMovie", "label": "Official Facebook", "externalLinkRegion": null, "__typename": "ExternalLink"}, "__typename": "ExternalLinkEdge"}, {"node": {"url": "https://www.instagram.com/lighthousemovie/", "label": "Official Instagram", "externalLinkRegion": null, "__typename": "ExternalLink"}, "__typename": "ExternalLinkEdge"}], "total": 5, "__typename": "ExternalLinkConnection"}, "spokenLanguages": {"spokenLanguages": [{"id": "en", "text": "English", "__typename": "SpokenLanguage"}], "__typename": "SpokenLanguages"}, "akas": {"edges": [{"node": {"text": "El faro", "__typename": "Aka"}, "__typename": "AkaEdge"}], "__typename": "AkaConnection"}, "filmingLocations": {"edges": [{"node": {"text": "Cape Forchu, Nova Scotia, Canada", "location": "Cape Forchu, Nova Scotia, Canada", "attributes": [{"text": "Lighthouse and buildings exterior movie set", "__typename": "DisplayableAttribute"}], "__typename": "FilmingLocation"}, "__typename": "FilmingLocationEdge"}], "total": 4, "__typename": "FilmingLocationConnection"}, "production": {"edges": [{"node": {"company": {"id": "co0867908", "companyText": {"text": "Regency Enterprises", "__typename": "CompanyText"}, "__typename": "Company"}, "__typename": "CompanyCredit"}, "__typename": "CompanyCreditEdge"}, {"node": {"company": {"id": "co0770908", "companyText": {"text": "RT Features", "__typename": "CompanyText"}, "__typename": "Company"}, "__typename": "CompanyCredit"}, "__typename": "CompanyCreditEdge"}, {"node": {"company": {"id": "co0226159", "companyText": {"text": "Parts and Labor", "__typename": "CompanyText"}, "__typename": "Company"}, "__typename": "CompanyCredit"}, "__typename": "CompanyCreditEdge"}], "__typename": "CompanyCreditConnection"}, "companies": {"total": 43, "__typename": "CompanyCreditConnection"}, "productionBudget": {"budget": {"amount": 11000000, "currency": "USD", "__typename": "Money"}, "__typename": "ProductionBudget"}, "lifetimeGross": {"total": {"amount": 10867104, "currency": "USD", "__typename": "Money"}, "__typename": "BoxOfficeGross"}, "openingWeekendGross": {"gross": {"total": {"amount": 427797, "currency": "USD", "__typename": "Money"}, "__typename": "BoxOfficeGross"}, "weekendEndDate": "2019-10-20", "__typename": "OpeningWeekendGross"}, "worldwideGross": {"total": {"amount": 18125059, "currency": "USD", "__typename": "Money"}, "__typename": "BoxOfficeGross"}, "technicalSpecifications": {"soundMixes": {"items": [{"id": "dolby_digital", "text": "Dolby Digital", "attributes": [], "__typename": "SoundMix"}], "__typename": "SoundMixes"}, "aspectRatios": {"items": [{"aspectRatio": "1.19 : 1", "attributes": [], "__typename": "AspectRatio"}], "__typename": "AspectRatios"}, "colorations": {"items": [{"conceptId": "black_and_white", "text": "Black and White", "attributes": [], "__typename": "Coloration"}], "__typename": "Colorations"}, "__typename": "TechnicalSpecifications"}, "runtime": {"seconds": 6540, "__typename": "Runtime"}, "series": null, "canHaveEpisodes": false, "contributionQuestions": {"contributionLink": {"url": "https://contribute.imdb.com/answers", "__typename": "ContributionQuestionsLink"}, "edges": [{"node": {"entity": {"primaryImage": {"url": "https://m.media-amazon.com/images/M/MV5BMTI4MjFhMjAtNmQxYi00N2IxLWJjMGEtYWY1YmU3OTQ0Zjk3XkEyXkFqcGc@._V1_.jpg", "width": 1013, "height": 1500, "caption": {"plainText": "Willem Dafoe and Robert Pattinson in The Lighthouse (2019)", "__typename": "Markdown"}, "__typename": "Image"}, "__typename": "Title"}, "questionId": "tt7984734.release_date:streaming.AU", "questionText": {"plainText": "What is the streaming release date of The Lighthouse (2019) in Australia?", "__typename": "Markdown"}, "contributionLink": {"url": "https://contribute.imdb.com/answers?pinnedQuestion=tt7984734.release_date:streaming.AU", "__typename": "ContributionQuestionsLink"}, "__typename": "Question"}, "__typename": "QuestionEdge"}], "__typename": "QuestionConnection"}, "__typename": "Title"}}