{"ok": true, "error_code": 200, "description": "", "short": {"@context": "https://schema.org", "@type": "Movie", "url": "https://www.imdb.com/title/tt7905466/", "name": "They Shall Not Grow Old", "image": "https://m.media-amazon.com/images/M/MV5BOGMwNzc3NTQtY2QzZS00YzJmLTgyM2UtYjlkMjBjZTAwM2Y5XkEyXkFqcGc@._V1_.jpg", "description": "A documentary about World War I with never-before-seen footage to commemorate the centennial of the end of the war.", "review": {"@type": "Review", "itemReviewed": {"@type": "Movie", "url": "https://www.imdb.com/title/tt7905466/"}, "author": {"@type": "Person", "name": "FrenchEddieFelson"}, "dateCreated": "2019-07-11", "inLanguage": "English", "name": "Instructive and harrowing", "reviewBody": "A century later, Peter Jackson produced an informative and fascinating documentary about the First World War, seen by the English, in the trenches of the Bay of Somme, with dusted and colored archive images.\n\nAlmost everyone expected a brief and victorious war, which, as it was said at the time, would be &quot;over at Christmas&quot;. The continuation was very different and became a trench war. Hygiene was deplorable until it became laughable but the atmosphere within the troops was fraternal despite the constantly oppressive atmosphere.\n\nAnd we also learn that the English infantrymen regularly had a mission to capture a Fritz. Knowing that from a military strategy point of view, this is a complete nonsense, a war prisoner being systematically an useless and cumbersome dead weight, it is perhaps a pity that this documentary does not give to the audience an explicit explanation. And the only rational explanation is probably this one: to force the English infantrymen to attack the Germans, the prisoner of war being the proof of the effectiveness of their attack ..."}, "aggregateRating": {"@type": "AggregateRating", "ratingCount": 39050, "bestRating": 10, "worstRating": 1, "ratingValue": 8.2}, "contentRating": "UA", "genre": ["Documentary", "History", "War"], "datePublished": "2019-08-28", "keywords": "world war one,archive footage,restored film,film restoration,british soldier", "trailer": {"@type": "VideoObject", "name": "Official Trailer", "embedUrl": "https://www.imdb.com/video/imdb/vi3202857497", "thumbnail": {"@type": "ImageObject", "contentUrl": "https://m.media-amazon.com/images/M/MV5BNDhhNjI4NjEtMDJhYy00MWExLWJhOTYtYzQ4N2NkOTNlZDUxXkEyXkFqcGdeQXRodW1ibmFpbC1pbml0aWFsaXplcg@@._V1_.jpg"}, "thumbnailUrl": "https://m.media-amazon.com/images/M/MV5BNDhhNjI4NjEtMDJhYy00MWExLWJhOTYtYzQ4N2NkOTNlZDUxXkEyXkFqcGdeQXRodW1ibmFpbC1pbml0aWFsaXplcg@@._V1_.jpg", "url": "https://www.imdb.com/video/vi3202857497/", "description": "Produced and directed by Peter Jackson: The acclaimed documentary is an extraordinary look at the soldiers and events of the Great War, using film footage captured at the time, now presented as the world has never seen. By utilizing state-of-the-art restoration, colorization and 3D technologies, and pulling from 600 hours of BBC archival interviews, Jackson puts forth an intensely gripping, immersive and authentic experience through the eyes and voices of the British soldiers who lived it.", "duration": "PT2M25S", "uploadDate": "2018-11-21T13:01:12.889Z"}, "actor": [{"@type": "Person", "url": "https://www.imdb.com/name/nm11924371/", "name": "Thomas Adlam"}, {"@type": "Person", "url": "https://www.imdb.com/name/nm11924372/", "name": "William Argent"}, {"@type": "Person", "url": "https://www.imdb.com/name/nm11924373/", "name": "John Ashby"}], "director": [{"@type": "Person", "url": "https://www.imdb.com/name/nm0001392/", "name": "Peter Jackson"}], "creator": [{"@type": "Organization", "url": "https://www.imdb.com/company/co0601402/"}, {"@type": "Organization", "url": "https://www.imdb.com/company/co0323779/"}, {"@type": "Organization", "url": "https://www.imdb.com/company/co0046203/"}], "duration": "PT1H39M"}, "imdbId": "tt7905466", "top": {"id": "tt7905466", "productionStatus": {"currentProductionStage": {"id": "released", "text": "Released", "__typename": "ProductionStage"}, "productionStatusHistory": [{"status": {"id": "post_production", "text": "Post-production", "__typename": "ProductionStatus"}, "__typename": "ProductionStatusHistory"}, {"status": {"id": "filming", "text": "Filming", "__typename": "ProductionStatus"}, "__typename": "ProductionStatusHistory"}, {"status": {"id": "post_production", "text": "Post-production", "__typename": "ProductionStatus"}, "__typename": "ProductionStatusHistory"}, {"status": {"id": "completed", "text": "Completed", "__typename": "ProductionStatus"}, "__typename": "ProductionStatusHistory"}, {"status": {"id": "released", "text": "Released", "__typename": "ProductionStatus"}, "__typename": "ProductionStatusHistory"}], "restriction": null, "__typename": "ProductionStatusDetails"}, "canHaveEpisodes": false, "series": null, "titleText": {"text": "They Shall Not Grow Old", "__typename": "TitleText"}, "titleType": {"displayableProperty": {"value": {"plainText": "", "__typename": "Markdown"}, "__typename": "DisplayableTitleTypeProperty"}, "text": "Movie", "id": "movie", "isSeries": false, "isEpisode": false, "categories": [{"value": "movie", "__typename": "TitleTypeCategory"}], "canHaveEpisodes": false, "__typename": "TitleType"}, "originalTitleText": {"text": "They Shall Not Grow Old", "__typename": "TitleText"}, "certificate": {"rating": "UA", "__typename": "Certificate"}, "releaseYear": {"year": 2018, "endYear": null, "__typename": "YearRange"}, "releaseDate": {"day": 28, "month": 8, "year": 2019, "__typename": "ReleaseDate"}, "runtime": {"seconds": 5940, "displayableProperty": {"value": {"plainText": "1h 39m", "__typename": "Markdown"}, "__typename": "DisplayableTitleRuntimeProperty"}, "__typename": "Runtime"}, "canRate": {"isRatable": true, "__typename": "CanRate"}, "ratingsSummary": {"aggregateRating": 8.2, "voteCount": 39050, "__typename": "RatingsSummary"}, "meterRanking": null, "primaryImage": {"id": "rm2139714560", "width": 716, "height": 1075, "url": "https://m.media-amazon.com/images/M/MV5BOGMwNzc3NTQtY2QzZS00YzJmLTgyM2UtYjlkMjBjZTAwM2Y5XkEyXkFqcGc@._V1_.jpg", "caption": {"plainText": "They Shall Not Grow Old (2018)", "__typename": "Markdown"}, "__typename": "Image"}, "images": {"total": 109, "edges": [{"node": {"id": "rm1719628032", "__typename": "Image"}, "__typename": "ImageEdge"}], "__typename": "ImageConnection"}, "videos": {"total": 2, "__typename": "TitleRelatedVideosConnection"}, "primaryVideos": {"edges": [{"node": {"id": "vi3202857497", "createdDate": "2018-11-21T13:01:12.889Z", "isMature": false, "runtime": {"value": 145, "__typename": "VideoRuntime"}, "name": {"value": "Official Trailer", "language": "en", "__typename": "LocalizedString"}, "description": {"value": "Produced and directed by Peter Jackson: The acclaimed documentary is an extraordinary look at the soldiers and events of the Great War, using film footage captured at the time, now presented as the world has never seen. By utilizing state-of-the-art restoration, colorization and 3D technologies, and pulling from 600 hours of BBC archival interviews, Jackson puts forth an intensely gripping, immersive and authentic experience through the eyes and voices of the British soldiers who lived it.", "language": "en", "__typename": "LocalizedString"}, "timedTextTracks": [], "recommendedTimedTextTrack": null, "thumbnail": {"url": "https://m.media-amazon.com/images/M/MV5BNDhhNjI4NjEtMDJhYy00MWExLWJhOTYtYzQ4N2NkOTNlZDUxXkEyXkFqcGdeQXRodW1ibmFpbC1pbml0aWFsaXplcg@@._V1_.jpg", "height": 1080, "width": 1920, "__typename": "Thumbnail"}, "primaryTitle": {"id": "tt7905466", "titleText": {"text": "They Shall Not Grow Old", "__typename": "TitleText"}, "originalTitleText": {"text": "They Shall Not Grow Old", "__typename": "TitleText"}, "releaseYear": {"year": 2018, "__typename": "YearRange"}, "__typename": "Title"}, "playbackURLs": [{"displayName": {"value": "480p", "language": "en-US", "__typename": "LocalizedString"}, "videoMimeType": "MP4", "videoDefinition": "DEF_480p", "url": "https://imdb-video.media-imdb.com/vi3202857497/1434659607842-pgv4ql-1542805273549.mp4?Expires=1730927378&Signature=ddy7Uveh8TJjPI2cz85LkgsaLwUgNBHAywZf41q3Tya1H4qxjYJY5fzn59zUVP~wrLPSZjErhcwYvXTNmfsL8Mt3-JzWouQT-nI5AAbqZ-cOe~uZKsRFgb3aR-DC~33QQstMAK5Hu1sm8zCTom~6~SVMzLVTSJg53QhRI3sFtzXHtpTYXaAjBunMhs-jPmq-FTSFuAXrWg4g5zU0rBAq1jkTUAmVuo~DBz-l-KmegIhY9x0cKcpSBMOXRujJ34vAqeHxWdBYfpNtUfCGSVEd1yOhPP-oXGp17tzjN~OtgRblqs4ImB0L0Kq2pkqLix1fnFQ-dACHO6P2LbnAGeDiMw__&Key-Pair-Id=APKAIFLZBVQZ24NQH3KA", "__typename": "PlaybackURL"}, {"displayName": {"value": "SD", "language": "en-US", "__typename": "LocalizedString"}, "videoMimeType": "MP4", "videoDefinition": "DEF_SD", "url": "https://imdb-video.media-imdb.com/vi3202857497/1434659454657-dx9ykf-1542805273549.mp4?Expires=1730927378&Signature=A1zWOPv8CCfzgt7WWWD8B3-mzaWnUCX0jiE1-HAPXeJkIlJSVDVdUxvHUlydPGFeXPoFnw6AwT4LH-wr5r6bzcR6GBB8Xd8qTRKoyq8TYgrcEpaRgz2GJUdgrbRVdrOoKkzBJoj9nevvU85fgLKxkZw3rUDiWIUge1E0T3uVFIcEr1H66V0fcP~H6yYy~7X2xx13NrsHTkkv7VeufFZvkqpmwhqzFCbGmxvVxQKE2uCnoSozx677VlXexJUrzpPwqg8x8OfZ3nbx~L4lxcpUdHTKkdpi72VBR7apYIo2czw0MlCH202zn0gbIQQM7J~zYbrEYByUacW9n9VvV9TE~g__&Key-Pair-Id=APKAIFLZBVQZ24NQH3KA", "__typename": "PlaybackURL"}], "contentType": {"id": "amzn1.imdb.video.contenttype.trailer", "displayName": {"value": "Trailer", "__typename": "LocalizedString"}, "__typename": "VideoContentType"}, "previewURLs": [{"displayName": {"value": "AUTO", "language": "en-US", "__typename": "LocalizedString"}, "videoMimeType": "M3U8", "videoDefinition": "DEF_AUTO", "url": "https://imdb-video.media-imdb.com/vi3202857497/hls-preview-8750a670-2aab-4e1e-9f0a-683ef5df7607.m3u8?Expires=1730927378&Signature=Sn9M48tGNtEoKaGbNgofGTwFalpomqCQLmkz8t8TxVNdx4yX0j9kAdgy7yjVO7DZL0eTVyha6aUO3PSpuUNHeh8ZIf~aRw4vGjHJDxUk6wU0r1EKooS38uiKp98aM9v~Utj9VNYuwLFfNwKVaQTFGYjeqMb3tNA7qhVoqurCIKCgvso74YlQfwlagrDcoGw52wU79D76q~jeO46BgEx2s5BgCpyw1JfI1Cg7GFSJ6Njf-jCTjIzaip0OMoUJfEot51RKTyqDI0jpSZVmStlmoVrcsPfacchigfd7ddIbJjawj4DqKuyb5umj4tGvlpw6s3DN08m6Jw5K23c-pB3cUA__&Key-Pair-Id=APKAIFLZBVQZ24NQH3KA", "__typename": "PlaybackURL"}], "__typename": "Video"}, "__typename": "VideoEdge"}, {"node": {"id": "vi1891416601", "createdDate": "2018-09-28T19:56:13.323Z", "isMature": false, "runtime": {"value": 48, "__typename": "VideoRuntime"}, "name": {"value": "Official Trailer", "language": "en", "__typename": "LocalizedString"}, "description": {"value": "A documentary about World War I with never-before-seen footage to commemorate the centennial of the end of the war.", "language": "en", "__typename": "LocalizedString"}, "timedTextTracks": [], "recommendedTimedTextTrack": null, "thumbnail": {"url": "https://m.media-amazon.com/images/M/MV5BYmViNTQxNDgtZWMxYS00NTFjLWFjNjYtMmNjODM3MGEwNGIzXkEyXkFqcGdeQWFybm8@._V1_.jpg", "height": 2160, "width": 2880, "__typename": "Thumbnail"}, "primaryTitle": {"id": "tt7905466", "titleText": {"text": "They Shall Not Grow Old", "__typename": "TitleText"}, "originalTitleText": {"text": "They Shall Not Grow Old", "__typename": "TitleText"}, "releaseYear": {"year": 2018, "__typename": "YearRange"}, "__typename": "Title"}, "playbackURLs": [{"displayName": {"value": "480p", "language": "en-US", "__typename": "LocalizedString"}, "videoMimeType": "MP4", "videoDefinition": "DEF_480p", "url": "https://imdb-video.media-imdb.com/vi1891416601/1434659607842-pgv4ql-1538164574468.mp4?Expires=1730927378&Signature=pjhS30xD10ojmbmN9pfZiGenpNX1B2eg8-qp6zjyxbEDTsAlepVQU-wraAn3svbpJb5oGqh15-k5xk8xwXV1GZgkWXP~LChdBSUx0iESdh7hlw7Hmt5KvSjn4XTjJBI6bcP4oNB651dK55jOlfBToRUplSmLU94ibi-SDeWwaXVTsXnehBTzF56IcmYKB9s45im~GehF8K7cZZ68xOe1Ax7uqme4SKpiK-HJ7si2tKrJ~WUndqD3pHjrz1tKza8tx2SPC6-WL8csz07rq2yaPFw51nq6VfZufmITCic~BshHjTkZjEledc45RbuwtPj5Sdii6k556bxXYPNGe-kIJg__&Key-Pair-Id=APKAIFLZBVQZ24NQH3KA", "__typename": "PlaybackURL"}, {"displayName": {"value": "SD", "language": "en-US", "__typename": "LocalizedString"}, "videoMimeType": "MP4", "videoDefinition": "DEF_SD", "url": "https://imdb-video.media-imdb.com/vi1891416601/1434659454657-dx9ykf-1538164574468.mp4?Expires=1730927378&Signature=DHeQwqC12OlrPCQDvAWjdzgAdiTpKJke7Mncz6f6jT~KlrFL4af7N~mDMkXwgIVcFNB2T1Vw9T8j34pSsjV6LGVhWrdxI4K6iwfORMGgfPvc08VFQAjgzt-lWatj1QOL-adkUpeNp5iVs10qhlkMM4668eDdkyD3qJl8Db7Jw8B1TZg6Rx0-npHE~Y29wRm5rtlD9ePIos0aaAmygJAyNhrgkOC~JTqZYutH~uti2hB~4vsvvHdKDya~MEVNoDiuMw9fRwtOPhjYGYY5BEEPg9powA6Ijwj5g1A1nDPWjrO9tNmGoF8ca3DQ4Q~uHgwgE7mVkROGY5RVcxwA~vUEYg__&Key-Pair-Id=APKAIFLZBVQZ24NQH3KA", "__typename": "PlaybackURL"}], "contentType": {"id": "amzn1.imdb.video.contenttype.trailer", "displayName": {"value": "Trailer", "__typename": "LocalizedString"}, "__typename": "VideoContentType"}, "previewURLs": [{"displayName": {"value": "AUTO", "language": "en-US", "__typename": "LocalizedString"}, "videoMimeType": "M3U8", "videoDefinition": "DEF_AUTO", "url": "https://imdb-video.media-imdb.com/vi1891416601/hls-preview-e70484b4-f06d-49aa-8540-92179f2385fb.m3u8?Expires=1730927378&Signature=G5ja9oVTzZp6VJEDj5U9EU6I~NqhewvLIkRCQZi9PPgDN2SlyE4da0K3ra784VTesBxKIKUTZ4X5daj6dzdC8m9Nm5A12IaG7~70Gn2Gz-NrfLscWjC4cYkAwoVxN6yVWqZrgVYiClS9EJlUF1KTjalmb~6rtDfEWiMyAdNu9ukQaq1CYQrPUVkDVAPWiIibn9c3I7YfoQ3PGsIaE0cz9-VsM~4FuOEveRR4N9D2Wc44wkmUH4LTZqj7UunDAIINwym5fMPsilZvagHj~uRwa34o3fvFaQ2jUzPvh~Ka7ZCnAubC02Sy8MT82FPsZ-jAWOQBPRobFnv5GkajWATZVg__&Key-Pair-Id=APKAIFLZBVQZ24NQH3KA", "__typename": "PlaybackURL"}], "__typename": "Video"}, "__typename": "VideoEdge"}], "__typename": "VideoConnection"}, "externalLinks": {"total": 161, "__typename": "ExternalLinkConnection"}, "metacritic": {"metascore": {"score": 91, "__typename": "Metascore"}, "__typename": "Metacritic"}, "keywords": {"total": 305, "edges": [{"node": {"text": "world war one", "__typename": "TitleKeyword"}, "__typename": "TitleKeywordEdge"}, {"node": {"text": "archive footage", "__typename": "TitleKeyword"}, "__typename": "TitleKeywordEdge"}, {"node": {"text": "restored film", "__typename": "TitleKeyword"}, "__typename": "TitleKeywordEdge"}, {"node": {"text": "film restoration", "__typename": "TitleKeyword"}, "__typename": "TitleKeywordEdge"}, {"node": {"text": "british soldier", "__typename": "TitleKeyword"}, "__typename": "TitleKeywordEdge"}], "__typename": "TitleKeywordConnection"}, "isAdult": false, "genres": {"genres": [{"text": "Documentary", "id": "Documentary", "__typename": "Genre"}, {"text": "History", "id": "History", "__typename": "Genre"}, {"text": "War", "id": "War", "__typename": "Genre"}], "__typename": "Genres"}, "interests": {"edges": [{"node": {"id": "in0000064", "primaryText": {"text": "History Documentary", "__typename": "InterestText"}, "__typename": "Interest"}, "__typename": "InterestEdge"}, {"node": {"id": "in0000065", "primaryText": {"text": "Military Documentary", "__typename": "InterestText"}, "__typename": "Interest"}, "__typename": "InterestEdge"}, {"node": {"id": "in0000060", "primaryText": {"text": "Documentary", "__typename": "InterestText"}, "__typename": "Interest"}, "__typename": "InterestEdge"}, {"node": {"id": "in0000080", "primaryText": {"text": "History", "__typename": "InterestText"}, "__typename": "Interest"}, "__typename": "InterestEdge"}, {"node": {"id": "in0000010", "primaryText": {"text": "War", "__typename": "InterestText"}, "__typename": "Interest"}, "__typename": "InterestEdge"}], "__typename": "InterestConnection"}, "plot": {"plotText": {"plainText": "A documentary about World War I with never-before-seen footage to commemorate the centennial of the end of the war.", "__typename": "Markdown"}, "language": {"id": "en-US", "__typename": "DisplayableLanguage"}, "__typename": "Plot"}, "plotContributionLink": {"url": "https://contribute.imdb.com/updates?update=tt7905466:outlines.add.1.locale~en-US", "__typename": "ContributionLink"}, "credits": {"total": 290, "__typename": "CreditConnection"}, "principalCredits": [{"totalCredits": 1, "category": {"text": "Director", "id": "director", "__typename": "CreditCategory"}, "credits": [{"name": {"nameText": {"text": "Peter Jackson", "__typename": "NameText"}, "id": "nm0001392", "__typename": "Name"}, "attributes": null, "__typename": "Crew"}], "__typename": "PrincipalCreditsForCategory"}, {"totalCredits": 114, "category": {"text": "Stars", "id": "cast", "__typename": "CreditCategory"}, "credits": [{"name": {"nameText": {"text": "Thomas Adlam", "__typename": "NameText"}, "id": "nm11924371", "__typename": "Name"}, "attributes": [{"text": "voice", "__typename": "MiscellaneousCreditAttribute"}], "__typename": "Cast"}, {"name": {"nameText": {"text": "William Argent", "__typename": "NameText"}, "id": "nm11924372", "__typename": "Name"}, "attributes": [{"text": "voice", "__typename": "MiscellaneousCreditAttribute"}], "__typename": "Cast"}, {"name": {"nameText": {"text": "John Ashby", "__typename": "NameText"}, "id": "nm11924373", "__typename": "Name"}, "attributes": [{"text": "voice", "__typename": "MiscellaneousCreditAttribute"}], "__typename": "Cast"}], "__typename": "PrincipalCreditsForCategory"}], "reviews": {"total": 313, "__typename": "ReviewsConnection"}, "criticReviewsTotal": {"total": 134, "__typename": "ExternalLinkConnection"}, "triviaTotal": {"total": 23, "__typename": "TriviaConnection"}, "engagementStatistics": {"watchlistStatistics": {"displayableCount": {"text": "Added by 82.8K users", "__typename": "LocalizedDisplayableCount"}, "__typename": "WatchlistStatistics"}, "__typename": "EngagementStatistics"}, "subNavCredits": {"total": 290, "__typename": "CreditConnection"}, "subNavReviews": {"total": 313, "__typename": "ReviewsConnection"}, "subNavTrivia": {"total": 23, "__typename": "TriviaConnection"}, "subNavFaqs": {"total": 7, "__typename": "FaqConnection"}, "subNavTopQuestions": {"total": 16, "__typename": "AlexaQuestionConnection"}, "titleGenres": {"genres": [{"genre": {"text": "Documentary", "__typename": "GenreItem"}, "__typename": "TitleGenre"}, {"genre": {"text": "History", "__typename": "GenreItem"}, "__typename": "TitleGenre"}, {"genre": {"text": "War", "__typename": "GenreItem"}, "__typename": "TitleGenre"}], "__typename": "TitleGenres"}, "meta": {"canonicalId": "tt7905466", "publicationStatus": "PUBLISHED", "__typename": "TitleMeta"}, "castPageTitle": {"edges": [{"node": {"name": {"id": "nm11924371", "nameText": {"text": "Thomas Adlam", "__typename": "NameText"}, "__typename": "Name"}, "__typename": "Cast"}, "__typename": "CreditEdge"}, {"node": {"name": {"id": "nm11924372", "nameText": {"text": "William Argent", "__typename": "NameText"}, "__typename": "Name"}, "__typename": "Cast"}, "__typename": "CreditEdge"}, {"node": {"name": {"id": "nm11924373", "nameText": {"text": "John Ashby", "__typename": "NameText"}, "__typename": "Name"}, "__typename": "Cast"}, "__typename": "CreditEdge"}, {"node": {"name": {"id": "nm11924374", "nameText": {"text": "Attwood", "__typename": "NameText"}, "__typename": "Name"}, "__typename": "Cast"}, "__typename": "CreditEdge"}], "__typename": "CreditConnection"}, "creatorsPageTitle": [], "directorsPageTitle": [{"credits": [{"name": {"id": "nm0001392", "nameText": {"text": "Peter Jackson", "__typename": "NameText"}, "__typename": "Name"}, "__typename": "Crew"}], "__typename": "PrincipalCreditsForCategory"}], "countriesOfOrigin": {"countries": [{"id": "GB", "__typename": "CountryOfOrigin"}], "__typename": "CountriesOfOrigin"}, "production": {"edges": [{"node": {"company": {"id": "co0601402", "companyText": {"text": "House Productions", "__typename": "CompanyText"}, "__typename": "Company"}, "__typename": "CompanyCredit"}, "__typename": "CompanyCreditEdge"}, {"node": {"company": {"id": "co0323779", "companyText": {"text": "Trustees of the Imperial War Museum, London", "__typename": "CompanyText"}, "__typename": "Company"}, "__typename": "CompanyCredit"}, "__typename": "CompanyCreditEdge"}, {"node": {"company": {"id": "co0046203", "companyText": {"text": "WingNut Films", "__typename": "CompanyText"}, "__typename": "Company"}, "__typename": "CompanyCredit"}, "__typename": "CompanyCreditEdge"}], "__typename": "CompanyCreditConnection"}, "featuredReviews": {"edges": [{"node": {"author": {"nickName": "FrenchEddieFelson", "__typename": "UserProfile"}, "summary": {"originalText": "Instructive and harrowing", "__typename": "ReviewSummary"}, "text": {"originalText": {"plainText": "A century later, Peter Jackson produced an informative and fascinating documentary about the First World War, seen by the English, in the trenches of the Bay of Somme, with dusted and colored archive images.\n\nAlmost everyone expected a brief and victorious war, which, as it was said at the time, would be \"over at Christmas\". The continuation was very different and became a trench war. Hygiene was deplorable until it became laughable but the atmosphere within the troops was fraternal despite the constantly oppressive atmosphere.\n\nAnd we also learn that the English infantrymen regularly had a mission to capture a Fritz. Knowing that from a military strategy point of view, this is a complete nonsense, a war prisoner being systematically an useless and cumbersome dead weight, it is perhaps a pity that this documentary does not give to the audience an explicit explanation. And the only rational explanation is probably this one: to force the English infantrymen to attack the Germans, the prisoner of war being the proof of the effectiveness of their attack ...", "__typename": "Markdown"}, "__typename": "ReviewText"}, "authorRating": null, "submissionDate": "2019-07-11", "__typename": "Review"}, "__typename": "ReviewEdge"}], "__typename": "ReviewsConnection"}, "__typename": "Title"}, "main": {"id": "tt7905466", "wins": {"total": 6, "__typename": "AwardNominationConnection"}, "nominationsExcludeWins": {"total": 14, "__typename": "AwardNominationConnection"}, "prestigiousAwardSummary": {"nominations": 1, "wins": 0, "award": {"text": "BAFTA Film Award", "id": "aw0001050", "event": {"id": "ev0000123", "__typename": "AwardsEvent"}, "__typename": "AwardDetails"}, "__typename": "PrestigiousAwardSummary"}, "ratingsSummary": {"topRanking": null, "__typename": "RatingsSummary"}, "episodes": null, "videos": {"total": 2, "__typename": "TitleRelatedVideosConnection"}, "videoStrip": {"edges": [{"node": {"id": "vi3202857497", "contentType": {"displayName": {"value": "Trailer", "__typename": "LocalizedString"}, "__typename": "VideoContentType"}, "name": {"value": "Official Trailer", "__typename": "LocalizedString"}, "runtime": {"value": 145, "__typename": "VideoRuntime"}, "thumbnail": {"height": 1080, "url": "https://m.media-amazon.com/images/M/MV5BNDhhNjI4NjEtMDJhYy00MWExLWJhOTYtYzQ4N2NkOTNlZDUxXkEyXkFqcGdeQXRodW1ibmFpbC1pbml0aWFsaXplcg@@._V1_.jpg", "width": 1920, "__typename": "Thumbnail"}, "__typename": "Video"}, "__typename": "VideoEdge"}, {"node": {"id": "vi1891416601", "contentType": {"displayName": {"value": "Trailer", "__typename": "LocalizedString"}, "__typename": "VideoContentType"}, "name": {"value": "Official Trailer", "__typename": "LocalizedString"}, "runtime": {"value": 48, "__typename": "VideoRuntime"}, "thumbnail": {"height": 2160, "url": "https://m.media-amazon.com/images/M/MV5BYmViNTQxNDgtZWMxYS00NTFjLWFjNjYtMmNjODM3MGEwNGIzXkEyXkFqcGdeQWFybm8@._V1_.jpg", "width": 2880, "__typename": "Thumbnail"}, "__typename": "Video"}, "__typename": "VideoEdge"}], "__typename": "VideoConnection"}, "titleMainImages": {"total": 109, "edges": [{"node": {"id": "rm1719628032", "url": "https://m.media-amazon.com/images/M/MV5BMjUxNzA5MzI2NF5BMl5BanBnXkFtZTgwODQ5MDA4NjM@._V1_.jpg", "caption": {"plainText": "They Shall Not Grow Old (2018)", "__typename": "Markdown"}, "height": 1080, "width": 1998, "__typename": "Image"}, "__typename": "ImageEdge"}, {"node": {"id": "rm1702850816", "url": "https://m.media-amazon.com/images/M/MV5BMTU5NDI0MDQ5OF5BMl5BanBnXkFtZTgwOTQ5MDA4NjM@._V1_.jpg", "caption": {"plainText": "They Shall Not Grow Old (2018)", "__typename": "Markdown"}, "height": 1080, "width": 1998, "__typename": "Image"}, "__typename": "ImageEdge"}, {"node": {"id": "rm1686073600", "url": "https://m.media-amazon.com/images/M/MV5BMTU1NTk1MDEzNF5BMl5BanBnXkFtZTgwMDU5MDA4NjM@._V1_.jpg", "caption": {"plainText": "They Shall Not Grow Old (2018)", "__typename": "Markdown"}, "height": 1080, "width": 1998, "__typename": "Image"}, "__typename": "ImageEdge"}, {"node": {"id": "rm1669296384", "url": "https://m.media-amazon.com/images/M/MV5BMTg0NzQ3NDk4Nl5BMl5BanBnXkFtZTgwMTU5MDA4NjM@._V1_.jpg", "caption": {"plainText": "They Shall Not Grow Old (2018)", "__typename": "Markdown"}, "height": 1080, "width": 1998, "__typename": "Image"}, "__typename": "ImageEdge"}, {"node": {"id": "rm192901376", "url": "https://m.media-amazon.com/images/M/MV5BMzg0OTE4ODkwM15BMl5BanBnXkFtZTgwMzI5MDA4NjM@._V1_.jpg", "caption": {"plainText": "They Shall Not Grow Old (2018)", "__typename": "Markdown"}, "height": 1080, "width": 1998, "__typename": "Image"}, "__typename": "ImageEdge"}, {"node": {"id": "rm176124160", "url": "https://m.media-amazon.com/images/M/MV5BMTcyODE3MDgxOF5BMl5BanBnXkFtZTgwNDI5MDA4NjM@._V1_.jpg", "caption": {"plainText": "They Shall Not Grow Old (2018)", "__typename": "Markdown"}, "height": 1080, "width": 1998, "__typename": "Image"}, "__typename": "ImageEdge"}, {"node": {"id": "rm159346944", "url": "https://m.media-amazon.com/images/M/MV5BMTU2MjQxMzE0NV5BMl5BanBnXkFtZTgwNTI5MDA4NjM@._V1_.jpg", "caption": {"plainText": "They Shall Not Grow Old (2018)", "__typename": "Markdown"}, "height": 1080, "width": 1998, "__typename": "Image"}, "__typename": "ImageEdge"}, {"node": {"id": "rm142569728", "url": "https://m.media-amazon.com/images/M/MV5BMTY3MDE0NTU4M15BMl5BanBnXkFtZTgwNjI5MDA4NjM@._V1_.jpg", "caption": {"plainText": "They Shall Not Grow Old (2018)", "__typename": "Markdown"}, "height": 1080, "width": 1998, "__typename": "Image"}, "__typename": "ImageEdge"}, {"node": {"id": "rm394227968", "url": "https://m.media-amazon.com/images/M/MV5BMTAyODI4MTA0ODReQTJeQWpwZ15BbWU4MDcyOTAwODYz._V1_.jpg", "caption": {"plainText": "They Shall Not Grow Old (2018)", "__typename": "Markdown"}, "height": 1080, "width": 1998, "__typename": "Image"}, "__typename": "ImageEdge"}, {"node": {"id": "rm377450752", "url": "https://m.media-amazon.com/images/M/MV5BNzY5MjEwNTI4M15BMl5BanBnXkFtZTgwODI5MDA4NjM@._V1_.jpg", "caption": {"plainText": "They Shall Not Grow Old (2018)", "__typename": "Markdown"}, "height": 1080, "width": 1998, "__typename": "Image"}, "__typename": "ImageEdge"}, {"node": {"id": "rm360673536", "url": "https://m.media-amazon.com/images/M/MV5BMTc4NDAzODE1NV5BMl5BanBnXkFtZTgwOTI5MDA4NjM@._V1_.jpg", "caption": {"plainText": "They Shall Not Grow Old (2018)", "__typename": "Markdown"}, "height": 1080, "width": 1998, "__typename": "Image"}, "__typename": "ImageEdge"}, {"node": {"id": "rm343896320", "url": "https://m.media-amazon.com/images/M/MV5BMTA3Njc5NDc1MjNeQTJeQWpwZ15BbWU4MDAzOTAwODYz._V1_.jpg", "caption": {"plainText": "They Shall Not Grow Old (2018)", "__typename": "Markdown"}, "height": 1080, "width": 1998, "__typename": "Image"}, "__typename": "ImageEdge"}, {"node": {"id": "rm327119104", "url": "https://m.media-amazon.com/images/M/MV5BNTY5NDIwNjkxMF5BMl5BanBnXkFtZTgwMjM5MDA4NjM@._V1_.jpg", "caption": {"plainText": "They Shall Not Grow Old (2018)", "__typename": "Markdown"}, "height": 1255, "width": 2048, "__typename": "Image"}, "__typename": "ImageEdge"}], "__typename": "ImageConnection"}, "productionStatus": {"currentProductionStage": {"id": "released", "text": "Released", "__typename": "ProductionStage"}, "productionStatusHistory": [{"status": {"id": "post_production", "text": "Post-production", "__typename": "ProductionStatus"}, "__typename": "ProductionStatusHistory"}, {"status": {"id": "filming", "text": "Filming", "__typename": "ProductionStatus"}, "__typename": "ProductionStatusHistory"}, {"status": {"id": "post_production", "text": "Post-production", "__typename": "ProductionStatus"}, "__typename": "ProductionStatusHistory"}, {"status": {"id": "completed", "text": "Completed", "__typename": "ProductionStatus"}, "__typename": "ProductionStatusHistory"}, {"status": {"id": "released", "text": "Released", "__typename": "ProductionStatus"}, "__typename": "ProductionStatusHistory"}], "restriction": null, "__typename": "ProductionStatusDetails"}, "primaryImage": {"id": "rm2139714560", "__typename": "Image"}, "inIframeAddLink": {"url": "https://contribute.imdb.com/image/tt7905466/add?bus=imdb&return_url=https%3A%2F%2Fwww.imdb.com%2Fclose_me&site=web", "__typename": "ContributionLink"}, "notInIframeAddLink": {"url": "https://contribute.imdb.com/image/tt7905466/add?bus=imdb&return_url=https%3A%2F%2Fwww.imdb.com%2Ftitle%2Ftt7905466%2F&site=mobile", "__typename": "ContributionLink"}, "titleType": {"id": "movie", "canHaveEpisodes": false, "__typename": "TitleType"}, "cast": {"total": 114, "edges": [{"node": {"name": {"id": "nm11924371", "nameText": {"text": "Thomas Adlam", "__typename": "NameText"}, "primaryImage": null, "__typename": "Name"}, "attributes": [{"text": "voice", "__typename": "MiscellaneousCreditAttribute"}, {"text": "as Capt Thomas Adlam VC", "__typename": "CreditedAsCreditAttribute"}], "category": {"id": "self", "__typename": "CreditCategory"}, "characters": [{"name": "Self - Bedfordshire Regiment", "__typename": "Character"}], "episodeCredits": {"total": 0, "yearRange": null, "__typename": "EpisodeCastConnection"}, "__typename": "Cast"}, "__typename": "CreditEdge"}, {"node": {"name": {"id": "nm11924372", "nameText": {"text": "William Argent", "__typename": "NameText"}, "primaryImage": null, "__typename": "Name"}, "attributes": [{"text": "voice", "__typename": "MiscellaneousCreditAttribute"}, {"text": "as LM William Argent", "__typename": "CreditedAsCreditAttribute"}], "category": {"id": "self", "__typename": "CreditCategory"}, "characters": [{"name": "Self - Royal Naval Air Service", "__typename": "Character"}], "episodeCredits": {"total": 0, "yearRange": null, "__typename": "EpisodeCastConnection"}, "__typename": "Cast"}, "__typename": "CreditEdge"}, {"node": {"name": {"id": "nm11924373", "nameText": {"text": "John Ashby", "__typename": "NameText"}, "primaryImage": null, "__typename": "Name"}, "attributes": [{"text": "voice", "__typename": "MiscellaneousCreditAttribute"}, {"text": "as Cpl John Ashby", "__typename": "CreditedAsCreditAttribute"}], "category": {"id": "self", "__typename": "CreditCategory"}, "characters": [{"name": "Self - The Duke of Cambridge's Own (Middlesex Regiment)", "__typename": "Character"}], "episodeCredits": {"total": 0, "yearRange": null, "__typename": "EpisodeCastConnection"}, "__typename": "Cast"}, "__typename": "CreditEdge"}, {"node": {"name": {"id": "nm11924374", "nameText": {"text": "Attwood", "__typename": "NameText"}, "primaryImage": null, "__typename": "Name"}, "attributes": [{"text": "voice", "__typename": "MiscellaneousCreditAttribute"}, {"text": "as Cpl Attwood", "__typename": "CreditedAsCreditAttribute"}], "category": {"id": "self", "__typename": "CreditCategory"}, "characters": [{"name": "Self - British Army", "__typename": "Character"}], "episodeCredits": {"total": 0, "yearRange": null, "__typename": "EpisodeCastConnection"}, "__typename": "Cast"}, "__typename": "CreditEdge"}, {"node": {"name": {"id": "nm11924375", "nameText": {"text": "Walter Aust", "__typename": "NameText"}, "primaryImage": null, "__typename": "Name"}, "attributes": [{"text": "voice", "__typename": "MiscellaneousCreditAttribute"}, {"text": "as Pte Walter Aust", "__typename": "CreditedAsCreditAttribute"}], "category": {"id": "self", "__typename": "CreditCategory"}, "characters": [{"name": "Self - East Yorkshire Regiment", "__typename": "Character"}], "episodeCredits": {"total": 0, "yearRange": null, "__typename": "EpisodeCastConnection"}, "__typename": "Cast"}, "__typename": "CreditEdge"}, {"node": {"name": {"id": "nm11928337", "nameText": {"text": "Donald Bain", "__typename": "NameText"}, "primaryImage": null, "__typename": "Name"}, "attributes": [{"text": "voice", "__typename": "MiscellaneousCreditAttribute"}, {"text": "as Pte Donald Bain", "__typename": "CreditedAsCreditAttribute"}], "category": {"id": "self", "__typename": "CreditCategory"}, "characters": [{"name": "Self - Seaforth Highlanders", "__typename": "Character"}], "episodeCredits": {"total": 0, "yearRange": null, "__typename": "EpisodeCastConnection"}, "__typename": "Cast"}, "__typename": "CreditEdge"}, {"node": {"name": {"id": "nm11928338", "nameText": {"text": "Thomas Baker", "__typename": "NameText"}, "primaryImage": null, "__typename": "Name"}, "attributes": [{"text": "voice", "__typename": "MiscellaneousCreditAttribute"}, {"text": "as Pte Thomas Baker", "__typename": "CreditedAsCreditAttribute"}], "category": {"id": "self", "__typename": "CreditCategory"}, "characters": [{"name": "Self - Chatham Battalion, Royal Naval Division", "__typename": "Character"}], "episodeCredits": {"total": 0, "yearRange": null, "__typename": "EpisodeCastConnection"}, "__typename": "Cast"}, "__typename": "CreditEdge"}, {"node": {"name": {"id": "nm11928339", "nameText": {"text": "George Banton", "__typename": "NameText"}, "primaryImage": null, "__typename": "Name"}, "attributes": [{"text": "voice", "__typename": "MiscellaneousCreditAttribute"}, {"text": "as Sig George Banton", "__typename": "CreditedAsCreditAttribute"}], "category": {"id": "self", "__typename": "CreditCategory"}, "characters": [{"name": "Self - 50th Division Headquarters", "__typename": "Character"}], "episodeCredits": {"total": 0, "yearRange": null, "__typename": "EpisodeCastConnection"}, "__typename": "Cast"}, "__typename": "CreditEdge"}, {"node": {"name": {"id": "nm11928340", "nameText": {"text": "Walter Becklake", "__typename": "NameText"}, "primaryImage": null, "__typename": "Name"}, "attributes": [{"text": "voice", "__typename": "MiscellaneousCreditAttribute"}, {"text": "as L Cpl Walter Becklake MM", "__typename": "CreditedAsCreditAttribute"}], "category": {"id": "self", "__typename": "CreditCategory"}, "characters": [{"name": "Self - Northhampyonshire Yeomanry", "__typename": "Character"}], "episodeCredits": {"total": 0, "yearRange": null, "__typename": "EpisodeCastConnection"}, "__typename": "Cast"}, "__typename": "CreditEdge"}, {"node": {"name": {"id": "nm11928351", "nameText": {"text": "Arthur Beeton", "__typename": "NameText"}, "primaryImage": null, "__typename": "Name"}, "attributes": [{"text": "voice", "__typename": "MiscellaneousCreditAttribute"}, {"text": "as POM Arthur Beeton", "__typename": "CreditedAsCreditAttribute"}], "category": {"id": "self", "__typename": "CreditCategory"}, "characters": [{"name": "Self - Royal Navy Air Service", "__typename": "Character"}], "episodeCredits": {"total": 0, "yearRange": null, "__typename": "EpisodeCastConnection"}, "__typename": "Cast"}, "__typename": "CreditEdge"}, {"node": {"name": {"id": "nm11928362", "nameText": {"text": "Robert Bell", "__typename": "NameText"}, "primaryImage": null, "__typename": "Name"}, "attributes": [{"text": "voice", "__typename": "MiscellaneousCreditAttribute"}, {"text": "as Mr Robert Bell", "__typename": "CreditedAsCreditAttribute"}], "category": {"id": "self", "__typename": "CreditCategory"}, "characters": [{"name": "Self - British Army", "__typename": "Character"}], "episodeCredits": {"total": 0, "yearRange": null, "__typename": "EpisodeCastConnection"}, "__typename": "Cast"}, "__typename": "CreditEdge"}, {"node": {"name": {"id": "nm11929726", "nameText": {"text": "William Benham", "__typename": "NameText"}, "primaryImage": null, "__typename": "Name"}, "attributes": [{"text": "voice", "__typename": "MiscellaneousCreditAttribute"}, {"text": "as Sub Lt William Benham", "__typename": "CreditedAsCreditAttribute"}], "category": {"id": "self", "__typename": "CreditCategory"}, "characters": [{"name": "Self - Hawke Battalion, Royal Navy Division", "__typename": "Character"}], "episodeCredits": {"total": 0, "yearRange": null, "__typename": "EpisodeCastConnection"}, "__typename": "Cast"}, "__typename": "CreditEdge"}, {"node": {"name": {"id": "nm11929756", "nameText": {"text": "Joseph Biglin", "__typename": "NameText"}, "primaryImage": null, "__typename": "Name"}, "attributes": [{"text": "voice", "__typename": "MiscellaneousCreditAttribute"}, {"text": "as Pte Joseph Biglin", "__typename": "CreditedAsCreditAttribute"}], "category": {"id": "self", "__typename": "CreditCategory"}, "characters": [{"name": "Self - Durham Light Infantry", "__typename": "Character"}], "episodeCredits": {"total": 0, "yearRange": null, "__typename": "EpisodeCastConnection"}, "__typename": "Cast"}, "__typename": "CreditEdge"}, {"node": {"name": {"id": "nm11929727", "nameText": {"text": "Edwin Bigwood", "__typename": "NameText"}, "primaryImage": null, "__typename": "Name"}, "attributes": [{"text": "voice", "__typename": "MiscellaneousCreditAttribute"}, {"text": "as Pte Edwin Bigwood", "__typename": "CreditedAsCreditAttribute"}], "category": {"id": "self", "__typename": "CreditCategory"}, "characters": [{"name": "Self - Worcestershire Regiment", "__typename": "Character"}], "episodeCredits": {"total": 0, "yearRange": null, "__typename": "EpisodeCastConnection"}, "__typename": "Cast"}, "__typename": "CreditEdge"}, {"node": {"name": {"id": "nm8369172", "nameText": {"text": "Horace Birks", "__typename": "NameText"}, "primaryImage": null, "__typename": "Name"}, "attributes": [{"text": "voice", "__typename": "MiscellaneousCreditAttribute"}, {"text": "as Capt Horace Birks", "__typename": "CreditedAsCreditAttribute"}], "category": {"id": "self", "__typename": "CreditCategory"}, "characters": [{"name": "Self - Tanks Corps", "__typename": "Character"}], "episodeCredits": {"total": 0, "yearRange": null, "__typename": "EpisodeCastConnection"}, "__typename": "Cast"}, "__typename": "CreditEdge"}, {"node": {"name": {"id": "nm11929728", "nameText": {"text": "Edmund Blunden", "__typename": "NameText"}, "primaryImage": null, "__typename": "Name"}, "attributes": [{"text": "voice", "__typename": "MiscellaneousCreditAttribute"}, {"text": "as Lt Edmund Blunden MC", "__typename": "CreditedAsCreditAttribute"}], "category": {"id": "self", "__typename": "CreditCategory"}, "characters": [{"name": "Self - Royal Sussex Regiment", "__typename": "Character"}], "episodeCredits": {"total": 0, "yearRange": null, "__typename": "EpisodeCastConnection"}, "__typename": "Cast"}, "__typename": "CreditEdge"}, {"node": {"name": {"id": "nm11930191", "nameText": {"text": "Clarence Bourne", "__typename": "NameText"}, "primaryImage": null, "__typename": "Name"}, "attributes": [{"text": "voice", "__typename": "MiscellaneousCreditAttribute"}, {"text": "as S Sgt Clarence Bourne", "__typename": "CreditedAsCreditAttribute"}], "category": {"id": "self", "__typename": "CreditCategory"}, "characters": [{"name": "Self - Army Service Corps", "__typename": "Character"}], "episodeCredits": {"total": 0, "yearRange": null, "__typename": "EpisodeCastConnection"}, "__typename": "Cast"}, "__typename": "CreditEdge"}, {"node": {"name": {"id": "nm11930192", "nameText": {"text": "Allan Bray", "__typename": "NameText"}, "primaryImage": null, "__typename": "Name"}, "attributes": [{"text": "voice", "__typename": "MiscellaneousCreditAttribute"}, {"text": "as L Cpl Allan Bray", "__typename": "CreditedAsCreditAttribute"}], "category": {"id": "self", "__typename": "CreditCategory"}, "characters": [{"name": "Self - The Duke of Edinburgh's ((Whiltshire Regiment))", "__typename": "Character"}], "episodeCredits": {"total": 0, "yearRange": null, "__typename": "EpisodeCastConnection"}, "__typename": "Cast"}, "__typename": "CreditEdge"}], "__typename": "CreditConnection"}, "creators": [], "directors": [{"totalCredits": 1, "category": {"text": "Director", "id": "director", "__typename": "CreditCategory"}, "credits": [{"name": {"id": "nm0001392", "nameText": {"text": "Peter Jackson", "__typename": "NameText"}, "__typename": "Name"}, "__typename": "Crew"}], "__typename": "PrincipalCreditsForCategory"}], "writers": [], "isAdult": false, "moreLikeThisTitles": {"edges": [{"node": {"id": "tt9103932", "titleText": {"text": "Greatest Events of WWII in Colour", "__typename": "TitleText"}, "titleType": {"id": "tvMiniSeries", "text": "TV Mini Series", "canHaveEpisodes": true, "displayableProperty": {"value": {"plainText": "TV Mini Series", "__typename": "Markdown"}, "__typename": "DisplayableTitleTypeProperty"}, "__typename": "TitleType"}, "originalTitleText": {"text": "Greatest Events of WWII in Colour", "__typename": "TitleText"}, "primaryImage": {"id": "rm3472920065", "width": 426, "height": 597, "url": "https://m.media-amazon.com/images/M/MV5BY2NmYjgzZTItNzllZC00YWFiLWEzOTAtNWMyNzhhMDdjOWQ2XkEyXkFqcGc@._V1_.jpg", "caption": {"plainText": "Greatest Events of WWII in Colour (2019)", "__typename": "Markdown"}, "__typename": "Image"}, "releaseYear": {"year": 2019, "endYear": 2019, "__typename": "YearRange"}, "ratingsSummary": {"aggregateRating": 8.6, "voteCount": 11384, "__typename": "RatingsSummary"}, "runtime": {"seconds": 3000, "__typename": "Runtime"}, "certificate": null, "canRate": {"isRatable": true, "__typename": "CanRate"}, "titleGenres": {"genres": [{"genre": {"text": "Documentary", "__typename": "GenreItem"}, "__typename": "TitleGenre"}, {"genre": {"text": "History", "__typename": "GenreItem"}, "__typename": "TitleGenre"}, {"genre": {"text": "War", "__typename": "GenreItem"}, "__typename": "TitleGenre"}], "__typename": "TitleGenres"}, "canHaveEpisodes": true, "__typename": "Title"}, "__typename": "MoreLikeThisEdge"}, {"node": {"id": "tt8760684", "titleText": {"text": "Apollo 11", "__typename": "TitleText"}, "titleType": {"id": "movie", "text": "Movie", "canHaveEpisodes": false, "displayableProperty": {"value": {"plainText": "", "__typename": "Markdown"}, "__typename": "DisplayableTitleTypeProperty"}, "__typename": "TitleType"}, "originalTitleText": {"text": "Apollo 11", "__typename": "TitleText"}, "primaryImage": {"id": "rm937584896", "width": 1382, "height": 2048, "url": "https://m.media-amazon.com/images/M/MV5BMTYyMzEzNjI4M15BMl5BanBnXkFtZTgwODgxOTgyNzM@._V1_.jpg", "caption": {"plainText": "Buzz Aldrin and Mike Collins in Apollo 11 (2019)", "__typename": "Markdown"}, "__typename": "Image"}, "releaseYear": {"year": 2019, "endYear": null, "__typename": "YearRange"}, "ratingsSummary": {"aggregateRating": 8.1, "voteCount": 27607, "__typename": "RatingsSummary"}, "runtime": {"seconds": 5580, "__typename": "Runtime"}, "certificate": {"rating": "7", "__typename": "Certificate"}, "canRate": {"isRatable": true, "__typename": "CanRate"}, "titleGenres": {"genres": [{"genre": {"text": "Documentary", "__typename": "GenreItem"}, "__typename": "TitleGenre"}, {"genre": {"text": "History", "__typename": "GenreItem"}, "__typename": "TitleGenre"}], "__typename": "TitleGenres"}, "canHaveEpisodes": false, "__typename": "Title"}, "__typename": "MoreLikeThisEdge"}, {"node": {"id": "tt0310793", "titleText": {"text": "Bowling for Columbine", "__typename": "TitleText"}, "titleType": {"id": "movie", "text": "Movie", "canHaveEpisodes": false, "displayableProperty": {"value": {"plainText": "", "__typename": "Markdown"}, "__typename": "DisplayableTitleTypeProperty"}, "__typename": "TitleType"}, "originalTitleText": {"text": "Bowling for Columbine", "__typename": "TitleText"}, "primaryImage": {"id": "rm3439806976", "width": 1000, "height": 1500, "url": "https://m.media-amazon.com/images/M/MV5BNTNlYzY3NDEtNDk4OC00MzJjLWJmNWUtZTJjMTAzMTA1NWI1XkEyXkFqcGc@._V1_.jpg", "caption": {"plainText": "Michael Moore in Bowling for Columbine (2002)", "__typename": "Markdown"}, "__typename": "Image"}, "releaseYear": {"year": 2002, "endYear": null, "__typename": "YearRange"}, "ratingsSummary": {"aggregateRating": 8, "voteCount": 149768, "__typename": "RatingsSummary"}, "runtime": {"seconds": 7200, "__typename": "Runtime"}, "certificate": {"rating": "U", "__typename": "Certificate"}, "canRate": {"isRatable": true, "__typename": "CanRate"}, "titleGenres": {"genres": [{"genre": {"text": "Documentary", "__typename": "GenreItem"}, "__typename": "TitleGenre"}, {"genre": {"text": "Crime", "__typename": "GenreItem"}, "__typename": "TitleGenre"}, {"genre": {"text": "Drama", "__typename": "GenreItem"}, "__typename": "TitleGenre"}], "__typename": "TitleGenres"}, "canHaveEpisodes": false, "__typename": "Title"}, "__typename": "MoreLikeThisEdge"}, {"node": {"id": "tt7775622", "titleText": {"text": "Free Solo", "__typename": "TitleText"}, "titleType": {"id": "movie", "text": "Movie", "canHaveEpisodes": false, "displayableProperty": {"value": {"plainText": "", "__typename": "Markdown"}, "__typename": "DisplayableTitleTypeProperty"}, "__typename": "TitleType"}, "originalTitleText": {"text": "Free Solo", "__typename": "TitleText"}, "primaryImage": {"id": "rm916482816", "width": 1200, "height": 1800, "url": "https://m.media-amazon.com/images/M/MV5BMjA2YTAxMzMtNzA2Mi00NTcyLTg4NzUtODIxYzFiYzdiNWNlXkEyXkFqcGc@._V1_.jpg", "caption": {"plainText": "Alex Honnold in Free Solo (2018)", "__typename": "Markdown"}, "__typename": "Image"}, "releaseYear": {"year": 2018, "endYear": null, "__typename": "YearRange"}, "ratingsSummary": {"aggregateRating": 8.1, "voteCount": 79647, "__typename": "RatingsSummary"}, "runtime": {"seconds": 6000, "__typename": "Runtime"}, "certificate": {"rating": "U", "__typename": "Certificate"}, "canRate": {"isRatable": true, "__typename": "CanRate"}, "titleGenres": {"genres": [{"genre": {"text": "Documentary", "__typename": "GenreItem"}, "__typename": "TitleGenre"}, {"genre": {"text": "Adventure", "__typename": "GenreItem"}, "__typename": "TitleGenre"}, {"genre": {"text": "Sport", "__typename": "GenreItem"}, "__typename": "TitleGenre"}], "__typename": "TitleGenres"}, "canHaveEpisodes": false, "__typename": "Title"}, "__typename": "MoreLikeThisEdge"}, {"node": {"id": "tt1877514", "titleText": {"text": "The Vietnam War", "__typename": "TitleText"}, "titleType": {"id": "tvMiniSeries", "text": "TV Mini Series", "canHaveEpisodes": true, "displayableProperty": {"value": {"plainText": "TV Mini Series", "__typename": "Markdown"}, "__typename": "DisplayableTitleTypeProperty"}, "__typename": "TitleType"}, "originalTitleText": {"text": "The Vietnam War", "__typename": "TitleText"}, "primaryImage": {"id": "rm1743325697", "width": 2000, "height": 3000, "url": "https://m.media-amazon.com/images/M/MV5BYTQ1ZWYzMmQtNWU5OC00YWY0LTkyMWMtMTU0NjYxMjJkMmNjXkEyXkFqcGc@._V1_.jpg", "caption": {"plainText": "The Vietnam War (2017)", "__typename": "Markdown"}, "__typename": "Image"}, "releaseYear": {"year": 2017, "endYear": 2017, "__typename": "YearRange"}, "ratingsSummary": {"aggregateRating": 9.1, "voteCount": 28867, "__typename": "RatingsSummary"}, "runtime": {"seconds": 5400, "__typename": "Runtime"}, "certificate": {"rating": "TV-MA", "__typename": "Certificate"}, "canRate": {"isRatable": true, "__typename": "CanRate"}, "titleGenres": {"genres": [{"genre": {"text": "Documentary", "__typename": "GenreItem"}, "__typename": "TitleGenre"}, {"genre": {"text": "History", "__typename": "GenreItem"}, "__typename": "TitleGenre"}, {"genre": {"text": "War", "__typename": "GenreItem"}, "__typename": "TitleGenre"}], "__typename": "TitleGenres"}, "canHaveEpisodes": true, "__typename": "Title"}, "__typename": "MoreLikeThisEdge"}, {"node": {"id": "tt16899584", "titleText": {"text": "The Beatles: Get Back - The Rooftop Concert", "__typename": "TitleText"}, "titleType": {"id": "movie", "text": "Movie", "canHaveEpisodes": false, "displayableProperty": {"value": {"plainText": "", "__typename": "Markdown"}, "__typename": "DisplayableTitleTypeProperty"}, "__typename": "TitleType"}, "originalTitleText": {"text": "The Beatles: Get Back - The Rooftop Concert", "__typename": "TitleText"}, "primaryImage": {"id": "rm2281104129", "width": 1755, "height": 2600, "url": "https://m.media-amazon.com/images/M/MV5BNjlhMjA3YWMtODQxYy00NGFiLThlZmEtNzk5ODdlMDM0YjU3XkEyXkFqcGc@._V1_.jpg", "caption": {"plainText": "Paul McCartney, John Lennon, George Harrison, Ringo Starr, and The Beatles in The Beatles: Get Back - The Rooftop Concert (2022)", "__typename": "Markdown"}, "__typename": "Image"}, "releaseYear": {"year": 2022, "endYear": null, "__typename": "YearRange"}, "ratingsSummary": {"aggregateRating": 9, "voteCount": 1661, "__typename": "RatingsSummary"}, "runtime": {"seconds": 3900, "__typename": "Runtime"}, "certificate": {"rating": "PG-13", "__typename": "Certificate"}, "canRate": {"isRatable": true, "__typename": "CanRate"}, "titleGenres": {"genres": [{"genre": {"text": "Documentary", "__typename": "GenreItem"}, "__typename": "TitleGenre"}, {"genre": {"text": "Music", "__typename": "GenreItem"}, "__typename": "TitleGenre"}], "__typename": "TitleGenres"}, "canHaveEpisodes": false, "__typename": "Title"}, "__typename": "MoreLikeThisEdge"}, {"node": {"id": "tt1508238", "titleText": {"text": "Apocalypse: La 2\u00e8me guerre mondiale", "__typename": "TitleText"}, "titleType": {"id": "tvMiniSeries", "text": "TV Mini Series", "canHaveEpisodes": true, "displayableProperty": {"value": {"plainText": "TV Mini Series", "__typename": "Markdown"}, "__typename": "DisplayableTitleTypeProperty"}, "__typename": "TitleType"}, "originalTitleText": {"text": "Apocalypse: La 2\u00e8me guerre mondiale", "__typename": "TitleText"}, "primaryImage": {"id": "rm4202249984", "width": 1096, "height": 1499, "url": "https://m.media-amazon.com/images/M/MV5BZDQwMjdmZTctODU5MS00NDFmLWFmODYtZTUzMzAzOTFlNTMwXkEyXkFqcGc@._V1_.jpg", "caption": {"plainText": "Apocalypse: La 2\u00e8me guerre mondiale (2009)", "__typename": "Markdown"}, "__typename": "Image"}, "releaseYear": {"year": 2009, "endYear": 2009, "__typename": "YearRange"}, "ratingsSummary": {"aggregateRating": 9, "voteCount": 14677, "__typename": "RatingsSummary"}, "runtime": {"seconds": 3600, "__typename": "Runtime"}, "certificate": {"rating": "TV-MA", "__typename": "Certificate"}, "canRate": {"isRatable": true, "__typename": "CanRate"}, "titleGenres": {"genres": [{"genre": {"text": "Documentary", "__typename": "GenreItem"}, "__typename": "TitleGenre"}, {"genre": {"text": "History", "__typename": "GenreItem"}, "__typename": "TitleGenre"}, {"genre": {"text": "War", "__typename": "GenreItem"}, "__typename": "TitleGenre"}], "__typename": "TitleGenres"}, "canHaveEpisodes": true, "__typename": "Title"}, "__typename": "MoreLikeThisEdge"}, {"node": {"id": "tt28756878", "titleText": {"text": "World War II: From the Frontlines", "__typename": "TitleText"}, "titleType": {"id": "tvMiniSeries", "text": "TV Mini Series", "canHaveEpisodes": true, "displayableProperty": {"value": {"plainText": "TV Mini Series", "__typename": "Markdown"}, "__typename": "DisplayableTitleTypeProperty"}, "__typename": "TitleType"}, "originalTitleText": {"text": "World War II: From the Frontlines", "__typename": "TitleText"}, "primaryImage": {"id": "rm416697089", "width": 960, "height": 1440, "url": "https://m.media-amazon.com/images/M/MV5BNjUzMTQ4ZmYtZjg1OS00NmE3LWE2MmUtZTE1ZWEwMzhiZWRhXkEyXkFqcGc@._V1_.jpg", "caption": {"plainText": "World War II: From the Frontlines (2023)", "__typename": "Markdown"}, "__typename": "Image"}, "releaseYear": {"year": 2023, "endYear": 2023, "__typename": "YearRange"}, "ratingsSummary": {"aggregateRating": 8.2, "voteCount": 6031, "__typename": "RatingsSummary"}, "runtime": {"seconds": 2940, "__typename": "Runtime"}, "certificate": {"rating": "TV-MA", "__typename": "Certificate"}, "canRate": {"isRatable": true, "__typename": "CanRate"}, "titleGenres": {"genres": [{"genre": {"text": "Documentary", "__typename": "GenreItem"}, "__typename": "TitleGenre"}, {"genre": {"text": "History", "__typename": "GenreItem"}, "__typename": "TitleGenre"}, {"genre": {"text": "War", "__typename": "GenreItem"}, "__typename": "TitleGenre"}], "__typename": "TitleGenres"}, "canHaveEpisodes": true, "__typename": "Title"}, "__typename": "MoreLikeThisEdge"}, {"node": {"id": "tt9735318", "titleText": {"text": "The Beatles: Get Back", "__typename": "TitleText"}, "titleType": {"id": "tvMiniSeries", "text": "TV Mini Series", "canHaveEpisodes": true, "displayableProperty": {"value": {"plainText": "TV Mini Series", "__typename": "Markdown"}, "__typename": "DisplayableTitleTypeProperty"}, "__typename": "TitleType"}, "originalTitleText": {"text": "The Beatles: Get Back", "__typename": "TitleText"}, "primaryImage": {"id": "rm2029777921", "width": 4050, "height": 6000, "url": "https://m.media-amazon.com/images/M/MV5BYmEzY2E0MDQtMTc3NS00OTM5LWIyMDMtMTliNThlOWQ5OWEyXkEyXkFqcGc@._V1_.jpg", "caption": {"plainText": "Paul McCartney, John Lennon, George Harrison, Ringo Starr, and The Beatles in The Beatles: Get Back (2021)", "__typename": "Markdown"}, "__typename": "Image"}, "releaseYear": {"year": 2021, "endYear": 2021, "__typename": "YearRange"}, "ratingsSummary": {"aggregateRating": 8.9, "voteCount": 29356, "__typename": "RatingsSummary"}, "runtime": {"seconds": 9000, "__typename": "Runtime"}, "certificate": {"rating": "UA", "__typename": "Certificate"}, "canRate": {"isRatable": true, "__typename": "CanRate"}, "titleGenres": {"genres": [{"genre": {"text": "Documentary", "__typename": "GenreItem"}, "__typename": "TitleGenre"}, {"genre": {"text": "Biography", "__typename": "GenreItem"}, "__typename": "TitleGenre"}, {"genre": {"text": "Music", "__typename": "GenreItem"}, "__typename": "TitleGenre"}], "__typename": "TitleGenres"}, "canHaveEpisodes": true, "__typename": "Title"}, "__typename": "MoreLikeThisEdge"}, {"node": {"id": "tt3638584", "titleText": {"text": "Apocalypse la 1\u00e8re Guerre mondiale", "__typename": "TitleText"}, "titleType": {"id": "tvMiniSeries", "text": "TV Mini Series", "canHaveEpisodes": true, "displayableProperty": {"value": {"plainText": "TV Mini Series", "__typename": "Markdown"}, "__typename": "DisplayableTitleTypeProperty"}, "__typename": "TitleType"}, "originalTitleText": {"text": "Apocalypse la 1\u00e8re Guerre mondiale", "__typename": "TitleText"}, "primaryImage": {"id": "rm1037530624", "width": 966, "height": 1558, "url": "https://m.media-amazon.com/images/M/MV5BMTIwNTliYmUtOTUzZi00Zjc0LWJjMjAtMzYwMmMxNWE0NmNiXkEyXkFqcGc@._V1_.jpg", "caption": {"plainText": "Apocalypse la 1\u00e8re Guerre mondiale (2014)", "__typename": "Markdown"}, "__typename": "Image"}, "releaseYear": {"year": 2014, "endYear": 2014, "__typename": "YearRange"}, "ratingsSummary": {"aggregateRating": 8.8, "voteCount": 3170, "__typename": "RatingsSummary"}, "runtime": {"seconds": 3120, "__typename": "Runtime"}, "certificate": null, "canRate": {"isRatable": true, "__typename": "CanRate"}, "titleGenres": {"genres": [{"genre": {"text": "Documentary", "__typename": "GenreItem"}, "__typename": "TitleGenre"}, {"genre": {"text": "History", "__typename": "GenreItem"}, "__typename": "TitleGenre"}, {"genre": {"text": "War", "__typename": "GenreItem"}, "__typename": "TitleGenre"}], "__typename": "TitleGenres"}, "canHaveEpisodes": true, "__typename": "Title"}, "__typename": "MoreLikeThisEdge"}, {"node": {"id": "tt2069688", "titleText": {"text": "World War II in Colour", "__typename": "TitleText"}, "titleType": {"id": "tvMiniSeries", "text": "TV Mini Series", "canHaveEpisodes": true, "displayableProperty": {"value": {"plainText": "TV Mini Series", "__typename": "Markdown"}, "__typename": "DisplayableTitleTypeProperty"}, "__typename": "TitleType"}, "originalTitleText": {"text": "World War II in Colour", "__typename": "TitleText"}, "primaryImage": {"id": "rm163636736", "width": 1070, "height": 1500, "url": "https://m.media-amazon.com/images/M/MV5BMTdkODJmNWYtMjExNy00ZTlmLWIxYTktMGU1MDhjNjZkNmI4XkEyXkFqcGc@._V1_.jpg", "caption": {"plainText": "World War II in Colour (2009)", "__typename": "Markdown"}, "__typename": "Image"}, "releaseYear": {"year": 2009, "endYear": 2009, "__typename": "YearRange"}, "ratingsSummary": {"aggregateRating": 8.7, "voteCount": 7628, "__typename": "RatingsSummary"}, "runtime": {"seconds": 3060, "__typename": "Runtime"}, "certificate": {"rating": "TV-MA", "__typename": "Certificate"}, "canRate": {"isRatable": true, "__typename": "CanRate"}, "titleGenres": {"genres": [{"genre": {"text": "Documentary", "__typename": "GenreItem"}, "__typename": "TitleGenre"}, {"genre": {"text": "History", "__typename": "GenreItem"}, "__typename": "TitleGenre"}, {"genre": {"text": "War", "__typename": "GenreItem"}, "__typename": "TitleGenre"}], "__typename": "TitleGenres"}, "canHaveEpisodes": true, "__typename": "Title"}, "__typename": "MoreLikeThisEdge"}, {"node": {"id": "tt1016150", "titleText": {"text": "All Quiet on the Western Front", "__typename": "TitleText"}, "titleType": {"id": "movie", "text": "Movie", "canHaveEpisodes": false, "displayableProperty": {"value": {"plainText": "", "__typename": "Markdown"}, "__typename": "DisplayableTitleTypeProperty"}, "__typename": "TitleType"}, "originalTitleText": {"text": "Im Westen nichts Neues", "__typename": "TitleText"}, "primaryImage": {"id": "rm3081122561", "width": 1000, "height": 1500, "url": "https://m.media-amazon.com/images/M/MV5BOWJiYWMyYTktZThhOS00ZjgxLWE0YTQtZDMyNTQxMjMyYjI2XkEyXkFqcGc@._V1_.jpg", "caption": {"plainText": "Felix Kammerer in All Quiet on the Western Front (2022)", "__typename": "Markdown"}, "__typename": "Image"}, "releaseYear": {"year": 2022, "endYear": null, "__typename": "YearRange"}, "ratingsSummary": {"aggregateRating": 7.8, "voteCount": 258870, "__typename": "RatingsSummary"}, "runtime": {"seconds": 8880, "__typename": "Runtime"}, "certificate": {"rating": "A", "__typename": "Certificate"}, "canRate": {"isRatable": true, "__typename": "CanRate"}, "titleGenres": {"genres": [{"genre": {"text": "Drama", "__typename": "GenreItem"}, "__typename": "TitleGenre"}, {"genre": {"text": "History", "__typename": "GenreItem"}, "__typename": "TitleGenre"}, {"genre": {"text": "War", "__typename": "GenreItem"}, "__typename": "TitleGenre"}], "__typename": "TitleGenres"}, "canHaveEpisodes": false, "__typename": "Title"}, "__typename": "MoreLikeThisEdge"}], "__typename": "MoreLikeThisConnection"}, "triviaTotal": {"total": 23, "__typename": "TriviaConnection"}, "trivia": {"edges": [{"node": {"text": {"plaidHtml": "Much of the footage had never been seen, having sat in the vaults of London&#39;s Imperial War Museum for many years.", "__typename": "Markdown"}, "trademark": null, "relatedNames": null, "__typename": "TitleTrivia"}, "__typename": "TriviaEdge"}], "__typename": "TriviaConnection"}, "goofsTotal": {"total": 1, "__typename": "GoofConnection"}, "goofs": {"edges": [{"node": {"text": {"plaidHtml": "Several shots of tanks appear in the film, both Mark V (Mark Five) and Mark V* (Mark Five Star). They have been colourised green. In reality, tanks of these types were painted &quot;a neutral brown colour&quot;. See the article by the British Tank Museum which states that. &quot;Surrendering to the inevitable, towards the end of 1916 it was ordered that the tanks should be painted in a &#39;neutral brown colour&#39; all over.&quot; These tanks entered service in 1918, and were factory-painted brown.", "__typename": "Markdown"}, "__typename": "Goof"}, "__typename": "GoofEdge"}], "__typename": "GoofConnection"}, "quotesTotal": {"total": 2, "__typename": "TitleQuoteConnection"}, "quotes": {"edges": [{"node": {"lines": [{"characters": [{"character": "Soldier", "name": null, "__typename": "TitleQuoteCharacter"}], "text": "Hi, mum.", "stageDirection": "waving at camera", "__typename": "TitleQuoteLine"}], "__typename": "TitleQuote"}, "__typename": "TitleQuoteEdge"}], "__typename": "TitleQuoteConnection"}, "crazyCredits": {"edges": [{"node": {"text": {"plaidHtml": "&quot;Filmed on location on the Western Front, 1914 to 1918&quot;", "__typename": "Markdown"}, "__typename": "CrazyCredit"}, "__typename": "CrazyCreditEdge"}], "__typename": "CrazyCreditConnection"}, "alternateVersions": {"total": 0, "edges": [], "__typename": "AlternateVersionConnection"}, "connections": {"edges": [{"node": {"associatedTitle": {"id": "tt9021388", "releaseYear": {"year": 2018, "__typename": "YearRange"}, "titleText": {"text": "Episode #3.3", "__typename": "TitleText"}, "originalTitleText": {"text": "Episode #3.3", "__typename": "TitleText"}, "series": {"series": {"titleText": {"text": "Front Row", "__typename": "TitleText"}, "originalTitleText": {"text": "Front Row", "__typename": "TitleText"}, "__typename": "Title"}, "__typename": "Series"}, "__typename": "Title"}, "category": {"text": "Featured in", "__typename": "TitleConnectionCategory"}, "__typename": "TitleConnection"}, "__typename": "TitleConnectionEdge"}], "__typename": "TitleConnectionConnection"}, "soundtrack": {"edges": [{"node": {"text": "If You Want to Find", "comments": [{"plaidHtml": "Traditional Trench Song", "__typename": "Markdown"}, {"plaidHtml": "Performed by <a class=\"ipc-md-link ipc-md-link--entity\" href=\"/name/nm1453819/?ref_=tt_dyk_snd\">Plan 9</a> and <a class=\"ipc-md-link ipc-md-link--entity\" href=\"/name/nm3787294/?ref_=tt_dyk_snd\">Hamish McKeich</a>", "__typename": "Markdown"}], "__typename": "Track"}, "__typename": "SoundtrackEdge"}], "__typename": "SoundtrackConnection"}, "titleText": {"text": "They Shall Not Grow Old", "__typename": "TitleText"}, "originalTitleText": {"text": "They Shall Not Grow Old", "__typename": "TitleText"}, "releaseYear": {"year": 2018, "__typename": "YearRange"}, "reviews": {"total": 313, "__typename": "ReviewsConnection"}, "featuredReviews": {"edges": [{"node": {"id": "rw4989043", "author": {"nickName": "FrenchEddieFelson", "userId": "ur3257585", "__typename": "UserProfile"}, "summary": {"originalText": "Instructive and harrowing", "__typename": "ReviewSummary"}, "text": {"originalText": {"plaidHtml": "A century later, <a class=\"ipc-md-link ipc-md-link--entity\" href=\"/name/nm0001392/\">Peter Jackson</a> produced an informative and fascinating documentary about the First World War, seen by the English, in the trenches of the Bay of Somme, with dusted and colored archive images.<br/><br/>Almost everyone expected a brief and victorious war, which, as it was said at the time, would be &quot;over at Christmas&quot;. The continuation was very different and became a trench war. Hygiene was deplorable until it became laughable but the atmosphere within the troops was fraternal despite the constantly oppressive atmosphere.<br/><br/>And we also learn that the English infantrymen regularly had a mission to capture a Fritz. Knowing that from a military strategy point of view, this is a complete nonsense, a war prisoner being systematically an useless and cumbersome dead weight, it is perhaps a pity that this documentary does not give to the audience an explicit explanation. And the only rational explanation is probably this one: to force the English infantrymen to attack the Germans, the prisoner of war being the proof of the effectiveness of their attack ...", "__typename": "Markdown"}, "__typename": "ReviewText"}, "authorRating": null, "submissionDate": "2019-07-11", "helpfulness": {"upVotes": 26, "downVotes": 8, "__typename": "ReviewHelpfulness"}, "__typename": "Review"}, "__typename": "ReviewEdge"}], "__typename": "ReviewsConnection"}, "canRate": {"isRatable": true, "__typename": "CanRate"}, "iframeAddReviewLink": {"url": "https://contribute.imdb.com/review/tt7905466/add?bus=imdb&return_url=https%3A%2F%2Fwww.imdb.com%2Fclose_me&site=web", "__typename": "ContributionLink"}, "topQuestions": {"total": 16, "edges": [{"node": {"attributeId": "run-time", "question": {"plainText": "How long is They Shall Not Grow Old?", "__typename": "Markdown"}, "__typename": "AlexaQuestion"}, "__typename": "AlexaQuestionEdge"}], "__typename": "AlexaQuestionConnection"}, "faqs": {"total": 6, "edges": [{"node": {"id": "fq0088698", "question": {"plainText": "When will this be on general release for the public?", "__typename": "Markdown"}, "__typename": "Faq"}, "__typename": "FaqEdge"}, {"node": {"id": "fq0089014", "question": {"plainText": "Is the title of this film an intentional misquote of Laurence Binyon's Ode of Remembrance?Laurence Binyon's poem 'For the Fallen' published in 1914 has the line \"They shall grow not old\" which is often misquoted as \"They shall not grow old\". Is Peter Jackson's film title playing with the meaning here, in the sense that we are seeing the soldiers as they were during the war, and therefore will not grow old on screen? Or is it another example of a misquote?", "__typename": "Markdown"}, "__typename": "Faq"}, "__typename": "FaqEdge"}, {"node": {"id": "fq0089356", "question": {"plainText": "will this be released on 3d bluray ?", "__typename": "Markdown"}, "__typename": "Faq"}, "__typename": "FaqEdge"}], "__typename": "FaqConnection"}, "releaseDate": {"day": 28, "month": 8, "year": 2019, "country": {"id": "IN", "text": "India", "__typename": "LocalizedDisplayableCountry"}, "__typename": "ReleaseDate"}, "countriesOfOrigin": {"countries": [{"id": "GB", "text": "United Kingdom", "__typename": "CountryOfOrigin"}, {"id": "NZ", "text": "New Zealand", "__typename": "CountryOfOrigin"}], "__typename": "CountriesOfOrigin"}, "detailsExternalLinks": {"edges": [{"node": {"url": "https://www.facebook.com/TheyShallNotGrowOld/", "label": "Official Facebook", "externalLinkRegion": null, "__typename": "ExternalLink"}, "__typename": "ExternalLinkEdge"}, {"node": {"url": "https://www.theyshallnotgrowold.film/", "label": "Official Site", "externalLinkRegion": null, "__typename": "ExternalLink"}, "__typename": "ExternalLinkEdge"}], "total": 3, "__typename": "ExternalLinkConnection"}, "spokenLanguages": {"spokenLanguages": [{"id": "en", "text": "English", "__typename": "SpokenLanguage"}], "__typename": "SpokenLanguages"}, "akas": {"edges": [{"node": {"text": "\u0412\u043e\u043d\u0438 \u043d\u0435 \u043f\u043e\u0441\u0442\u0430\u0440\u0456\u044e\u0442\u044c", "__typename": "Aka"}, "__typename": "AkaEdge"}], "__typename": "AkaConnection"}, "filmingLocations": {"edges": [{"node": {"text": "Canakkale, Turkey", "location": "Canakkale, Turkey", "attributes": [], "__typename": "FilmingLocation"}, "__typename": "FilmingLocationEdge"}], "total": 3, "__typename": "FilmingLocationConnection"}, "production": {"edges": [{"node": {"company": {"id": "co0601402", "companyText": {"text": "House Productions", "__typename": "CompanyText"}, "__typename": "Company"}, "__typename": "CompanyCredit"}, "__typename": "CompanyCreditEdge"}, {"node": {"company": {"id": "co0323779", "companyText": {"text": "Trustees of the Imperial War Museum, London", "__typename": "CompanyText"}, "__typename": "Company"}, "__typename": "CompanyCredit"}, "__typename": "CompanyCreditEdge"}, {"node": {"company": {"id": "co0046203", "companyText": {"text": "WingNut Films", "__typename": "CompanyText"}, "__typename": "Company"}, "__typename": "CompanyCredit"}, "__typename": "CompanyCreditEdge"}], "__typename": "CompanyCreditConnection"}, "companies": {"total": 32, "__typename": "CompanyCreditConnection"}, "productionBudget": null, "lifetimeGross": {"total": {"amount": 17956913, "currency": "USD", "__typename": "Money"}, "__typename": "BoxOfficeGross"}, "openingWeekendGross": null, "worldwideGross": {"total": {"amount": 21656913, "currency": "USD", "__typename": "Money"}, "__typename": "BoxOfficeGross"}, "technicalSpecifications": {"soundMixes": {"items": [{"id": "dolby_digital", "text": "Dolby Digital", "attributes": [], "__typename": "SoundMix"}, {"id": "dolby_atmos", "text": "Dolby Atmos", "attributes": [], "__typename": "SoundMix"}], "__typename": "SoundMixes"}, "aspectRatios": {"items": [{"aspectRatio": "1.33 : 1", "attributes": [{"text": "original footage", "__typename": "DisplayableAttribute"}], "__typename": "AspectRatio"}, {"aspectRatio": "1.85 : 1", "attributes": [], "__typename": "AspectRatio"}], "__typename": "AspectRatios"}, "colorations": {"items": [{"conceptId": "color", "text": "Color", "attributes": [], "__typename": "Coloration"}], "__typename": "Colorations"}, "__typename": "TechnicalSpecifications"}, "runtime": {"seconds": 5940, "__typename": "Runtime"}, "series": null, "canHaveEpisodes": false, "contributionQuestions": {"contributionLink": {"url": "https://contribute.imdb.com/answers", "__typename": "ContributionQuestionsLink"}, "edges": [{"node": {"entity": {"primaryImage": {"url": "https://m.media-amazon.com/images/M/MV5BOGMwNzc3NTQtY2QzZS00YzJmLTgyM2UtYjlkMjBjZTAwM2Y5XkEyXkFqcGc@._V1_.jpg", "width": 716, "height": 1075, "caption": {"plainText": "They Shall Not Grow Old (2018)", "__typename": "Markdown"}, "__typename": "Image"}, "__typename": "Title"}, "questionId": "tt7905466.plot_outline.hi-IN", "questionText": {"plainText": "What is the Hindi language plot outline for They Shall Not Grow Old (2018)?", "__typename": "Markdown"}, "contributionLink": {"url": "https://contribute.imdb.com/answers?pinnedQuestion=tt7905466.plot_outline.hi-IN", "__typename": "ContributionQuestionsLink"}, "__typename": "Question"}, "__typename": "QuestionEdge"}], "__typename": "QuestionConnection"}, "__typename": "Title"}}