{"ok": true, "error_code": 200, "description": "", "short": {"@context": "https://schema.org", "@type": "Movie", "url": "https://www.imdb.com/title/tt9243946/", "name": "El Camino", "alternateName": "El Camino: A Breaking Bad Movie", "image": "https://m.media-amazon.com/images/M/MV5BYTYxMjI2YzUtODQ5Mi00M2JmLTlmNzItOTlkM2MyM2ExM2RlXkEyXkFqcGc@._V1_.jpg", "description": "Fugitive Jesse Pinkman runs from his captors, the law, and his past.", "review": {"@type": "Review", "itemReviewed": {"@type": "Movie", "url": "https://www.imdb.com/title/tt9243946/"}, "author": {"@type": "Person", "name": "Fella_shibby"}, "dateCreated": "2022-02-17", "inLanguage": "English", "name": "This one totally satisfied my curiosity. Terrific closure n terrific friends.", "reviewBody": "I am generous with a 9 cos I enjoyed this movie and was lucky to see this immediately aft finishing all the 5 seasons back to back.\n\nWho wud not wanna have Skinny Pete n Badger as their friends?\n\nThe duel between Jesse and Neil is a fantastic treat for fans of the Western genre.\n\nThe cinematography n locations added an extra charm.\n\nPaul nailed his character n gave a solid performance. His character&apos;s transformation n the way he gets to say goodbye to his friends n family is epic.\n\nAaron Paul deserves more films.\n\nThis movie worked for me cos I was able to recall all the familiar faces and everything related to the series as I saw this immediately aft finishing all the 5 seasons.", "reviewRating": {"@type": "Rating", "worstRating": 1, "bestRating": 10, "ratingValue": 9}}, "aggregateRating": {"@type": "AggregateRating", "ratingCount": 303945, "bestRating": 10, "worstRating": 1, "ratingValue": 7.3}, "contentRating": "16", "genre": ["Action", "Crime", "Drama"], "datePublished": "2019-10-11", "keywords": "alaska,neo noir,on the run,escape,gun", "trailer": {"@type": "VideoObject", "name": "Official Trailer", "embedUrl": "https://www.imdb.com/video/imdb/vi2308751129", "thumbnail": {"@type": "ImageObject", "contentUrl": "https://m.media-amazon.com/images/M/MV5BMjFjOGEwYjAtNDQxYy00OThhLWI3NDYtYTEyOGRlZDRhN2ViXkEyXkFqcGdeQXRyYW5zY29kZS13b3JrZmxvdw@@._V1_.jpg"}, "thumbnailUrl": "https://m.media-amazon.com/images/M/MV5BMjFjOGEwYjAtNDQxYy00OThhLWI3NDYtYTEyOGRlZDRhN2ViXkEyXkFqcGdeQXRyYW5zY29kZS13b3JrZmxvdw@@._V1_.jpg", "url": "https://www.imdb.com/video/vi2308751129/", "description": "After escaping Jack and his gang, Jesse Pinkman goes on the run from the police and tries to escape his own inner turmoil.", "duration": "PT2M6S", "uploadDate": "2019-09-24T16:58:01.069Z"}, "actor": [{"@type": "Person", "url": "https://www.imdb.com/name/nm0666739/", "name": "Aaron Paul"}, {"@type": "Person", "url": "https://www.imdb.com/name/nm0052186/", "name": "Jonathan Banks"}, {"@type": "Person", "url": "https://www.imdb.com/name/nm2804503/", "name": "Matt Jones"}], "director": [{"@type": "Person", "url": "https://www.imdb.com/name/nm0319213/", "name": "Vince Gilligan"}], "creator": [{"@type": "Organization", "url": "https://www.imdb.com/company/co0144901/"}, {"@type": "Organization", "url": "https://www.imdb.com/company/co0086397/"}, {"@type": "Organization", "url": "https://www.imdb.com/company/co0212797/"}, {"@type": "Person", "url": "https://www.imdb.com/name/nm0319213/", "name": "Vince Gilligan"}], "duration": "PT2H2M"}, "imdbId": "tt9243946", "top": {"id": "tt9243946", "productionStatus": {"currentProductionStage": {"id": "released", "text": "Released", "__typename": "ProductionStage"}, "productionStatusHistory": [{"status": {"id": "filming", "text": "Filming", "__typename": "ProductionStatus"}, "__typename": "ProductionStatusHistory"}, {"status": {"id": "script", "text": "Script", "__typename": "ProductionStatus"}, "__typename": "ProductionStatusHistory"}, {"status": {"id": "post_production", "text": "Post-production", "__typename": "ProductionStatus"}, "__typename": "ProductionStatusHistory"}, {"status": {"id": "completed", "text": "Completed", "__typename": "ProductionStatus"}, "__typename": "ProductionStatusHistory"}, {"status": {"id": "released", "text": "Released", "__typename": "ProductionStatus"}, "__typename": "ProductionStatusHistory"}], "restriction": null, "__typename": "ProductionStatusDetails"}, "canHaveEpisodes": false, "series": null, "titleText": {"text": "El Camino: A Breaking Bad Movie", "__typename": "TitleText"}, "titleType": {"displayableProperty": {"value": {"plainText": "", "__typename": "Markdown"}, "__typename": "DisplayableTitleTypeProperty"}, "text": "Movie", "id": "movie", "isSeries": false, "isEpisode": false, "categories": [{"value": "movie", "__typename": "TitleTypeCategory"}], "canHaveEpisodes": false, "__typename": "TitleType"}, "originalTitleText": {"text": "El Camino", "__typename": "TitleText"}, "certificate": {"rating": "16", "__typename": "Certificate"}, "releaseYear": {"year": 2019, "endYear": null, "__typename": "YearRange"}, "releaseDate": {"day": 11, "month": 10, "year": 2019, "__typename": "ReleaseDate"}, "runtime": {"seconds": 7320, "displayableProperty": {"value": {"plainText": "2h 2m", "__typename": "Markdown"}, "__typename": "DisplayableTitleRuntimeProperty"}, "__typename": "Runtime"}, "canRate": {"isRatable": true, "__typename": "CanRate"}, "ratingsSummary": {"aggregateRating": 7.3, "voteCount": 303945, "__typename": "RatingsSummary"}, "meterRanking": {"currentRank": 1446, "rankChange": {"changeDirection": "DOWN", "difference": 161, "__typename": "MeterRankChange"}, "__typename": "TitleMeterRanking"}, "primaryImage": {"id": "rm3380647169", "width": 960, "height": 1200, "url": "https://m.media-amazon.com/images/M/MV5BYTYxMjI2YzUtODQ5Mi00M2JmLTlmNzItOTlkM2MyM2ExM2RlXkEyXkFqcGc@._V1_.jpg", "caption": {"plainText": "Aaron Paul in El Camino: A Breaking Bad Movie (2019)", "__typename": "Markdown"}, "__typename": "Image"}, "images": {"total": 87, "edges": [{"node": {"id": "rm3551759105", "__typename": "Image"}, "__typename": "ImageEdge"}], "__typename": "ImageConnection"}, "videos": {"total": 12, "__typename": "TitleRelatedVideosConnection"}, "primaryVideos": {"edges": [{"node": {"id": "vi2308751129", "createdDate": "2019-09-24T16:58:01.069Z", "isMature": false, "runtime": {"value": 126, "__typename": "VideoRuntime"}, "name": {"value": "Official Trailer", "language": "en", "__typename": "LocalizedString"}, "description": {"value": "After escaping Jack and his gang, Jesse Pinkman goes on the run from the police and tries to escape his own inner turmoil.", "language": "en", "__typename": "LocalizedString"}, "timedTextTracks": [], "recommendedTimedTextTrack": null, "thumbnail": {"url": "https://m.media-amazon.com/images/M/MV5BMjFjOGEwYjAtNDQxYy00OThhLWI3NDYtYTEyOGRlZDRhN2ViXkEyXkFqcGdeQXRyYW5zY29kZS13b3JrZmxvdw@@._V1_.jpg", "height": 1080, "width": 1920, "__typename": "Thumbnail"}, "primaryTitle": {"id": "tt9243946", "titleText": {"text": "El Camino: A Breaking Bad Movie", "__typename": "TitleText"}, "originalTitleText": {"text": "El Camino", "__typename": "TitleText"}, "releaseYear": {"year": 2019, "__typename": "YearRange"}, "__typename": "Title"}, "playbackURLs": [{"displayName": {"value": "480p", "language": "en-US", "__typename": "LocalizedString"}, "videoMimeType": "MP4", "videoDefinition": "DEF_480p", "url": "https://imdb-video.media-imdb.com/vi2308751129/1434659607842-pgv4ql-1569344281906.mp4?Expires=1730927457&Signature=Fq9M0AQKZEkykauRqk2JFkFveOKzws8M2KINm7wcw4uDfxuDrDUN-emi9xwu~woEujqG3OW3MLx-3HDsN2ETmw~mkc77DZ1iMuuLtYT-rIUNPpZ12Ek3b2WSiajdVCKQX-fNk~MY9Oz-qZKfg5zANL4nGZccqt0YVcsI98H9ByxPbdat3QRI1Q4t6nMZZwGxtMPV-c2eeShkgmU1MWStWCs8MyQ6V8C-I6db6X2lcxD3GM~0M40VztKBP3DMy5QnhKkrfmvIK50sQZHy0K1yNtfxmHaLkhopx8dlsKpkw71on~El8LCUu1OC2iSrRtO2yAjPcajRchrOIiBLR2kWPQ__&Key-Pair-Id=APKAIFLZBVQZ24NQH3KA", "__typename": "PlaybackURL"}, {"displayName": {"value": "SD", "language": "en-US", "__typename": "LocalizedString"}, "videoMimeType": "MP4", "videoDefinition": "DEF_SD", "url": "https://imdb-video.media-imdb.com/vi2308751129/1434659454657-dx9ykf-1569344281907.mp4?Expires=1730927457&Signature=dlWpcU0I0XzfybcUp8iXYRdf7g8IItOfVW6VXX-R2M7YH4ETtMQWBYSGgxQUaqJJJi1u-qItcNiMoEf8747w1uwdOE7wDw5kPRLSrKBeMKiVXISgoJmp6wtLqNp4NUyZOM4OkrAxfHjLa3LImEOMB-vJbTjEMPF-~ZKdz8yej2ykQ~wR6I3IdRzGpJ8FyMBr1OfvEDDlWECW1qwUzyct069Mf3M6SbN6pke6VZ3jbr5PkLgZdv2joPzIeMT6Do7tyYxDQaZNEkxNrjaifSxz8KPtxlo9uxqh6B4f1hM6hz~a2rbf7NzrYVTSHFZdjl792EMqhQtjkj5G3jR~r-lO0A__&Key-Pair-Id=APKAIFLZBVQZ24NQH3KA", "__typename": "PlaybackURL"}], "contentType": {"id": "amzn1.imdb.video.contenttype.trailer", "displayName": {"value": "Trailer", "__typename": "LocalizedString"}, "__typename": "VideoContentType"}, "previewURLs": [{"displayName": {"value": "AUTO", "language": "en-US", "__typename": "LocalizedString"}, "videoMimeType": "M3U8", "videoDefinition": "DEF_AUTO", "url": "https://imdb-video.media-imdb.com/vi2308751129/hls-preview-21a86478-62f0-451b-9110-736c5f5087c9.m3u8?Expires=1730927457&Signature=EWO40fMc-uQndippuv4YDFoAqwvGbuo-j~gLZA6L4zO8px1Na3HxfwPp2jUZHLmPYuVDUxuY7nxH3v05co0nwgbVotWoWRWt~0QDL1aoUjTVO3rZwn9o3g5nW7qSezASDUZy52ByX~58eUwGrYn5BCI00j96eXv7PUNTLcQDps~q31i4wZ2qlIPl0Yat~xQ9seXai3blNyOIMdfrLGiFZPZJWpmvAnO3FHop52zvHqJ9OTyKDhEuNAg7BoUoZY6CSCP9ewQPme99OqVWhUY8IJxnYoBgpLmQnhJDqpTf0BMGMoEuWoqY0WftIGgzP-A6fsveSx3zlhoPpE3Tp-OvNw__&Key-Pair-Id=APKAIFLZBVQZ24NQH3KA", "__typename": "PlaybackURL"}], "__typename": "Video"}, "__typename": "VideoEdge"}, {"node": {"id": "vi280215321", "createdDate": "2019-08-24T22:52:05.960Z", "isMature": false, "runtime": {"value": 54, "__typename": "VideoRuntime"}, "name": {"value": "Date Announcement", "language": "en", "__typename": "LocalizedString"}, "description": {"value": "Skinny Pete is brought in for questioning in this footage from 'El Camino: A Breaking Bad Movie.' In the wake of his dramatic escape from captivity, Jesse must come to terms with his past in order to forge some kind of future.", "language": "en", "__typename": "LocalizedString"}, "timedTextTracks": [], "recommendedTimedTextTrack": null, "thumbnail": {"url": "https://m.media-amazon.com/images/M/MV5BMWM2MTgzODktMGRmNy00ZWUyLTk4ZmItYzkxNDkxNTFhNDIwXkEyXkFqcGdeQXRyYW5zY29kZS13b3JrZmxvdw@@._V1_.jpg", "height": 1080, "width": 1920, "__typename": "Thumbnail"}, "primaryTitle": {"id": "tt9243946", "titleText": {"text": "El Camino: A Breaking Bad Movie", "__typename": "TitleText"}, "originalTitleText": {"text": "El Camino", "__typename": "TitleText"}, "releaseYear": {"year": 2019, "__typename": "YearRange"}, "__typename": "Title"}, "playbackURLs": [{"displayName": {"value": "480p", "language": "en-US", "__typename": "LocalizedString"}, "videoMimeType": "MP4", "videoDefinition": "DEF_480p", "url": "https://imdb-video.media-imdb.com/vi280215321/1434659607842-pgv4ql-1566687126844.mp4?Expires=1730927457&Signature=LOnEdSnMF7wWxvah4ZVP0JAo-ShTjf18y7UdXMKdz7SEIDf014X-ISSNGJfuDYNXhzmpkg6Gy8GSlUN4Utmi~IPcKNaew79oziALB-vOjH7h66k3FdKYIJv4sOl9HDI2MmQv2F8MOH5uSaD1lHSwYLpA2Vt~8y-dCExgIq1T-QFONCz-n57wZFas4jimgID0z75dlD6RPf6DnECr9YAVbKahoiRGdKXXAx9ESv6tgfvxE-weA9vD4hPT9DBY36pIgXEy6yqNIdVphrn6Qc1WVe-I~GyKfEsw86v5vRwtk1oTAdqvDgjUQzIfV0YdJED86YJf5ZMoHwcpwYXOQIyuMw__&Key-Pair-Id=APKAIFLZBVQZ24NQH3KA", "__typename": "PlaybackURL"}, {"displayName": {"value": "SD", "language": "en-US", "__typename": "LocalizedString"}, "videoMimeType": "MP4", "videoDefinition": "DEF_SD", "url": "https://imdb-video.media-imdb.com/vi280215321/1434659454657-dx9ykf-1566687126844.mp4?Expires=1730927457&Signature=IKO81sPQQhPy8QcT7I4hE~oBKxdi0hiUz2YIS4oE9haXykv3XJoasrj~YFwhHp1vs~R1Ri1Dm5SetCwd60IWHyFbCjxheP3rugcebzKVzS1U-N7s-penpxpJgJRKcMbx8g-bET1bWWb~wqwvAM1NonNEIHmU6t2KkL3ZwVgvEL523pAReZs6ZTSKT4v7klCaIOmKSpe1irc41tJZWd38czghYyTvPO-qKfC5~eZtA2fcZk1t1XWxyA9Om12x~u6NcQjkKGoqStlbJQQ0qyDSfOGF2gaxzAKom-h3yq~3SQZd0rq~40Uec55~wnaXWgkaY9TJ7hSIJb154hGE9Yygig__&Key-Pair-Id=APKAIFLZBVQZ24NQH3KA", "__typename": "PlaybackURL"}], "contentType": {"id": "amzn1.imdb.video.contenttype.trailer", "displayName": {"value": "Trailer", "__typename": "LocalizedString"}, "__typename": "VideoContentType"}, "previewURLs": [{"displayName": {"value": "AUTO", "language": "en-US", "__typename": "LocalizedString"}, "videoMimeType": "M3U8", "videoDefinition": "DEF_AUTO", "url": "https://imdb-video.media-imdb.com/vi280215321/hls-preview-c1df09a5-bb76-47de-b999-04c8edfb355b.m3u8?Expires=1730927457&Signature=Pn-qJS6E4rXPPrV6Fsd4vCzOSDp8INL9dpOPlRGoPtyn~l32Jc7ygW7yrCr6sPEuJ~iQZiLOE4AEav82QeBmJ~zx-mwLtl29Oq4xiS0H-Jx4k0qKv03TwfDD3QdSrIDkP8-ksF5bA3gihdpF8eHFJUNrkA77HoefJi1uJ2~yCa5VyFCF14lw2JOuTt66r-RJqh7KjlBBcfi02NVOOeY0pOHxGNztQjKeyUlYy6BbMS3oVTTHENSwnOSsnm5ZUWcDjGD3kyTMpxTMxgh6gSAD1VvI~GqRrxc7J-tHQC4fkNGpuHBh-KDcaBQP9JrKj8KJboULv28cyLNyt4lkffGlhA__&Key-Pair-Id=APKAIFLZBVQZ24NQH3KA", "__typename": "PlaybackURL"}], "__typename": "Video"}, "__typename": "VideoEdge"}], "__typename": "VideoConnection"}, "externalLinks": {"total": 194, "__typename": "ExternalLinkConnection"}, "metacritic": {"metascore": {"score": 72, "__typename": "Metascore"}, "__typename": "Metacritic"}, "keywords": {"total": 111, "edges": [{"node": {"text": "alaska", "__typename": "TitleKeyword"}, "__typename": "TitleKeywordEdge"}, {"node": {"text": "neo noir", "__typename": "TitleKeyword"}, "__typename": "TitleKeywordEdge"}, {"node": {"text": "on the run", "__typename": "TitleKeyword"}, "__typename": "TitleKeywordEdge"}, {"node": {"text": "escape", "__typename": "TitleKeyword"}, "__typename": "TitleKeywordEdge"}, {"node": {"text": "gun", "__typename": "TitleKeyword"}, "__typename": "TitleKeywordEdge"}], "__typename": "TitleKeywordConnection"}, "isAdult": false, "genres": {"genres": [{"text": "Action", "id": "Action", "__typename": "Genre"}, {"text": "Crime", "id": "Crime", "__typename": "Genre"}, {"text": "Drama", "id": "Drama", "__typename": "Genre"}, {"text": "Thriller", "id": "Thriller", "__typename": "Genre"}], "__typename": "Genres"}, "interests": {"edges": [{"node": {"id": "in0000188", "primaryText": {"text": "Contemporary Western", "__typename": "InterestText"}, "__typename": "Interest"}, "__typename": "InterestEdge"}, {"node": {"id": "in0000001", "primaryText": {"text": "Action", "__typename": "InterestText"}, "__typename": "Interest"}, "__typename": "InterestEdge"}, {"node": {"id": "in0000052", "primaryText": {"text": "Crime", "__typename": "InterestText"}, "__typename": "Interest"}, "__typename": "InterestEdge"}, {"node": {"id": "in0000076", "primaryText": {"text": "Drama", "__typename": "InterestText"}, "__typename": "Interest"}, "__typename": "InterestEdge"}, {"node": {"id": "in0000186", "primaryText": {"text": "Thriller", "__typename": "InterestText"}, "__typename": "Interest"}, "__typename": "InterestEdge"}], "__typename": "InterestConnection"}, "plot": {"plotText": {"plainText": "Fugitive Jesse Pinkman runs from his captors, the law, and his past.", "__typename": "Markdown"}, "language": {"id": "en-US", "__typename": "DisplayableLanguage"}, "__typename": "Plot"}, "plotContributionLink": {"url": "https://contribute.imdb.com/updates?update=tt9243946:outlines.add.1.locale~en-US", "__typename": "ContributionLink"}, "credits": {"total": 383, "__typename": "CreditConnection"}, "principalCredits": [{"totalCredits": 1, "category": {"text": "Director", "id": "director", "__typename": "CreditCategory"}, "credits": [{"name": {"nameText": {"text": "Vince Gilligan", "__typename": "NameText"}, "id": "nm0319213", "__typename": "Name"}, "attributes": null, "__typename": "Crew"}], "__typename": "PrincipalCreditsForCategory"}, {"totalCredits": 2, "category": {"text": "Writer", "id": "writer", "__typename": "CreditCategory"}, "credits": [{"name": {"nameText": {"text": "Vince Gilligan", "__typename": "NameText"}, "id": "nm0319213", "__typename": "Name"}, "attributes": null, "__typename": "Crew"}], "__typename": "PrincipalCreditsForCategory"}, {"totalCredits": 32, "category": {"text": "Stars", "id": "cast", "__typename": "CreditCategory"}, "credits": [{"name": {"nameText": {"text": "Aaron Paul", "__typename": "NameText"}, "id": "nm0666739", "__typename": "Name"}, "attributes": null, "__typename": "Cast"}, {"name": {"nameText": {"text": "Jonathan Banks", "__typename": "NameText"}, "id": "nm0052186", "__typename": "Name"}, "attributes": null, "__typename": "Cast"}, {"name": {"nameText": {"text": "Matt Jones", "__typename": "NameText"}, "id": "nm2804503", "__typename": "Name"}, "attributes": null, "__typename": "Cast"}], "__typename": "PrincipalCreditsForCategory"}], "reviews": {"total": 1953, "__typename": "ReviewsConnection"}, "criticReviewsTotal": {"total": 158, "__typename": "ExternalLinkConnection"}, "triviaTotal": {"total": 72, "__typename": "TriviaConnection"}, "engagementStatistics": {"watchlistStatistics": {"displayableCount": {"text": "Added by 165K users", "__typename": "LocalizedDisplayableCount"}, "__typename": "WatchlistStatistics"}, "__typename": "EngagementStatistics"}, "subNavCredits": {"total": 383, "__typename": "CreditConnection"}, "subNavReviews": {"total": 1953, "__typename": "ReviewsConnection"}, "subNavTrivia": {"total": 72, "__typename": "TriviaConnection"}, "subNavFaqs": {"total": 3, "__typename": "FaqConnection"}, "subNavTopQuestions": {"total": 17, "__typename": "AlexaQuestionConnection"}, "titleGenres": {"genres": [{"genre": {"text": "Action", "__typename": "GenreItem"}, "__typename": "TitleGenre"}, {"genre": {"text": "Crime", "__typename": "GenreItem"}, "__typename": "TitleGenre"}, {"genre": {"text": "Drama", "__typename": "GenreItem"}, "__typename": "TitleGenre"}], "__typename": "TitleGenres"}, "meta": {"canonicalId": "tt9243946", "publicationStatus": "PUBLISHED", "__typename": "TitleMeta"}, "castPageTitle": {"edges": [{"node": {"name": {"id": "nm0666739", "nameText": {"text": "Aaron Paul", "__typename": "NameText"}, "__typename": "Name"}, "__typename": "Cast"}, "__typename": "CreditEdge"}, {"node": {"name": {"id": "nm0052186", "nameText": {"text": "Jonathan Banks", "__typename": "NameText"}, "__typename": "Name"}, "__typename": "Cast"}, "__typename": "CreditEdge"}, {"node": {"name": {"id": "nm2804503", "nameText": {"text": "Matt Jones", "__typename": "NameText"}, "__typename": "Name"}, "__typename": "Cast"}, "__typename": "CreditEdge"}, {"node": {"name": {"id": "nm1889973", "nameText": {"text": "Charles Baker", "__typename": "NameText"}, "__typename": "Name"}, "__typename": "Cast"}, "__typename": "CreditEdge"}], "__typename": "CreditConnection"}, "creatorsPageTitle": [], "directorsPageTitle": [{"credits": [{"name": {"id": "nm0319213", "nameText": {"text": "Vince Gilligan", "__typename": "NameText"}, "__typename": "Name"}, "__typename": "Crew"}], "__typename": "PrincipalCreditsForCategory"}], "countriesOfOrigin": {"countries": [{"id": "US", "__typename": "CountryOfOrigin"}], "__typename": "CountriesOfOrigin"}, "production": {"edges": [{"node": {"company": {"id": "co0144901", "companyText": {"text": "Netflix", "__typename": "CompanyText"}, "__typename": "Company"}, "__typename": "CompanyCredit"}, "__typename": "CompanyCreditEdge"}, {"node": {"company": {"id": "co0086397", "companyText": {"text": "Sony Pictures Television", "__typename": "CompanyText"}, "__typename": "Company"}, "__typename": "CompanyCredit"}, "__typename": "CompanyCreditEdge"}, {"node": {"company": {"id": "co0212797", "companyText": {"text": "High Bridge Productions", "__typename": "CompanyText"}, "__typename": "Company"}, "__typename": "CompanyCredit"}, "__typename": "CompanyCreditEdge"}], "__typename": "CompanyCreditConnection"}, "featuredReviews": {"edges": [{"node": {"author": {"nickName": "Fella_shibby", "__typename": "UserProfile"}, "summary": {"originalText": "This one totally satisfied my curiosity. Terrific closure n terrific friends.", "__typename": "ReviewSummary"}, "text": {"originalText": {"plainText": "I am generous with a 9 cos I enjoyed this movie and was lucky to see this immediately aft finishing all the 5 seasons back to back.\n\nWho wud not wanna have Skinny Pete n Badger as their friends?\n\nThe duel between Jesse and Neil is a fantastic treat for fans of the Western genre.\n\nThe cinematography n locations added an extra charm.\n\nPaul nailed his character n gave a solid performance. His character's transformation n the way he gets to say goodbye to his friends n family is epic.\n\nAaron Paul deserves more films.\n\nThis movie worked for me cos I was able to recall all the familiar faces and everything related to the series as I saw this immediately aft finishing all the 5 seasons.", "__typename": "Markdown"}, "__typename": "ReviewText"}, "authorRating": 9, "submissionDate": "2022-02-17", "__typename": "Review"}, "__typename": "ReviewEdge"}], "__typename": "ReviewsConnection"}, "__typename": "Title"}, "main": {"id": "tt9243946", "wins": {"total": 4, "__typename": "AwardNominationConnection"}, "nominationsExcludeWins": {"total": 24, "__typename": "AwardNominationConnection"}, "prestigiousAwardSummary": {"nominations": 4, "wins": 0, "award": {"text": "Primetime Emmy", "id": "aw0002214", "event": {"id": "ev0000223", "__typename": "AwardsEvent"}, "__typename": "AwardDetails"}, "__typename": "PrestigiousAwardSummary"}, "ratingsSummary": {"topRanking": {"id": "topRated:tt9243946:en_US", "text": {"value": "Top Rated", "__typename": "LocalizedString"}, "rank": 1769, "__typename": "TopRanking"}, "__typename": "RatingsSummary"}, "episodes": null, "videos": {"total": 12, "__typename": "TitleRelatedVideosConnection"}, "videoStrip": {"edges": [{"node": {"id": "vi2308751129", "contentType": {"displayName": {"value": "Trailer", "__typename": "LocalizedString"}, "__typename": "VideoContentType"}, "name": {"value": "Official Trailer", "__typename": "LocalizedString"}, "runtime": {"value": 126, "__typename": "VideoRuntime"}, "thumbnail": {"height": 1080, "url": "https://m.media-amazon.com/images/M/MV5BMjFjOGEwYjAtNDQxYy00OThhLWI3NDYtYTEyOGRlZDRhN2ViXkEyXkFqcGdeQXRyYW5zY29kZS13b3JrZmxvdw@@._V1_.jpg", "width": 1920, "__typename": "Thumbnail"}, "__typename": "Video"}, "__typename": "VideoEdge"}, {"node": {"id": "vi280215321", "contentType": {"displayName": {"value": "Trailer", "__typename": "LocalizedString"}, "__typename": "VideoContentType"}, "name": {"value": "Date Announcement", "__typename": "LocalizedString"}, "runtime": {"value": 54, "__typename": "VideoRuntime"}, "thumbnail": {"height": 1080, "url": "https://m.media-amazon.com/images/M/MV5BMWM2MTgzODktMGRmNy00ZWUyLTk4ZmItYzkxNDkxNTFhNDIwXkEyXkFqcGdeQXRyYW5zY29kZS13b3JrZmxvdw@@._V1_.jpg", "width": 1920, "__typename": "Thumbnail"}, "__typename": "Video"}, "__typename": "VideoEdge"}, {"node": {"id": "vi1184677657", "contentType": {"displayName": {"value": "Trailer", "__typename": "LocalizedString"}, "__typename": "VideoContentType"}, "name": {"value": "Official Trailer", "__typename": "LocalizedString"}, "runtime": {"value": 137, "__typename": "VideoRuntime"}, "thumbnail": {"height": 1080, "url": "https://m.media-amazon.com/images/M/MV5BYmU0OTU5M2QtY2MwYS00ZThjLTgyODQtOWIyMDFhOTZiOTY3XkEyXkFqcGdeQXRyYW5zY29kZS13b3JrZmxvdw@@._V1_.jpg", "width": 1920, "__typename": "Thumbnail"}, "__typename": "Video"}, "__typename": "VideoEdge"}, {"node": {"id": "vi402046745", "contentType": {"displayName": {"value": "Clip", "__typename": "LocalizedString"}, "__typename": "VideoContentType"}, "name": {"value": "'El Camino' Cooks Up \"Breaking Bad\" Easter Eggs", "__typename": "LocalizedString"}, "runtime": {"value": 216, "__typename": "VideoRuntime"}, "thumbnail": {"height": 1080, "url": "https://m.media-amazon.com/images/M/MV5BNDFkOGRiYmQtYTQ1Mi00NmYyLThkZjctMmI1MjNjNmUwZGVjXkEyXkFqcGdeQWFsZWxvZw@@._V1_.jpg", "width": 1920, "__typename": "Thumbnail"}, "__typename": "Video"}, "__typename": "VideoEdge"}, {"node": {"id": "vi3797402905", "contentType": {"displayName": {"value": "Clip", "__typename": "LocalizedString"}, "__typename": "VideoContentType"}, "name": {"value": "El Camino: A Breaking Bad Movie: The Ballad Of Jesse Pinkman (Music Video)", "__typename": "LocalizedString"}, "runtime": {"value": 223, "__typename": "VideoRuntime"}, "thumbnail": {"height": 720, "url": "https://m.media-amazon.com/images/M/MV5BMWY3ZDcxM2MtNGQ3NS00NDk1LWFlMDctMmQ3M2M1MGVjMDIyXkEyXkFqcGdeQVRoaXJkUGFydHlJbmdlc3Rpb25Xb3JrZmxvdw@@._V1_.jpg", "width": 1280, "__typename": "Thumbnail"}, "__typename": "Video"}, "__typename": "VideoEdge"}, {"node": {"id": "vi1955512089", "contentType": {"displayName": {"value": "Clip", "__typename": "LocalizedString"}, "__typename": "VideoContentType"}, "name": {"value": "Aaron Paul: More Than Just Jesse Pinkman", "__typename": "LocalizedString"}, "runtime": {"value": 231, "__typename": "VideoRuntime"}, "thumbnail": {"height": 1080, "url": "https://m.media-amazon.com/images/M/MV5BMWI5MzA4YzktNzMwZi00ZTkzLWE2NmEtZjM1NGRhMTlhMjNiXkEyXkFqcGdeQXZ3ZXNsZXk@._V1_.jpg", "width": 1920, "__typename": "Thumbnail"}, "__typename": "Video"}, "__typename": "VideoEdge"}, {"node": {"id": "vi22594841", "contentType": {"displayName": {"value": "Featurette", "__typename": "LocalizedString"}, "__typename": "VideoContentType"}, "name": {"value": "El Camino: A Breaking Bad Movie: Aaron Paul Breaks Down A Scene", "__typename": "LocalizedString"}, "runtime": {"value": 281, "__typename": "VideoRuntime"}, "thumbnail": {"height": 720, "url": "https://m.media-amazon.com/images/M/MV5BMzA5OTBhMDQtODliYS00Mzk4LTlhYmEtNDMzNGEwMjQ0NmUyXkEyXkFqcGdeQVRoaXJkUGFydHlJbmdlc3Rpb25Xb3JrZmxvdw@@._V1_.jpg", "width": 1280, "__typename": "Thumbnail"}, "__typename": "Video"}, "__typename": "VideoEdge"}, {"node": {"id": "vi3981952281", "contentType": {"displayName": {"value": "Featurette", "__typename": "LocalizedString"}, "__typename": "VideoContentType"}, "name": {"value": "El Camino: A Breaking Bad Movie: Hinter Den Kulissen (German Subtitled)", "__typename": "LocalizedString"}, "runtime": {"value": 126, "__typename": "VideoRuntime"}, "thumbnail": {"height": 720, "url": "https://m.media-amazon.com/images/M/MV5BOTY1ZWM0ZTMtMzk0ZS00YzcyLWFhMzItMmFjNjg1OTAyYTEyXkEyXkFqcGdeQVRoaXJkUGFydHlJbmdlc3Rpb25Xb3JrZmxvdw@@._V1_.jpg", "width": 1280, "__typename": "Thumbnail"}, "__typename": "Video"}, "__typename": "VideoEdge"}, {"node": {"id": "vi4116170009", "contentType": {"displayName": {"value": "Featurette", "__typename": "LocalizedString"}, "__typename": "VideoContentType"}, "name": {"value": "El Camino: A Breaking Bad Movie: Les Coulisses (French Subtitled)", "__typename": "LocalizedString"}, "runtime": {"value": 126, "__typename": "VideoRuntime"}, "thumbnail": {"height": 720, "url": "https://m.media-amazon.com/images/M/MV5BNmU1M2Q1MjktZDc4Ni00YzUwLWI0ZTctNzJkMjlkY2Q5NDkyXkEyXkFqcGdeQVRoaXJkUGFydHlJbmdlc3Rpb25Xb3JrZmxvdw@@._V1_.jpg", "width": 1280, "__typename": "Thumbnail"}, "__typename": "Video"}, "__typename": "VideoEdge"}, {"node": {"id": "vi4250387737", "contentType": {"displayName": {"value": "Featurette", "__typename": "LocalizedString"}, "__typename": "VideoContentType"}, "name": {"value": "El Camino: A Breaking Bad Movie (Behind The Scenes)", "__typename": "LocalizedString"}, "runtime": {"value": 125, "__typename": "VideoRuntime"}, "thumbnail": {"height": 703, "url": "https://m.media-amazon.com/images/M/MV5BZGY4ZTI2ZGUtMzcxMS00OWRlLThhYWMtMWZlNWI2YjdjYjljXkEyXkFqcGdeQVRoaXJkUGFydHlJbmdlc3Rpb25Xb3JrZmxvdw@@._V1_.jpg", "width": 1250, "__typename": "Thumbnail"}, "__typename": "Video"}, "__typename": "VideoEdge"}, {"node": {"id": "vi2124332825", "contentType": {"displayName": {"value": "Video", "__typename": "LocalizedString"}, "__typename": "VideoContentType"}, "name": {"value": "The Trailer Trailer for the Week of Sept. 23, 2019", "__typename": "LocalizedString"}, "runtime": {"value": 64, "__typename": "VideoRuntime"}, "thumbnail": {"height": 1080, "url": "https://m.media-amazon.com/images/M/MV5BYzE2MDdkZTUtZDk0OC00NjNjLThlN2EtMzIzMDIxYjNkYzM0XkEyXkFqcGdeQXRyYW5zY29kZS13b3JrZmxvdw@@._V1_.jpg", "width": 1920, "__typename": "Thumbnail"}, "__typename": "Video"}, "__typename": "VideoEdge"}, {"node": {"id": "vi1654308633", "contentType": {"displayName": {"value": "Video", "__typename": "LocalizedString"}, "__typename": "VideoContentType"}, "name": {"value": "Emmys Trailer", "__typename": "LocalizedString"}, "runtime": {"value": 71, "__typename": "VideoRuntime"}, "thumbnail": {"height": 1080, "url": "https://m.media-amazon.com/images/M/MV5BNDBjOTBkYjItZTk5Mi00YjNlLTk0YzYtZGRmNmRmODM1YzNmXkEyXkFqcGdeQUlNRGJWaWRlb1RodW1ibmFpbFNlcnZpY2U@._V1_.jpg", "width": 1920, "__typename": "Thumbnail"}, "__typename": "Video"}, "__typename": "VideoEdge"}], "__typename": "VideoConnection"}, "titleMainImages": {"total": 87, "edges": [{"node": {"id": "rm3551759105", "url": "https://m.media-amazon.com/images/M/MV5BOGUwMWU5NzEtYjVmNS00MjA4LWI4YTAtOTk5NWYwOTk0YmRmXkEyXkFqcGc@._V1_.jpg", "caption": {"plainText": "Charles Baker and Matt Jones in El Camino: A Breaking Bad Movie (2019)", "__typename": "Markdown"}, "height": 4000, "width": 6000, "__typename": "Image"}, "__typename": "ImageEdge"}, {"node": {"id": "rm3568536321", "url": "https://m.media-amazon.com/images/M/MV5BZjU0N2VhNWEtMWNkZi00OGQ3LWIwNjMtY2RkYTc1MWJiMTZmXkEyXkFqcGc@._V1_.jpg", "caption": {"plainText": "Aaron Paul in El Camino: A Breaking Bad Movie (2019)", "__typename": "Markdown"}, "height": 4000, "width": 6000, "__typename": "Image"}, "__typename": "ImageEdge"}, {"node": {"id": "rm3585313537", "url": "https://m.media-amazon.com/images/M/MV5BMWZkZjgzMzQtZTQ1NS00YTI2LWE2OGItYzdhNTU2M2RhNDY0XkEyXkFqcGc@._V1_.jpg", "caption": {"plainText": "Aaron Paul in El Camino: A Breaking Bad Movie (2019)", "__typename": "Markdown"}, "height": 4000, "width": 6000, "__typename": "Image"}, "__typename": "ImageEdge"}, {"node": {"id": "rm929358849", "url": "https://m.media-amazon.com/images/M/MV5BYjMxZjczNWItYmZjZS00MzkxLTlhOTQtNzMyZjI3YmE0MjAxXkEyXkFqcGc@._V1_.jpg", "caption": {"plainText": "Kirsten Dunst and Jesse Plemons at an event for El Camino: A Breaking Bad Movie (2019)", "__typename": "Markdown"}, "height": 2995, "width": 4500, "__typename": "Image"}, "__typename": "ImageEdge"}, {"node": {"id": "rm778363905", "url": "https://m.media-amazon.com/images/M/MV5BNTc1ZWQ2YTAtMWU1Yi00MDJlLTg0MTMtMjhhMjYwYjJjYThjXkEyXkFqcGc@._V1_.jpg", "caption": {"plainText": "Jesse Plemons at an event for El Camino: A Breaking Bad Movie (2019)", "__typename": "Markdown"}, "height": 2128, "width": 3000, "__typename": "Image"}, "__typename": "ImageEdge"}, {"node": {"id": "rm3630425089", "url": "https://m.media-amazon.com/images/M/MV5BZDg3ZWZmZmItMjFkZS00MWFjLTg1ZGQtODI2NjMwMjM1NTg0XkEyXkFqcGc@._V1_.jpg", "caption": {"plainText": "Kirsten Dunst and Jesse Plemons at an event for Unsilenced (2021)", "__typename": "Markdown"}, "height": 3709, "width": 2496, "__typename": "Image"}, "__typename": "ImageEdge"}, {"node": {"id": "rm4210349313", "url": "https://m.media-amazon.com/images/M/MV5BODhlYWU3YTAtOWM2ZC00NmM0LWEwYzQtNjg1YjNjNDI3Y2ViXkEyXkFqcGc@._V1_.jpg", "caption": {"plainText": "Bryan Cranston at an event for El Camino: A Breaking Bad Movie (2019)", "__typename": "Markdown"}, "height": 2126, "width": 3000, "__typename": "Image"}, "__typename": "ImageEdge"}, {"node": {"id": "rm3221326593", "url": "https://m.media-amazon.com/images/M/MV5BZDJmMzRiMmMtYjBlYS00NjllLTgzYzYtMjU3NDhmODZlZDlhXkEyXkFqcGc@._V1_.jpg", "caption": {"plainText": "Aaron Paul at an event for El Camino: A Breaking Bad Movie (2019)", "__typename": "Markdown"}, "height": 1997, "width": 3000, "__typename": "Image"}, "__typename": "ImageEdge"}, {"node": {"id": "rm836967937", "url": "https://m.media-amazon.com/images/M/MV5BMGZlY2EyZmYtMjk0My00ZDgxLWJlYTMtNWE4MzczZmI0ZDI2XkEyXkFqcGc@._V1_.jpg", "caption": {"plainText": "El Camino: A Breaking Bad Movie (2019)", "__typename": "Markdown"}, "height": 192, "width": 341, "__typename": "Image"}, "__typename": "ImageEdge"}, {"node": {"id": "rm3380647169", "url": "https://m.media-amazon.com/images/M/MV5BYTYxMjI2YzUtODQ5Mi00M2JmLTlmNzItOTlkM2MyM2ExM2RlXkEyXkFqcGc@._V1_.jpg", "caption": {"plainText": "Aaron Paul in El Camino: A Breaking Bad Movie (2019)", "__typename": "Markdown"}, "height": 1200, "width": 960, "__typename": "Image"}, "__typename": "ImageEdge"}, {"node": {"id": "rm3974272513", "url": "https://m.media-amazon.com/images/M/MV5BZDQ5MDI3OGYtZjA1Ny00NWU2LThlNDItMTA2NWIyNTRkYjQyXkEyXkFqcGc@._V1_.jpg", "caption": {"plainText": "El Camino: A Breaking Bad Movie (2019)", "__typename": "Markdown"}, "height": 2048, "width": 1383, "__typename": "Image"}, "__typename": "ImageEdge"}, {"node": {"id": "rm372216065", "url": "https://m.media-amazon.com/images/M/MV5BMjMwMDkzOGItNGViZi00YWY1LWJhZTItMGNiMDg3NTU2ODA2XkEyXkFqcGc@._V1_.jpg", "caption": {"plainText": "El Camino: A Breaking Bad Movie (2019)", "__typename": "Markdown"}, "height": 2222, "width": 1500, "__typename": "Image"}, "__typename": "ImageEdge"}, {"node": {"id": "rm2952413185", "url": "https://m.media-amazon.com/images/M/MV5BNzA0YTI2MWUtYmIyMC00MWY2LTkxZjAtMGNmZTU0OTMxMWUwXkEyXkFqcGc@._V1_.jpg", "caption": {"plainText": "Aaron Paul and Krysten Ritter in El Camino: A Breaking Bad Movie (2019)", "__typename": "Markdown"}, "height": 533, "width": 1278, "__typename": "Image"}, "__typename": "ImageEdge"}], "__typename": "ImageConnection"}, "productionStatus": {"currentProductionStage": {"id": "released", "text": "Released", "__typename": "ProductionStage"}, "productionStatusHistory": [{"status": {"id": "filming", "text": "Filming", "__typename": "ProductionStatus"}, "__typename": "ProductionStatusHistory"}, {"status": {"id": "script", "text": "Script", "__typename": "ProductionStatus"}, "__typename": "ProductionStatusHistory"}, {"status": {"id": "post_production", "text": "Post-production", "__typename": "ProductionStatus"}, "__typename": "ProductionStatusHistory"}, {"status": {"id": "completed", "text": "Completed", "__typename": "ProductionStatus"}, "__typename": "ProductionStatusHistory"}, {"status": {"id": "released", "text": "Released", "__typename": "ProductionStatus"}, "__typename": "ProductionStatusHistory"}], "restriction": null, "__typename": "ProductionStatusDetails"}, "primaryImage": {"id": "rm3380647169", "__typename": "Image"}, "inIframeAddLink": {"url": "https://contribute.imdb.com/image/tt9243946/add?bus=imdb&return_url=https%3A%2F%2Fwww.imdb.com%2Fclose_me&site=web", "__typename": "ContributionLink"}, "notInIframeAddLink": {"url": "https://contribute.imdb.com/image/tt9243946/add?bus=imdb&return_url=https%3A%2F%2Fwww.imdb.com%2Ftitle%2Ftt9243946%2F&site=mobile", "__typename": "ContributionLink"}, "titleType": {"id": "movie", "canHaveEpisodes": false, "__typename": "TitleType"}, "cast": {"total": 32, "edges": [{"node": {"name": {"id": "nm0666739", "nameText": {"text": "Aaron Paul", "__typename": "NameText"}, "primaryImage": {"url": "https://m.media-amazon.com/images/M/MV5BMTY1OTY5NjI5NV5BMl5BanBnXkFtZTcwODA4MjM0OA@@._V1_.jpg", "width": 681, "height": 1024, "__typename": "Image"}, "__typename": "Name"}, "attributes": null, "category": {"id": "actor", "__typename": "CreditCategory"}, "characters": [{"name": "Jesse", "__typename": "Character"}], "episodeCredits": {"total": 0, "yearRange": null, "__typename": "EpisodeCastConnection"}, "__typename": "Cast"}, "__typename": "CreditEdge"}, {"node": {"name": {"id": "nm0052186", "nameText": {"text": "Jonathan Banks", "__typename": "NameText"}, "primaryImage": {"url": "https://m.media-amazon.com/images/M/MV5BODI2OTYyOTQ4Nl5BMl5BanBnXkFtZTgwNTM3MTUxNDM@._V1_.jpg", "width": 1362, "height": 2048, "__typename": "Image"}, "__typename": "Name"}, "attributes": null, "category": {"id": "actor", "__typename": "CreditCategory"}, "characters": [{"name": "Mike", "__typename": "Character"}], "episodeCredits": {"total": 0, "yearRange": null, "__typename": "EpisodeCastConnection"}, "__typename": "Cast"}, "__typename": "CreditEdge"}, {"node": {"name": {"id": "nm2804503", "nameText": {"text": "Matt Jones", "__typename": "NameText"}, "primaryImage": {"url": "https://m.media-amazon.com/images/M/MV5BYTUwMDQwYjQtMGU5My00ODU1LThjNGUtODg4N2U3YTMyNTM1XkEyXkFqcGc@._V1_.jpg", "width": 1214, "height": 1484, "__typename": "Image"}, "__typename": "Name"}, "attributes": null, "category": {"id": "actor", "__typename": "CreditCategory"}, "characters": [{"name": "Badger", "__typename": "Character"}], "episodeCredits": {"total": 0, "yearRange": null, "__typename": "EpisodeCastConnection"}, "__typename": "Cast"}, "__typename": "CreditEdge"}, {"node": {"name": {"id": "nm1889973", "nameText": {"text": "Charles Baker", "__typename": "NameText"}, "primaryImage": {"url": "https://m.media-amazon.com/images/M/MV5BMTcyODQwNzkxNl5BMl5BanBnXkFtZTgwNjYzOTY0MzE@._V1_.jpg", "width": 1300, "height": 2048, "__typename": "Image"}, "__typename": "Name"}, "attributes": null, "category": {"id": "actor", "__typename": "CreditCategory"}, "characters": [{"name": "Skinny Pete", "__typename": "Character"}], "episodeCredits": {"total": 0, "yearRange": null, "__typename": "EpisodeCastConnection"}, "__typename": "Cast"}, "__typename": "CreditEdge"}, {"node": {"name": {"id": "nm0856086", "nameText": {"text": "Todd Terry", "__typename": "NameText"}, "primaryImage": {"url": "https://m.media-amazon.com/images/M/MV5BZGVkYzllOGItNjM0MC00YzIxLWEwZjEtNjJjYTI3YzJhOTIwXkEyXkFqcGc@._V1_.jpg", "width": 4430, "height": 3544, "__typename": "Image"}, "__typename": "Name"}, "attributes": null, "category": {"id": "actor", "__typename": "CreditCategory"}, "characters": [{"name": "SAC Ramey", "__typename": "Character"}], "episodeCredits": {"total": 0, "yearRange": null, "__typename": "EpisodeCastConnection"}, "__typename": "Cast"}, "__typename": "CreditEdge"}, {"node": {"name": {"id": "nm0669071", "nameText": {"text": "Julie Pearl", "__typename": "NameText"}, "primaryImage": {"url": "https://m.media-amazon.com/images/M/MV5BYjExOGY0MmQtNDYyMi00MDRmLWIxNTUtYzlmYjg3NmY5M2U1XkEyXkFqcGc@._V1_CR649,0,2432,3648_.jpg", "width": 2432, "height": 3648, "__typename": "Image"}, "__typename": "Name"}, "attributes": null, "category": {"id": "actress", "__typename": "CreditCategory"}, "characters": [{"name": "ADA Suzanne Ericsen", "__typename": "Character"}], "episodeCredits": {"total": 0, "yearRange": null, "__typename": "EpisodeCastConnection"}, "__typename": "Cast"}, "__typename": "CreditEdge"}, {"node": {"name": {"id": "nm11049521", "nameText": {"text": "Gregory Steven Soliz", "__typename": "NameText"}, "primaryImage": null, "__typename": "Name"}, "attributes": null, "category": {"id": "actor", "__typename": "CreditCategory"}, "characters": [{"name": "TV News Anchor", "__typename": "Character"}], "episodeCredits": {"total": 0, "yearRange": null, "__typename": "EpisodeCastConnection"}, "__typename": "Cast"}, "__typename": "CreditEdge"}, {"node": {"name": {"id": "nm0359969", "nameText": {"text": "Larry Hankin", "__typename": "NameText"}, "primaryImage": {"url": "https://m.media-amazon.com/images/M/MV5BMzE0OTQ5OGEtYzFlMy00YjNiLTg2NTMtYjE5ODk5NDM3OTZiXkEyXkFqcGc@._V1_.jpg", "width": 1340, "height": 1468, "__typename": "Image"}, "__typename": "Name"}, "attributes": null, "category": {"id": "actor", "__typename": "CreditCategory"}, "characters": [{"name": "Old Joe", "__typename": "Character"}], "episodeCredits": {"total": 0, "yearRange": null, "__typename": "EpisodeCastConnection"}, "__typename": "Cast"}, "__typename": "CreditEdge"}, {"node": {"name": {"id": "nm0687146", "nameText": {"text": "Jesse Plemons", "__typename": "NameText"}, "primaryImage": {"url": "https://m.media-amazon.com/images/M/MV5BMTdhMGNhZmEtMjgzYy00MjMyLThkZDMtZDI0NjI0ZjFlYzY3XkEyXkFqcGc@._V1_.jpg", "width": 720, "height": 900, "__typename": "Image"}, "__typename": "Name"}, "attributes": null, "category": {"id": "actor", "__typename": "CreditCategory"}, "characters": [{"name": "Todd", "__typename": "Character"}], "episodeCredits": {"total": 0, "yearRange": null, "__typename": "EpisodeCastConnection"}, "__typename": "Cast"}, "__typename": "CreditEdge"}, {"node": {"name": {"id": "nm0101005", "nameText": {"text": "Tom Bower", "__typename": "NameText"}, "primaryImage": {"url": "https://m.media-amazon.com/images/M/MV5BNGE4ZDk1M2MtMzhhYy00OTJhLTgwMDYtN2JhM2FlMTRiZjYwXkEyXkFqcGc@._V1_.jpg", "width": 5000, "height": 3593, "__typename": "Image"}, "__typename": "Name"}, "attributes": null, "category": {"id": "actor", "__typename": "CreditCategory"}, "characters": [{"name": "Lou", "__typename": "Character"}], "episodeCredits": {"total": 0, "yearRange": null, "__typename": "EpisodeCastConnection"}, "__typename": "Cast"}, "__typename": "CreditEdge"}, {"node": {"name": {"id": "nm0762121", "nameText": {"text": "Gloria Sandoval", "__typename": "NameText"}, "primaryImage": {"url": "https://m.media-amazon.com/images/M/MV5BNjhlMGFiZmEtYzMwYy00ZmI3LTkwYmUtOGMxZDNmNTMyOTkyXkEyXkFqcGc@._V1_.jpg", "width": 478, "height": 720, "__typename": "Image"}, "__typename": "Name"}, "attributes": null, "category": {"id": "actress", "__typename": "CreditCategory"}, "characters": [{"name": "Sonia", "__typename": "Character"}], "episodeCredits": {"total": 0, "yearRange": null, "__typename": "EpisodeCastConnection"}, "__typename": "Cast"}, "__typename": "CreditEdge"}, {"node": {"name": {"id": "nm0002128", "nameText": {"text": "Tess Harper", "__typename": "NameText"}, "primaryImage": {"url": "https://m.media-amazon.com/images/M/MV5BMTk1OTEzMjk5Nl5BMl5BanBnXkFtZTcwNzk1ODQ1MQ@@._V1_.jpg", "width": 280, "height": 400, "__typename": "Image"}, "__typename": "Name"}, "attributes": null, "category": {"id": "actress", "__typename": "CreditCategory"}, "characters": [{"name": "Mrs. Pinkman", "__typename": "Character"}], "episodeCredits": {"total": 0, "yearRange": null, "__typename": "EpisodeCastConnection"}, "__typename": "Cast"}, "__typename": "CreditEdge"}, {"node": {"name": {"id": "nm0091480", "nameText": {"text": "Michael Bofshever", "__typename": "NameText"}, "primaryImage": {"url": "https://m.media-amazon.com/images/M/MV5BMjAzMzg3MDIwMl5BMl5BanBnXkFtZTgwODM1MDU3OTE@._V1_.jpg", "width": 3840, "height": 5760, "__typename": "Image"}, "__typename": "Name"}, "attributes": null, "category": {"id": "actor", "__typename": "CreditCategory"}, "characters": [{"name": "Mr. Pinkman", "__typename": "Character"}], "episodeCredits": {"total": 0, "yearRange": null, "__typename": "EpisodeCastConnection"}, "__typename": "Cast"}, "__typename": "CreditEdge"}, {"node": {"name": {"id": "nm8510314", "nameText": {"text": "Danielle Todesco", "__typename": "NameText"}, "primaryImage": null, "__typename": "Name"}, "attributes": null, "category": {"id": "actress", "__typename": "CreditCategory"}, "characters": [{"name": "Reporter", "__typename": "Character"}], "episodeCredits": {"total": 0, "yearRange": null, "__typename": "EpisodeCastConnection"}, "__typename": "Cast"}, "__typename": "CreditEdge"}, {"node": {"name": {"id": "nm2509902", "nameText": {"text": "Scott MacArthur", "__typename": "NameText"}, "primaryImage": {"url": "https://m.media-amazon.com/images/M/MV5BYzEyMTA2NjEtNGJmZi00YzM2LWJhNTItNDczNDBjYjY4NWYxXkEyXkFqcGc@._V1_.jpg", "width": 3648, "height": 5472, "__typename": "Image"}, "__typename": "Name"}, "attributes": null, "category": {"id": "actor", "__typename": "CreditCategory"}, "characters": [{"name": "Neil", "__typename": "Character"}], "episodeCredits": {"total": 0, "yearRange": null, "__typename": "EpisodeCastConnection"}, "__typename": "Cast"}, "__typename": "CreditEdge"}, {"node": {"name": {"id": "nm0791864", "nameText": {"text": "Scott Shepherd", "__typename": "NameText"}, "primaryImage": {"url": "https://m.media-amazon.com/images/M/MV5BMTM4NDA2NjQzOF5BMl5BanBnXkFtZTcwNzMzNjc1OA@@._V1_.jpg", "width": 400, "height": 525, "__typename": "Image"}, "__typename": "Name"}, "attributes": null, "category": {"id": "actor", "__typename": "CreditCategory"}, "characters": [{"name": "Casey", "__typename": "Character"}], "episodeCredits": {"total": 0, "yearRange": null, "__typename": "EpisodeCastConnection"}, "__typename": "Cast"}, "__typename": "CreditEdge"}, {"node": {"name": {"id": "nm0004958", "nameText": {"text": "Marla Gibbs", "__typename": "NameText"}, "primaryImage": {"url": "https://m.media-amazon.com/images/M/MV5BNjg3NTYzMzQ0MF5BMl5BanBnXkFtZTcwMjg5NDQwOA@@._V1_.jpg", "width": 1365, "height": 2048, "__typename": "Image"}, "__typename": "Name"}, "attributes": null, "category": {"id": "actress", "__typename": "CreditCategory"}, "characters": [{"name": "Jean", "__typename": "Character"}], "episodeCredits": {"total": 0, "yearRange": null, "__typename": "EpisodeCastConnection"}, "__typename": "Cast"}, "__typename": "CreditEdge"}, {"node": {"name": {"id": "nm0001233", "nameText": {"text": "Robert Forster", "__typename": "NameText"}, "primaryImage": {"url": "https://m.media-amazon.com/images/M/MV5BNTYyNzczNDk0N15BMl5BanBnXkFtZTcwNzM4ODQ2NA@@._V1_.jpg", "width": 1506, "height": 2048, "__typename": "Image"}, "__typename": "Name"}, "attributes": null, "category": {"id": "actor", "__typename": "CreditCategory"}, "characters": [{"name": "Ed", "__typename": "Character"}], "episodeCredits": {"total": 0, "yearRange": null, "__typename": "EpisodeCastConnection"}, "__typename": "Cast"}, "__typename": "CreditEdge"}], "__typename": "CreditConnection"}, "creators": [], "directors": [{"totalCredits": 1, "category": {"text": "Director", "id": "director", "__typename": "CreditCategory"}, "credits": [{"name": {"id": "nm0319213", "nameText": {"text": "Vince Gilligan", "__typename": "NameText"}, "__typename": "Name"}, "__typename": "Crew"}], "__typename": "PrincipalCreditsForCategory"}], "writers": [{"totalCredits": 2, "category": {"text": "Writer", "id": "writer", "__typename": "CreditCategory"}, "credits": [{"name": {"id": "nm0319213", "nameText": {"text": "Vince Gilligan", "__typename": "NameText"}, "__typename": "Name"}, "__typename": "Crew"}], "__typename": "PrincipalCreditsForCategory"}], "isAdult": false, "moreLikeThisTitles": {"edges": [{"node": {"id": "tt3032476", "titleText": {"text": "Better Call Saul", "__typename": "TitleText"}, "titleType": {"id": "tvSeries", "text": "TV Series", "canHaveEpisodes": true, "displayableProperty": {"value": {"plainText": "TV Series", "__typename": "Markdown"}, "__typename": "DisplayableTitleTypeProperty"}, "__typename": "TitleType"}, "originalTitleText": {"text": "Better Call Saul", "__typename": "TitleText"}, "primaryImage": {"id": "rm1307512577", "width": 1320, "height": 1980, "url": "https://m.media-amazon.com/images/M/MV5BMGY4MWIyMzAtMTA1OS00NDc3LWE2ZTktMTQ4NTZmZjIxZjgxXkEyXkFqcGc@._V1_.jpg", "caption": {"plainText": "Bob Odenkirk in Better Call Saul (2015)", "__typename": "Markdown"}, "__typename": "Image"}, "releaseYear": {"year": 2015, "endYear": 2022, "__typename": "YearRange"}, "ratingsSummary": {"aggregateRating": 9, "voteCount": 687287, "__typename": "RatingsSummary"}, "runtime": {"seconds": 2700, "__typename": "Runtime"}, "certificate": {"rating": "16+", "__typename": "Certificate"}, "canRate": {"isRatable": true, "__typename": "CanRate"}, "titleGenres": {"genres": [{"genre": {"text": "Crime", "__typename": "GenreItem"}, "__typename": "TitleGenre"}, {"genre": {"text": "Drama", "__typename": "GenreItem"}, "__typename": "TitleGenre"}], "__typename": "TitleGenres"}, "canHaveEpisodes": true, "__typename": "Title"}, "__typename": "MoreLikeThisEdge"}, {"node": {"id": "tt0903747", "titleText": {"text": "Breaking Bad", "__typename": "TitleText"}, "titleType": {"id": "tvSeries", "text": "TV Series", "canHaveEpisodes": true, "displayableProperty": {"value": {"plainText": "TV Series", "__typename": "Markdown"}, "__typename": "DisplayableTitleTypeProperty"}, "__typename": "TitleType"}, "originalTitleText": {"text": "Breaking Bad", "__typename": "TitleText"}, "primaryImage": {"id": "rm3116305665", "width": 2000, "height": 3000, "url": "https://m.media-amazon.com/images/M/MV5BMzU5ZGYzNmQtMTdhYy00OGRiLTg0NmQtYjVjNzliZTg1ZGE4XkEyXkFqcGc@._V1_.jpg", "caption": {"plainText": "Bryan Cranston in Breaking Bad (2008)", "__typename": "Markdown"}, "__typename": "Image"}, "releaseYear": {"year": 2008, "endYear": 2013, "__typename": "YearRange"}, "ratingsSummary": {"aggregateRating": 9.5, "voteCount": 2228575, "__typename": "RatingsSummary"}, "runtime": {"seconds": 2700, "__typename": "Runtime"}, "certificate": {"rating": "18", "__typename": "Certificate"}, "canRate": {"isRatable": true, "__typename": "CanRate"}, "titleGenres": {"genres": [{"genre": {"text": "Crime", "__typename": "GenreItem"}, "__typename": "TitleGenre"}, {"genre": {"text": "Drama", "__typename": "GenreItem"}, "__typename": "TitleGenre"}, {"genre": {"text": "Thriller", "__typename": "GenreItem"}, "__typename": "TitleGenre"}], "__typename": "TitleGenres"}, "canHaveEpisodes": true, "__typename": "Title"}, "__typename": "MoreLikeThisEdge"}, {"node": {"id": "tt3190448", "titleText": {"text": "Met\u00e1stasis", "__typename": "TitleText"}, "titleType": {"id": "tvSeries", "text": "TV Series", "canHaveEpisodes": true, "displayableProperty": {"value": {"plainText": "TV Series", "__typename": "Markdown"}, "__typename": "DisplayableTitleTypeProperty"}, "__typename": "TitleType"}, "originalTitleText": {"text": "Met\u00e1stasis", "__typename": "TitleText"}, "primaryImage": {"id": "rm2057184769", "width": 960, "height": 1440, "url": "https://m.media-amazon.com/images/M/MV5BZjQ0Y2YyOGQtODI2MS00YmVlLWIwZjQtZDBjOWU2YzdlMTNlXkEyXkFqcGc@._V1_.jpg", "caption": {"plainText": "Met\u00e1stasis (2014)", "__typename": "Markdown"}, "__typename": "Image"}, "releaseYear": {"year": 2014, "endYear": 2014, "__typename": "YearRange"}, "ratingsSummary": {"aggregateRating": 2.5, "voteCount": 4519, "__typename": "RatingsSummary"}, "runtime": {"seconds": 3600, "__typename": "Runtime"}, "certificate": {"rating": "UA 13+", "__typename": "Certificate"}, "canRate": {"isRatable": true, "__typename": "CanRate"}, "titleGenres": {"genres": [{"genre": {"text": "Crime", "__typename": "GenreItem"}, "__typename": "TitleGenre"}, {"genre": {"text": "Drama", "__typename": "GenreItem"}, "__typename": "TitleGenre"}, {"genre": {"text": "Thriller", "__typename": "GenreItem"}, "__typename": "TitleGenre"}], "__typename": "TitleGenres"}, "canHaveEpisodes": true, "__typename": "Title"}, "__typename": "MoreLikeThisEdge"}, {"node": {"id": "tt27426162", "titleText": {"text": "PopCorners: Breaking Bad Super Bowl Commercial - Extended Version", "__typename": "TitleText"}, "titleType": {"id": "video", "text": "Video", "canHaveEpisodes": false, "displayableProperty": {"value": {"plainText": "Video", "__typename": "Markdown"}, "__typename": "DisplayableTitleTypeProperty"}, "__typename": "TitleType"}, "originalTitleText": {"text": "PopCorners: Breaking Bad Super Bowl Commercial - Extended Version", "__typename": "TitleText"}, "primaryImage": {"id": "rm3908249857", "width": 1280, "height": 720, "url": "https://m.media-amazon.com/images/M/MV5BZjQwNjhkOGQtZWY1Ny00NmQ1LTg4MGMtMzI2Zjk5MWU3NGNhXkEyXkFqcGc@._V1_.jpg", "caption": {"plainText": "Bryan Cranston in PopCorners: Breaking Bad Super Bowl Commercial - Extended Version (2023)", "__typename": "Markdown"}, "__typename": "Image"}, "releaseYear": {"year": 2023, "endYear": null, "__typename": "YearRange"}, "ratingsSummary": {"aggregateRating": 9.1, "voteCount": 1084, "__typename": "RatingsSummary"}, "runtime": {"seconds": 120, "__typename": "Runtime"}, "certificate": null, "canRate": {"isRatable": true, "__typename": "CanRate"}, "titleGenres": {"genres": [{"genre": {"text": "Short", "__typename": "GenreItem"}, "__typename": "TitleGenre"}, {"genre": {"text": "Comedy", "__typename": "GenreItem"}, "__typename": "TitleGenre"}, {"genre": {"text": "Crime", "__typename": "GenreItem"}, "__typename": "TitleGenre"}], "__typename": "TitleGenres"}, "canHaveEpisodes": false, "__typename": "Title"}, "__typename": "MoreLikeThisEdge"}, {"node": {"id": "tt10919420", "titleText": {"text": "Squid Game", "__typename": "TitleText"}, "titleType": {"id": "tvSeries", "text": "TV Series", "canHaveEpisodes": true, "displayableProperty": {"value": {"plainText": "TV Series", "__typename": "Markdown"}, "__typename": "DisplayableTitleTypeProperty"}, "__typename": "TitleType"}, "originalTitleText": {"text": "Ojing-eo geim", "__typename": "TitleText"}, "primaryImage": {"id": "rm113402369", "width": 1013, "height": 1500, "url": "https://m.media-amazon.com/images/M/MV5BYTYzMTlmNDctNmVkNS00YzRlLWE5MjAtODdjZWRkYzRlNWVlXkEyXkFqcGc@._V1_.jpg", "caption": {"plainText": "Squid Game (2021)", "__typename": "Markdown"}, "__typename": "Image"}, "releaseYear": {"year": 2021, "endYear": 2025, "__typename": "YearRange"}, "ratingsSummary": {"aggregateRating": 8, "voteCount": 574905, "__typename": "RatingsSummary"}, "runtime": {"seconds": 3600, "__typename": "Runtime"}, "certificate": {"rating": "18", "__typename": "Certificate"}, "canRate": {"isRatable": true, "__typename": "CanRate"}, "titleGenres": {"genres": [{"genre": {"text": "Action", "__typename": "GenreItem"}, "__typename": "TitleGenre"}, {"genre": {"text": "Drama", "__typename": "GenreItem"}, "__typename": "TitleGenre"}, {"genre": {"text": "Mystery", "__typename": "GenreItem"}, "__typename": "TitleGenre"}], "__typename": "TitleGenres"}, "canHaveEpisodes": true, "__typename": "Title"}, "__typename": "MoreLikeThisEdge"}, {"node": {"id": "tt2387761", "titleText": {"text": "Breaking Bad: Original Minisodes", "__typename": "TitleText"}, "titleType": {"id": "tvSeries", "text": "TV Series", "canHaveEpisodes": true, "displayableProperty": {"value": {"plainText": "TV Series", "__typename": "Markdown"}, "__typename": "DisplayableTitleTypeProperty"}, "__typename": "TitleType"}, "originalTitleText": {"text": "Breaking Bad: Original Minisodes", "__typename": "TitleText"}, "primaryImage": {"id": "rm173283840", "width": 440, "height": 640, "url": "https://m.media-amazon.com/images/M/MV5BMzg4MTNiMGItZjFjOS00Y2ZmLWExMTktNzE3MDk1NDAwMGY3XkEyXkFqcGc@._V1_.jpg", "caption": {"plainText": "Breaking Bad: Original Minisodes (2009)", "__typename": "Markdown"}, "__typename": "Image"}, "releaseYear": {"year": 2009, "endYear": 2011, "__typename": "YearRange"}, "ratingsSummary": {"aggregateRating": 7.6, "voteCount": 1685, "__typename": "RatingsSummary"}, "runtime": {"seconds": 300, "__typename": "Runtime"}, "certificate": {"rating": "Not Rated", "__typename": "Certificate"}, "canRate": {"isRatable": true, "__typename": "CanRate"}, "titleGenres": {"genres": [{"genre": {"text": "Short", "__typename": "GenreItem"}, "__typename": "TitleGenre"}, {"genre": {"text": "Comedy", "__typename": "GenreItem"}, "__typename": "TitleGenre"}, {"genre": {"text": "Crime", "__typename": "GenreItem"}, "__typename": "TitleGenre"}], "__typename": "TitleGenres"}, "canHaveEpisodes": true, "__typename": "Title"}, "__typename": "MoreLikeThisEdge"}, {"node": {"id": "tt0137523", "titleText": {"text": "Fight Club", "__typename": "TitleText"}, "titleType": {"id": "movie", "text": "Movie", "canHaveEpisodes": false, "displayableProperty": {"value": {"plainText": "", "__typename": "Markdown"}, "__typename": "DisplayableTitleTypeProperty"}, "__typename": "TitleType"}, "originalTitleText": {"text": "Fight Club", "__typename": "TitleText"}, "primaryImage": {"id": "rm1412004864", "width": 1066, "height": 1600, "url": "https://m.media-amazon.com/images/M/MV5BOTgyOGQ1NDItNGU3Ny00MjU3LTg2YWEtNmEyYjBiMjI1Y2M5XkEyXkFqcGc@._V1_.jpg", "caption": {"plainText": "Brad Pitt and Edward Norton in Fight Club (1999)", "__typename": "Markdown"}, "__typename": "Image"}, "releaseYear": {"year": 1999, "endYear": null, "__typename": "YearRange"}, "ratingsSummary": {"aggregateRating": 8.8, "voteCount": 2391448, "__typename": "RatingsSummary"}, "runtime": {"seconds": 8340, "__typename": "Runtime"}, "certificate": {"rating": "A", "__typename": "Certificate"}, "canRate": {"isRatable": true, "__typename": "CanRate"}, "titleGenres": {"genres": [{"genre": {"text": "Drama", "__typename": "GenreItem"}, "__typename": "TitleGenre"}], "__typename": "TitleGenres"}, "canHaveEpisodes": false, "__typename": "Title"}, "__typename": "MoreLikeThisEdge"}, {"node": {"id": "tt4574334", "titleText": {"text": "Stranger Things", "__typename": "TitleText"}, "titleType": {"id": "tvSeries", "text": "TV Series", "canHaveEpisodes": true, "displayableProperty": {"value": {"plainText": "TV Series", "__typename": "Markdown"}, "__typename": "DisplayableTitleTypeProperty"}, "__typename": "TitleType"}, "originalTitleText": {"text": "Stranger Things", "__typename": "TitleText"}, "primaryImage": {"id": "rm4141389825", "width": 618, "height": 915, "url": "https://m.media-amazon.com/images/M/MV5BMzY1YjkzYzQtMThiNC00MjcxLThjOTAtZjFkZDljOWU3ODUyXkEyXkFqcGc@._V1_.jpg", "caption": {"plainText": "Winona Ryder, David Harbour, Maya Hawke, Natalia Dyer, Andrey Ivchenko, Dacre Montgomery, Caleb McLaughlin, Sadie Sink, Millie Bobby Brown, Finn Wolfhard, Charlie Heaton, Joe Keery, Noah Schnapp, Gaten Matarazzo, and Priah Ferguson in Stranger Things (2016)", "__typename": "Markdown"}, "__typename": "Image"}, "releaseYear": {"year": 2016, "endYear": 2025, "__typename": "YearRange"}, "ratingsSummary": {"aggregateRating": 8.7, "voteCount": 1389219, "__typename": "RatingsSummary"}, "runtime": {"seconds": 3600, "__typename": "Runtime"}, "certificate": {"rating": "15", "__typename": "Certificate"}, "canRate": {"isRatable": true, "__typename": "CanRate"}, "titleGenres": {"genres": [{"genre": {"text": "Drama", "__typename": "GenreItem"}, "__typename": "TitleGenre"}, {"genre": {"text": "Fantasy", "__typename": "GenreItem"}, "__typename": "TitleGenre"}, {"genre": {"text": "Horror", "__typename": "GenreItem"}, "__typename": "TitleGenre"}], "__typename": "TitleGenres"}, "canHaveEpisodes": true, "__typename": "Title"}, "__typename": "MoreLikeThisEdge"}, {"node": {"id": "tt0993846", "titleText": {"text": "The Wolf of Wall Street", "__typename": "TitleText"}, "titleType": {"id": "movie", "text": "Movie", "canHaveEpisodes": false, "displayableProperty": {"value": {"plainText": "", "__typename": "Markdown"}, "__typename": "DisplayableTitleTypeProperty"}, "__typename": "TitleType"}, "originalTitleText": {"text": "The Wolf of Wall Street", "__typename": "TitleText"}, "primaryImage": {"id": "rm2842940160", "width": 1382, "height": 2048, "url": "https://m.media-amazon.com/images/M/MV5BMjIxMjgxNTk0MF5BMl5BanBnXkFtZTgwNjIyOTg2MDE@._V1_.jpg", "caption": {"plainText": "Leonardo DiCaprio and Jonah Hill in The Wolf of Wall Street (2013)", "__typename": "Markdown"}, "__typename": "Image"}, "releaseYear": {"year": 2013, "endYear": null, "__typename": "YearRange"}, "ratingsSummary": {"aggregateRating": 8.2, "voteCount": 1631236, "__typename": "RatingsSummary"}, "runtime": {"seconds": 10800, "__typename": "Runtime"}, "certificate": {"rating": "A", "__typename": "Certificate"}, "canRate": {"isRatable": true, "__typename": "CanRate"}, "titleGenres": {"genres": [{"genre": {"text": "Biography", "__typename": "GenreItem"}, "__typename": "TitleGenre"}, {"genre": {"text": "Comedy", "__typename": "GenreItem"}, "__typename": "TitleGenre"}, {"genre": {"text": "Crime", "__typename": "GenreItem"}, "__typename": "TitleGenre"}], "__typename": "TitleGenres"}, "canHaveEpisodes": false, "__typename": "Title"}, "__typename": "MoreLikeThisEdge"}, {"node": {"id": "tt7435402", "titleText": {"text": "Better Call Saul: Los Pollos Hermanos Employee Training", "__typename": "TitleText"}, "titleType": {"id": "tvMiniSeries", "text": "TV Mini Series", "canHaveEpisodes": true, "displayableProperty": {"value": {"plainText": "TV Mini Series", "__typename": "Markdown"}, "__typename": "DisplayableTitleTypeProperty"}, "__typename": "TitleType"}, "originalTitleText": {"text": "Better Call Saul: Los Pollos Hermanos Employee Training", "__typename": "TitleText"}, "primaryImage": {"id": "rm447454209", "width": 1647, "height": 2094, "url": "https://m.media-amazon.com/images/M/MV5BNmI5ODJlZDgtYmJmZC00OGIzLWI1M2UtZDk2N2RhYmNmMTczXkEyXkFqcGc@._V1_.jpg", "caption": {"plainText": "Better Call Saul: Los Pollos Hermanos Employee Training (2017)", "__typename": "Markdown"}, "__typename": "Image"}, "releaseYear": {"year": 2017, "endYear": 2017, "__typename": "YearRange"}, "ratingsSummary": {"aggregateRating": 8.2, "voteCount": 653, "__typename": "RatingsSummary"}, "runtime": null, "certificate": null, "canRate": {"isRatable": true, "__typename": "CanRate"}, "titleGenres": {"genres": [{"genre": {"text": "Animation", "__typename": "GenreItem"}, "__typename": "TitleGenre"}, {"genre": {"text": "Short", "__typename": "GenreItem"}, "__typename": "TitleGenre"}, {"genre": {"text": "Comedy", "__typename": "GenreItem"}, "__typename": "TitleGenre"}], "__typename": "TitleGenres"}, "canHaveEpisodes": true, "__typename": "Title"}, "__typename": "MoreLikeThisEdge"}, {"node": {"id": "tt2442560", "titleText": {"text": "Peaky Blinders", "__typename": "TitleText"}, "titleType": {"id": "tvSeries", "text": "TV Series", "canHaveEpisodes": true, "displayableProperty": {"value": {"plainText": "TV Series", "__typename": "Markdown"}, "__typename": "DisplayableTitleTypeProperty"}, "__typename": "TitleType"}, "originalTitleText": {"text": "Peaky Blinders", "__typename": "TitleText"}, "primaryImage": {"id": "rm4054851584", "width": 1055, "height": 1500, "url": "https://m.media-amazon.com/images/M/MV5BYWU5MmI4NjEtMmYwZS00MmZmLTkwNmUtOTk4MmVhZmJiNGEwXkEyXkFqcGc@._V1_.jpg", "caption": {"plainText": "Cillian Murphy in Peaky Blinders (2013)", "__typename": "Markdown"}, "__typename": "Image"}, "releaseYear": {"year": 2013, "endYear": 2022, "__typename": "YearRange"}, "ratingsSummary": {"aggregateRating": 8.7, "voteCount": 679924, "__typename": "RatingsSummary"}, "runtime": {"seconds": 3600, "__typename": "Runtime"}, "certificate": {"rating": "A", "__typename": "Certificate"}, "canRate": {"isRatable": true, "__typename": "CanRate"}, "titleGenres": {"genres": [{"genre": {"text": "Crime", "__typename": "GenreItem"}, "__typename": "TitleGenre"}, {"genre": {"text": "Drama", "__typename": "GenreItem"}, "__typename": "TitleGenre"}], "__typename": "TitleGenres"}, "canHaveEpisodes": true, "__typename": "Title"}, "__typename": "MoreLikeThisEdge"}, {"node": {"id": "tt1520211", "titleText": {"text": "The Walking Dead", "__typename": "TitleText"}, "titleType": {"id": "tvSeries", "text": "TV Series", "canHaveEpisodes": true, "displayableProperty": {"value": {"plainText": "TV Series", "__typename": "Markdown"}, "__typename": "DisplayableTitleTypeProperty"}, "__typename": "TitleType"}, "originalTitleText": {"text": "The Walking Dead", "__typename": "TitleText"}, "primaryImage": {"id": "rm1888908288", "width": 1200, "height": 2048, "url": "https://m.media-amazon.com/images/M/MV5BNDM2OTA1NzIzMV5BMl5BanBnXkFtZTgwOTkxMTk5NjM@._V1_.jpg", "caption": {"plainText": "Samantha Morton in The Walking Dead (2010)", "__typename": "Markdown"}, "__typename": "Image"}, "releaseYear": {"year": 2010, "endYear": 2022, "__typename": "YearRange"}, "ratingsSummary": {"aggregateRating": 8.1, "voteCount": 1111641, "__typename": "RatingsSummary"}, "runtime": {"seconds": 2700, "__typename": "Runtime"}, "certificate": {"rating": "18+", "__typename": "Certificate"}, "canRate": {"isRatable": true, "__typename": "CanRate"}, "titleGenres": {"genres": [{"genre": {"text": "Drama", "__typename": "GenreItem"}, "__typename": "TitleGenre"}, {"genre": {"text": "Horror", "__typename": "GenreItem"}, "__typename": "TitleGenre"}, {"genre": {"text": "Thriller", "__typename": "GenreItem"}, "__typename": "TitleGenre"}], "__typename": "TitleGenres"}, "canHaveEpisodes": true, "__typename": "Title"}, "__typename": "MoreLikeThisEdge"}], "__typename": "MoreLikeThisConnection"}, "triviaTotal": {"total": 72, "__typename": "TriviaConnection"}, "trivia": {"edges": [{"node": {"text": {"plaidHtml": "<a class=\"ipc-md-link ipc-md-link--entity\" href=\"/name/nm0001233/?ref_=tt_dyk_trv\">Robert Forster</a> has actually been a vacuum cleaner salesman in the past.", "__typename": "Markdown"}, "trademark": null, "relatedNames": null, "__typename": "TitleTrivia"}, "__typename": "TriviaEdge"}], "__typename": "TriviaConnection"}, "goofsTotal": {"total": 10, "__typename": "GoofConnection"}, "goofs": {"edges": [{"node": {"text": {"plaidHtml": "Following <a class=\"ipc-md-link ipc-md-link--entity\" href=\"/title/tt0903747/?ref_=tt_dyk_gf\">Breaking Bad (2008)</a>, actor <a class=\"ipc-md-link ipc-md-link--entity\" href=\"/name/nm0687146/?ref_=tt_dyk_gf\">Jesse Plemons</a> put on weight for his roles in <a class=\"ipc-md-link ipc-md-link--entity\" href=\"/title/tt1355683/?ref_=tt_dyk_gf\">Black Mass (2015)</a> and season 2 of <a class=\"ipc-md-link ipc-md-link--entity\" href=\"/title/tt2802850/?ref_=tt_dyk_gf\">Fargo (2014)</a>; hence his weight as Todd in &quot;El Camino&quot; greatly differs from his weight during the final season of &quot;Breaking Bad&quot;.", "__typename": "Markdown"}, "__typename": "Goof"}, "__typename": "GoofEdge"}], "__typename": "GoofConnection"}, "quotesTotal": {"total": 11, "__typename": "TitleQuoteConnection"}, "quotes": {"edges": [{"node": {"lines": [{"characters": null, "text": null, "stageDirection": "first lines", "__typename": "TitleQuoteLine"}, {"characters": [{"character": "Jesse", "name": {"id": "nm0666739", "__typename": "Name"}, "__typename": "TitleQuoteCharacter"}], "text": "You know he's not gonna be happy.", "stageDirection": null, "__typename": "TitleQuoteLine"}, {"characters": [{"character": "Mike Ehrmantraut", "name": {"id": "nm0052186", "__typename": "Name"}, "__typename": "TitleQuoteCharacter"}], "text": "No. I suspect he won't. Only you can decide what's best for you, Jesse. Not him, not me.", "stageDirection": null, "__typename": "TitleQuoteLine"}, {"characters": [{"character": "Jesse", "name": {"id": "nm0666739", "__typename": "Name"}, "__typename": "TitleQuoteCharacter"}], "text": "I'm out.", "stageDirection": null, "__typename": "TitleQuoteLine"}, {"characters": null, "text": null, "stageDirection": "pause", "__typename": "TitleQuoteLine"}, {"characters": [{"character": "Jesse", "name": {"id": "nm0666739", "__typename": "Name"}, "__typename": "TitleQuoteCharacter"}], "text": "So what are you gonna do with all that money?", "stageDirection": null, "__typename": "TitleQuoteLine"}, {"characters": [{"character": "Mike Ehrmantraut", "name": {"id": "nm0052186", "__typename": "Name"}, "__typename": "TitleQuoteCharacter"}], "text": "Same thing I do with all the other money. How 'bout you, teenage retiree? You'll be livin' the dream.", "stageDirection": null, "__typename": "TitleQuoteLine"}, {"characters": [{"character": "Jesse", "name": {"id": "nm0666739", "__typename": "Name"}, "__typename": "TitleQuoteCharacter"}], "text": "Not sure I should stick around town.", "stageDirection": null, "__typename": "TitleQuoteLine"}, {"characters": [{"character": "Mike Ehrmantraut", "name": {"id": "nm0052186", "__typename": "Name"}, "__typename": "TitleQuoteCharacter"}], "text": "That's a start.", "stageDirection": null, "__typename": "TitleQuoteLine"}, {"characters": [{"character": "Jesse", "name": {"id": "nm0666739", "__typename": "Name"}, "__typename": "TitleQuoteCharacter"}], "text": "Nothin' really keepin' me here. Where would you go? If you were me?", "stageDirection": null, "__typename": "TitleQuoteLine"}, {"characters": [{"character": "Mike Ehrmantraut", "name": {"id": "nm0052186", "__typename": "Name"}, "__typename": "TitleQuoteCharacter"}], "text": "Doesn't matter, I'm not you.", "stageDirection": null, "__typename": "TitleQuoteLine"}, {"characters": [{"character": "Jesse", "name": {"id": "nm0666739", "__typename": "Name"}, "__typename": "TitleQuoteCharacter"}], "text": "Seriously, come on. If you were my age? Just play along. Make some conversation.", "stageDirection": null, "__typename": "TitleQuoteLine"}, {"characters": [{"character": "Mike Ehrmantraut", "name": {"id": "nm0052186", "__typename": "Name"}, "__typename": "TitleQuoteCharacter"}], "text": "Alaska.", "stageDirection": null, "__typename": "TitleQuoteLine"}, {"characters": [{"character": "Jesse", "name": {"id": "nm0666739", "__typename": "Name"}, "__typename": "TitleQuoteCharacter"}], "text": "Yeah?", "stageDirection": null, "__typename": "TitleQuoteLine"}, {"characters": [{"character": "Mike Ehrmantraut", "name": {"id": "nm0052186", "__typename": "Name"}, "__typename": "TitleQuoteCharacter"}], "text": "Yeah. If I were your age, startin' fresh... Alaska. It's the last frontier. Up there, you can be anything you want.", "stageDirection": null, "__typename": "TitleQuoteLine"}, {"characters": [{"character": "Jesse", "name": {"id": "nm0666739", "__typename": "Name"}, "__typename": "TitleQuoteCharacter"}], "text": "Alaska. Start over. Start fresh.", "stageDirection": null, "__typename": "TitleQuoteLine"}, {"characters": [{"character": "Mike Ehrmantraut", "name": {"id": "nm0052186", "__typename": "Name"}, "__typename": "TitleQuoteCharacter"}], "text": "One could.", "stageDirection": null, "__typename": "TitleQuoteLine"}, {"characters": [{"character": "Jesse", "name": {"id": "nm0666739", "__typename": "Name"}, "__typename": "TitleQuoteCharacter"}], "text": "Put things right.", "stageDirection": null, "__typename": "TitleQuoteLine"}, {"characters": [{"character": "Mike Ehrmantraut", "name": {"id": "nm0052186", "__typename": "Name"}, "__typename": "TitleQuoteCharacter"}], "text": "No. Sorry, kid, that's the one thing you can never do.", "stageDirection": null, "__typename": "TitleQuoteLine"}], "__typename": "TitleQuote"}, "__typename": "TitleQuoteEdge"}], "__typename": "TitleQuoteConnection"}, "crazyCredits": {"edges": [], "__typename": "CrazyCreditConnection"}, "alternateVersions": {"total": 0, "edges": [], "__typename": "AlternateVersionConnection"}, "connections": {"edges": [{"node": {"associatedTitle": {"id": "tt21833438", "releaseYear": {"year": 2019, "__typename": "YearRange"}, "titleText": {"text": "Waiting with Huell", "__typename": "TitleText"}, "originalTitleText": {"text": "Waiting with Huell", "__typename": "TitleText"}, "series": null, "__typename": "Title"}, "category": {"text": "Featured in", "__typename": "TitleConnectionCategory"}, "__typename": "TitleConnection"}, "__typename": "TitleConnectionEdge"}], "__typename": "TitleConnectionConnection"}, "soundtrack": {"edges": [{"node": {"text": "I'd Really Love to See You Tonight", "comments": [{"plaidHtml": "Written by <a class=\"ipc-md-link ipc-md-link--entity\" href=\"/name/nm3742887/?ref_=tt_dyk_snd\">Parker McGee</a>", "__typename": "Markdown"}, {"plaidHtml": "Performed by <a class=\"ipc-md-link ipc-md-link--entity\" href=\"/name/nm0257423/?ref_=tt_dyk_snd\">Dan Seals</a> (as England Dan) &amp; <a class=\"ipc-md-link ipc-md-link--entity\" href=\"/name/nm0171410/?ref_=tt_dyk_snd\">John Ford Coley</a>", "__typename": "Markdown"}, {"plaidHtml": "Courtesy of Atlantic Recording Corp.", "__typename": "Markdown"}, {"plaidHtml": "By arrangement with Warner Music Group Film &amp; TV Licensing", "__typename": "Markdown"}], "__typename": "Track"}, "__typename": "SoundtrackEdge"}], "__typename": "SoundtrackConnection"}, "titleText": {"text": "El Camino: A Breaking Bad Movie", "__typename": "TitleText"}, "originalTitleText": {"text": "El Camino", "__typename": "TitleText"}, "releaseYear": {"year": 2019, "__typename": "YearRange"}, "reviews": {"total": 1953, "__typename": "ReviewsConnection"}, "featuredReviews": {"edges": [{"node": {"id": "rw7874401", "author": {"nickName": "Fella_shibby", "userId": "ur18970655", "__typename": "UserProfile"}, "summary": {"originalText": "This one totally satisfied my curiosity. Terrific closure n terrific friends.", "__typename": "ReviewSummary"}, "text": {"originalText": {"plaidHtml": "I am generous with a 9 cos I enjoyed this movie and was lucky to see this immediately aft finishing all the 5 seasons back to back.<br/><br/>Who wud not wanna have Skinny Pete n Badger as their friends?<br/><br/>The duel between Jesse and Neil is a fantastic treat for fans of the Western genre.<br/><br/>The cinematography n locations added an extra charm.<br/><br/>Paul nailed his character n gave a solid performance. His character&#39;s transformation n the way he gets to say goodbye to his friends n family is epic.<br/><br/>Aaron Paul deserves more films.<br/><br/>This movie worked for me cos I was able to recall all the familiar faces and everything related to the series as I saw this immediately aft finishing all the 5 seasons.", "__typename": "Markdown"}, "__typename": "ReviewText"}, "authorRating": 9, "submissionDate": "2022-02-17", "helpfulness": {"upVotes": 149, "downVotes": 25, "__typename": "ReviewHelpfulness"}, "__typename": "Review"}, "__typename": "ReviewEdge"}], "__typename": "ReviewsConnection"}, "canRate": {"isRatable": true, "__typename": "CanRate"}, "iframeAddReviewLink": {"url": "https://contribute.imdb.com/review/tt9243946/add?bus=imdb&return_url=https%3A%2F%2Fwww.imdb.com%2Fclose_me&site=web", "__typename": "ContributionLink"}, "topQuestions": {"total": 17, "edges": [{"node": {"attributeId": "run-time", "question": {"plainText": "How long is El Camino?", "__typename": "Markdown"}, "__typename": "AlexaQuestion"}, "__typename": "AlexaQuestionEdge"}], "__typename": "AlexaQuestionConnection"}, "faqs": {"total": 1, "edges": [{"node": {"id": "fq0100721", "question": {"plainText": "Is it necessary to watch the whole Breaking Bad / Better Call Saul series before enjoying El Camino?", "__typename": "Markdown"}, "__typename": "Faq"}, "__typename": "FaqEdge"}], "__typename": "FaqConnection"}, "releaseDate": {"day": 11, "month": 10, "year": 2019, "country": {"id": "IN", "text": "India", "__typename": "LocalizedDisplayableCountry"}, "__typename": "ReleaseDate"}, "countriesOfOrigin": {"countries": [{"id": "US", "text": "United States", "__typename": "CountryOfOrigin"}], "__typename": "CountriesOfOrigin"}, "detailsExternalLinks": {"edges": [{"node": {"url": "https://www.netflix.com/hu/title/81078819", "label": "Netflix (hu)", "externalLinkRegion": null, "__typename": "ExternalLink"}, "__typename": "ExternalLinkEdge"}, {"node": {"url": "https://www.facebook.com/BreakingBad/", "label": "Official Facebook (Breaking Bad)", "externalLinkRegion": null, "__typename": "ExternalLink"}, "__typename": "ExternalLinkEdge"}], "total": 7, "__typename": "ExternalLinkConnection"}, "spokenLanguages": {"spokenLanguages": [{"id": "en", "text": "English", "__typename": "SpokenLanguage"}, {"id": "es", "text": "Spanish", "__typename": "SpokenLanguage"}], "__typename": "SpokenLanguages"}, "akas": {"edges": [{"node": {"text": "El Camino: Una pel\u00edcula de Breaking Bad", "__typename": "Aka"}, "__typename": "AkaEdge"}], "__typename": "AkaConnection"}, "filmingLocations": {"edges": [{"node": {"text": "501 11th Street NW, Albuquerque, New Mexico, USA", "location": "501 11th Street NW, Albuquerque, New Mexico, USA", "attributes": [{"text": "Pinkman family home", "__typename": "DisplayableAttribute"}], "__typename": "FilmingLocation"}, "__typename": "FilmingLocationEdge"}], "total": 5, "__typename": "FilmingLocationConnection"}, "production": {"edges": [{"node": {"company": {"id": "co0144901", "companyText": {"text": "Netflix", "__typename": "CompanyText"}, "__typename": "Company"}, "__typename": "CompanyCredit"}, "__typename": "CompanyCreditEdge"}, {"node": {"company": {"id": "co0086397", "companyText": {"text": "Sony Pictures Television", "__typename": "CompanyText"}, "__typename": "Company"}, "__typename": "CompanyCredit"}, "__typename": "CompanyCreditEdge"}, {"node": {"company": {"id": "co0212797", "companyText": {"text": "High Bridge Productions", "__typename": "CompanyText"}, "__typename": "Company"}, "__typename": "CompanyCredit"}, "__typename": "CompanyCreditEdge"}], "__typename": "CompanyCreditConnection"}, "companies": {"total": 25, "__typename": "CompanyCreditConnection"}, "productionBudget": {"budget": {"amount": 6000000, "currency": "USD", "__typename": "Money"}, "__typename": "ProductionBudget"}, "lifetimeGross": null, "openingWeekendGross": null, "worldwideGross": null, "technicalSpecifications": {"soundMixes": {"items": [{"id": "dolby_digital", "text": "Dolby Digital", "attributes": [], "__typename": "SoundMix"}, {"id": "dolby_atmos", "text": "Dolby Atmos", "attributes": [], "__typename": "SoundMix"}], "__typename": "SoundMixes"}, "aspectRatios": {"items": [{"aspectRatio": "2.39 : 1", "attributes": [], "__typename": "AspectRatio"}], "__typename": "AspectRatios"}, "colorations": {"items": [{"conceptId": "color", "text": "Color", "attributes": [], "__typename": "Coloration"}], "__typename": "Colorations"}, "__typename": "TechnicalSpecifications"}, "runtime": {"seconds": 7320, "__typename": "Runtime"}, "series": null, "canHaveEpisodes": false, "contributionQuestions": {"contributionLink": {"url": "https://contribute.imdb.com/answers", "__typename": "ContributionQuestionsLink"}, "edges": [{"node": {"entity": {"primaryImage": {"url": "https://m.media-amazon.com/images/M/MV5BYTYxMjI2YzUtODQ5Mi00M2JmLTlmNzItOTlkM2MyM2ExM2RlXkEyXkFqcGc@._V1_.jpg", "width": 960, "height": 1200, "caption": {"plainText": "Aaron Paul in El Camino: A Breaking Bad Movie (2019)", "__typename": "Markdown"}, "__typename": "Image"}, "__typename": "Title"}, "questionId": "tt9243946.title_aka.US", "questionText": {"plainText": "By what name was El Camino: A Breaking Bad Movie (2019) officially released in the United States?", "__typename": "Markdown"}, "contributionLink": {"url": "https://contribute.imdb.com/answers?pinnedQuestion=tt9243946.title_aka.US", "__typename": "ContributionQuestionsLink"}, "__typename": "Question"}, "__typename": "QuestionEdge"}], "__typename": "QuestionConnection"}, "__typename": "Title"}}