{"ok": true, "error_code": 200, "description": "", "short": {"@context": "https://schema.org", "@type": "Movie", "url": "https://www.imdb.com/title/tt9639470/", "name": "Last Night in Soho", "image": "https://m.media-amazon.com/images/M/MV5BODdhZjBmZTEtZmQyMy00NWY5LWJiMWQtODhjODFkZWZlMjMyXkEyXkFqcGc@._V1_.jpg", "description": "Aspiring fashion designer Eloise is mysteriously able to return to 1960s London, where she encounters dazzling wannabe singer Sandie. But the glamour is not as it seems, and the dreams of the past crack and splinter into something...", "review": {"@type": "Review", "itemReviewed": {"@type": "Movie", "url": "https://www.imdb.com/title/tt9639470/"}, "author": {"@type": "Person", "name": "eddie_baggins"}, "dateCreated": "2021-11-19", "inLanguage": "English", "name": "A beautifully shot film that can&apos;t reach the narrative goals it sets for itself", "reviewBody": "His conquered the living dead with nothing more than unwanted vinyl records, alien invaders in small country towns and even managed to wrangle baby drivers but there&apos;s no doubt Last Night in Soho is beloved British director and critical darling Edgar Wright&apos;s most ambitious film yet and a film that doesn&apos;t always reach the lofty goals it sets for itself even if its a beautifully shot and unique thriller mixed with horror elements.\n\nHis first film narrative feature film since Baby Driver in 2017, Soho is undoubtedly a labor of love for Wright who produces his most un-Wright feeling film yet, that follows Thomasin McKenzie&apos;s country girl fashion designer to London, where her rental of a small bedroom apartment leads her to experience vivid and increasingly frightening visions into the life of a seemingly real London resident of the 60&apos;s named Sandie (a mesmerizing Anya Taylor-Joy) creating a very late 60&apos;s/70&apos;s feeling feature that struggles to keep itself on the rails as the runtime wears on.\n\nMagnificently capturing the time and place of the London era of the setting with help from Old Boy and Handmaiden cinematographer Chung-hoon Chung (delivering Oscar worthy work) and some eclectic and toe tapping concoction of classic tunes from the era that once more suggests Wright is right up there with Quentin Tarantino when it comes to sound-tracking his films and particular scenes, Soho has a lot to admire and for its first 30 to 40 minutes things rollick along at a great pace with a lot of intrigue in what&apos;s happening and what&apos;s around the corner but the film does get into a mid to late section funk that becomes both repetitive and a little too much to handle narrative wise.\n\nYou can see what Wright was trying too do and how he wanted his film to evolve but that doesn&apos;t excuse the loop we end up getting stuck in and the sometimes questionable choices that Eloise makes (with some added overacting by a trying hard but not always hitting the mark McKenzie) and while visually and atheistically everything is always of a very high standard, there&apos;s a coldness to the story of Soho and it never quite works as well as you&apos;d like as a mystery or a fully fledged horror that it at times appears to be wanting to be.\n\nIn amongst all of the narrative let downs and feeling that it never quite hits the marks it sets for itself is the continued great work of Taylor-Joy whose growing into one of the most interesting actors working today, a fairly chilling performance from the usually likable Matt Smith and a central plot that at the very least doesn&apos;t play things out in the usual schtick, making Soho far from a complete misfire but nothing more than an intriguing could&apos;ve been film that I am sure Wright and his fanbase will look back on in days to come as a missed opportunity to create something spectacular.\n\nFinal Say -\n\nA film that sets itself a tricky task its never fully able to handle, Last Night in Soho is a high quality feature that can&apos;t ever quite juggle its various elements into a final product that feels worthy of its goals.\n\n3 Vesper&apos;s out of 5.", "reviewRating": {"@type": "Rating", "worstRating": 1, "bestRating": 10, "ratingValue": 6}}, "aggregateRating": {"@type": "AggregateRating", "ratingCount": 185224, "bestRating": 10, "worstRating": 1, "ratingValue": 7}, "contentRating": "A", "genre": ["Drama", "Horror", "Mystery"], "datePublished": "2021-11-12", "keywords": "1960s,fashion designer,soho london,seeing the past,female serial killer", "trailer": {"@type": "VideoObject", "name": "Official Trailer", "embedUrl": "https://www.imdb.com/video/imdb/vi2863907609", "thumbnail": {"@type": "ImageObject", "contentUrl": "https://m.media-amazon.com/images/M/MV5BY2Y0YTExZmQtNDhjZC00ZGY2LWI2ZTItNDM2MTcwN2YwZTAyXkEyXkFqcGdeQXZ3ZXNsZXk@._V1_.jpg"}, "thumbnailUrl": "https://m.media-amazon.com/images/M/MV5BY2Y0YTExZmQtNDhjZC00ZGY2LWI2ZTItNDM2MTcwN2YwZTAyXkEyXkFqcGdeQXZ3ZXNsZXk@._V1_.jpg", "url": "https://www.imdb.com/video/vi2863907609/", "description": "In acclaimed director Edgar Wright&apos;s psychological thriller, Eloise, an aspiring fashion designer, is mysteriously able to enter the 1960s where she encounters a dazzling wannabe singer, Sandie. But the glamour is not all it appears to be and the dreams of the past start to crack and splinter into something far darker.", "duration": "PT2M33S", "uploadDate": "2021-09-08T15:18:13.514Z"}, "actor": [{"@type": "Person", "url": "https://www.imdb.com/name/nm5057169/", "name": "Thomasin McKenzie"}, {"@type": "Person", "url": "https://www.imdb.com/name/nm5896355/", "name": "Anya Taylor-Joy"}, {"@type": "Person", "url": "https://www.imdb.com/name/nm1741002/", "name": "Matt Smith"}], "director": [{"@type": "Person", "url": "https://www.imdb.com/name/nm0942367/", "name": "Edgar Wright"}], "creator": [{"@type": "Organization", "url": "https://www.imdb.com/company/co0288663/"}, {"@type": "Organization", "url": "https://www.imdb.com/company/co0167631/"}, {"@type": "Organization", "url": "https://www.imdb.com/company/co0739708/"}, {"@type": "Person", "url": "https://www.imdb.com/name/nm0942367/", "name": "Edgar Wright"}, {"@type": "Person", "url": "https://www.imdb.com/name/nm4880670/", "name": "Krysty Wilson-Cairns"}], "duration": "PT1H56M"}, "imdbId": "tt9639470", "top": {"id": "tt9639470", "productionStatus": {"currentProductionStage": {"id": "released", "text": "Released", "__typename": "ProductionStage"}, "productionStatusHistory": [{"status": {"id": "pre_production", "text": "Pre-production", "__typename": "ProductionStatus"}, "__typename": "ProductionStatusHistory"}, {"status": {"id": "filming", "text": "Filming", "__typename": "ProductionStatus"}, "__typename": "ProductionStatusHistory"}, {"status": {"id": "post_production", "text": "Post-production", "__typename": "ProductionStatus"}, "__typename": "ProductionStatusHistory"}, {"status": {"id": "completed", "text": "Completed", "__typename": "ProductionStatus"}, "__typename": "ProductionStatusHistory"}, {"status": {"id": "released", "text": "Released", "__typename": "ProductionStatus"}, "__typename": "ProductionStatusHistory"}], "restriction": null, "__typename": "ProductionStatusDetails"}, "canHaveEpisodes": false, "series": null, "titleText": {"text": "Last Night in Soho", "__typename": "TitleText"}, "titleType": {"displayableProperty": {"value": {"plainText": "", "__typename": "Markdown"}, "__typename": "DisplayableTitleTypeProperty"}, "text": "Movie", "id": "movie", "isSeries": false, "isEpisode": false, "categories": [{"value": "movie", "__typename": "TitleTypeCategory"}], "canHaveEpisodes": false, "__typename": "TitleType"}, "originalTitleText": {"text": "Last Night in Soho", "__typename": "TitleText"}, "certificate": {"rating": "A", "__typename": "Certificate"}, "releaseYear": {"year": 2021, "endYear": null, "__typename": "YearRange"}, "releaseDate": {"day": 12, "month": 11, "year": 2021, "__typename": "ReleaseDate"}, "runtime": {"seconds": 6960, "displayableProperty": {"value": {"plainText": "1h 56m", "__typename": "Markdown"}, "__typename": "DisplayableTitleRuntimeProperty"}, "__typename": "Runtime"}, "canRate": {"isRatable": true, "__typename": "CanRate"}, "ratingsSummary": {"aggregateRating": 7, "voteCount": 185224, "__typename": "RatingsSummary"}, "meterRanking": {"currentRank": 745, "rankChange": {"changeDirection": "DOWN", "difference": 158, "__typename": "MeterRankChange"}, "__typename": "TitleMeterRanking"}, "primaryImage": {"id": "rm3508989953", "width": 1013, "height": 1500, "url": "https://m.media-amazon.com/images/M/MV5BODdhZjBmZTEtZmQyMy00NWY5LWJiMWQtODhjODFkZWZlMjMyXkEyXkFqcGc@._V1_.jpg", "caption": {"plainText": "Terence Stamp, Matt Smith, Michael Ajao, Thomasin McKenzie, and Anya Taylor-Joy in Last Night in Soho (2021)", "__typename": "Markdown"}, "__typename": "Image"}, "images": {"total": 212, "edges": [{"node": {"id": "rm4264882945", "__typename": "Image"}, "__typename": "ImageEdge"}], "__typename": "ImageConnection"}, "videos": {"total": 33, "__typename": "TitleRelatedVideosConnection"}, "primaryVideos": {"edges": [{"node": {"id": "vi2863907609", "createdDate": "2021-09-08T15:18:13.514Z", "isMature": false, "runtime": {"value": 153, "__typename": "VideoRuntime"}, "name": {"value": "Official Trailer", "language": "en", "__typename": "LocalizedString"}, "description": {"value": "In acclaimed director Edgar Wright's psychological thriller, Eloise, an aspiring fashion designer, is mysteriously able to enter the 1960s where she encounters a dazzling wannabe singer, Sandie. But the glamour is not all it appears to be and the dreams of the past start to crack and splinter into something far darker.", "language": "en", "__typename": "LocalizedString"}, "timedTextTracks": [], "recommendedTimedTextTrack": null, "thumbnail": {"url": "https://m.media-amazon.com/images/M/MV5BY2Y0YTExZmQtNDhjZC00ZGY2LWI2ZTItNDM2MTcwN2YwZTAyXkEyXkFqcGdeQXZ3ZXNsZXk@._V1_.jpg", "height": 786, "width": 1397, "__typename": "Thumbnail"}, "primaryTitle": {"id": "tt9639470", "titleText": {"text": "Last Night in Soho", "__typename": "TitleText"}, "originalTitleText": {"text": "Last Night in Soho", "__typename": "TitleText"}, "releaseYear": {"year": 2021, "__typename": "YearRange"}, "__typename": "Title"}, "playbackURLs": [{"displayName": {"value": "480p", "language": "en-US", "__typename": "LocalizedString"}, "videoMimeType": "MP4", "videoDefinition": "DEF_480p", "url": "https://imdb-video.media-imdb.com/vi2863907609/1434659607842-pgv4ql-1631114353822.mp4?Expires=1730926458&Signature=oDxSah2NUSpWVrCMQb2NllPqljzl47wz6hRhBL3~w~ce0rHD9YQZSJpC0dFktgDN-XW4fyfs~7fO7dYS71qTey0MdtQHZMU4e3ULMfuNddQqcKl5glVUVA-bKie80EWb7Be9JECrP66iOGGtUQF-qa8XByigUDV1z5LJG9YpahYu8nLf15OXc6WSbp~mIEr9Cga5ifMKYREHVS8Q038esJ5mR5INcshz~XyGsfyyFbcJIN5Ukjm~sftuy24feArqQSPFCDcm6SxVQ79rang4QvtH7tDLwWRMbZFEF4wVF0P8sqDLvYqsCC4mzFiXkGUlFzujp3ObGh29vDUV6y5iuQ__&Key-Pair-Id=APKAIFLZBVQZ24NQH3KA", "__typename": "PlaybackURL"}, {"displayName": {"value": "SD", "language": "en-US", "__typename": "LocalizedString"}, "videoMimeType": "MP4", "videoDefinition": "DEF_SD", "url": "https://imdb-video.media-imdb.com/vi2863907609/1434659454657-dx9ykf-1631114353822.mp4?Expires=1730926458&Signature=cgKEi63L3WrrOvBfO5qRSExS6hAos9T~g~1nnneXDwmM22abpFbtpFGmKZA5OscTVn9fEfMba2R~dyAaCm6S4O8AzDkmc9ZO6SYYkk~2zfPCkbUrvEVmf86XC2QNbl9rPEakoH6kxaz1HCFFW~Nxir4QTF9l~duOhljAE1l0W0B-ge4aJYYoCadS26J3Cskrb~I~38AeiEWiwiaipKx9g1IgWKUP9hx5LdpDG14w6K8GPPqLZSdzChy7rGlU-rirHxw0YhC5C-edu3I9XSWg-AyUgTTywXO~yvGd49xSCMjSCtmXD0Y4UjILynsFeXSjDAEtaoEY3ireMD7X-YgZjA__&Key-Pair-Id=APKAIFLZBVQZ24NQH3KA", "__typename": "PlaybackURL"}], "contentType": {"id": "amzn1.imdb.video.contenttype.trailer", "displayName": {"value": "Trailer", "__typename": "LocalizedString"}, "__typename": "VideoContentType"}, "previewURLs": [{"displayName": {"value": "AUTO", "language": "en-US", "__typename": "LocalizedString"}, "videoMimeType": "M3U8", "videoDefinition": "DEF_AUTO", "url": "https://imdb-video.media-imdb.com/vi2863907609/hls-preview-4057f9ca-a5d3-4ced-9f22-a6ab21fe0bba.m3u8?Expires=1730926458&Signature=Mhndgyx8TrjJP9Gg~AQhobx877viZbDAmhLvb0O1RqCXtRgYAAIREybfnRhKSpTmGRAPmRxhSmh33AiZIqGNtmKa9CwcIYXPdd~7YvKBdYFd5K9j7wwguGqSIefQKtVS4Fu7OXPakCFpFfewCftKiLipdfbASysJk5w~VHDg4FQ52hcB-jlzSi9hssH16NviKH1fdmkHGFgF-95ntvXIKJdC3YqNSwF~dyQlwjtYIyqDAJjgYtg1yy0CON--DZS2LrzjtntEgZUo4mcJpcav9MRIySrw0XP3u3zQMTa04iYD2ICViSu9~blT4FAA3Gb0M7nT90E0xSouVX~PYeqTgA__&Key-Pair-Id=APKAIFLZBVQZ24NQH3KA", "__typename": "PlaybackURL"}], "__typename": "Video"}, "__typename": "VideoEdge"}, {"node": {"id": "vi1389281305", "createdDate": "2021-05-25T15:26:47.606Z", "isMature": false, "runtime": {"value": 132, "__typename": "VideoRuntime"}, "name": {"value": "Teaser Trailer", "language": "en", "__typename": "LocalizedString"}, "description": {"value": "Edgar Wright\u2019s psychological thriller about a young girl, passionate in fashion design, who is mysteriously able to enter the 1960s where she encounters her idol, a dazzling wannabe singer. But 1960s London is not what it appears, and time seems to fall apart with shady consequences\u2026", "language": "en", "__typename": "LocalizedString"}, "timedTextTracks": [], "recommendedTimedTextTrack": null, "thumbnail": {"url": "https://m.media-amazon.com/images/M/MV5BY2EzMjFkNzctYWEzMi00YTUwLWEyMTEtMmIzY2NlZTkwNDk2XkEyXkFqcGdeQWRvb2xpbmhk._V1_.jpg", "height": 2510, "width": 4463, "__typename": "Thumbnail"}, "primaryTitle": {"id": "tt9639470", "titleText": {"text": "Last Night in Soho", "__typename": "TitleText"}, "originalTitleText": {"text": "Last Night in Soho", "__typename": "TitleText"}, "releaseYear": {"year": 2021, "__typename": "YearRange"}, "__typename": "Title"}, "playbackURLs": [{"displayName": {"value": "480p", "language": "en-US", "__typename": "LocalizedString"}, "videoMimeType": "MP4", "videoDefinition": "DEF_480p", "url": "https://imdb-video.media-imdb.com/vi1389281305/1434659607842-pgv4ql-1621956408367.mp4?Expires=1730927192&Signature=fcxCMQrXiZybR2Cvcw6Yx4SiFltBZWnB6AgITPNSye8m719tCu13cbk-0YYApZICoSk88OGCIW7Xii-gFbPGY35L1kR17EiAbFeat-ALF9ifHNO~H4pGsXe8xjyGFNqSV2SZpCjU~bF3tGv~fbMMSO4J9CkJx~PoVUrtKffwGWwQF9C5q6NERRDs3r25fGTjw3TGzFP~UfrIDpGl~xddjYgc41akW3gcc9MsMtVBs3kcUFh919EekffIYDAuUfJQgVHOwMT4IGs9IHlC1lvcsHjUV2XxADKLP6Q8ZIRxiXSqj1oIMAGJVeVB2Qnt3d9FoJHYabybX3T1n7SwRKGrjA__&Key-Pair-Id=APKAIFLZBVQZ24NQH3KA", "__typename": "PlaybackURL"}, {"displayName": {"value": "SD", "language": "en-US", "__typename": "LocalizedString"}, "videoMimeType": "MP4", "videoDefinition": "DEF_SD", "url": "https://imdb-video.media-imdb.com/vi1389281305/1434659454657-dx9ykf-1621956408367.mp4?Expires=1730927192&Signature=chZ8W6q-9ROrqVsoOhWbwQOzC9RTT1OLNeMMMOTo9QreWEEYeuiDjrMzI79WQbFNXeQ23PPF4feqbcpLmRSjW4AkdGyVcauKH9jTValT8sFNioeD3mfe7nScuiGtEdyK5D3Pxf~eoUV5F~st6TxFuo7QZUpYtXzXXBZ-4nX8AJDm3Lq9QdJIcgFziXqGGCJME2LOSp8YlI7GZHIxeosVwf1SskjiNAXRw~5KsMYr46RiN2WQ6hmDnTBy98BXCfaLS4sdX4aOKbaNkp83zV~Dp3x54QN-CIQBhaCGlDNGxWtmIhagh3iXWu7IfNCkSzCz---uzwbNpVNOM~eB1Ii9mQ__&Key-Pair-Id=APKAIFLZBVQZ24NQH3KA", "__typename": "PlaybackURL"}], "contentType": {"id": "amzn1.imdb.video.contenttype.trailer", "displayName": {"value": "Trailer", "__typename": "LocalizedString"}, "__typename": "VideoContentType"}, "previewURLs": [{"displayName": {"value": "AUTO", "language": "en-US", "__typename": "LocalizedString"}, "videoMimeType": "M3U8", "videoDefinition": "DEF_AUTO", "url": "https://imdb-video.media-imdb.com/vi1389281305/hls-preview-c6d15a15-7efa-4a75-8d1f-b6003343f38b.m3u8?Expires=1730927192&Signature=QimCX7czyLwQzDncSOztPN0EvnERdhAw73QNKpVte57lBMB8e~DGHBd4IOPKshU54SdpqUBUNzgCmTq-R4cYUiTBRii7cFpYCIVQhwxKs0kDzYnBYQxr~yOVmIdegMz-CFp3H7LGBZINz3BVXABJAR4bC2fyw5qHsKX5oQGeT8zy52VVvUhe5u9kSM3WM~~nxc50Zfm8WJtl-LQoVT4PuWyoNnWtouaJp~XrPgF93IC5I4ZdUYcsiLloiSO1m15LYgIppNB1g1syI8WgANT60Zt733~5Yk9VrEDoyVGt07U3QD-NK3O7HOUNQAT4EQy88Telw43NztTfoeK1s0Msjg__&Key-Pair-Id=APKAIFLZBVQZ24NQH3KA", "__typename": "PlaybackURL"}], "__typename": "Video"}, "__typename": "VideoEdge"}], "__typename": "VideoConnection"}, "externalLinks": {"total": 541, "__typename": "ExternalLinkConnection"}, "metacritic": {"metascore": {"score": 65, "__typename": "Metascore"}, "__typename": "Metacritic"}, "keywords": {"total": 460, "edges": [{"node": {"text": "1960s", "__typename": "TitleKeyword"}, "__typename": "TitleKeywordEdge"}, {"node": {"text": "fashion designer", "__typename": "TitleKeyword"}, "__typename": "TitleKeywordEdge"}, {"node": {"text": "soho london", "__typename": "TitleKeyword"}, "__typename": "TitleKeywordEdge"}, {"node": {"text": "seeing the past", "__typename": "TitleKeyword"}, "__typename": "TitleKeywordEdge"}, {"node": {"text": "female serial killer", "__typename": "TitleKeyword"}, "__typename": "TitleKeywordEdge"}], "__typename": "TitleKeywordConnection"}, "isAdult": false, "genres": {"genres": [{"text": "Drama", "id": "Drama", "__typename": "Genre"}, {"text": "Horror", "id": "Horror", "__typename": "Genre"}, {"text": "Mystery", "id": "Mystery", "__typename": "Genre"}, {"text": "Thriller", "id": "Thriller", "__typename": "Genre"}], "__typename": "Genres"}, "interests": {"edges": [{"node": {"id": "in0000114", "primaryText": {"text": "Psychological Horror", "__typename": "InterestText"}, "__typename": "Interest"}, "__typename": "InterestEdge"}, {"node": {"id": "in0000117", "primaryText": {"text": "Supernatural Horror", "__typename": "InterestText"}, "__typename": "Interest"}, "__typename": "InterestEdge"}, {"node": {"id": "in0000118", "primaryText": {"text": "Teen Horror", "__typename": "InterestText"}, "__typename": "Interest"}, "__typename": "InterestEdge"}, {"node": {"id": "in0000076", "primaryText": {"text": "Drama", "__typename": "InterestText"}, "__typename": "Interest"}, "__typename": "InterestEdge"}, {"node": {"id": "in0000112", "primaryText": {"text": "Horror", "__typename": "InterestText"}, "__typename": "Interest"}, "__typename": "InterestEdge"}, {"node": {"id": "in0000139", "primaryText": {"text": "Mystery", "__typename": "InterestText"}, "__typename": "Interest"}, "__typename": "InterestEdge"}, {"node": {"id": "in0000186", "primaryText": {"text": "Thriller", "__typename": "InterestText"}, "__typename": "Interest"}, "__typename": "InterestEdge"}], "__typename": "InterestConnection"}, "plot": {"plotText": {"plainText": "Aspiring fashion designer Eloise is mysteriously able to return to 1960s London, where she encounters dazzling wannabe singer Sandie. But the glamour is not as it seems, and the dreams of the past crack and splinter into something darker.", "__typename": "Markdown"}, "language": {"id": "en-US", "__typename": "DisplayableLanguage"}, "__typename": "Plot"}, "plotContributionLink": {"url": "https://contribute.imdb.com/updates?update=tt9639470:outlines.add.1.locale~en-US", "__typename": "ContributionLink"}, "credits": {"total": 1059, "__typename": "CreditConnection"}, "principalCredits": [{"totalCredits": 1, "category": {"text": "Director", "id": "director", "__typename": "CreditCategory"}, "credits": [{"name": {"nameText": {"text": "Edgar Wright", "__typename": "NameText"}, "id": "nm0942367", "__typename": "Name"}, "attributes": null, "__typename": "Crew"}], "__typename": "PrincipalCreditsForCategory"}, {"totalCredits": 3, "category": {"text": "Writers", "id": "writer", "__typename": "CreditCategory"}, "credits": [{"name": {"nameText": {"text": "Edgar Wright", "__typename": "NameText"}, "id": "nm0942367", "__typename": "Name"}, "attributes": null, "__typename": "Crew"}, {"name": {"nameText": {"text": "Krysty Wilson-Cairns", "__typename": "NameText"}, "id": "nm4880670", "__typename": "Name"}, "attributes": null, "__typename": "Crew"}], "__typename": "PrincipalCreditsForCategory"}, {"totalCredits": 90, "category": {"text": "Stars", "id": "cast", "__typename": "CreditCategory"}, "credits": [{"name": {"nameText": {"text": "Thomasin McKenzie", "__typename": "NameText"}, "id": "nm5057169", "__typename": "Name"}, "attributes": null, "__typename": "Cast"}, {"name": {"nameText": {"text": "Anya Taylor-Joy", "__typename": "NameText"}, "id": "nm5896355", "__typename": "Name"}, "attributes": null, "__typename": "Cast"}, {"name": {"nameText": {"text": "Matt Smith", "__typename": "NameText"}, "id": "nm1741002", "__typename": "Name"}, "attributes": null, "__typename": "Cast"}], "__typename": "PrincipalCreditsForCategory"}], "reviews": {"total": 1132, "__typename": "ReviewsConnection"}, "criticReviewsTotal": {"total": 476, "__typename": "ExternalLinkConnection"}, "triviaTotal": {"total": 106, "__typename": "TriviaConnection"}, "engagementStatistics": {"watchlistStatistics": {"displayableCount": {"text": "Added by 222K users", "__typename": "LocalizedDisplayableCount"}, "__typename": "WatchlistStatistics"}, "__typename": "EngagementStatistics"}, "subNavCredits": {"total": 1059, "__typename": "CreditConnection"}, "subNavReviews": {"total": 1132, "__typename": "ReviewsConnection"}, "subNavTrivia": {"total": 106, "__typename": "TriviaConnection"}, "subNavFaqs": {"total": 1, "__typename": "FaqConnection"}, "subNavTopQuestions": {"total": 19, "__typename": "AlexaQuestionConnection"}, "titleGenres": {"genres": [{"genre": {"text": "Drama", "__typename": "GenreItem"}, "__typename": "TitleGenre"}, {"genre": {"text": "Horror", "__typename": "GenreItem"}, "__typename": "TitleGenre"}, {"genre": {"text": "Mystery", "__typename": "GenreItem"}, "__typename": "TitleGenre"}], "__typename": "TitleGenres"}, "meta": {"canonicalId": "tt9639470", "publicationStatus": "PUBLISHED", "__typename": "TitleMeta"}, "castPageTitle": {"edges": [{"node": {"name": {"id": "nm5057169", "nameText": {"text": "Thomasin McKenzie", "__typename": "NameText"}, "__typename": "Name"}, "__typename": "Cast"}, "__typename": "CreditEdge"}, {"node": {"name": {"id": "nm4216045", "nameText": {"text": "Aimee Cassettari", "__typename": "NameText"}, "__typename": "Name"}, "__typename": "Cast"}, "__typename": "CreditEdge"}, {"node": {"name": {"id": "nm0878240", "nameText": {"text": "Rita Tushingham", "__typename": "NameText"}, "__typename": "Name"}, "__typename": "Cast"}, "__typename": "CreditEdge"}, {"node": {"name": {"id": "nm0532067", "nameText": {"text": "Colin Mace", "__typename": "NameText"}, "__typename": "Name"}, "__typename": "Cast"}, "__typename": "CreditEdge"}], "__typename": "CreditConnection"}, "creatorsPageTitle": [], "directorsPageTitle": [{"credits": [{"name": {"id": "nm0942367", "nameText": {"text": "Edgar Wright", "__typename": "NameText"}, "__typename": "Name"}, "__typename": "Crew"}], "__typename": "PrincipalCreditsForCategory"}], "countriesOfOrigin": {"countries": [{"id": "GB", "__typename": "CountryOfOrigin"}], "__typename": "CountriesOfOrigin"}, "production": {"edges": [{"node": {"company": {"id": "co0288663", "companyText": {"text": "Focus Features International (FFI)", "__typename": "CompanyText"}, "__typename": "Company"}, "__typename": "CompanyCredit"}, "__typename": "CompanyCreditEdge"}, {"node": {"company": {"id": "co0167631", "companyText": {"text": "Film4", "__typename": "CompanyText"}, "__typename": "Company"}, "__typename": "CompanyCredit"}, "__typename": "CompanyCreditEdge"}, {"node": {"company": {"id": "co0739708", "companyText": {"text": "Perfect World Pictures", "__typename": "CompanyText"}, "__typename": "Company"}, "__typename": "CompanyCredit"}, "__typename": "CompanyCreditEdge"}], "__typename": "CompanyCreditConnection"}, "featuredReviews": {"edges": [{"node": {"author": {"nickName": "eddie_baggins", "__typename": "UserProfile"}, "summary": {"originalText": "A beautifully shot film that can't reach the narrative goals it sets for itself", "__typename": "ReviewSummary"}, "text": {"originalText": {"plainText": "His conquered the living dead with nothing more than unwanted vinyl records, alien invaders in small country towns and even managed to wrangle baby drivers but there's no doubt Last Night in Soho is beloved British director and critical darling Edgar Wright's most ambitious film yet and a film that doesn't always reach the lofty goals it sets for itself even if its a beautifully shot and unique thriller mixed with horror elements.\n\nHis first film narrative feature film since Baby Driver in 2017, Soho is undoubtedly a labor of love for Wright who produces his most un-Wright feeling film yet, that follows Thomasin McKenzie's country girl fashion designer to London, where her rental of a small bedroom apartment leads her to experience vivid and increasingly frightening visions into the life of a seemingly real London resident of the 60's named Sandie (a mesmerizing Anya Taylor-Joy) creating a very late 60's/70's feeling feature that struggles to keep itself on the rails as the runtime wears on.\n\nMagnificently capturing the time and place of the London era of the setting with help from Old Boy and Handmaiden cinematographer Chung-hoon Chung (delivering Oscar worthy work) and some eclectic and toe tapping concoction of classic tunes from the era that once more suggests Wright is right up there with Quentin Tarantino when it comes to sound-tracking his films and particular scenes, Soho has a lot to admire and for its first 30 to 40 minutes things rollick along at a great pace with a lot of intrigue in what's happening and what's around the corner but the film does get into a mid to late section funk that becomes both repetitive and a little too much to handle narrative wise.\n\nYou can see what Wright was trying too do and how he wanted his film to evolve but that doesn't excuse the loop we end up getting stuck in and the sometimes questionable choices that Eloise makes (with some added overacting by a trying hard but not always hitting the mark McKenzie) and while visually and atheistically everything is always of a very high standard, there's a coldness to the story of Soho and it never quite works as well as you'd like as a mystery or a fully fledged horror that it at times appears to be wanting to be.\n\nIn amongst all of the narrative let downs and feeling that it never quite hits the marks it sets for itself is the continued great work of Taylor-Joy whose growing into one of the most interesting actors working today, a fairly chilling performance from the usually likable Matt Smith and a central plot that at the very least doesn't play things out in the usual schtick, making Soho far from a complete misfire but nothing more than an intriguing could've been film that I am sure Wright and his fanbase will look back on in days to come as a missed opportunity to create something spectacular.\n\nFinal Say -\n\nA film that sets itself a tricky task its never fully able to handle, Last Night in Soho is a high quality feature that can't ever quite juggle its various elements into a final product that feels worthy of its goals.\n\n3 Vesper's out of 5.", "__typename": "Markdown"}, "__typename": "ReviewText"}, "authorRating": 6, "submissionDate": "2021-11-19", "__typename": "Review"}, "__typename": "ReviewEdge"}], "__typename": "ReviewsConnection"}, "__typename": "Title"}, "main": {"id": "tt9639470", "wins": {"total": 24, "__typename": "AwardNominationConnection"}, "nominationsExcludeWins": {"total": 77, "__typename": "AwardNominationConnection"}, "prestigiousAwardSummary": {"nominations": 2, "wins": 0, "award": {"text": "BAFTA Film Award", "id": "aw0001050", "event": {"id": "ev0000123", "__typename": "AwardsEvent"}, "__typename": "AwardDetails"}, "__typename": "PrestigiousAwardSummary"}, "ratingsSummary": {"topRanking": {"id": "topRated:tt9639470:en_US", "text": {"value": "Top Rated", "__typename": "LocalizedString"}, "rank": 2569, "__typename": "TopRanking"}, "__typename": "RatingsSummary"}, "episodes": null, "videos": {"total": 33, "__typename": "TitleRelatedVideosConnection"}, "videoStrip": {"edges": [{"node": {"id": "vi2863907609", "contentType": {"displayName": {"value": "Trailer", "__typename": "LocalizedString"}, "__typename": "VideoContentType"}, "name": {"value": "Official Trailer", "__typename": "LocalizedString"}, "runtime": {"value": 153, "__typename": "VideoRuntime"}, "thumbnail": {"height": 786, "url": "https://m.media-amazon.com/images/M/MV5BY2Y0YTExZmQtNDhjZC00ZGY2LWI2ZTItNDM2MTcwN2YwZTAyXkEyXkFqcGdeQXZ3ZXNsZXk@._V1_.jpg", "width": 1397, "__typename": "Thumbnail"}, "__typename": "Video"}, "__typename": "VideoEdge"}, {"node": {"id": "vi1389281305", "contentType": {"displayName": {"value": "Trailer", "__typename": "LocalizedString"}, "__typename": "VideoContentType"}, "name": {"value": "Teaser Trailer", "__typename": "LocalizedString"}, "runtime": {"value": 132, "__typename": "VideoRuntime"}, "thumbnail": {"height": 2510, "url": "https://m.media-amazon.com/images/M/MV5BY2EzMjFkNzctYWEzMi00YTUwLWEyMTEtMmIzY2NlZTkwNDk2XkEyXkFqcGdeQWRvb2xpbmhk._V1_.jpg", "width": 4463, "__typename": "Thumbnail"}, "__typename": "Video"}, "__typename": "VideoEdge"}, {"node": {"id": "vi63750937", "contentType": {"displayName": {"value": "Trailer", "__typename": "LocalizedString"}, "__typename": "VideoContentType"}, "name": {"value": "Last Night in Soho", "__typename": "LocalizedString"}, "runtime": {"value": 135, "__typename": "VideoRuntime"}, "thumbnail": {"height": 1080, "url": "https://m.media-amazon.com/images/M/MV5BYjk1OGQ4ZWEtZTU0ZS00YWJiLTg0YTgtNDhlMDM1YTI3ZTMxXkEyXkFqcGdeQVRoaXJkUGFydHlJbmdlc3Rpb25Xb3JrZmxvdw@@._V1_.jpg", "width": 1920, "__typename": "Thumbnail"}, "__typename": "Video"}, "__typename": "VideoEdge"}, {"node": {"id": "vi263570201", "contentType": {"displayName": {"value": "Trailer", "__typename": "LocalizedString"}, "__typename": "VideoContentType"}, "name": {"value": "Last Night in Soho", "__typename": "LocalizedString"}, "runtime": {"value": 154, "__typename": "VideoRuntime"}, "thumbnail": {"height": 1080, "url": "https://m.media-amazon.com/images/M/MV5BZGFkMjdiM2UtNzhhNi00NzJlLWIwZTctNDBhMzM2ZTYwYzlhXkEyXkFqcGdeQVRoaXJkUGFydHlJbmdlc3Rpb25Xb3JrZmxvdw@@._V1_.jpg", "width": 1920, "__typename": "Thumbnail"}, "__typename": "Video"}, "__typename": "VideoEdge"}, {"node": {"id": "vi3452944409", "contentType": {"displayName": {"value": "Trailer", "__typename": "LocalizedString"}, "__typename": "VideoContentType"}, "name": {"value": "Last Night in Soho", "__typename": "LocalizedString"}, "runtime": {"value": 135, "__typename": "VideoRuntime"}, "thumbnail": {"height": 1080, "url": "https://m.media-amazon.com/images/M/MV5BNTU1YzhhODctMzE5MS00ZjljLWI5NzctYjRlZmEwODAzY2FjXkEyXkFqcGdeQVRoaXJkUGFydHlJbmdlc3Rpb25Xb3JrZmxvdw@@._V1_.jpg", "width": 1920, "__typename": "Thumbnail"}, "__typename": "Video"}, "__typename": "VideoEdge"}, {"node": {"id": "vi2307900185", "contentType": {"displayName": {"value": "Clip", "__typename": "LocalizedString"}, "__typename": "VideoContentType"}, "name": {"value": "'Last Night in Soho' Star, Director, and Writer Ask Each Other Anything", "__typename": "LocalizedString"}, "runtime": {"value": 228, "__typename": "VideoRuntime"}, "thumbnail": {"height": 1080, "url": "https://m.media-amazon.com/images/M/MV5BMTgwYjk3NmItMTkzNC00NTllLTk3YjEtZDY4M2ZiZjc2NDQ1XkEyXkFqcGdeQWFsZWxvZw@@._V1_.jpg", "width": 1920, "__typename": "Thumbnail"}, "__typename": "Video"}, "__typename": "VideoEdge"}, {"node": {"id": "vi1281277977", "contentType": {"displayName": {"value": "Clip", "__typename": "LocalizedString"}, "__typename": "VideoContentType"}, "name": {"value": "All About Thomasin McKenzie", "__typename": "LocalizedString"}, "runtime": {"value": 105, "__typename": "VideoRuntime"}, "thumbnail": {"height": 1080, "url": "https://m.media-amazon.com/images/M/MV5BY2JjODE2NzEtZDg5YS00NjIxLThlODMtZTQyYzQ4ZWI3NmEwXkEyXkFqcGdeQWFsZWxvZw@@._V1_.jpg", "width": 1920, "__typename": "Thumbnail"}, "__typename": "Video"}, "__typename": "VideoEdge"}, {"node": {"id": "vi2478686233", "contentType": {"displayName": {"value": "Clip", "__typename": "LocalizedString"}, "__typename": "VideoContentType"}, "name": {"value": "A Guide to the Films of Edgar Wright", "__typename": "LocalizedString"}, "runtime": {"value": 137, "__typename": "VideoRuntime"}, "thumbnail": {"height": 1080, "url": "https://m.media-amazon.com/images/M/MV5BZDE1NmQwYTAtM2E2MS00YTI4LTllYjctNzhiYjFiM2NjM2MwXkEyXkFqcGdeQW1hZGV0aXNj._V1_.jpg", "width": 1920, "__typename": "Thumbnail"}, "__typename": "Video"}, "__typename": "VideoEdge"}, {"node": {"id": "vi3705978649", "contentType": {"displayName": {"value": "Clip", "__typename": "LocalizedString"}, "__typename": "VideoContentType"}, "name": {"value": "The Most Anticipated Horror Movies of 2020", "__typename": "LocalizedString"}, "runtime": {"value": 177, "__typename": "VideoRuntime"}, "thumbnail": {"height": 1080, "url": "https://m.media-amazon.com/images/M/MV5BZjNkZTUzNWUtYWZkMS00YmMwLTg0NzMtOTAzNTQwZmUyMWM2XkEyXkFqcGdeQUlNRGJWaWRlb1RodW1ibmFpbFNlcnZpY2U@._V1_.jpg", "width": 1920, "__typename": "Thumbnail"}, "__typename": "Video"}, "__typename": "VideoEdge"}, {"node": {"id": "vi2536228121", "contentType": {"displayName": {"value": "Clip", "__typename": "LocalizedString"}, "__typename": "VideoContentType"}, "name": {"value": "Last Night In Soho: I Can See You Want It", "__typename": "LocalizedString"}, "runtime": {"value": 60, "__typename": "VideoRuntime"}, "thumbnail": {"height": 567, "url": "https://m.media-amazon.com/images/M/MV5BZTlkOGIwNGMtNGQwOS00NjY3LTk5YzItNDFlZjg1MGY1NDNmXkEyXkFqcGdeQVRoaXJkUGFydHlJbmdlc3Rpb25Xb3JrZmxvdw@@._V1_.jpg", "width": 1007, "__typename": "Thumbnail"}, "__typename": "Video"}, "__typename": "VideoEdge"}, {"node": {"id": "vi1663812889", "contentType": {"displayName": {"value": "Clip", "__typename": "LocalizedString"}, "__typename": "VideoContentType"}, "name": {"value": "Last Night In Soho: I'm Here To Meet The Owner", "__typename": "LocalizedString"}, "runtime": {"value": 68, "__typename": "VideoRuntime"}, "thumbnail": {"height": 477, "url": "https://m.media-amazon.com/images/M/MV5BZDVmYTMyMmQtZjIyNy00N2UxLTk4NDYtOTEwMTg2MDljNmJlXkEyXkFqcGdeQVRoaXJkUGFydHlJbmdlc3Rpb25Xb3JrZmxvdw@@._V1_.jpg", "width": 849, "__typename": "Thumbnail"}, "__typename": "Video"}, "__typename": "VideoEdge"}, {"node": {"id": "vi1747698969", "contentType": {"displayName": {"value": "Clip", "__typename": "LocalizedString"}, "__typename": "VideoContentType"}, "name": {"value": "Last Night In Soho: The Next Cilla Black", "__typename": "LocalizedString"}, "runtime": {"value": 66, "__typename": "VideoRuntime"}, "thumbnail": {"height": 746, "url": "https://m.media-amazon.com/images/M/MV5BZWRjYzMxYWUtYmFlNS00MzBmLTlmYzYtN2VjMDkzYTA5ZTU3XkEyXkFqcGdeQVRoaXJkUGFydHlJbmdlc3Rpb25Xb3JrZmxvdw@@._V1_.jpg", "width": 1326, "__typename": "Thumbnail"}, "__typename": "Video"}, "__typename": "VideoEdge"}], "__typename": "VideoConnection"}, "titleMainImages": {"total": 212, "edges": [{"node": {"id": "rm4264882945", "url": "https://m.media-amazon.com/images/M/MV5BM2E3ZDY2MDUtM2UxNC00OWU1LThmMzUtMGI5ZGQxYWJkZjczXkEyXkFqcGc@._V1_.jpg", "caption": {"plainText": "Thomasin McKenzie in Last Night in Soho (2021)", "__typename": "Markdown"}, "height": 2999, "width": 4500, "__typename": "Image"}, "__typename": "ImageEdge"}, {"node": {"id": "rm4030001921", "url": "https://m.media-amazon.com/images/M/MV5BZDVjNmRmYzgtNGU5Ny00YWMzLWEzZmYtNTE4Mzg2NzYzMDc2XkEyXkFqcGc@._V1_.jpg", "caption": {"plainText": "Matt Smith and Anya Taylor-Joy in Last Night in Soho (2021)", "__typename": "Markdown"}, "height": 3000, "width": 4500, "__typename": "Image"}, "__typename": "ImageEdge"}, {"node": {"id": "rm4080333569", "url": "https://m.media-amazon.com/images/M/MV5BMzUwM2NiYzEtYjYzMi00ODdlLWE2NTgtODU0YmY2OTM1YzAyXkEyXkFqcGc@._V1_.jpg", "caption": {"plainText": "Terence Stamp and Thomasin McKenzie in Last Night in Soho (2021)", "__typename": "Markdown"}, "height": 3000, "width": 4500, "__typename": "Image"}, "__typename": "ImageEdge"}, {"node": {"id": "rm4097110785", "url": "https://m.media-amazon.com/images/M/MV5BZTkyMzYwYzQtMDk3Ni00OTI5LWI0ZTAtNDE1NTkxZjk4YTEzXkEyXkFqcGc@._V1_.jpg", "caption": {"plainText": "Matt Smith and Anya Taylor-Joy in Last Night in Soho (2021)", "__typename": "Markdown"}, "height": 3639, "width": 4500, "__typename": "Image"}, "__typename": "ImageEdge"}, {"node": {"id": "rm4147442433", "url": "https://m.media-amazon.com/images/M/MV5BNjZkMTljZGQtNGZlNy00OTFjLTk4ZWYtNWIwYmU0ODlhNzdhXkEyXkFqcGc@._V1_.jpg", "caption": {"plainText": "Thomasin McKenzie and Anya Taylor-Joy in Last Night in Soho (2021)", "__typename": "Markdown"}, "height": 3000, "width": 4500, "__typename": "Image"}, "__typename": "ImageEdge"}, {"node": {"id": "rm4130665217", "url": "https://m.media-amazon.com/images/M/MV5BNDc3YTFlYjAtMjg5NC00NjkwLTliZWMtNjhjODkyNzliZjUzXkEyXkFqcGc@._V1_.jpg", "caption": {"plainText": "Kassius Nelson, Synnove Karlsen, and Jessie Mei Li in Last Night in Soho (2021)", "__typename": "Markdown"}, "height": 3004, "width": 4500, "__typename": "Image"}, "__typename": "ImageEdge"}, {"node": {"id": "rm3895784193", "url": "https://m.media-amazon.com/images/M/MV5BZWM0N2FhMmItM2RiMC00ZmJkLTgwOWQtZDRkNjM0YzExMDc3XkEyXkFqcGc@._V1_.jpg", "caption": {"plainText": "Thomasin McKenzie in Last Night in Soho (2021)", "__typename": "Markdown"}, "height": 3003, "width": 4500, "__typename": "Image"}, "__typename": "ImageEdge"}, {"node": {"id": "rm1385875201", "url": "https://m.media-amazon.com/images/M/MV5BMjcxYTkwZDMtNjk1ZS00OTk5LTk4ZTUtYzcwYmJhNzNkNzcyXkEyXkFqcGc@._V1_.jpg", "caption": {"plainText": "Thomasin McKenzie in Last Night in Soho (2021)", "__typename": "Markdown"}, "height": 3000, "width": 4500, "__typename": "Image"}, "__typename": "ImageEdge"}, {"node": {"id": "rm1402652417", "url": "https://m.media-amazon.com/images/M/MV5BMjhkZjgzMmMtZGMxMC00YjcxLWE4YjItOGY3YzZmMTM4MTE3XkEyXkFqcGc@._V1_.jpg", "caption": {"plainText": "Matt Smith in Last Night in Soho (2021)", "__typename": "Markdown"}, "height": 3000, "width": 4500, "__typename": "Image"}, "__typename": "ImageEdge"}, {"node": {"id": "rm1419429633", "url": "https://m.media-amazon.com/images/M/MV5BMGZiZWQ1MzQtMjg1YS00NzRiLTg0YmYtZDgzMTcyYTAyNTIxXkEyXkFqcGc@._V1_.jpg", "caption": {"plainText": "Thomasin McKenzie in Last Night in Soho (2021)", "__typename": "Markdown"}, "height": 3000, "width": 4500, "__typename": "Image"}, "__typename": "ImageEdge"}, {"node": {"id": "rm1436206849", "url": "https://m.media-amazon.com/images/M/MV5BYTkwZThlNzUtNWM5My00MTFlLWI4NmItMjU1MDViYWZhMzRlXkEyXkFqcGc@._V1_.jpg", "caption": {"plainText": "Matt Smith and Anya Taylor-Joy in Last Night in Soho (2021)", "__typename": "Markdown"}, "height": 3000, "width": 4500, "__typename": "Image"}, "__typename": "ImageEdge"}, {"node": {"id": "rm1452984065", "url": "https://m.media-amazon.com/images/M/MV5BMTI2MjA3MjAtNGVhOS00MTI2LWI3MGItODUyNjcxNzZhZjMxXkEyXkFqcGc@._V1_.jpg", "caption": {"plainText": "Matt Smith and Anya Taylor-Joy in Last Night in Soho (2021)", "__typename": "Markdown"}, "height": 3004, "width": 4500, "__typename": "Image"}, "__typename": "ImageEdge"}, {"node": {"id": "rm1469761281", "url": "https://m.media-amazon.com/images/M/MV5BNzUwMmIzNWQtMzQ1My00MjA0LWI5NDMtMzI3MjBhMjFhMzI1XkEyXkFqcGc@._V1_.jpg", "caption": {"plainText": "Thomasin McKenzie in Last Night in Soho (2021)", "__typename": "Markdown"}, "height": 3000, "width": 4500, "__typename": "Image"}, "__typename": "ImageEdge"}], "__typename": "ImageConnection"}, "productionStatus": {"currentProductionStage": {"id": "released", "text": "Released", "__typename": "ProductionStage"}, "productionStatusHistory": [{"status": {"id": "pre_production", "text": "Pre-production", "__typename": "ProductionStatus"}, "__typename": "ProductionStatusHistory"}, {"status": {"id": "filming", "text": "Filming", "__typename": "ProductionStatus"}, "__typename": "ProductionStatusHistory"}, {"status": {"id": "post_production", "text": "Post-production", "__typename": "ProductionStatus"}, "__typename": "ProductionStatusHistory"}, {"status": {"id": "completed", "text": "Completed", "__typename": "ProductionStatus"}, "__typename": "ProductionStatusHistory"}, {"status": {"id": "released", "text": "Released", "__typename": "ProductionStatus"}, "__typename": "ProductionStatusHistory"}], "restriction": null, "__typename": "ProductionStatusDetails"}, "primaryImage": {"id": "rm3508989953", "__typename": "Image"}, "inIframeAddLink": {"url": "https://contribute.imdb.com/image/tt9639470/add?bus=imdb&return_url=https%3A%2F%2Fwww.imdb.com%2Fclose_me&site=web", "__typename": "ContributionLink"}, "notInIframeAddLink": {"url": "https://contribute.imdb.com/image/tt9639470/add?bus=imdb&return_url=https%3A%2F%2Fwww.imdb.com%2Ftitle%2Ftt9639470%2F&site=mobile", "__typename": "ContributionLink"}, "titleType": {"id": "movie", "canHaveEpisodes": false, "__typename": "TitleType"}, "cast": {"total": 90, "edges": [{"node": {"name": {"id": "nm5057169", "nameText": {"text": "Thomasin McKenzie", "__typename": "NameText"}, "primaryImage": {"url": "https://m.media-amazon.com/images/M/MV5BNmM5ZjA1OWUtOWNiMi00M2ZiLWIyNjEtYzQ4ODE3MGQ3MjdiXkEyXkFqcGc@._V1_.jpg", "width": 1382, "height": 2000, "__typename": "Image"}, "__typename": "Name"}, "attributes": null, "category": {"id": "actress", "__typename": "CreditCategory"}, "characters": [{"name": "Eloise", "__typename": "Character"}], "episodeCredits": {"total": 0, "yearRange": null, "__typename": "EpisodeCastConnection"}, "__typename": "Cast"}, "__typename": "CreditEdge"}, {"node": {"name": {"id": "nm5896355", "nameText": {"text": "Anya Taylor-Joy", "__typename": "NameText"}, "primaryImage": {"url": "https://m.media-amazon.com/images/M/MV5BMGZjYzcxNDEtNTU1Yi00Nzc3LTlhZjQtZTUwZDQxNjQ5MDIzXkEyXkFqcGc@._V1_.jpg", "width": 1365, "height": 2048, "__typename": "Image"}, "__typename": "Name"}, "attributes": null, "category": {"id": "actress", "__typename": "CreditCategory"}, "characters": [{"name": "Sandie", "__typename": "Character"}], "episodeCredits": {"total": 0, "yearRange": null, "__typename": "EpisodeCastConnection"}, "__typename": "Cast"}, "__typename": "CreditEdge"}, {"node": {"name": {"id": "nm1741002", "nameText": {"text": "Matt Smith", "__typename": "NameText"}, "primaryImage": {"url": "https://m.media-amazon.com/images/M/MV5BMjE0NzExMTg0MV5BMl5BanBnXkFtZTgwOTIyNTI5NzE@._V1_.jpg", "width": 1719, "height": 2048, "__typename": "Image"}, "__typename": "Name"}, "attributes": null, "category": {"id": "actor", "__typename": "CreditCategory"}, "characters": [{"name": "Jack", "__typename": "Character"}], "episodeCredits": {"total": 0, "yearRange": null, "__typename": "EpisodeCastConnection"}, "__typename": "Cast"}, "__typename": "CreditEdge"}, {"node": {"name": {"id": "nm0001671", "nameText": {"text": "Diana Rigg", "__typename": "NameText"}, "primaryImage": {"url": "https://m.media-amazon.com/images/M/MV5BOTg0OTcyOTExNl5BMl5BanBnXkFtZTcwMjUyODE0NA@@._V1_.jpg", "width": 814, "height": 1023, "__typename": "Image"}, "__typename": "Name"}, "attributes": null, "category": {"id": "actress", "__typename": "CreditCategory"}, "characters": [{"name": "Ms. Collins", "__typename": "Character"}], "episodeCredits": {"total": 0, "yearRange": null, "__typename": "EpisodeCastConnection"}, "__typename": "Cast"}, "__typename": "CreditEdge"}, {"node": {"name": {"id": "nm4216045", "nameText": {"text": "Aimee Cassettari", "__typename": "NameText"}, "primaryImage": null, "__typename": "Name"}, "attributes": [{"text": "as Amie\u00e9 Cassettari", "__typename": "CreditedAsCreditAttribute"}], "category": {"id": "actress", "__typename": "CreditCategory"}, "characters": [{"name": "Eloise's Mother", "__typename": "Character"}], "episodeCredits": {"total": 0, "yearRange": null, "__typename": "EpisodeCastConnection"}, "__typename": "Cast"}, "__typename": "CreditEdge"}, {"node": {"name": {"id": "nm0878240", "nameText": {"text": "Rita Tushingham", "__typename": "NameText"}, "primaryImage": {"url": "https://m.media-amazon.com/images/M/MV5BMzgxNTZhYzktZTdhOS00NzQ1LThjZjgtMDkwZDRlMGQzMWZjXkEyXkFqcGc@._V1_.jpg", "width": 977, "height": 1000, "__typename": "Image"}, "__typename": "Name"}, "attributes": null, "category": {"id": "actress", "__typename": "CreditCategory"}, "characters": [{"name": "Peggy", "__typename": "Character"}], "episodeCredits": {"total": 0, "yearRange": null, "__typename": "EpisodeCastConnection"}, "__typename": "Cast"}, "__typename": "CreditEdge"}, {"node": {"name": {"id": "nm0532067", "nameText": {"text": "Colin Mace", "__typename": "NameText"}, "primaryImage": {"url": "https://m.media-amazon.com/images/M/MV5BZmIxODM4NzUtZDRmMS00MjU4LTk5MDctODAyODMzYTc4OWQyXkEyXkFqcGc@._V1_.jpg", "width": 2400, "height": 3000, "__typename": "Image"}, "__typename": "Name"}, "attributes": null, "category": {"id": "actor", "__typename": "CreditCategory"}, "characters": [{"name": "Taxi Driver #1", "__typename": "Character"}], "episodeCredits": {"total": 0, "yearRange": null, "__typename": "EpisodeCastConnection"}, "__typename": "Cast"}, "__typename": "CreditEdge"}, {"node": {"name": {"id": "nm3915767", "nameText": {"text": "Michael Ajao", "__typename": "NameText"}, "primaryImage": {"url": "https://m.media-amazon.com/images/M/MV5BNTExNzQ0MGQtZDc3My00ZTYwLTlkZDgtMTdhZTE1NDM1N2E2XkEyXkFqcGc@._V1_CR0,0,3167,4751_.jpg", "width": 3167, "height": 4751, "__typename": "Image"}, "__typename": "Name"}, "attributes": null, "category": {"id": "actor", "__typename": "CreditCategory"}, "characters": [{"name": "John", "__typename": "Character"}], "episodeCredits": {"total": 0, "yearRange": null, "__typename": "EpisodeCastConnection"}, "__typename": "Cast"}, "__typename": "CreditEdge"}, {"node": {"name": {"id": "nm8357122", "nameText": {"text": "Synnove Karlsen", "__typename": "NameText"}, "primaryImage": {"url": "https://m.media-amazon.com/images/M/MV5BMzFhYjc2NzUtZjVkZS00NTIyLWFjMzUtODljNDYyOWMwNDRhXkEyXkFqcGc@._V1_.jpg", "width": 1400, "height": 2048, "__typename": "Image"}, "__typename": "Name"}, "attributes": [{"text": "as Synn\u00f8ve Karlsen", "__typename": "CreditedAsCreditAttribute"}], "category": {"id": "actress", "__typename": "CreditCategory"}, "characters": [{"name": "Jocasta", "__typename": "Character"}], "episodeCredits": {"total": 0, "yearRange": null, "__typename": "EpisodeCastConnection"}, "__typename": "Cast"}, "__typename": "CreditEdge"}, {"node": {"name": {"id": "nm9438171", "nameText": {"text": "Jessie Mei Li", "__typename": "NameText"}, "primaryImage": {"url": "https://m.media-amazon.com/images/M/MV5BNDA5YjdlMmItYzkxNS00MTk4LWE5ZTctZmZmY2Q4MGNjNjkyXkEyXkFqcGc@._V1_.jpg", "width": 3600, "height": 2250, "__typename": "Image"}, "__typename": "Name"}, "attributes": null, "category": {"id": "actress", "__typename": "CreditCategory"}, "characters": [{"name": "Lara", "__typename": "Character"}], "episodeCredits": {"total": 0, "yearRange": null, "__typename": "EpisodeCastConnection"}, "__typename": "Cast"}, "__typename": "CreditEdge"}, {"node": {"name": {"id": "nm6204053", "nameText": {"text": "Kassius Nelson", "__typename": "NameText"}, "primaryImage": {"url": "https://m.media-amazon.com/images/M/MV5BNzJmYjkyODAtNDUyNS00OTZkLWIxYzItOTlhN2I3YTIwNmFhXkEyXkFqcGc@._V1_.jpg", "width": 5319, "height": 3646, "__typename": "Image"}, "__typename": "Name"}, "attributes": null, "category": {"id": "actress", "__typename": "CreditCategory"}, "characters": [{"name": "Cami", "__typename": "Character"}], "episodeCredits": {"total": 0, "yearRange": null, "__typename": "EpisodeCastConnection"}, "__typename": "Cast"}, "__typename": "CreditEdge"}, {"node": {"name": {"id": "nm7055742", "nameText": {"text": "Rebecca Harrod", "__typename": "NameText"}, "primaryImage": {"url": "https://m.media-amazon.com/images/M/MV5BYjMyYTZjOTktMmViZC00NmU1LWE4MmQtZjI2YWQ2ZDA2ZDQ0XkEyXkFqcGc@._V1_.jpg", "width": 3840, "height": 4800, "__typename": "Image"}, "__typename": "Name"}, "attributes": null, "category": {"id": "actress", "__typename": "CreditCategory"}, "characters": [{"name": "Ashley", "__typename": "Character"}], "episodeCredits": {"total": 0, "yearRange": null, "__typename": "EpisodeCastConnection"}, "__typename": "Cast"}, "__typename": "CreditEdge"}, {"node": {"name": {"id": "nm10417728", "nameText": {"text": "Alan Mahon", "__typename": "NameText"}, "primaryImage": {"url": "https://m.media-amazon.com/images/M/MV5BYjk4NTczNGMtZDkwZi00Yzc2LThhMmQtYjUxMTM2MGViMGNiXkEyXkFqcGc@._V1_.jpg", "width": 1610, "height": 2112, "__typename": "Image"}, "__typename": "Name"}, "attributes": null, "category": {"id": "actor", "__typename": "CreditCategory"}, "characters": [{"name": "Toucan Bartender", "__typename": "Character"}], "episodeCredits": {"total": 0, "yearRange": null, "__typename": "EpisodeCastConnection"}, "__typename": "Cast"}, "__typename": "CreditEdge"}, {"node": {"name": {"id": "nm9692021", "nameText": {"text": "Connor Calland", "__typename": "NameText"}, "primaryImage": {"url": "https://m.media-amazon.com/images/M/MV5BZGJiNzk5YjQtMWVmZS00MTNmLWE4NmYtZjZmZTA3YjRmYjY3XkEyXkFqcGc@._V1_.jpg", "width": 3744, "height": 4680, "__typename": "Image"}, "__typename": "Name"}, "attributes": null, "category": {"id": "actor", "__typename": "CreditCategory"}, "characters": [{"name": "Drunk Student", "__typename": "Character"}], "episodeCredits": {"total": 0, "yearRange": null, "__typename": "EpisodeCastConnection"}, "__typename": "Cast"}, "__typename": "CreditEdge"}, {"node": {"name": {"id": "nm0572965", "nameText": {"text": "Pauline McLynn", "__typename": "NameText"}, "primaryImage": {"url": "https://m.media-amazon.com/images/M/MV5BOTY2MzY0NjA5MV5BMl5BanBnXkFtZTgwMjA3MDYxNzE@._V1_.jpg", "width": 5184, "height": 3456, "__typename": "Image"}, "__typename": "Name"}, "attributes": null, "category": {"id": "actress", "__typename": "CreditCategory"}, "characters": [{"name": "Carol", "__typename": "Character"}], "episodeCredits": {"total": 0, "yearRange": null, "__typename": "EpisodeCastConnection"}, "__typename": "Cast"}, "__typename": "CreditEdge"}, {"node": {"name": {"id": "nm9831802", "nameText": {"text": "Josh Zar\u00e9", "__typename": "NameText"}, "primaryImage": {"url": "https://m.media-amazon.com/images/M/MV5BMWFmMWRhZjctNGQ4MS00YTI3LWExM2QtM2Q5MmY4NTc0YzNiXkEyXkFqcGc@._V1_.jpg", "width": 2324, "height": 2904, "__typename": "Image"}, "__typename": "Name"}, "attributes": null, "category": {"id": "actor", "__typename": "CreditCategory"}, "characters": [{"name": "Student at Party", "__typename": "Character"}], "episodeCredits": {"total": 0, "yearRange": null, "__typename": "EpisodeCastConnection"}, "__typename": "Cast"}, "__typename": "CreditEdge"}, {"node": {"name": {"id": "nm0000654", "nameText": {"text": "Terence Stamp", "__typename": "NameText"}, "primaryImage": {"url": "https://m.media-amazon.com/images/M/MV5BMTc0ODc3ODQ4OF5BMl5BanBnXkFtZTcwNzIxNzAyMg@@._V1_.jpg", "width": 284, "height": 400, "__typename": "Image"}, "__typename": "Name"}, "attributes": null, "category": {"id": "actor", "__typename": "CreditCategory"}, "characters": [{"name": "Silver-Haired Gentleman", "__typename": "Character"}], "episodeCredits": {"total": 0, "yearRange": null, "__typename": "EpisodeCastConnection"}, "__typename": "Cast"}, "__typename": "CreditEdge"}, {"node": {"name": {"id": "nm1242080", "nameText": {"text": "Jacqui-Lee Pryce", "__typename": "NameText"}, "primaryImage": {"url": "https://m.media-amazon.com/images/M/MV5BMzhjYzk4YWUtZWY5My00MjNmLTljYTAtNGZjY2Q1Y2ExOTM1XkEyXkFqcGc@._V1_.jpg", "width": 720, "height": 900, "__typename": "Image"}, "__typename": "Name"}, "attributes": null, "category": {"id": "actress", "__typename": "CreditCategory"}, "characters": [{"name": "College Administrator", "__typename": "Character"}], "episodeCredits": {"total": 0, "yearRange": null, "__typename": "EpisodeCastConnection"}, "__typename": "Cast"}, "__typename": "CreditEdge"}], "__typename": "CreditConnection"}, "creators": [], "directors": [{"totalCredits": 1, "category": {"text": "Director", "id": "director", "__typename": "CreditCategory"}, "credits": [{"name": {"id": "nm0942367", "nameText": {"text": "Edgar Wright", "__typename": "NameText"}, "__typename": "Name"}, "__typename": "Crew"}], "__typename": "PrincipalCreditsForCategory"}], "writers": [{"totalCredits": 3, "category": {"text": "Writers", "id": "writer", "__typename": "CreditCategory"}, "credits": [{"name": {"id": "nm0942367", "nameText": {"text": "Edgar Wright", "__typename": "NameText"}, "__typename": "Name"}, "__typename": "Crew"}, {"name": {"id": "nm4880670", "nameText": {"text": "Krysty Wilson-Cairns", "__typename": "NameText"}, "__typename": "Name"}, "__typename": "Crew"}], "__typename": "PrincipalCreditsForCategory"}], "isAdult": false, "moreLikeThisTitles": {"edges": [{"node": {"id": "tt9764362", "titleText": {"text": "The Menu", "__typename": "TitleText"}, "titleType": {"id": "movie", "text": "Movie", "canHaveEpisodes": false, "displayableProperty": {"value": {"plainText": "", "__typename": "Markdown"}, "__typename": "DisplayableTitleTypeProperty"}, "__typename": "TitleType"}, "originalTitleText": {"text": "The Menu", "__typename": "TitleText"}, "primaryImage": {"id": "rm1001914881", "width": 1334, "height": 2000, "url": "https://m.media-amazon.com/images/M/MV5BN2Q0YWE1MjktODJlMi00NTRiLWI2ZTctZTAxNjkyODVjM2EyXkEyXkFqcGc@._V1_.jpg", "caption": {"plainText": "Ralph Fiennes, John Leguizamo, Janet McTeer, Paul Adelstein, Reed Birney, Nicholas Hoult, Judith Light, Jay Shadix, Peter Grosz, Hong Chau, Rob Yang, Aimee Carrero, Arturo Castro, Mark St. Cyr, and Anya Taylor-Joy in The Menu (2022)", "__typename": "Markdown"}, "__typename": "Image"}, "releaseYear": {"year": 2022, "endYear": null, "__typename": "YearRange"}, "ratingsSummary": {"aggregateRating": 7.2, "voteCount": 422183, "__typename": "RatingsSummary"}, "runtime": {"seconds": 6420, "__typename": "Runtime"}, "certificate": {"rating": "A", "__typename": "Certificate"}, "canRate": {"isRatable": true, "__typename": "CanRate"}, "titleGenres": {"genres": [{"genre": {"text": "Comedy", "__typename": "GenreItem"}, "__typename": "TitleGenre"}, {"genre": {"text": "Horror", "__typename": "GenreItem"}, "__typename": "TitleGenre"}, {"genre": {"text": "Thriller", "__typename": "GenreItem"}, "__typename": "TitleGenre"}], "__typename": "TitleGenres"}, "canHaveEpisodes": false, "__typename": "Title"}, "__typename": "MoreLikeThisEdge"}, {"node": {"id": "tt7798634", "titleText": {"text": "Ready or Not", "__typename": "TitleText"}, "titleType": {"id": "movie", "text": "Movie", "canHaveEpisodes": false, "displayableProperty": {"value": {"plainText": "", "__typename": "Markdown"}, "__typename": "DisplayableTitleTypeProperty"}, "__typename": "TitleType"}, "originalTitleText": {"text": "Ready or Not", "__typename": "TitleText"}, "primaryImage": {"id": "rm2002229505", "width": 1006, "height": 1500, "url": "https://m.media-amazon.com/images/M/MV5BMTViMDA4YjgtZDQ4NC00ZDk2LTg0MWItOTc4MTkwMmVkZWRmXkEyXkFqcGc@._V1_.jpg", "caption": {"plainText": "Andie MacDowell, Adam Brody, Nicky Guadagni, John Ralston, Elyse Levesque, Melanie Scrofano, Mark O'Brien, Kristian Bruun, Samara Weaving, Daniela Barbosa, Celine Tsai, and Hanneke Talbot in Ready or Not (2019)", "__typename": "Markdown"}, "__typename": "Image"}, "releaseYear": {"year": 2019, "endYear": null, "__typename": "YearRange"}, "ratingsSummary": {"aggregateRating": 6.9, "voteCount": 195035, "__typename": "RatingsSummary"}, "runtime": {"seconds": 5700, "__typename": "Runtime"}, "certificate": {"rating": "A", "__typename": "Certificate"}, "canRate": {"isRatable": true, "__typename": "CanRate"}, "titleGenres": {"genres": [{"genre": {"text": "Action", "__typename": "GenreItem"}, "__typename": "TitleGenre"}, {"genre": {"text": "Comedy", "__typename": "GenreItem"}, "__typename": "TitleGenre"}, {"genre": {"text": "Horror", "__typename": "GenreItem"}, "__typename": "TitleGenre"}], "__typename": "TitleGenres"}, "canHaveEpisodes": false, "__typename": "Title"}, "__typename": "MoreLikeThisEdge"}, {"node": {"id": "tt9620292", "titleText": {"text": "Promising Young Woman", "__typename": "TitleText"}, "titleType": {"id": "movie", "text": "Movie", "canHaveEpisodes": false, "displayableProperty": {"value": {"plainText": "", "__typename": "Markdown"}, "__typename": "DisplayableTitleTypeProperty"}, "__typename": "TitleType"}, "originalTitleText": {"text": "Promising Young Woman", "__typename": "TitleText"}, "primaryImage": {"id": "rm245081345", "width": 8100, "height": 12000, "url": "https://m.media-amazon.com/images/M/MV5BZDMyNTQ5ODYtMjU3YS00MjM3LWFmOGMtZjZlNDA3YWE3YjM0XkEyXkFqcGc@._V1_.jpg", "caption": {"plainText": "Carey Mulligan in Promising Young Woman (2020)", "__typename": "Markdown"}, "__typename": "Image"}, "releaseYear": {"year": 2020, "endYear": null, "__typename": "YearRange"}, "ratingsSummary": {"aggregateRating": 7.5, "voteCount": 218199, "__typename": "RatingsSummary"}, "runtime": {"seconds": 6780, "__typename": "Runtime"}, "certificate": {"rating": "A", "__typename": "Certificate"}, "canRate": {"isRatable": true, "__typename": "CanRate"}, "titleGenres": {"genres": [{"genre": {"text": "Crime", "__typename": "GenreItem"}, "__typename": "TitleGenre"}, {"genre": {"text": "Drama", "__typename": "GenreItem"}, "__typename": "TitleGenre"}, {"genre": {"text": "Mystery", "__typename": "GenreItem"}, "__typename": "TitleGenre"}], "__typename": "TitleGenres"}, "canHaveEpisodes": false, "__typename": "Title"}, "__typename": "MoreLikeThisEdge"}, {"node": {"id": "tt8610436", "titleText": {"text": "The Sparks Brothers", "__typename": "TitleText"}, "titleType": {"id": "movie", "text": "Movie", "canHaveEpisodes": false, "displayableProperty": {"value": {"plainText": "", "__typename": "Markdown"}, "__typename": "DisplayableTitleTypeProperty"}, "__typename": "TitleType"}, "originalTitleText": {"text": "The Sparks Brothers", "__typename": "TitleText"}, "primaryImage": {"id": "rm2905589249", "width": 8100, "height": 12000, "url": "https://m.media-amazon.com/images/M/MV5BYjVmN2Y5NzUtZjFiOC00ZjJjLTgzYTUtMmZkODQ5MmRmYWI4XkEyXkFqcGc@._V1_.jpg", "caption": {"plainText": "Ron Mael, Russell Mael, and Sparks in The Sparks Brothers (2021)", "__typename": "Markdown"}, "__typename": "Image"}, "releaseYear": {"year": 2021, "endYear": null, "__typename": "YearRange"}, "ratingsSummary": {"aggregateRating": 7.8, "voteCount": 6198, "__typename": "RatingsSummary"}, "runtime": {"seconds": 8400, "__typename": "Runtime"}, "certificate": {"rating": "R", "__typename": "Certificate"}, "canRate": {"isRatable": true, "__typename": "CanRate"}, "titleGenres": {"genres": [{"genre": {"text": "Documentary", "__typename": "GenreItem"}, "__typename": "TitleGenre"}, {"genre": {"text": "Biography", "__typename": "GenreItem"}, "__typename": "TitleGenre"}, {"genre": {"text": "Comedy", "__typename": "GenreItem"}, "__typename": "TitleGenre"}], "__typename": "TitleGenres"}, "canHaveEpisodes": false, "__typename": "Title"}, "__typename": "MoreLikeThisEdge"}, {"node": {"id": "tt7144666", "titleText": {"text": "The Black Phone", "__typename": "TitleText"}, "titleType": {"id": "movie", "text": "Movie", "canHaveEpisodes": false, "displayableProperty": {"value": {"plainText": "", "__typename": "Markdown"}, "__typename": "DisplayableTitleTypeProperty"}, "__typename": "TitleType"}, "originalTitleText": {"text": "The Black Phone", "__typename": "TitleText"}, "primaryImage": {"id": "rm622159873", "width": 1895, "height": 3000, "url": "https://m.media-amazon.com/images/M/MV5BMjFhZTcxOTktMzllMS00MzIzLWJhODEtZDU5YTFkNzRjZWQyXkEyXkFqcGc@._V1_.jpg", "caption": {"plainText": "Ethan Hawke in The Black Phone (2021)", "__typename": "Markdown"}, "__typename": "Image"}, "releaseYear": {"year": 2021, "endYear": null, "__typename": "YearRange"}, "ratingsSummary": {"aggregateRating": 6.9, "voteCount": 214077, "__typename": "RatingsSummary"}, "runtime": {"seconds": 6180, "__typename": "Runtime"}, "certificate": {"rating": "A", "__typename": "Certificate"}, "canRate": {"isRatable": true, "__typename": "CanRate"}, "titleGenres": {"genres": [{"genre": {"text": "Horror", "__typename": "GenreItem"}, "__typename": "TitleGenre"}, {"genre": {"text": "Mystery", "__typename": "GenreItem"}, "__typename": "TitleGenre"}, {"genre": {"text": "Thriller", "__typename": "GenreItem"}, "__typename": "TitleGenre"}], "__typename": "TitleGenres"}, "canHaveEpisodes": false, "__typename": "Title"}, "__typename": "MoreLikeThisEdge"}, {"node": {"id": "tt11138512", "titleText": {"text": "The Northman", "__typename": "TitleText"}, "titleType": {"id": "movie", "text": "Movie", "canHaveEpisodes": false, "displayableProperty": {"value": {"plainText": "", "__typename": "Markdown"}, "__typename": "DisplayableTitleTypeProperty"}, "__typename": "TitleType"}, "originalTitleText": {"text": "The Northman", "__typename": "TitleText"}, "primaryImage": {"id": "rm2924419329", "width": 1382, "height": 2048, "url": "https://m.media-amazon.com/images/M/MV5BYzgwM2JiY2MtNWQ5OC00NDc1LWExMjYtYmY2YjViZmViYWM5XkEyXkFqcGc@._V1_.jpg", "caption": {"plainText": "Ethan Hawke, Nicole Kidman, Willem Dafoe, Bj\u00f6rk, Alexander Skarsg\u00e5rd, Claes Bang, and Anya Taylor-Joy in The Northman (2022)", "__typename": "Markdown"}, "__typename": "Image"}, "releaseYear": {"year": 2022, "endYear": null, "__typename": "YearRange"}, "ratingsSummary": {"aggregateRating": 7, "voteCount": 263797, "__typename": "RatingsSummary"}, "runtime": {"seconds": 8220, "__typename": "Runtime"}, "certificate": {"rating": "R", "__typename": "Certificate"}, "canRate": {"isRatable": true, "__typename": "CanRate"}, "titleGenres": {"genres": [{"genre": {"text": "Action", "__typename": "GenreItem"}, "__typename": "TitleGenre"}, {"genre": {"text": "Adventure", "__typename": "GenreItem"}, "__typename": "TitleGenre"}, {"genre": {"text": "Drama", "__typename": "GenreItem"}, "__typename": "TitleGenre"}], "__typename": "TitleGenres"}, "canHaveEpisodes": false, "__typename": "Title"}, "__typename": "MoreLikeThisEdge"}, {"node": {"id": "tt8110652", "titleText": {"text": "Bodies Bodies Bodies", "__typename": "TitleText"}, "titleType": {"id": "movie", "text": "Movie", "canHaveEpisodes": false, "displayableProperty": {"value": {"plainText": "", "__typename": "Markdown"}, "__typename": "DisplayableTitleTypeProperty"}, "__typename": "TitleType"}, "originalTitleText": {"text": "Bodies Bodies Bodies", "__typename": "TitleText"}, "primaryImage": {"id": "rm2822967553", "width": 2025, "height": 3000, "url": "https://m.media-amazon.com/images/M/MV5BYmFlMTFlNjMtYzFlNy00ZjI4LTkwYmItZjA4MzFmMDJlOWQzXkEyXkFqcGc@._V1_.jpg", "caption": {"plainText": "Pete Davidson, Lee Pace, Chase Sui Wonders, Amandla Stenberg, Rachel Sennott, Maria Bakalova, and Myha'la in Bodies Bodies Bodies (2022)", "__typename": "Markdown"}, "__typename": "Image"}, "releaseYear": {"year": 2022, "endYear": null, "__typename": "YearRange"}, "ratingsSummary": {"aggregateRating": 6.2, "voteCount": 79306, "__typename": "RatingsSummary"}, "runtime": {"seconds": 5640, "__typename": "Runtime"}, "certificate": {"rating": "13", "__typename": "Certificate"}, "canRate": {"isRatable": true, "__typename": "CanRate"}, "titleGenres": {"genres": [{"genre": {"text": "Comedy", "__typename": "GenreItem"}, "__typename": "TitleGenre"}, {"genre": {"text": "Horror", "__typename": "GenreItem"}, "__typename": "TitleGenre"}, {"genre": {"text": "Mystery", "__typename": "GenreItem"}, "__typename": "TitleGenre"}], "__typename": "TitleGenres"}, "canHaveEpisodes": false, "__typename": "Title"}, "__typename": "MoreLikeThisEdge"}, {"node": {"id": "tt10954984", "titleText": {"text": "Nope", "__typename": "TitleText"}, "titleType": {"id": "movie", "text": "Movie", "canHaveEpisodes": false, "displayableProperty": {"value": {"plainText": "", "__typename": "Markdown"}, "__typename": "DisplayableTitleTypeProperty"}, "__typename": "TitleType"}, "originalTitleText": {"text": "Nope", "__typename": "TitleText"}, "primaryImage": {"id": "rm1690253825", "width": 1895, "height": 3000, "url": "https://m.media-amazon.com/images/M/MV5BODRlNWRhZWUtMzdlZC00ZDIyLWFhZjMtYTcxNjI1ZDIwODhjXkEyXkFqcGc@._V1_.jpg", "caption": {"plainText": "Nope (2022)", "__typename": "Markdown"}, "__typename": "Image"}, "releaseYear": {"year": 2022, "endYear": null, "__typename": "YearRange"}, "ratingsSummary": {"aggregateRating": 6.8, "voteCount": 286953, "__typename": "RatingsSummary"}, "runtime": {"seconds": 7800, "__typename": "Runtime"}, "certificate": {"rating": "A", "__typename": "Certificate"}, "canRate": {"isRatable": true, "__typename": "CanRate"}, "titleGenres": {"genres": [{"genre": {"text": "Horror", "__typename": "GenreItem"}, "__typename": "TitleGenre"}, {"genre": {"text": "Mystery", "__typename": "GenreItem"}, "__typename": "TitleGenre"}, {"genre": {"text": "Sci-Fi", "__typename": "GenreItem"}, "__typename": "TitleGenre"}], "__typename": "TitleGenres"}, "canHaveEpisodes": false, "__typename": "Title"}, "__typename": "MoreLikeThisEdge"}, {"node": {"id": "tt18925334", "titleText": {"text": "Pearl", "__typename": "TitleText"}, "titleType": {"id": "movie", "text": "Movie", "canHaveEpisodes": false, "displayableProperty": {"value": {"plainText": "", "__typename": "Markdown"}, "__typename": "DisplayableTitleTypeProperty"}, "__typename": "TitleType"}, "originalTitleText": {"text": "Pearl", "__typename": "TitleText"}, "primaryImage": {"id": "rm90769409", "width": 2000, "height": 2963, "url": "https://m.media-amazon.com/images/M/MV5BNzk0Y2RlZjItZDUzYi00Y2JhLTk5MzMtNjgzYWFmZmUxN2FmXkEyXkFqcGc@._V1_.jpg", "caption": {"plainText": "Mia Goth in Pearl (2022)", "__typename": "Markdown"}, "__typename": "Image"}, "releaseYear": {"year": 2022, "endYear": null, "__typename": "YearRange"}, "ratingsSummary": {"aggregateRating": 7, "voteCount": 124383, "__typename": "RatingsSummary"}, "runtime": {"seconds": 6180, "__typename": "Runtime"}, "certificate": {"rating": "R", "__typename": "Certificate"}, "canRate": {"isRatable": true, "__typename": "CanRate"}, "titleGenres": {"genres": [{"genre": {"text": "Drama", "__typename": "GenreItem"}, "__typename": "TitleGenre"}, {"genre": {"text": "Horror", "__typename": "GenreItem"}, "__typename": "TitleGenre"}, {"genre": {"text": "Thriller", "__typename": "GenreItem"}, "__typename": "TitleGenre"}], "__typename": "TitleGenres"}, "canHaveEpisodes": false, "__typename": "Title"}, "__typename": "MoreLikeThisEdge"}, {"node": {"id": "tt15791034", "titleText": {"text": "Barbarian", "__typename": "TitleText"}, "titleType": {"id": "movie", "text": "Movie", "canHaveEpisodes": false, "displayableProperty": {"value": {"plainText": "", "__typename": "Markdown"}, "__typename": "DisplayableTitleTypeProperty"}, "__typename": "TitleType"}, "originalTitleText": {"text": "Barbarian", "__typename": "TitleText"}, "primaryImage": {"id": "rm739600385", "width": 2500, "height": 3703, "url": "https://m.media-amazon.com/images/M/MV5BNWQ5MDgwMzMtNWZhMy00Y2Q4LWI5NTAtODA4MDIzYTExOGQzXkEyXkFqcGc@._V1_.jpg", "caption": {"plainText": "Georgina Campbell in Barbarian (2022)", "__typename": "Markdown"}, "__typename": "Image"}, "releaseYear": {"year": 2022, "endYear": null, "__typename": "YearRange"}, "ratingsSummary": {"aggregateRating": 7, "voteCount": 208080, "__typename": "RatingsSummary"}, "runtime": {"seconds": 6120, "__typename": "Runtime"}, "certificate": {"rating": "A", "__typename": "Certificate"}, "canRate": {"isRatable": true, "__typename": "CanRate"}, "titleGenres": {"genres": [{"genre": {"text": "Horror", "__typename": "GenreItem"}, "__typename": "TitleGenre"}, {"genre": {"text": "Mystery", "__typename": "GenreItem"}, "__typename": "TitleGenre"}, {"genre": {"text": "Thriller", "__typename": "GenreItem"}, "__typename": "TitleGenre"}], "__typename": "TitleGenres"}, "canHaveEpisodes": false, "__typename": "Title"}, "__typename": "MoreLikeThisEdge"}, {"node": {"id": "tt4263482", "titleText": {"text": "The VVitch: A New-England Folktale", "__typename": "TitleText"}, "titleType": {"id": "movie", "text": "Movie", "canHaveEpisodes": false, "displayableProperty": {"value": {"plainText": "", "__typename": "Markdown"}, "__typename": "DisplayableTitleTypeProperty"}, "__typename": "TitleType"}, "originalTitleText": {"text": "The VVitch: A New-England Folktale", "__typename": "TitleText"}, "primaryImage": {"id": "rm2328686080", "width": 4050, "height": 6000, "url": "https://m.media-amazon.com/images/M/MV5BMTUyNzkwMzAxOF5BMl5BanBnXkFtZTgwMzc1OTk1NjE@._V1_.jpg", "caption": {"plainText": "The VVitch: A New-England Folktale (2015)", "__typename": "Markdown"}, "__typename": "Image"}, "releaseYear": {"year": 2015, "endYear": null, "__typename": "YearRange"}, "ratingsSummary": {"aggregateRating": 7, "voteCount": 315524, "__typename": "RatingsSummary"}, "runtime": {"seconds": 5520, "__typename": "Runtime"}, "certificate": {"rating": "R", "__typename": "Certificate"}, "canRate": {"isRatable": true, "__typename": "CanRate"}, "titleGenres": {"genres": [{"genre": {"text": "Drama", "__typename": "GenreItem"}, "__typename": "TitleGenre"}, {"genre": {"text": "Fantasy", "__typename": "GenreItem"}, "__typename": "TitleGenre"}, {"genre": {"text": "Horror", "__typename": "GenreItem"}, "__typename": "TitleGenre"}], "__typename": "TitleGenres"}, "canHaveEpisodes": false, "__typename": "Title"}, "__typename": "MoreLikeThisEdge"}, {"node": {"id": "tt8772262", "titleText": {"text": "Midsommar", "__typename": "TitleText"}, "titleType": {"id": "movie", "text": "Movie", "canHaveEpisodes": false, "displayableProperty": {"value": {"plainText": "", "__typename": "Markdown"}, "__typename": "DisplayableTitleTypeProperty"}, "__typename": "TitleType"}, "originalTitleText": {"text": "Midsommar", "__typename": "TitleText"}, "primaryImage": {"id": "rm3772802304", "width": 1382, "height": 2048, "url": "https://m.media-amazon.com/images/M/MV5BMzQxNzQzOTQwM15BMl5BanBnXkFtZTgwMDQ2NTcwODM@._V1_.jpg", "caption": {"plainText": "Florence Pugh in Midsommar (2019)", "__typename": "Markdown"}, "__typename": "Image"}, "releaseYear": {"year": 2019, "endYear": null, "__typename": "YearRange"}, "ratingsSummary": {"aggregateRating": 7.1, "voteCount": 427806, "__typename": "RatingsSummary"}, "runtime": {"seconds": 8880, "__typename": "Runtime"}, "certificate": {"rating": "A", "__typename": "Certificate"}, "canRate": {"isRatable": true, "__typename": "CanRate"}, "titleGenres": {"genres": [{"genre": {"text": "Drama", "__typename": "GenreItem"}, "__typename": "TitleGenre"}, {"genre": {"text": "Horror", "__typename": "GenreItem"}, "__typename": "TitleGenre"}, {"genre": {"text": "Mystery", "__typename": "GenreItem"}, "__typename": "TitleGenre"}], "__typename": "TitleGenres"}, "canHaveEpisodes": false, "__typename": "Title"}, "__typename": "MoreLikeThisEdge"}], "__typename": "MoreLikeThisConnection"}, "triviaTotal": {"total": 106, "__typename": "TriviaConnection"}, "trivia": {"edges": [{"node": {"text": {"plaidHtml": "Final performance of <a class=\"ipc-md-link ipc-md-link--entity\" href=\"/name/nm0001671/?ref_=tt_dyk_trv\">Diana Rigg</a>, who passed away on September 10, 2020. The film is dedicated to her memory. Her only child, actress <a class=\"ipc-md-link ipc-md-link--entity\" href=\"/name/nm0830556/?ref_=tt_dyk_trv\">Rachael Stirling</a>, receives a &quot;Special Thanks&quot; in the end credits.", "__typename": "Markdown"}, "trademark": null, "relatedNames": null, "__typename": "TitleTrivia"}, "__typename": "TriviaEdge"}], "__typename": "TriviaConnection"}, "goofsTotal": {"total": 12, "__typename": "GoofConnection"}, "goofs": {"edges": [{"node": {"text": {"plaidHtml": "Eloise asks the librarian for information on missing persons for the entire 1960&#39;s, but she had an obvious reference to narrow her search - Thunderball (1965) was released in the UK on December 29, 1965 meaning this was early 1966 at the earliest.", "__typename": "Markdown"}, "__typename": "Goof"}, "__typename": "GoofEdge"}], "__typename": "GoofConnection"}, "quotesTotal": {"total": 47, "__typename": "TitleQuoteConnection"}, "quotes": {"edges": [{"node": {"lines": [{"characters": [{"character": "Eloise", "name": {"id": "nm5057169", "__typename": "Name"}, "__typename": "TitleQuoteCharacter"}], "text": "Has a woman ever died in my room?", "stageDirection": null, "__typename": "TitleQuoteLine"}, {"characters": [{"character": "Ms Collins", "name": {"id": "nm0001671", "__typename": "Name"}, "__typename": "TitleQuoteCharacter"}], "text": "This is London. Someone has died in every room in every building and on every street corner in the city.", "stageDirection": null, "__typename": "TitleQuoteLine"}], "__typename": "TitleQuote"}, "__typename": "TitleQuoteEdge"}], "__typename": "TitleQuoteConnection"}, "crazyCredits": {"edges": [{"node": {"text": {"plaidHtml": "Before the film begins, it opens with a simple dedication: &quot;For Diana&quot;. This is likely a dedication for the film&#39;s star, Diana Rigg, who died after shooting finished, but before the release of the film.", "__typename": "Markdown"}, "__typename": "CrazyCredit"}, "__typename": "CrazyCreditEdge"}], "__typename": "CrazyCreditConnection"}, "alternateVersions": {"total": 0, "edges": [], "__typename": "AlternateVersionConnection"}, "connections": {"edges": [{"node": {"associatedTitle": {"id": "tt19718184", "releaseYear": {"year": 2022, "__typename": "YearRange"}, "titleText": {"text": "Last Night in Soho: Deleted Scenes", "__typename": "TitleText"}, "originalTitleText": {"text": "Last Night in Soho: Deleted Scenes", "__typename": "TitleText"}, "series": null, "__typename": "Title"}, "category": {"text": "Edited into", "__typename": "TitleConnectionCategory"}, "__typename": "TitleConnection"}, "__typename": "TitleConnectionEdge"}], "__typename": "TitleConnectionConnection"}, "soundtrack": {"edges": [{"node": {"text": "A World Without Love", "comments": [{"plaidHtml": "Written by <a class=\"ipc-md-link ipc-md-link--entity\" href=\"/name/nm0006168/?ref_=tt_dyk_snd\">John Lennon</a> and <a class=\"ipc-md-link ipc-md-link--entity\" href=\"/name/nm0005200/?ref_=tt_dyk_snd\">Paul McCartney</a>", "__typename": "Markdown"}, {"plaidHtml": "Performed by <a class=\"ipc-md-link ipc-md-link--entity\" href=\"/name/nm1943252/?ref_=tt_dyk_snd\">Peter and Gordon</a>", "__typename": "Markdown"}, {"plaidHtml": "Courtesy of Warner Music UK Ltd", "__typename": "Markdown"}], "__typename": "Track"}, "__typename": "SoundtrackEdge"}], "__typename": "SoundtrackConnection"}, "titleText": {"text": "Last Night in Soho", "__typename": "TitleText"}, "originalTitleText": {"text": "Last Night in Soho", "__typename": "TitleText"}, "releaseYear": {"year": 2021, "__typename": "YearRange"}, "reviews": {"total": 1132, "__typename": "ReviewsConnection"}, "featuredReviews": {"edges": [{"node": {"id": "rw7560225", "author": {"nickName": "eddie_baggins", "userId": "ur8462477", "__typename": "UserProfile"}, "summary": {"originalText": "A beautifully shot film that can't reach the narrative goals it sets for itself", "__typename": "ReviewSummary"}, "text": {"originalText": {"plaidHtml": "His conquered the living dead with nothing more than unwanted vinyl records, alien invaders in small country towns and even managed to wrangle baby drivers but there&#39;s no doubt Last Night in Soho is beloved British director and critical darling Edgar Wright&#39;s most ambitious film yet and a film that doesn&#39;t always reach the lofty goals it sets for itself even if its a beautifully shot and unique thriller mixed with horror elements.<br/><br/>His first film narrative feature film since Baby Driver in 2017, Soho is undoubtedly a labor of love for Wright who produces his most un-Wright feeling film yet, that follows Thomasin McKenzie&#39;s country girl fashion designer to London, where her rental of a small bedroom apartment leads her to experience vivid and increasingly frightening visions into the life of a seemingly real London resident of the 60&#39;s named Sandie (a mesmerizing Anya Taylor-Joy) creating a very late 60&#39;s/70&#39;s feeling feature that struggles to keep itself on the rails as the runtime wears on.<br/><br/>Magnificently capturing the time and place of the London era of the setting with help from Old Boy and Handmaiden cinematographer Chung-hoon Chung (delivering Oscar worthy work) and some eclectic and toe tapping concoction of classic tunes from the era that once more suggests Wright is right up there with Quentin Tarantino when it comes to sound-tracking his films and particular scenes, Soho has a lot to admire and for its first 30 to 40 minutes things rollick along at a great pace with a lot of intrigue in what&#39;s happening and what&#39;s around the corner but the film does get into a mid to late section funk that becomes both repetitive and a little too much to handle narrative wise.<br/><br/>You can see what Wright was trying too do and how he wanted his film to evolve but that doesn&#39;t excuse the loop we end up getting stuck in and the sometimes questionable choices that Eloise makes (with some added overacting by a trying hard but not always hitting the mark McKenzie) and while visually and atheistically everything is always of a very high standard, there&#39;s a coldness to the story of Soho and it never quite works as well as you&#39;d like as a mystery or a fully fledged horror that it at times appears to be wanting to be.<br/><br/>In amongst all of the narrative let downs and feeling that it never quite hits the marks it sets for itself is the continued great work of Taylor-Joy whose growing into one of the most interesting actors working today, a fairly chilling performance from the usually likable Matt Smith and a central plot that at the very least doesn&#39;t play things out in the usual schtick, making Soho far from a complete misfire but nothing more than an intriguing could&#39;ve been film that I am sure Wright and his fanbase will look back on in days to come as a missed opportunity to create something spectacular.<br/><br/>Final Say -<br/><br/>A film that sets itself a tricky task its never fully able to handle, Last Night in Soho is a high quality feature that can&#39;t ever quite juggle its various elements into a final product that feels worthy of its goals.<br/><br/>3 Vesper&#39;s out of 5.", "__typename": "Markdown"}, "__typename": "ReviewText"}, "authorRating": 6, "submissionDate": "2021-11-19", "helpfulness": {"upVotes": 232, "downVotes": 71, "__typename": "ReviewHelpfulness"}, "__typename": "Review"}, "__typename": "ReviewEdge"}], "__typename": "ReviewsConnection"}, "canRate": {"isRatable": true, "__typename": "CanRate"}, "iframeAddReviewLink": {"url": "https://contribute.imdb.com/review/tt9639470/add?bus=imdb&return_url=https%3A%2F%2Fwww.imdb.com%2Fclose_me&site=web", "__typename": "ContributionLink"}, "topQuestions": {"total": 19, "edges": [{"node": {"attributeId": "run-time", "question": {"plainText": "How long is Last Night in Soho?", "__typename": "Markdown"}, "__typename": "AlexaQuestion"}, "__typename": "AlexaQuestionEdge"}], "__typename": "AlexaQuestionConnection"}, "faqs": {"total": 0, "edges": [], "__typename": "FaqConnection"}, "releaseDate": {"day": 12, "month": 11, "year": 2021, "country": {"id": "IN", "text": "India", "__typename": "LocalizedDisplayableCountry"}, "__typename": "ReleaseDate"}, "countriesOfOrigin": {"countries": [{"id": "GB", "text": "United Kingdom", "__typename": "CountryOfOrigin"}, {"id": "CN", "text": "China", "__typename": "CountryOfOrigin"}], "__typename": "CountriesOfOrigin"}, "detailsExternalLinks": {"edges": [{"node": {"url": "https://filmsozluk.com/dun-gece-sohoda-last-night-in-soho-filmi-fragman-izle-konusu-oyuncular/", "label": "Film S\u00f6zl\u00fck", "externalLinkRegion": null, "__typename": "ExternalLink"}, "__typename": "ExternalLinkEdge"}, {"node": {"url": "https://bilmesem.com/dun-gece-sohoda-filmi/", "label": "Korku Filmleri", "externalLinkRegion": null, "__typename": "ExternalLink"}, "__typename": "ExternalLinkEdge"}], "total": 4, "__typename": "ExternalLinkConnection"}, "spokenLanguages": {"spokenLanguages": [{"id": "en", "text": "English", "__typename": "SpokenLanguage"}], "__typename": "SpokenLanguages"}, "akas": {"edges": [{"node": {"text": "El misterio de Soho", "__typename": "Aka"}, "__typename": "AkaEdge"}], "__typename": "AkaConnection"}, "filmingLocations": {"edges": [{"node": {"text": "Soho, Westminster, Greater London, England, UK", "location": "Soho, Westminster, Greater London, England, UK", "attributes": [], "__typename": "FilmingLocation"}, "__typename": "FilmingLocationEdge"}], "total": 15, "__typename": "FilmingLocationConnection"}, "production": {"edges": [{"node": {"company": {"id": "co0288663", "companyText": {"text": "Focus Features International (FFI)", "__typename": "CompanyText"}, "__typename": "Company"}, "__typename": "CompanyCredit"}, "__typename": "CompanyCreditEdge"}, {"node": {"company": {"id": "co0167631", "companyText": {"text": "Film4", "__typename": "CompanyText"}, "__typename": "Company"}, "__typename": "CompanyCredit"}, "__typename": "CompanyCreditEdge"}, {"node": {"company": {"id": "co0739708", "companyText": {"text": "Perfect World Pictures", "__typename": "CompanyText"}, "__typename": "Company"}, "__typename": "CompanyCredit"}, "__typename": "CompanyCreditEdge"}], "__typename": "CompanyCreditConnection"}, "companies": {"total": 96, "__typename": "CompanyCreditConnection"}, "productionBudget": {"budget": {"amount": 43000000, "currency": "USD", "__typename": "Money"}, "__typename": "ProductionBudget"}, "lifetimeGross": {"total": {"amount": 10127625, "currency": "USD", "__typename": "Money"}, "__typename": "BoxOfficeGross"}, "openingWeekendGross": {"gross": {"total": {"amount": 4178460, "currency": "USD", "__typename": "Money"}, "__typename": "BoxOfficeGross"}, "weekendEndDate": "2021-10-31", "__typename": "OpeningWeekendGross"}, "worldwideGross": {"total": {"amount": 22957625, "currency": "USD", "__typename": "Money"}, "__typename": "BoxOfficeGross"}, "technicalSpecifications": {"soundMixes": {"items": [{"id": "dolby_atmos", "text": "Dolby Atmos", "attributes": [], "__typename": "SoundMix"}], "__typename": "SoundMixes"}, "aspectRatios": {"items": [{"aspectRatio": "2.39 : 1", "attributes": [], "__typename": "AspectRatio"}], "__typename": "AspectRatios"}, "colorations": {"items": [{"conceptId": "color", "text": "Color", "attributes": [], "__typename": "Coloration"}], "__typename": "Colorations"}, "__typename": "TechnicalSpecifications"}, "runtime": {"seconds": 6960, "__typename": "Runtime"}, "series": null, "canHaveEpisodes": false, "contributionQuestions": {"contributionLink": {"url": "https://contribute.imdb.com/answers", "__typename": "ContributionQuestionsLink"}, "edges": [], "__typename": "QuestionConnection"}, "__typename": "Title"}}